Ewe/V	<I>/mA	cycle number	
1,2804101E-002	5,760666728019714E-001	1,000000000000000E+000
1,7250564E-002	5,136009021662193E-001	1,000000000000000E+000
1,6478678E-002	2,287001239168127E-001	1,000000000000000E+000
1,8513817E-002	3,212344876669380E-001	1,000000000000000E+000
1,9107144E-002	3,228902309460384E-001	1,000000000000000E+000
2,0208037E-002	3,188900818220439E-001	1,000000000000000E+000
2,1192169E-002	3,367929386440665E-001	1,000000000000000E+000
2,2126419E-002	3,373393761770189E-001	1,000000000000000E+000
2,3206506E-002	3,472291045149598E-001	1,000000000000000E+000
2,4220783E-002	3,525359743378234E-001	1,000000000000000E+000
2,6553331E-002	3,703817505246176E-001	1,000000000000000E+000
2,9156322E-002	3,828184015324552E-001	1,000000000000000E+000
3,0217938E-002	3,899415423576220E-001	1,000000000000000E+000
3,1220539E-002	3,970615057688631E-001	1,000000000000000E+000
3,2209568E-002	4,022423606416544E-001	1,000000000000000E+000
3,3244446E-002	4,109269427911695E-001	1,000000000000000E+000
3,4237102E-002	4,165395142303576E-001	1,000000000000000E+000
3,5180505E-002	4,235343014200539E-001	1,000000000000000E+000
3,6217101E-002	4,312355598020918E-001	1,000000000000000E+000
3,7247963E-002	4,367526711689109E-001	1,000000000000000E+000
3,9755255E-002	4,210617765270843E-001	1,000000000000000E+000
4,1927844E-002	4,616975033811004E-001	1,000000000000000E+000
4,3232124E-002	4,792617566159224E-001	1,000000000000000E+000
4,4168320E-002	4,910619934089482E-001	1,000000000000000E+000
4,5177314E-002	4,911066277159597E-001	1,000000000000000E+000
4,6184834E-002	5,007696355589566E-001	1,000000000000000E+000
4,7135457E-002	5,063305543735650E-001	1,000000000000000E+000
4,8157401E-002	5,123474001884476E-001	1,000000000000000E+000
4,9381230E-002	5,190391714891636E-001	1,000000000000000E+000
5,0222952E-002	5,239307136895768E-001	1,000000000000000E+000
5,1119231E-002	5,304029934729133E-001	1,000000000000000E+000
5,2209124E-002	5,446491417371586E-001	1,000000000000000E+000
5,3065661E-002	5,423109708871294E-001	1,000000000000000E+000
5,4168485E-002	5,526302375623766E-001	1,000000000000000E+000
5,5137787E-002	5,563207750415655E-001	1,000000000000000E+000
5,6137454E-002	5,634375292704359E-001	1,000000000000000E+000
5,7199731E-002	5,684257375283401E-001	1,000000000000000E+000
5,8113202E-002	5,751542318094929E-001	1,000000000000000E+000
5,9143227E-002	5,810164161957823E-001	1,000000000000000E+000
6,0022518E-002	5,865252079545642E-001	1,000000000000000E+000
6,1210051E-002	5,940288288725759E-001	1,000000000000000E+000
6,2209062E-002	5,983577143504402E-001	1,000000000000000E+000
6,3125506E-002	6,054408997297296E-001	1,000000000000000E+000
6,4156376E-002	6,092388226340244E-001	1,000000000000000E+000
6,5127589E-002	6,177538229773454E-001	1,000000000000000E+000
6,6135734E-002	6,213971439542045E-001	1,000000000000000E+000
6,7137517E-002	6,272738155805424E-001	1,000000000000000E+000
6,8205751E-002	6,327787523364865E-001	1,000000000000000E+000
6,9172285E-002	6,372480244996659E-001	1,000000000000000E+000
7,0031002E-002	6,432844544760910E-001	1,000000000000000E+000
7,1145706E-002	6,473152541245035E-001	1,000000000000000E+000
7,1919501E-002	6,524659443336254E-001	1,000000000000000E+000
7,3073283E-002	6,565899799267485E-001	1,000000000000000E+000
7,4050866E-002	6,611917033895033E-001	1,000000000000000E+000
7,5096592E-002	6,657692144314438E-001	1,000000000000000E+000
7,6121934E-002	6,679463174401050E-001	1,000000000000000E+000
7,7117763E-002	6,722342304161053E-001	1,000000000000000E+000
7,8218907E-002	6,744398230997231E-001	1,000000000000000E+000
7,9142578E-002	6,770156137127881E-001	1,000000000000000E+000
8,0188505E-002	6,805020472966152E-001	1,000000000000000E+000
8,1106849E-002	6,846833627981432E-001	1,000000000000000E+000
8,2100354E-002	6,880204820384597E-001	1,000000000000000E+000
8,3041012E-002	6,927526188082993E-001	1,000000000000000E+000
8,4178865E-002	7,088603262996509E-001	1,000000000000000E+000
8,5143045E-002	7,021497999731876E-001	1,000000000000000E+000
8,6181544E-002	7,142773865101288E-001	1,000000000000000E+000
8,7182693E-002	7,188199982564498E-001	1,000000000000000E+000
8,8227779E-002	7,244972214620162E-001	1,000000000000000E+000
8,9125328E-002	7,328227417957454E-001	1,000000000000000E+000
9,0191647E-002	7,385793585433742E-001	1,000000000000000E+000
9,1214024E-002	7,455155104398772E-001	1,000000000000000E+000
9,2006698E-002	7,522663502540075E-001	1,000000000000000E+000
9,3070269E-002	7,593486888541128E-001	1,000000000000000E+000
9,4171174E-002	7,647268124856073E-001	1,000000000000000E+000
9,5037952E-002	7,722532377164413E-001	1,000000000000000E+000
9,5982634E-002	7,778804314115840E-001	1,000000000000000E+000
9,7323209E-002	7,849957345364029E-001	1,000000000000000E+000
9,8158345E-002	7,906755723783556E-001	1,000000000000000E+000
9,9050604E-002	7,975603229262784E-001	1,000000000000000E+000
1,0010162E-001	8,048875574022532E-001	1,000000000000000E+000
1,0123269E-001	8,095795268503334E-001	1,000000000000000E+000
1,0210711E-001	8,156111026700188E-001	1,000000000000000E+000
1,0309085E-001	8,235779384978978E-001	1,000000000000000E+000
1,0408477E-001	8,278308605464826E-001	1,000000000000000E+000
1,0528780E-001	8,346990747377294E-001	1,000000000000000E+000
1,0615202E-001	8,399901358514199E-001	1,000000000000000E+000
1,0706379E-001	8,462871489011601E-001	1,000000000000000E+000
1,0799892E-001	8,525009846004368E-001	1,000000000000000E+000
1,0908175E-001	8,621301614782917E-001	1,000000000000000E+000
1,1020157E-001	8,671924355957286E-001	1,000000000000000E+000
1,1107215E-001	8,723436136626574E-001	1,000000000000000E+000
1,1219452E-001	8,771438420646760E-001	1,000000000000000E+000
1,1297107E-001	8,840290580669219E-001	1,000000000000000E+000
1,1420551E-001	8,892610780377401E-001	1,000000000000000E+000
1,1500479E-001	8,944444993200484E-001	1,000000000000000E+000
1,1612162E-001	9,010151737473118E-001	1,000000000000000E+000
1,1699837E-001	9,063973714494047E-001	1,000000000000000E+000
1,1802286E-001	9,125885993449239E-001	1,000000000000000E+000
1,1904354E-001	9,183016193823672E-001	1,000000000000000E+000
1,2010306E-001	9,233362963423186E-001	1,000000000000000E+000
1,2110803E-001	9,290186710034845E-001	1,000000000000000E+000
1,2215333E-001	9,336983400086574E-001	1,000000000000000E+000
1,2319756E-001	9,379922344038896E-001	1,000000000000000E+000
1,2407856E-001	9,413497669415349E-001	1,000000000000000E+000
1,2515719E-001	9,468814697530559E-001	1,000000000000000E+000
1,2605007E-001	9,488836012056332E-001	1,000000000000000E+000
1,2711383E-001	9,522780610455417E-001	1,000000000000000E+000
1,2808697E-001	9,574399766408757E-001	1,000000000000000E+000
1,2907770E-001	9,582276019371250E-001	1,000000000000000E+000
1,3015656E-001	9,608055562194870E-001	1,000000000000000E+000
1,3116725E-001	9,620510222286836E-001	1,000000000000000E+000
1,3224439E-001	9,610703617541341E-001	1,000000000000000E+000
1,3309589E-001	9,605497876182199E-001	1,000000000000000E+000
1,3420635E-001	9,567943683101099E-001	1,000000000000000E+000
1,3508819E-001	9,554222599189330E-001	1,000000000000000E+000
1,3599084E-001	9,537035742671129E-001	1,000000000000000E+000
1,3706905E-001	9,528998682896317E-001	1,000000000000000E+000
1,3818334E-001	9,540268568218586E-001	1,000000000000000E+000
1,3913310E-001	9,566481385587000E-001	1,000000000000000E+000
1,4011323E-001	9,620040507676713E-001	1,000000000000000E+000
1,4114472E-001	9,687113372298555E-001	1,000000000000000E+000
1,4209475E-001	9,746609779799122E-001	1,000000000000000E+000
1,4311029E-001	9,834715253156112E-001	1,000000000000000E+000
1,4422821E-001	9,909373342783958E-001	1,000000000000000E+000
1,4498140E-001	1,000465037094226E+000	1,000000000000000E+000
1,4609209E-001	1,008146504871545E+000	1,000000000000000E+000
1,4718133E-001	1,017582899373448E+000	1,000000000000000E+000
1,4802943E-001	1,035392261213733E+000	1,000000000000000E+000
1,4886941E-001	1,032827542266915E+000	1,000000000000000E+000
1,5013187E-001	1,045178631941479E+000	1,000000000000000E+000
1,5111689E-001	1,052627221784659E+000	1,000000000000000E+000
1,5206368E-001	1,061166692214712E+000	1,000000000000000E+000
1,5305190E-001	1,070193796418613E+000	1,000000000000000E+000
1,5402138E-001	1,078003805958566E+000	1,000000000000000E+000
1,5517159E-001	1,086140429394117E+000	1,000000000000000E+000
1,5601414E-001	1,094584603483478E+000	1,000000000000000E+000
1,5865602E-001	1,110036006292851E+000	1,000000000000000E+000
1,6119628E-001	1,126734301551352E+000	1,000000000000000E+000
1,6224943E-001	1,132814651769071E+000	1,000000000000000E+000
1,6321300E-001	1,141252024306196E+000	1,000000000000000E+000
1,6421627E-001	1,148449391126634E+000	1,000000000000000E+000
1,6523907E-001	1,156246169366776E+000	1,000000000000000E+000
1,6627842E-001	1,164104445113079E+000	1,000000000000000E+000
1,6722184E-001	1,171476859599355E+000	1,000000000000000E+000
1,6824132E-001	1,184610372823155E+000	1,000000000000000E+000
1,6927207E-001	1,185527943592106E+000	1,000000000000000E+000
1,7022204E-001	1,193856104173594E+000	1,000000000000000E+000
1,7122787E-001	1,200018193365800E+000	1,000000000000000E+000
1,7226765E-001	1,207749098849801E+000	1,000000000000000E+000
1,7320171E-001	1,215368714907939E+000	1,000000000000000E+000
1,7424701E-001	1,221129810230604E+000	1,000000000000000E+000
1,7525367E-001	1,226885562866107E+000	1,000000000000000E+000
1,7622979E-001	1,234052203492162E+000	1,000000000000000E+000
1,7724091E-001	1,239444149554608E+000	1,000000000000000E+000
1,7825754E-001	1,244092463826145E+000	1,000000000000000E+000
1,7925082E-001	1,250246073843710E+000	1,000000000000000E+000
1,8023351E-001	1,252742071325587E+000	1,000000000000000E+000
1,8129133E-001	1,255738751445380E+000	1,000000000000000E+000
1,8225895E-001	1,257167661148642E+000	1,000000000000000E+000
1,8319914E-001	1,259258424656263E+000	1,000000000000000E+000
1,8424402E-001	1,258987948401941E+000	1,000000000000000E+000
1,8526386E-001	1,259202260834478E+000	1,000000000000000E+000
1,8625799E-001	1,259320007119745E+000	1,000000000000000E+000
1,8727484E-001	1,256856802437047E+000	1,000000000000000E+000
1,8829446E-001	1,250014752770467E+000	1,000000000000000E+000
1,8921241E-001	1,244269625387268E+000	1,000000000000000E+000
1,9028974E-001	1,232445119880146E+000	1,000000000000000E+000
1,9122955E-001	1,221590187193620E+000	1,000000000000000E+000
1,9219863E-001	1,212761288922700E+000	1,000000000000000E+000
1,9323567E-001	1,205484383325612E+000	1,000000000000000E+000
1,9429158E-001	1,202461197247938E+000	1,000000000000000E+000
1,9524112E-001	1,203385114669800E+000	1,000000000000000E+000
1,9625990E-001	1,206654399943851E+000	1,000000000000000E+000
1,9722201E-001	1,213135792770323E+000	1,000000000000000E+000
1,9825773E-001	1,223000993331275E+000	1,000000000000000E+000
1,9924934E-001	1,233580151572824E+000	1,000000000000000E+000
2,0009714E-001	1,245070481828105E+000	1,000000000000000E+000
2,0038211E-001	1,249694645404816E+000	1,000000000000000E+000
2,0060064E-001	1,259547233581543E+000	1,000000000000000E+000
1,9988753E-001	1,147498967643420E+000	1,000000000000000E+000
1,9893017E-001	1,126197460004031E+000	1,000000000000000E+000
1,9796659E-001	1,113997469035288E+000	1,000000000000000E+000
1,9692908E-001	1,098737094447847E+000	1,000000000000000E+000
1,9594842E-001	1,094421830442219E+000	1,000000000000000E+000
1,9498146E-001	1,086332359661665E+000	1,000000000000000E+000
1,9400813E-001	1,078765830025080E+000	1,000000000000000E+000
1,9294351E-001	1,071054951391291E+000	1,000000000000000E+000
1,9186659E-001	1,065263103693720E+000	1,000000000000000E+000
1,9089451E-001	1,058776426129047E+000	1,000000000000000E+000
1,8990014E-001	1,052146669580709E+000	1,000000000000000E+000
1,8892108E-001	1,046214699124298E+000	1,000000000000000E+000
1,8793416E-001	1,039248611260625E+000	1,000000000000000E+000
1,8695574E-001	1,032415048322747E+000	1,000000000000000E+000
1,8595967E-001	1,023595690106354E+000	1,000000000000000E+000
1,8498041E-001	1,016011141137120E+000	1,000000000000000E+000
1,8396927E-001	1,008990906075475E+000	1,000000000000000E+000
1,8297644E-001	9,993124342420057E-001	1,000000000000000E+000
1,8196189E-001	9,922423117483667E-001	1,000000000000000E+000
1,8090174E-001	9,848985881027268E-001	1,000000000000000E+000
1,7996450E-001	9,781742963112059E-001	1,000000000000000E+000
1,7892151E-001	9,699225070265456E-001	1,000000000000000E+000
1,7791569E-001	9,641094576670906E-001	1,000000000000000E+000
1,7692305E-001	9,564198205868424E-001	1,000000000000000E+000
1,7595270E-001	9,490877323680502E-001	1,000000000000000E+000
1,7493151E-001	9,345190282393681E-001	1,000000000000000E+000
1,7395233E-001	9,320983175809232E-001	1,000000000000000E+000
1,7293252E-001	9,244755729515504E-001	1,000000000000000E+000
1,7196448E-001	9,172442440564481E-001	1,000000000000000E+000
1,7093341E-001	9,103597643164321E-001	1,000000000000000E+000
1,6996941E-001	9,028802206739801E-001	1,000000000000000E+000
1,6889100E-001	8,938317879930974E-001	1,000000000000000E+000
1,6792381E-001	8,873907115517401E-001	1,000000000000000E+000
1,6697320E-001	8,770396450224034E-001	1,000000000000000E+000
1,6593914E-001	8,672762383810353E-001	1,000000000000000E+000
1,6502503E-001	8,569410667340840E-001	1,000000000000000E+000
1,6393663E-001	8,461306689617554E-001	1,000000000000000E+000
1,6294038E-001	8,345830085066481E-001	1,000000000000000E+000
1,6194919E-001	8,238543159224916E-001	1,000000000000000E+000
1,6087547E-001	8,117720242589730E-001	1,000000000000000E+000
1,5989959E-001	7,995996006971469E-001	1,000000000000000E+000
1,5891850E-001	7,816723777602110E-001	1,000000000000000E+000
1,5795484E-001	7,714252614726638E-001	1,000000000000000E+000
1,5693715E-001	7,591902563969315E-001	1,000000000000000E+000
1,5589333E-001	7,407804370547364E-001	1,000000000000000E+000
1,5493378E-001	7,240869434446935E-001	1,000000000000000E+000
1,5390716E-001	7,047776063490270E-001	1,000000000000000E+000
1,5292980E-001	6,874953750520945E-001	1,000000000000000E+000
1,5193991E-001	6,721162181865026E-001	1,000000000000000E+000
1,5093005E-001	6,581573904905902E-001	1,000000000000000E+000
1,4991342E-001	6,478498139832620E-001	1,000000000000000E+000
1,4897555E-001	6,376355707438481E-001	1,000000000000000E+000
1,4793618E-001	6,318596181356266E-001	1,000000000000000E+000
1,4689921E-001	6,204297026205419E-001	1,000000000000000E+000
1,4592224E-001	6,218681299231166E-001	1,000000000000000E+000
1,4501917E-001	6,187854942141331E-001	1,000000000000000E+000
1,4391147E-001	6,165589206955522E-001	1,000000000000000E+000
1,4307611E-001	6,127305769672038E-001	1,000000000000000E+000
1,4197731E-001	6,110905941782732E-001	1,000000000000000E+000
1,4096279E-001	6,084121206982260E-001	1,000000000000000E+000
1,3998669E-001	6,053687911998082E-001	1,000000000000000E+000
1,3896093E-001	6,023625183540111E-001	1,000000000000000E+000
1,3802262E-001	5,994496003517735E-001	1,000000000000000E+000
1,3698836E-001	5,957093429751730E-001	1,000000000000000E+000
1,3597935E-001	5,928006619215020E-001	1,000000000000000E+000
1,3497801E-001	5,889775847705749E-001	1,000000000000000E+000
1,3395585E-001	5,850951522588757E-001	1,000000000000000E+000
1,3297124E-001	5,810642257436274E-001	1,000000000000000E+000
1,3202168E-001	5,766906271585173E-001	1,000000000000000E+000
1,3095582E-001	5,721992300823349E-001	1,000000000000000E+000
1,3000602E-001	5,673748202001097E-001	1,000000000000000E+000
1,2894291E-001	5,631465814076382E-001	1,000000000000000E+000
1,2795746E-001	5,562207795058702E-001	1,000000000000000E+000
1,2693869E-001	5,504267793666189E-001	1,000000000000000E+000
1,2594371E-001	5,465740108241661E-001	1,000000000000000E+000
1,2490839E-001	5,415374472633836E-001	1,000000000000000E+000
1,2389238E-001	5,353499068361202E-001	1,000000000000000E+000
1,2297445E-001	5,313422918940596E-001	1,000000000000000E+000
1,2190814E-001	5,254316200605702E-001	1,000000000000000E+000
1,2098172E-001	5,195485770495392E-001	1,000000000000000E+000
1,1996167E-001	5,154231783623521E-001	1,000000000000000E+000
1,1903863E-001	5,084909841728726E-001	1,000000000000000E+000
1,1796278E-001	5,031202523451723E-001	1,000000000000000E+000
1,1699709E-001	4,966113444728162E-001	1,000000000000000E+000
1,1591292E-001	4,915758571587494E-001	1,000000000000000E+000
1,1496253E-001	4,857723220613686E-001	1,000000000000000E+000
1,1394482E-001	4,793249222760387E-001	1,000000000000000E+000
1,1294048E-001	4,743106192909181E-001	1,000000000000000E+000
1,1194444E-001	4,682906761299819E-001	1,000000000000000E+000
1,1098050E-001	4,544156940343491E-001	1,000000000000000E+000
1,0990863E-001	4,535267650304993E-001	1,000000000000000E+000
1,0897012E-001	4,457576200366025E-001	1,000000000000000E+000
1,0790467E-001	4,386111610155119E-001	1,000000000000000E+000
1,0696273E-001	4,309470153724160E-001	1,000000000000000E+000
1,0593187E-001	4,231608991718128E-001	1,000000000000000E+000
1,0497977E-001	4,144147825686062E-001	1,000000000000000E+000
1,0393234E-001	4,067474569763179E-001	1,000000000000000E+000
1,0289234E-001	3,978687323008980E-001	1,000000000000000E+000
1,0198587E-001	3,901483827374053E-001	1,000000000000000E+000
9,9412888E-002	3,286040688697756E-001	1,000000000000000E+000
9,6814990E-002	3,507145730579486E-001	1,000000000000000E+000
9,5883511E-002	3,138294276367470E-001	1,000000000000000E+000
9,4995685E-002	3,172836673911674E-001	1,000000000000000E+000
9,3886904E-002	3,030157578436459E-001	1,000000000000000E+000
9,2864960E-002	2,983788348889602E-001	1,000000000000000E+000
9,1871671E-002	2,900642429788909E-001	1,000000000000000E+000
9,0776272E-002	2,852621962730257E-001	1,000000000000000E+000
8,9826077E-002	2,788568468660950E-001	1,000000000000000E+000
8,8848069E-002	2,747079389842439E-001	1,000000000000000E+000
8,7747365E-002	2,696669012204644E-001	1,000000000000000E+000
8,7071843E-002	2,664772013150589E-001	1,000000000000000E+000
8,5893027E-002	2,609623718696361E-001	1,000000000000000E+000
8,4869385E-002	2,568282984818016E-001	1,000000000000000E+000
8,3958670E-002	2,522163132929967E-001	1,000000000000000E+000
8,2954131E-002	2,482438288732554E-001	1,000000000000000E+000
8,1878893E-002	2,433518806938091E-001	1,000000000000000E+000
8,0811739E-002	2,389791059928643E-001	1,000000000000000E+000
7,9983592E-002	2,336077561420908E-001	1,000000000000000E+000
7,8914307E-002	2,293578809541135E-001	1,000000000000000E+000
7,7915058E-002	2,242755881614161E-001	1,000000000000000E+000
7,6947041E-002	2,184534588337166E-001	1,000000000000000E+000
7,5811520E-002	2,143498183512651E-001	1,000000000000000E+000
7,4777469E-002	2,092280742298400E-001	1,000000000000000E+000
7,3884584E-002	2,034750841557982E-001	1,000000000000000E+000
7,2951593E-002	1,983984148440265E-001	1,000000000000000E+000
7,1924537E-002	1,934668110916395E-001	1,000000000000000E+000
7,0923395E-002	1,866416387363437E-001	1,000000000000000E+000
6,9834583E-002	1,826534721638181E-001	1,000000000000000E+000
6,8958253E-002	1,762587125542472E-001	1,000000000000000E+000
6,7892998E-002	1,604126115303695E-001	1,000000000000000E+000
6,6847101E-002	1,672422272903435E-001	1,000000000000000E+000
6,5933630E-002	1,578200398168219E-001	1,000000000000000E+000
6,5008685E-002	1,526883284354383E-001	1,000000000000000E+000
6,3889302E-002	1,476546094701112E-001	1,000000000000000E+000
6,2951192E-002	1,406950941956091E-001	1,000000000000000E+000
6,1860889E-002	1,365902721105770E-001	1,000000000000000E+000
6,0860813E-002	1,294765834334419E-001	1,000000000000000E+000
5,9934393E-002	1,239274973502489E-001	1,000000000000000E+000
5,8972724E-002	1,185233814434876E-001	1,000000000000000E+000
5,7976041E-002	1,113261197590167E-001	1,000000000000000E+000
5,6943476E-002	1,072393365838153E-001	1,000000000000000E+000
5,5825576E-002	1,001506642723042E-001	1,000000000000000E+000
5,4938849E-002	9,395017696725616E-002	1,000000000000000E+000
5,3928368E-002	8,807884417991696E-002	1,000000000000000E+000
5,2992389E-002	8,157073441220275E-002	1,000000000000000E+000
5,1885106E-002	7,444314133479391E-002	1,000000000000000E+000
5,0954435E-002	6,954059106323662E-002	1,000000000000000E+000
4,9978130E-002	6,148981592721436E-002	1,000000000000000E+000
4,8905022E-002	5,491946737230269E-002	1,000000000000000E+000
4,7824908E-002	4,822801516274938E-002	1,000000000000000E+000
4,7006752E-002	4,127623895247895E-002	1,000000000000000E+000
4,5991588E-002	3,353987035289840E-002	1,000000000000000E+000
4,4958394E-002	2,698097200643851E-002	1,000000000000000E+000
4,3947060E-002	1,971415016386244E-002	1,000000000000000E+000
4,2980917E-002	2,742431126534939E-003	1,000000000000000E+000
4,1908920E-002	5,969337738346507E-003	1,000000000000000E+000
4,0958300E-002	-7,780353765257209E-003	1,000000000000000E+000
3,9943781E-002	-1,180171285038029E-002	1,000000000000000E+000
3,8882136E-002	-2,196841485662535E-002	1,000000000000000E+000
3,7915166E-002	-2,784918697499139E-002	1,000000000000000E+000
3,6888544E-002	-3,466290609018555E-002	1,000000000000000E+000
3,5926037E-002	-4,195347741673072E-002	1,000000000000000E+000
3,5016384E-002	-4,802904762457016E-002	1,000000000000000E+000
3,3919077E-002	-5,294973061730451E-002	1,000000000000000E+000
3,2894369E-002	-6,133517513970010E-002	1,000000000000000E+000
3,1995542E-002	-6,410356612953658E-002	1,000000000000000E+000
3,1006284E-002	-7,122606887585559E-002	1,000000000000000E+000
2,9853571E-002	-7,679508344477215E-002	1,000000000000000E+000
2,8946467E-002	-8,203728239621100E-002	1,000000000000000E+000
2,7836844E-002	-8,832916600577913E-002	1,000000000000000E+000
2,7023358E-002	-9,374538088579534E-002	1,000000000000000E+000
2,5999075E-002	-1,002102196798654E-001	1,000000000000000E+000
2,4911104E-002	-1,053087383237044E-001	1,000000000000000E+000
2,3995508E-002	-1,098517071287559E-001	1,000000000000000E+000
2,2925159E-002	-1,170460010050896E-001	1,000000000000000E+000
2,1925287E-002	-1,223459900227476E-001	1,000000000000000E+000
2,1060638E-002	-1,271652007708322E-001	1,000000000000000E+000
1,9942952E-002	-1,344422098611371E-001	1,000000000000000E+000
1,8850312E-002	-1,394149612557758E-001	1,000000000000000E+000
1,7980143E-002	-1,449324444272659E-001	1,000000000000000E+000
1,6985286E-002	-1,608732351386503E-001	1,000000000000000E+000
1,5821433E-002	-1,551466399493311E-001	1,000000000000000E+000
1,4997544E-002	-1,657048415315026E-001	1,000000000000000E+000
1,3821477E-002	-1,690896355883318E-001	1,000000000000000E+000
1,3019028E-002	-1,766509410356063E-001	1,000000000000000E+000
1,1985829E-002	-1,816798952770311E-001	1,000000000000000E+000
1,0937131E-002	-1,879028477447311E-001	1,000000000000000E+000
1,0025993E-002	-1,944736299467169E-001	1,000000000000000E+000
8,9847278E-003	-1,994809488403710E-001	1,000000000000000E+000
7,9727536E-003	-2,057149414387015E-001	1,000000000000000E+000
6,9181137E-003	-2,120430913184659E-001	1,000000000000000E+000
6,0647167E-003	-2,168408781290054E-001	1,000000000000000E+000
4,9425703E-003	-2,240170426666730E-001	1,000000000000000E+000
3,9995899E-003	-2,301150890869179E-001	1,000000000000000E+000
2,9494076E-003	-2,355437001420386E-001	1,000000000000000E+000
1,9425307E-003	-2,420417324691595E-001	1,000000000000000E+000
8,9022546E-004	-2,485993723126332E-001	1,000000000000000E+000
-1,2429377E-004	-2,538571832701564E-001	1,000000000000000E+000
-1,0857430E-003	-2,603676246168711E-001	1,000000000000000E+000
-2,0057976E-003	-2,659799876467641E-001	1,000000000000000E+000
-2,9831678E-003	-2,731159716948035E-001	1,000000000000000E+000
-4,2061480E-003	-2,786155215257571E-001	1,000000000000000E+000
-5,0637918E-003	-2,844476209849942E-001	1,000000000000000E+000
-6,0362788E-003	-2,904790730163862E-001	1,000000000000000E+000
-7,0100403E-003	-2,971548423843633E-001	1,000000000000000E+000
-7,9871984E-003	-3,018931328939889E-001	1,000000000000000E+000
-9,0161059E-003	-3,132274265194086E-001	1,000000000000000E+000
-1,0157159E-002	-3,171097653555781E-001	1,000000000000000E+000
-1,1042400E-002	-3,225945750665327E-001	1,000000000000000E+000
-1,2085576E-002	-3,289586991175195E-001	1,000000000000000E+000
-1,3196048E-002	-3,337746158811363E-001	1,000000000000000E+000
-1,4013781E-002	-3,395544203360448E-001	1,000000000000000E+000
-1,4963343E-002	-3,452805820335105E-001	1,000000000000000E+000
-1,5923304E-002	-3,513810811564317E-001	1,000000000000000E+000
-1,7038872E-002	-3,569593254166339E-001	1,000000000000000E+000
-1,8118775E-002	-3,624462599659140E-001	1,000000000000000E+000
-1,9048592E-002	-3,688947863928556E-001	1,000000000000000E+000
-1,9990087E-002	-3,744014382828018E-001	1,000000000000000E+000
-2,1005457E-002	-3,813441099288551E-001	1,000000000000000E+000
-2,1955445E-002	-3,865124792533194E-001	1,000000000000000E+000
-2,3018148E-002	-3,936410417728533E-001	1,000000000000000E+000
-2,4125012E-002	-3,990315917568887E-001	1,000000000000000E+000
-2,5039546E-002	-4,069166273758213E-001	1,000000000000000E+000
-2,6032837E-002	-4,118756886778612E-001	1,000000000000000E+000
-2,7116137E-002	-4,178542381980339E-001	1,000000000000000E+000
-2,7947245E-002	-4,248759030209213E-001	1,000000000000000E+000
-2,9001461E-002	-4,305540291695942E-001	1,000000000000000E+000
-3,0087732E-002	-4,359582535301634E-001	1,000000000000000E+000
-3,1138126E-002	-4,433775481043587E-001	1,000000000000000E+000
-3,1872440E-002	-4,484547531076988E-001	1,000000000000000E+000
-3,2928143E-002	-4,552356060594303E-001	1,000000000000000E+000
-3,4005284E-002	-4,608367731173826E-001	1,000000000000000E+000
-3,4970339E-002	-4,680022895336143E-001	1,000000000000000E+000
-3,6028810E-002	-4,827522554227865E-001	1,000000000000000E+000
-3,7045836E-002	-4,775695697042250E-001	1,000000000000000E+000
-3,8070329E-002	-4,877182504213926E-001	1,000000000000000E+000
-3,9086334E-002	-4,923954655726730E-001	1,000000000000000E+000
-3,9969668E-002	-4,982189721841781E-001	1,000000000000000E+000
-4,1001596E-002	-5,049087423313807E-001	1,000000000000000E+000
-4,2081282E-002	-5,098136213297630E-001	1,000000000000000E+000
-4,2909421E-002	-5,160448680528340E-001	1,000000000000000E+000
-4,3889549E-002	-5,224450731960406E-001	1,000000000000000E+000
-4,5171756E-002	-5,284204726728312E-001	1,000000000000000E+000
-4,6016660E-002	-5,341175133879799E-001	1,000000000000000E+000
-4,6989150E-002	-5,407025752485595E-001	1,000000000000000E+000
-4,7993056E-002	-5,462294028451034E-001	1,000000000000000E+000
-4,9038779E-002	-5,521281877946498E-001	1,000000000000000E+000
-5,0000865E-002	-5,576427530807733E-001	1,000000000000000E+000
-5,1042557E-002	-5,629557390800777E-001	1,000000000000000E+000
-5,1947325E-002	-5,694195178026966E-001	1,000000000000000E+000
-5,2972462E-002	-5,751760072178294E-001	1,000000000000000E+000
-5,4057669E-002	-5,810427152448208E-001	1,000000000000000E+000
-5,4948643E-002	-5,868337800105392E-001	1,000000000000000E+000
-5,5837281E-002	-5,936475594838448E-001	1,000000000000000E+000
-5,6909118E-002	-5,974773349136928E-001	1,000000000000000E+000
-5,7961848E-002	-6,043531977468053E-001	1,000000000000000E+000
-5,8914382E-002	-6,093726739183873E-001	1,000000000000000E+000
-5,9993003E-002	-6,155550337086080E-001	1,000000000000000E+000
-6,0897570E-002	-6,195519342501115E-001	1,000000000000000E+000
-6,2057279E-002	-6,257976278559186E-001	1,000000000000000E+000
-6,2850066E-002	-6,311263556385187E-001	1,000000000000000E+000
-6,4021334E-002	-6,423249344030975E-001	1,000000000000000E+000
-6,4933956E-002	-6,399142179224218E-001	1,000000000000000E+000
-6,5995812E-002	-6,465785327470943E-001	1,000000000000000E+000
-6,6971280E-002	-6,502071992597607E-001	1,000000000000000E+000
-6,7973696E-002	-6,545475495772202E-001	1,000000000000000E+000
-6,9005832E-002	-6,589315699206448E-001	1,000000000000000E+000
-6,9933318E-002	-6,613905658531518E-001	1,000000000000000E+000
-7,0975006E-002	-6,636275617509226E-001	1,000000000000000E+000
-7,2011188E-002	-6,670392623895554E-001	1,000000000000000E+000
-7,2943971E-002	-6,702036518707057E-001	1,000000000000000E+000
-7,3908821E-002	-6,731673545307597E-001	1,000000000000000E+000
-7,5029910E-002	-6,779312861876328E-001	1,000000000000000E+000
-7,6021925E-002	-6,819878995625501E-001	1,000000000000000E+000
-7,6955773E-002	-6,882070352633760E-001	1,000000000000000E+000
-7,7968165E-002	-6,917765272988197E-001	1,000000000000000E+000
-7,9019204E-002	-6,999183956326687E-001	1,000000000000000E+000
-8,0015883E-002	-7,056270016150314E-001	1,000000000000000E+000
-8,0816843E-002	-7,118001950697739E-001	1,000000000000000E+000
-8,1913732E-002	-7,194673370880360E-001	1,000000000000000E+000
-8,2893021E-002	-7,242583101097910E-001	1,000000000000000E+000
-8,3942570E-002	-7,319656017546813E-001	1,000000000000000E+000
-8,4927149E-002	-7,387929366280623E-001	1,000000000000000E+000
-8,5988797E-002	-7,442287640232177E-001	1,000000000000000E+000
-8,7029010E-002	-7,521797665394860E-001	1,000000000000000E+000
-8,8008493E-002	-7,582283831304970E-001	1,000000000000000E+000
-8,8995628E-002	-7,651458127010198E-001	1,000000000000000E+000
-9,0049848E-002	-7,708051287465647E-001	1,000000000000000E+000
-9,0958662E-002	-7,780342249510177E-001	1,000000000000000E+000
-9,1887414E-002	-7,843781146738256E-001	1,000000000000000E+000
-9,2977494E-002	-7,904931842866856E-001	1,000000000000000E+000
-9,4017886E-002	-8,065223630724661E-001	1,000000000000000E+000
-9,4978906E-002	-8,019673615280105E-001	1,000000000000000E+000
-9,6083216E-002	-8,114296393468940E-001	1,000000000000000E+000
-9,6944481E-002	-8,159513312598872E-001	1,000000000000000E+000
-9,7838841E-002	-8,228461662721278E-001	1,000000000000000E+000
-9,8917261E-002	-8,274369757725939E-001	1,000000000000000E+000
-9,9855565E-002	-8,348100007925581E-001	1,000000000000000E+000
-1,0097028E-001	-8,404002143070084E-001	1,000000000000000E+000
-1,0195975E-001	-8,465563754240684E-001	1,000000000000000E+000
-1,0295156E-001	-8,526357897143377E-001	1,000000000000000E+000
-1,0393827E-001	-8,586208177730410E-001	1,000000000000000E+000
-1,0502008E-001	-8,648889243809705E-001	1,000000000000000E+000
-1,0594778E-001	-8,714690516806307E-001	1,000000000000000E+000
-1,0696973E-001	-8,766217507008047E-001	1,000000000000000E+000
-1,0802564E-001	-8,819433595571269E-001	1,000000000000000E+000
-1,0894825E-001	-8,882631790410302E-001	1,000000000000000E+000
-1,0996977E-001	-8,943580244667801E-001	1,000000000000000E+000
-1,1093844E-001	-9,005851873920996E-001	1,000000000000000E+000
-1,1201876E-001	-9,055375348673067E-001	1,000000000000000E+000
-1,1302331E-001	-9,120156056144149E-001	1,000000000000000E+000
-1,1385486E-001	-9,173113596625626E-001	1,000000000000000E+000
-1,1481312E-001	-9,222977950444644E-001	1,000000000000000E+000
-1,1603758E-001	-9,272377554120288E-001	1,000000000000000E+000
-1,1684681E-001	-9,316777427577279E-001	1,000000000000000E+000
-1,1795644E-001	-9,362544292170156E-001	1,000000000000000E+000
-1,1892702E-001	-9,396156942885732E-001	1,000000000000000E+000
-1,1986999E-001	-9,432450162453794E-001	1,000000000000000E+000
-1,2082677E-001	-9,461628200175803E-001	1,000000000000000E+000
-1,2193916E-001	-9,498901463941536E-001	1,000000000000000E+000
-1,2295219E-001	-9,519702744049297E-001	1,000000000000000E+000
-1,2387332E-001	-9,616332651736816E-001	1,000000000000000E+000
-1,2505893E-001	-9,556887985335365E-001	1,000000000000000E+000
-1,2597200E-001	-9,538981400223214E-001	1,000000000000000E+000
-1,2695722E-001	-9,544848560148615E-001	1,000000000000000E+000
-1,2809464E-001	-9,509306215784594E-001	1,000000000000000E+000
-1,2898903E-001	-9,495034398407540E-001	1,000000000000000E+000
-1,2993306E-001	-9,492334386126853E-001	1,000000000000000E+000
-1,3090789E-001	-9,505557726758180E-001	1,000000000000000E+000
-1,3200624E-001	-9,529863466612136E-001	1,000000000000000E+000
-1,3288428E-001	-9,574201802412654E-001	1,000000000000000E+000
-1,3401130E-001	-9,626598249500020E-001	1,000000000000000E+000
-1,3493031E-001	-9,689315748918368E-001	1,000000000000000E+000
-1,3592720E-001	-9,767357500580438E-001	1,000000000000000E+000
-1,3682221E-001	-9,842641448808998E-001	1,000000000000000E+000
-1,3788301E-001	-9,928340672825708E-001	1,000000000000000E+000
-1,3901682E-001	-1,001185707023577E+000	1,000000000000000E+000
-1,4007635E-001	-1,009128712635070E+000	1,000000000000000E+000
-1,4097708E-001	-1,018381589609712E+000	1,000000000000000E+000
-1,4197059E-001	-1,026467993441550E+000	1,000000000000000E+000
-1,4308742E-001	-1,035289925730062E+000	1,000000000000000E+000
-1,4385507E-001	-1,043997771520578E+000	1,000000000000000E+000
-1,4496043E-001	-1,052148119649953E+000	1,000000000000000E+000
-1,4592721E-001	-1,059993511790199E+000	1,000000000000000E+000
-1,4695871E-001	-1,069216232436395E+000	1,000000000000000E+000
-1,4798149E-001	-1,076239496159054E+000	1,000000000000000E+000
-1,5043594E-001	-1,102873563073959E+000	1,000000000000000E+000
-1,5309121E-001	-1,114986903448066E+000	1,000000000000000E+000
-1,5409872E-001	-1,122677565241845E+000	1,000000000000000E+000
-1,5504509E-001	-1,130455220325121E+000	1,000000000000000E+000
-1,5616088E-001	-1,137255926926933E+000	1,000000000000000E+000
-1,5705079E-001	-1,144948630904155E+000	1,000000000000000E+000
-1,5810330E-001	-1,152613768974936E+000	1,000000000000000E+000
-1,5906051E-001	-1,159751850283811E+000	1,000000000000000E+000
-1,6008714E-001	-1,167953752809098E+000	1,000000000000000E+000
-1,6111651E-001	-1,176228964908251E+000	1,000000000000000E+000
-1,6208071E-001	-1,182381440264482E+000	1,000000000000000E+000
-1,6308250E-001	-1,190268246250017E+000	1,000000000000000E+000
-1,6408513E-001	-1,196960762039652E+000	1,000000000000000E+000
-1,6512172E-001	-1,204375644524884E+000	1,000000000000000E+000
-1,6609825E-001	-1,211506180051302E+000	1,000000000000000E+000
-1,6712679E-001	-1,217039247353870E+000	1,000000000000000E+000
-1,6808186E-001	-1,225285730324682E+000	1,000000000000000E+000
-1,6908513E-001	-1,231709789795175E+000	1,000000000000000E+000
-1,7008840E-001	-1,237021059729157E+000	1,000000000000000E+000
-1,7108802E-001	-1,248998387923667E+000	1,000000000000000E+000
-1,7202188E-001	-1,250427256027853E+000	1,000000000000000E+000
-1,7310411E-001	-1,253250992339517E+000	1,000000000000000E+000
-1,7407236E-001	-1,256816274589959E+000	1,000000000000000E+000
-1,7503868E-001	-1,258880566805598E+000	1,000000000000000E+000
-1,7608038E-001	-1,261516619784135E+000	1,000000000000000E+000
-1,7705372E-001	-1,262599677468334E+000	1,000000000000000E+000
-1,7812470E-001	-1,264380696747036E+000	1,000000000000000E+000
-1,7915937E-001	-1,264527056883603E+000	1,000000000000000E+000
-1,8008368E-001	-1,262170076370238E+000	1,000000000000000E+000
-1,8108949E-001	-1,259873461599145E+000	1,000000000000000E+000
-1,8210848E-001	-1,253056926238866E+000	1,000000000000000E+000
-1,8312618E-001	-1,245556152218747E+000	1,000000000000000E+000
-1,8401796E-001	-1,233846059487459E+000	1,000000000000000E+000
-1,8514933E-001	-1,223644647022912E+000	1,000000000000000E+000
-1,8607065E-001	-1,216282828297052E+000	1,000000000000000E+000
-1,8710259E-001	-1,210760148019407E+000	1,000000000000000E+000
-1,8816745E-001	-1,210297919913295E+000	1,000000000000000E+000
-1,8916690E-001	-1,213192827482187E+000	1,000000000000000E+000
-1,9013429E-001	-1,218970898745788E+000	1,000000000000000E+000
-1,9112526E-001	-1,227190894281701E+000	1,000000000000000E+000
-1,9214804E-001	-1,237400853902926E+000	1,000000000000000E+000
-1,9309187E-001	-1,249313364736732E+000	1,000000000000000E+000
-1,9414268E-001	-1,261264157171048E+000	1,000000000000000E+000
-1,9515805E-001	-1,273999842711621E+000	1,000000000000000E+000
-1,9618893E-001	-1,286629435088893E+000	1,000000000000000E+000
-1,9708435E-001	-1,300701773828930E+000	1,000000000000000E+000
-1,9817443E-001	-1,313497913897860E+000	1,000000000000000E+000
-1,9904673E-001	-1,324908325847765E+000	1,000000000000000E+000
-1,9945465E-001	-1,333936929702759E+000	1,000000000000000E+000
-1,9956169E-001	-1,330290079116821E+000	1,000000000000000E+000
-1,9887923E-001	-1,227599250877064E+000	1,000000000000000E+000
-1,9785324E-001	-1,204749026956655E+000	1,000000000000000E+000
-1,9691508E-001	-1,186298898938627E+000	1,000000000000000E+000
-1,9588941E-001	-1,177800984121854E+000	1,000000000000000E+000
-1,9485323E-001	-1,167665217589169E+000	1,000000000000000E+000
-1,9389369E-001	-1,157359742456009E+000	1,000000000000000E+000
-1,9287558E-001	-1,147663200791502E+000	1,000000000000000E+000
-1,9186126E-001	-1,138651871018933E+000	1,000000000000000E+000
-1,9089109E-001	-1,127113823054563E+000	1,000000000000000E+000
-1,8989252E-001	-1,118061017865934E+000	1,000000000000000E+000
-1,8890579E-001	-1,107275032024411E+000	1,000000000000000E+000
-1,8790293E-001	-1,099250307306643E+000	1,000000000000000E+000
-1,8687294E-001	-1,090106397246318E+000	1,000000000000000E+000
-1,8586628E-001	-1,082433710185189E+000	1,000000000000000E+000
-1,8488486E-001	-1,074488549493250E+000	1,000000000000000E+000
-1,8387014E-001	-1,065252281828883E+000	1,000000000000000E+000
-1,8286644E-001	-1,057499045092193E+000	1,000000000000000E+000
-1,8187039E-001	-1,048367877490815E+000	1,000000000000000E+000
-1,8092251E-001	-1,040067321724359E+000	1,000000000000000E+000
-1,7987953E-001	-1,024140712598127E+000	1,000000000000000E+000
-1,7889224E-001	-1,021341394943491E+000	1,000000000000000E+000
-1,7786139E-001	-1,012958011279505E+000	1,000000000000000E+000
-1,7685236E-001	-1,005146410419703E+000	1,000000000000000E+000
-1,7582895E-001	-9,974493805526023E-001	1,000000000000000E+000
-1,7487471E-001	-9,873857418489100E-001	1,000000000000000E+000
-1,7383282E-001	-9,795285802231053E-001	1,000000000000000E+000
-1,7291468E-001	-9,704578391069285E-001	1,000000000000000E+000
-1,7183666E-001	-9,604631775679628E-001	1,000000000000000E+000
-1,7080241E-001	-9,506233674474061E-001	1,000000000000000E+000
-1,6983907E-001	-9,398087088742972E-001	1,000000000000000E+000
-1,6882135E-001	-9,282048751289604E-001	1,000000000000000E+000
-1,6787517E-001	-9,153969918584624E-001	1,000000000000000E+000
-1,6687086E-001	-9,035449306377092E-001	1,000000000000000E+000
-1,6592978E-001	-8,912452170625311E-001	1,000000000000000E+000
-1,6487817E-001	-8,702523547431653E-001	1,000000000000000E+000
-1,6387105E-001	-8,613100215896132E-001	1,000000000000000E+000
-1,6293934E-001	-8,472854320684231E-001	1,000000000000000E+000
-1,6191271E-001	-8,338973892645676E-001	1,000000000000000E+000
-1,6087484E-001	-8,153241842778141E-001	1,000000000000000E+000
-1,5991424E-001	-7,963903370416805E-001	1,000000000000000E+000
-1,5889865E-001	-7,766726162905480E-001	1,000000000000000E+000
-1,5785973E-001	-7,554814154799585E-001	1,000000000000000E+000
-1,5690932E-001	-7,378905158386448E-001	1,000000000000000E+000
-1,5588389E-001	-7,169337676217129E-001	1,000000000000000E+000
-1,5486334E-001	-7,083467779577584E-001	1,000000000000000E+000
-1,5391907E-001	-6,982926858796015E-001	1,000000000000000E+000
-1,5290646E-001	-6,904928058178859E-001	1,000000000000000E+000
-1,5192761E-001	-6,827289463641730E-001	1,000000000000000E+000
-1,5095958E-001	-6,790119942484605E-001	1,000000000000000E+000
-1,4984338E-001	-6,752865203242324E-001	1,000000000000000E+000
-1,4885010E-001	-6,719492837890186E-001	1,000000000000000E+000
-1,4782433E-001	-6,702054033262845E-001	1,000000000000000E+000
-1,4695203E-001	-6,675799719264948E-001	1,000000000000000E+000
-1,4587042E-001	-6,644835360865606E-001	1,000000000000000E+000
-1,4487779E-001	-6,626674677245319E-001	1,000000000000000E+000
-1,4388895E-001	-6,591828272988387E-001	1,000000000000000E+000
-1,4287189E-001	-6,564216050836744E-001	1,000000000000000E+000
-1,4191616E-001	-6,537368071989853E-001	1,000000000000000E+000
-1,4091352E-001	-6,503645553667479E-001	1,000000000000000E+000
-1,3992617E-001	-6,475937998750143E-001	1,000000000000000E+000
-1,3886581E-001	-6,435543477742200E-001	1,000000000000000E+000
-1,3791794E-001	-6,395425011093359E-001	1,000000000000000E+000
-1,3687433E-001	-6,354521371734609E-001	1,000000000000000E+000
-1,3586153E-001	-6,310604959726307E-001	1,000000000000000E+000
-1,3487311E-001	-6,268661717573796E-001	1,000000000000000E+000
-1,3392949E-001	-6,227068657365908E-001	1,000000000000000E+000
-1,3290563E-001	-6,163103919372777E-001	1,000000000000000E+000
-1,3188708E-001	-6,116121655019615E-001	1,000000000000000E+000
-1,3086620E-001	-6,059603500179946E-001	1,000000000000000E+000
-1,2984912E-001	-5,995256531880155E-001	1,000000000000000E+000
-1,2886941E-001	-5,946725658141059E-001	1,000000000000000E+000
-1,2789778E-001	-5,894631085813851E-001	1,000000000000000E+000
-1,2682807E-001	-5,834506316524397E-001	1,000000000000000E+000
-1,2588148E-001	-5,784268026861046E-001	1,000000000000000E+000
-1,2487267E-001	-5,725404866971058E-001	1,000000000000000E+000
-1,2383483E-001	-5,681616117556856E-001	1,000000000000000E+000
-1,2284581E-001	-5,587313047403244E-001	1,000000000000000E+000
-1,2192108E-001	-5,529033945252486E-001	1,000000000000000E+000
-1,2092058E-001	-5,482052067915593E-001	1,000000000000000E+000
-1,1987845E-001	-5,427814079448563E-001	1,000000000000000E+000
-1,1891488E-001	-5,358078320407191E-001	1,000000000000000E+000
-1,1786555E-001	-5,306758045529296E-001	1,000000000000000E+000
-1,1685358E-001	-5,244628192546417E-001	1,000000000000000E+000
-1,1587175E-001	-5,172962066200029E-001	1,000000000000000E+000
-1,1488058E-001	-5,111776191430764E-001	1,000000000000000E+000
-1,1390703E-001	-5,035018203780011E-001	1,000000000000000E+000
-1,1292371E-001	-4,948076759465012E-001	1,000000000000000E+000
-1,1188160E-001	-4,871297108992518E-001	1,000000000000000E+000
-1,1090361E-001	-4,799779524198824E-001	1,000000000000000E+000
-1,0990245E-001	-4,702049761803593E-001	1,000000000000000E+000
-1,0886478E-001	-4,618693888963501E-001	1,000000000000000E+000
-1,0788360E-001	-4,522300927071934E-001	1,000000000000000E+000
-1,0543479E-001	-3,950891747222962E-001	1,000000000000000E+000
-1,0258622E-001	-3,627543144652399E-001	1,000000000000000E+000
-1,0196676E-001	-3,891468751463583E-001	1,000000000000000E+000
-1,0082100E-001	-3,700904750730842E-001	1,000000000000000E+000
-9,9762328E-002	-3,588504542130964E-001	1,000000000000000E+000
-9,8777965E-002	-3,503154871416165E-001	1,000000000000000E+000
-9,7846441E-002	-3,416485094154851E-001	1,000000000000000E+000
-9,6782036E-002	-3,347861195603989E-001	1,000000000000000E+000
-9,5847972E-002	-3,275622613469320E-001	1,000000000000000E+000
-9,4817959E-002	-3,233891477963575E-001	1,000000000000000E+000
-9,3811497E-002	-3,176971425612773E-001	1,000000000000000E+000
-9,2797615E-002	-3,124994659641123E-001	1,000000000000000E+000
-9,1769509E-002	-3,096754270243545E-001	1,000000000000000E+000
-9,0754569E-002	-3,035860683303315E-001	1,000000000000000E+000
-8,9818805E-002	-3,004647533978431E-001	1,000000000000000E+000
-8,8879012E-002	-2,953295612242055E-001	1,000000000000000E+000
-8,7694027E-002	-2,913698192116692E-001	1,000000000000000E+000
-8,6793728E-002	-2,859316509630938E-001	1,000000000000000E+000
-8,5854985E-002	-2,828293476615911E-001	1,000000000000000E+000
-8,4805652E-002	-2,765650370727384E-001	1,000000000000000E+000
-8,3898969E-002	-2,736305779673991E-001	1,000000000000000E+000
-8,2912669E-002	-2,587584531866012E-001	1,000000000000000E+000
-8,1886731E-002	-2,640965001450640E-001	1,000000000000000E+000
-8,0830179E-002	-2,570019091169029E-001	1,000000000000000E+000
-7,9805896E-002	-2,520246980711809E-001	1,000000000000000E+000
-7,8907706E-002	-2,470164098518164E-001	1,000000000000000E+000
-7,7880666E-002	-2,418566910653481E-001	1,000000000000000E+000
-7,6853834E-002	-2,359528066719774E-001	1,000000000000000E+000
-7,5853758E-002	-2,299308978253976E-001	1,000000000000000E+000
-7,4727148E-002	-2,248954720691669E-001	1,000000000000000E+000
-7,4011095E-002	-2,193458624727400E-001	1,000000000000000E+000
-7,2877698E-002	-2,133258540545477E-001	1,000000000000000E+000
-7,1869969E-002	-2,074203897629761E-001	1,000000000000000E+000
-7,0796654E-002	-2,029282048784404E-001	1,000000000000000E+000
-6,9816731E-002	-1,972559103095479E-001	1,000000000000000E+000
-6,8809003E-002	-1,917453276174548E-001	1,000000000000000E+000
-6,7851797E-002	-1,849030819980213E-001	1,000000000000000E+000
-6,6869967E-002	-1,803646836843748E-001	1,000000000000000E+000
-6,5932937E-002	-1,741668408503756E-001	1,000000000000000E+000
-6,4870439E-002	-1,677205602819516E-001	1,000000000000000E+000
-6,3856781E-002	-1,624235373844075E-001	1,000000000000000E+000
-6,2831007E-002	-1,559410857217793E-001	1,000000000000000E+000
-6,1833460E-002	-1,504276560412509E-001	1,000000000000000E+000
-6,0851630E-002	-1,439072373452490E-001	1,000000000000000E+000
-5,9788074E-002	-1,388281298956516E-001	1,000000000000000E+000
-5,8968641E-002	-1,315764748336121E-001	1,000000000000000E+000
-5,7825267E-002	-1,254803291069240E-001	1,000000000000000E+000
-5,6813933E-002	-1,195251086351670E-001	1,000000000000000E+000
-5,5885814E-002	-1,118188537269207E-001	1,000000000000000E+000
-5,4874811E-002	-1,005709668582613E-001	1,000000000000000E+000
-5,3832393E-002	-9,762973884224047E-002	1,000000000000000E+000
-5,2924436E-002	-8,971648824970324E-002	1,000000000000000E+000
-5,1711433E-002	-8,400792628526654E-002	1,000000000000000E+000
-5,0928511E-002	-7,582693752030734E-002	1,000000000000000E+000
-4,9745016E-002	-6,963493413705768E-002	1,000000000000000E+000
-4,8830912E-002	-6,164809939218685E-002	1,000000000000000E+000
-4,7971141E-002	-5,396952099140933E-002	1,000000000000000E+000
-4,6982098E-002	-4,453523688587469E-002	1,000000000000000E+000
-4,5889884E-002	-3,778525492654999E-002	1,000000000000000E+000
-4,4839911E-002	-2,803157790104804E-002	1,000000000000000E+000
-4,3894388E-002	-1,976469033979800E-002	1,000000000000000E+000
-4,2729992E-002	-1,280082324309562E-002	1,000000000000000E+000
-4,1790199E-002	-5,784042205454551E-003	1,000000000000000E+000
-4,0863562E-002	1,602287960445715E-003	1,000000000000000E+000
-3,9862204E-002	7,748160373416302E-003	1,000000000000000E+000
-3,8848534E-002	1,433197798905894E-002	1,000000000000000E+000
-3,7862036E-002	1,951458132922819E-002	1,000000000000000E+000
-3,6860891E-002	2,653730092020450E-002	1,000000000000000E+000
-3,5876304E-002	3,042918367848180E-002	1,000000000000000E+000
-3,4908064E-002	3,752040450086094E-002	1,000000000000000E+000
-3,3858091E-002	4,176667382449134E-002	1,000000000000000E+000
-3,2956079E-002	4,851941341055666E-002	1,000000000000000E+000
-3,1804062E-002	6,172214961002809E-002	1,000000000000000E+000
-3,0786755E-002	5,769665629486570E-002	1,000000000000000E+000
-2,9847806E-002	6,630498450896205E-002	1,000000000000000E+000
-2,8860673E-002	7,184060119066626E-002	1,000000000000000E+000
-2,7888399E-002	7,673551827125907E-002	1,000000000000000E+000
-2,6912300E-002	8,257970495873845E-002	1,000000000000000E+000
-2,6036823E-002	8,837310804261123E-002	1,000000000000000E+000
-2,4944821E-002	9,452660803476132E-002	1,000000000000000E+000
-2,3866832E-002	1,002449340756157E-001	1,000000000000000E+000
-2,2881821E-002	1,053951964390261E-001	1,000000000000000E+000
-2,1927163E-002	1,116116850106562E-001	1,000000000000000E+000
-2,0930050E-002	1,172479364775225E-001	1,000000000000000E+000
-1,9798778E-002	1,231318873146336E-001	1,000000000000000E+000
-1,8772369E-002	1,289883734942938E-001	1,000000000000000E+000
-1,7965037E-002	1,354774876704652E-001	1,000000000000000E+000
-1,6877916E-002	1,404730419809415E-001	1,000000000000000E+000
-1,5781883E-002	1,472622514314339E-001	1,000000000000000E+000
-1,4942707E-002	1,529144060720383E-001	1,000000000000000E+000
-1,3858983E-002	1,588790584872999E-001	1,000000000000000E+000
-1,2920034E-002	1,650698909329047E-001	1,000000000000000E+000
-1,1830792E-002	1,702985304097343E-001	1,000000000000000E+000
-1,0888024E-002	1,768662321070827E-001	1,000000000000000E+000
-9,8314723E-003	1,824833702218407E-001	1,000000000000000E+000
-8,9668250E-003	1,888775982402482E-001	1,000000000000000E+000
-7,8508342E-003	1,945912531680537E-001	1,000000000000000E+000
-6,8312194E-003	2,008131593077767E-001	1,000000000000000E+000
-5,8364412E-003	2,067506618849524E-001	1,000000000000000E+000
-4,8644268E-003	2,172454417967760E-001	1,000000000000000E+000
-3,8138051E-003	2,212811180183456E-001	1,000000000000000E+000
-2,9875790E-003	2,270292425916232E-001	1,000000000000000E+000
-1,9140453E-003	2,316628807327819E-001	1,000000000000000E+000
-8,8869937E-004	2,382259018874420E-001	1,000000000000000E+000
8,5274602E-005	2,438713819719860E-001	1,000000000000000E+000
6,1587611E-004	2,485681325197220E-001	1,000000000000000E+000
9,7885844E-004	2,496522888541222E-001	2,000000000000000E+000
1,3345397E-003	2,529584667645395E-001	2,000000000000000E+000
2,3698625E-003	2,576927292781579E-001	2,000000000000000E+000
3,2795151E-003	2,643634941842825E-001	2,000000000000000E+000
4,2789625E-003	2,706231747288272E-001	2,000000000000000E+000
5,2416851E-003	2,759931368960279E-001	2,000000000000000E+000
6,1959168E-003	2,827664419439522E-001	2,000000000000000E+000
7,3129670E-003	2,886834909311595E-001	2,000000000000000E+000
8,3975401E-003	2,943628793064925E-001	2,000000000000000E+000
9,2957281E-003	3,019538650340925E-001	2,000000000000000E+000
1,0305789E-002	3,067809302722000E-001	2,000000000000000E+000
1,1350028E-002	3,134842505937243E-001	2,000000000000000E+000
1,2387899E-002	3,196039393337244E-001	2,000000000000000E+000
1,3288422E-002	3,253843976288211E-001	2,000000000000000E+000
1,4314193E-002	3,319719344274041E-001	2,000000000000000E+000
1,5526981E-002	3,380412434538216E-001	2,000000000000000E+000
1,6175952E-002	3,435374134116720E-001	2,000000000000000E+000
1,7254155E-002	3,507425219803655E-001	2,000000000000000E+000
1,8440835E-002	3,554539793274465E-001	2,000000000000000E+000
1,9318433E-002	3,626916481492435E-001	2,000000000000000E+000
2,0305568E-002	3,688155709921082E-001	2,000000000000000E+000
2,1320466E-002	3,778716041965204E-001	2,000000000000000E+000
2,2331176E-002	3,838495031878771E-001	2,000000000000000E+000
2,3321923E-002	3,891208767114834E-001	2,000000000000000E+000
2,4221385E-002	3,930403413251051E-001	2,000000000000000E+000
2,5284301E-002	4,008623723509834E-001	2,000000000000000E+000
2,6285026E-002	4,066336113545637E-001	2,000000000000000E+000
2,7291900E-002	4,127158505272958E-001	2,000000000000000E+000
2,8364586E-002	4,182903660564792E-001	2,000000000000000E+000
2,9179985E-002	4,240723219958871E-001	2,000000000000000E+000
3,0236749E-002	4,309926145037437E-001	2,000000000000000E+000
3,1236190E-002	4,366300185211021E-001	2,000000000000000E+000
3,2293383E-002	4,419610683237112E-001	2,000000000000000E+000
3,3316180E-002	4,489098963482938E-001	2,000000000000000E+000
3,4283362E-002	4,541211344767380E-001	2,000000000000000E+000
3,5327815E-002	4,601993407122817E-001	2,000000000000000E+000
3,6369082E-002	4,663383316300411E-001	2,000000000000000E+000
3,7342843E-002	4,716710832953037E-001	2,000000000000000E+000
3,8385380E-002	4,777496118201974E-001	2,000000000000000E+000
3,9301615E-002	4,842499872255681E-001	2,000000000000000E+000
4,0289167E-002	4,904602097554349E-001	2,000000000000000E+000
4,1308150E-002	4,961398115071187E-001	2,000000000000000E+000
4,2346872E-002	5,017886827699836E-001	2,000000000000000E+000
4,3260343E-002	5,072136521339448E-001	2,000000000000000E+000
4,4256605E-002	5,140113779343669E-001	2,000000000000000E+000
4,5332905E-002	5,189873156034306E-001	2,000000000000000E+000
4,6305604E-002	5,254452308225979E-001	2,000000000000000E+000
4,7241151E-002	5,315128692632758E-001	2,000000000000000E+000
4,8345432E-002	5,462604195086507E-001	2,000000000000000E+000
4,9322799E-002	5,415189100636386E-001	2,000000000000000E+000
5,0249647E-002	5,504390449884049E-001	2,000000000000000E+000
5,1328700E-002	5,554288283714843E-001	2,000000000000000E+000
5,2343220E-002	5,608574037647083E-001	2,000000000000000E+000
5,3276435E-002	5,673633731073844E-001	2,000000000000000E+000
5,4303266E-002	5,721454570690812E-001	2,000000000000000E+000
5,5235635E-002	5,784608251932619E-001	2,000000000000000E+000
5,6254826E-002	5,823029294713534E-001	2,000000000000000E+000
5,7219662E-002	5,878320786481090E-001	2,000000000000000E+000
5,8222722E-002	5,944247646257281E-001	2,000000000000000E+000
5,9278429E-002	5,976269788419222E-001	2,000000000000000E+000
6,0408216E-002	6,041188687086150E-001	2,000000000000000E+000
6,1300460E-002	6,076463315015026E-001	2,000000000000000E+000
6,2196735E-002	6,126179773257050E-001	2,000000000000000E+000
6,3358366E-002	6,178210618284865E-001	2,000000000000000E+000
6,4173132E-002	6,206031099686218E-001	2,000000000000000E+000
6,5315232E-002	6,250642151054429E-001	2,000000000000000E+000
6,6367961E-002	6,282638917780605E-001	2,000000000000000E+000
6,7239396E-002	6,305408105771591E-001	2,000000000000000E+000
6,8254761E-002	6,353287453142293E-001	2,000000000000000E+000
6,9279261E-002	6,377733252011231E-001	2,000000000000000E+000
7,0230097E-002	6,416367953125830E-001	2,000000000000000E+000
7,1226150E-002	6,478457240284357E-001	2,000000000000000E+000
7,2275914E-002	6,511087610075883E-001	2,000000000000000E+000
7,3210612E-002	6,578528960752870E-001	2,000000000000000E+000
7,4273735E-002	6,625538725509461E-001	2,000000000000000E+000
7,5192943E-002	6,692208162922846E-001	2,000000000000000E+000
7,6166496E-002	6,758454359240016E-001	2,000000000000000E+000
7,7266559E-002	6,835109815518940E-001	2,000000000000000E+000
7,8213364E-002	6,885151459525041E-001	2,000000000000000E+000
7,9121061E-002	7,000279438474941E-001	2,000000000000000E+000
8,0245554E-002	7,041127826087212E-001	2,000000000000000E+000
8,1161998E-002	7,101145948076442E-001	2,000000000000000E+000
8,2280755E-002	7,152824300962219E-001	2,000000000000000E+000
8,3232865E-002	7,218028303856691E-001	2,000000000000000E+000
8,4296197E-002	7,285329792648589E-001	2,000000000000000E+000
8,5190989E-002	7,347185093806043E-001	2,000000000000000E+000
8,6405471E-002	7,407217683374063E-001	2,000000000000000E+000
8,7201133E-002	7,473370849879259E-001	2,000000000000000E+000
8,8221394E-002	7,532953827434969E-001	2,000000000000000E+000
8,9238025E-002	7,600496942694841E-001	2,000000000000000E+000
9,0239599E-002	7,658562593989919E-001	2,000000000000000E+000
9,1254123E-002	7,721587288607337E-001	2,000000000000000E+000
9,2206657E-002	7,775529010428319E-001	2,000000000000000E+000
9,3202487E-002	7,835459870079315E-001	2,000000000000000E+000
9,4254166E-002	7,888826179939032E-001	2,000000000000000E+000
9,5253192E-002	7,955220325125615E-001	2,000000000000000E+000
9,6228853E-002	8,004051510037664E-001	2,000000000000000E+000
9,7198799E-002	8,081327592436649E-001	2,000000000000000E+000
9,8361492E-002	8,128483551036982E-001	2,000000000000000E+000
9,9176452E-002	8,195282443323073E-001	2,000000000000000E+000
1,0029754E-001	8,252222632678894E-001	2,000000000000000E+000
1,0123672E-001	8,305961634032455E-001	2,000000000000000E+000
1,0205700E-001	8,369999557940517E-001	2,000000000000000E+000
1,0320906E-001	8,431079288323762E-001	2,000000000000000E+000
1,0426307E-001	8,475349095339579E-001	2,000000000000000E+000
1,0522006E-001	8,539163933859966E-001	2,000000000000000E+000
1,0627700E-001	8,698572159951752E-001	2,000000000000000E+000
1,0724716E-001	8,641050665432406E-001	2,000000000000000E+000
1,0815427E-001	8,726476319134235E-001	2,000000000000000E+000
1,0933372E-001	8,783659775120505E-001	2,000000000000000E+000
1,1022384E-001	8,821180894867418E-001	2,000000000000000E+000
1,1120141E-001	8,878873243617562E-001	2,000000000000000E+000
1,1220936E-001	8,905479746560268E-001	2,000000000000000E+000
1,1323598E-001	8,964375645543150E-001	2,000000000000000E+000
1,1421675E-001	8,994581568468787E-001	2,000000000000000E+000
1,1516842E-001	9,039495328648215E-001	2,000000000000000E+000
1,1628613E-001	9,067463341893443E-001	2,000000000000000E+000
1,1736199E-001	9,104869590244355E-001	2,000000000000000E+000
1,1829691E-001	9,119848334747900E-001	2,000000000000000E+000
1,1914095E-001	9,160588042189666E-001	2,000000000000000E+000
1,2037072E-001	9,158556122436288E-001	2,000000000000000E+000
1,2123092E-001	9,164800529575201E-001	2,000000000000000E+000
1,2216731E-001	9,159144611718775E-001	2,000000000000000E+000
1,2322791E-001	9,132893225695540E-001	2,000000000000000E+000
1,2427320E-001	9,127587930609806E-001	2,000000000000000E+000
1,2527265E-001	9,126448068353870E-001	2,000000000000000E+000
1,2624048E-001	9,134142767741462E-001	2,000000000000000E+000
1,2725818E-001	9,153105581903620E-001	2,000000000000000E+000
1,2822641E-001	9,204424827152682E-001	2,000000000000000E+000
1,2937956E-001	9,243012508377468E-001	2,000000000000000E+000
1,3018519E-001	9,305148139699476E-001	2,000000000000000E+000
1,3138270E-001	9,367657430056102E-001	2,000000000000000E+000
1,3218705E-001	9,460748268498325E-001	2,000000000000000E+000
1,3307442E-001	9,523322485490837E-001	2,000000000000000E+000
1,3426641E-001	9,610975042709917E-001	2,000000000000000E+000
1,3520537E-001	9,684466490935950E-001	2,000000000000000E+000
1,3623007E-001	9,773283196199252E-001	2,000000000000000E+000
1,3731442E-001	9,850253217543141E-001	2,000000000000000E+000
1,3839306E-001	9,929929709889809E-001	2,000000000000000E+000
1,3912822E-001	1,000789954534010E+000	2,000000000000000E+000
1,4014676E-001	1,008604864589870E+000	2,000000000000000E+000
1,4116000E-001	1,017525147336226E+000	2,000000000000000E+000
1,4220463E-001	1,034151585979597E+000	2,000000000000000E+000
1,4324974E-001	1,031619886867706E+000	2,000000000000000E+000
1,4414918E-001	1,042728662180406E+000	2,000000000000000E+000
1,4530380E-001	1,049342371005984E+000	2,000000000000000E+000
1,4632724E-001	1,056179378388661E+000	2,000000000000000E+000
1,4724030E-001	1,064741991667288E+000	2,000000000000000E+000
1,4818433E-001	1,071247580668165E+000	2,000000000000000E+000
1,4916553E-001	1,077538328038322E+000	2,000000000000000E+000
1,5024076E-001	1,084369433940288E+000	2,000000000000000E+000
1,5123150E-001	1,091730549207167E+000	2,000000000000000E+000
1,5376373E-001	1,108690882555376E+000	2,000000000000000E+000
1,5635441E-001	1,124249786448978E+000	2,000000000000000E+000
1,5731438E-001	1,130912654619257E+000	2,000000000000000E+000
1,5841891E-001	1,137134077855291E+000	2,000000000000000E+000
1,5927166E-001	1,143994134747324E+000	2,000000000000000E+000
1,6035391E-001	1,151541561509170E+000	2,000000000000000E+000
1,6130346E-001	1,156881612311647E+000	2,000000000000000E+000
1,6235152E-001	1,164380189134846E+000	2,000000000000000E+000
1,6328391E-001	1,178430311899221E+000	2,000000000000000E+000
1,6433129E-001	1,180190105612086E+000	2,000000000000000E+000
1,6532499E-001	1,185741165963318E+000	2,000000000000000E+000
1,6627944E-001	1,192954414420661E+000	2,000000000000000E+000
1,6728759E-001	1,196608822999732E+000	2,000000000000000E+000
1,6831951E-001	1,200935753269331E+000	2,000000000000000E+000
1,6937521E-001	1,203869790149234E+000	2,000000000000000E+000
1,7032838E-001	1,207516789125903E+000	2,000000000000000E+000
1,7129239E-001	1,209511083757718E+000	2,000000000000000E+000
1,7230029E-001	1,210502911359075E+000	2,000000000000000E+000
1,7331953E-001	1,212614932407945E+000	2,000000000000000E+000
1,7429368E-001	1,212632978231539E+000	2,000000000000000E+000
1,7531946E-001	1,212862056266104E+000	2,000000000000000E+000
1,7635077E-001	1,211422565289672E+000	2,000000000000000E+000
1,7742004E-001	1,203816804000073E+000	2,000000000000000E+000
1,7835134E-001	1,197891234730686E+000	2,000000000000000E+000
1,7933975E-001	1,190006474964324E+000	2,000000000000000E+000
1,8037477E-001	1,180025342838390E+000	2,000000000000000E+000
1,8134528E-001	1,172972601114061E+000	2,000000000000000E+000
1,8235916E-001	1,169535620655456E+000	2,000000000000000E+000
1,8339172E-001	1,168871569757663E+000	2,000000000000000E+000
1,8440792E-001	1,169766876743081E+000	2,000000000000000E+000
1,8533160E-001	1,174952960987062E+000	2,000000000000000E+000
1,8635485E-001	1,182094209724004E+000	2,000000000000000E+000
1,8736744E-001	1,191602948328692E+000	2,000000000000000E+000
1,8834437E-001	1,202001809452979E+000	2,000000000000000E+000
1,8934765E-001	1,213884714266498E+000	2,000000000000000E+000
1,9032840E-001	1,225672032477133E+000	2,000000000000000E+000
1,9139920E-001	1,237100919398173E+000	2,000000000000000E+000
1,9229080E-001	1,250533534731304E+000	2,000000000000000E+000
1,9342421E-001	1,262766456955838E+000	2,000000000000000E+000
1,9435020E-001	1,275543592456316E+000	2,000000000000000E+000
1,9538233E-001	1,286667901194761E+000	2,000000000000000E+000
1,9637755E-001	1,297620447869935E+000	2,000000000000000E+000
1,9730802E-001	1,316241392555340E+000	2,000000000000000E+000
1,9835368E-001	1,323768647905030E+000	2,000000000000000E+000
1,9930813E-001	1,335538067854955E+000	2,000000000000000E+000
2,0010568E-001	1,343543546833102E+000	2,000000000000000E+000
2,0039763E-001	1,351962208747864E+000	2,000000000000000E+000
2,0065694E-001	1,351503968238831E+000	2,000000000000000E+000
1,9982696E-001	1,235749482798083E+000	2,000000000000000E+000
1,9893965E-001	1,216905754576963E+000	2,000000000000000E+000
1,9788839E-001	1,200616478609546E+000	2,000000000000000E+000
1,9687982E-001	1,186255596164207E+000	2,000000000000000E+000
1,9587021E-001	1,173894311715342E+000	2,000000000000000E+000
1,9489604E-001	1,154656013784308E+000	2,000000000000000E+000
1,9390826E-001	1,147532932977713E+000	2,000000000000000E+000
1,9283281E-001	1,138605394711096E+000	2,000000000000000E+000
1,9186606E-001	1,127245551699568E+000	2,000000000000000E+000
1,9089592E-001	1,118026352901429E+000	2,000000000000000E+000
1,8987799E-001	1,108881311905055E+000	2,000000000000000E+000
1,8880723E-001	1,099013956781064E+000	2,000000000000000E+000
1,8790796E-001	1,090703835090006E+000	2,000000000000000E+000
1,8687944E-001	1,081167349591856E+000	2,000000000000000E+000
1,8586895E-001	1,071949220676391E+000	2,000000000000000E+000
1,8491261E-001	1,062880605769656E+000	2,000000000000000E+000
1,8390104E-001	1,053731409004989E+000	2,000000000000000E+000
1,8284556E-001	1,042341879775957E+000	2,000000000000000E+000
1,8190108E-001	1,035203830132058E+000	2,000000000000000E+000
1,8089166E-001	1,026170305183367E+000	2,000000000000000E+000
1,7993617E-001	1,016256235125995E+000	2,000000000000000E+000
1,7889835E-001	1,001100913724970E+000	2,000000000000000E+000
1,7790185E-001	9,939321663437628E-001	2,000000000000000E+000
1,7691854E-001	9,842037733437294E-001	2,000000000000000E+000
1,7592207E-001	9,719093550617508E-001	2,000000000000000E+000
1,7485532E-001	9,597517752812976E-001	2,000000000000000E+000
1,7391002E-001	9,454768751230525E-001	2,000000000000000E+000
1,7284073E-001	9,333224731187038E-001	2,000000000000000E+000
1,7189774E-001	9,204901889897883E-001	2,000000000000000E+000
1,7090508E-001	9,066523182619788E-001	2,000000000000000E+000
1,6991220E-001	8,911055839724025E-001	2,000000000000000E+000
1,6887732E-001	8,762578690010656E-001	2,000000000000000E+000
1,6792755E-001	8,590689668845837E-001	2,000000000000000E+000
1,6683896E-001	8,350158090082314E-001	2,000000000000000E+000
1,6584951E-001	8,186246734629907E-001	2,000000000000000E+000
1,6491310E-001	7,965254348495812E-001	2,000000000000000E+000
1,6388819E-001	7,769073857408462E-001	2,000000000000000E+000
1,6291760E-001	7,597111284525830E-001	2,000000000000000E+000
1,6190733E-001	7,436551612594897E-001	2,000000000000000E+000
1,6093357E-001	7,317998619853654E-001	2,000000000000000E+000
1,5990610E-001	7,222655861017611E-001	2,000000000000000E+000
1,5894042E-001	7,153429241540543E-001	2,000000000000000E+000
1,5791889E-001	7,111995427662308E-001	2,000000000000000E+000
1,5689737E-001	7,083428711113022E-001	2,000000000000000E+000
1,5583698E-001	7,046556103871122E-001	2,000000000000000E+000
1,5491398E-001	7,023738410530829E-001	2,000000000000000E+000
1,5391305E-001	6,999648372746190E-001	2,000000000000000E+000
1,5289788E-001	6,978464510498785E-001	2,000000000000000E+000
1,5187742E-001	6,941475401529020E-001	2,000000000000000E+000
1,5085973E-001	6,914934562519210E-001	2,000000000000000E+000
1,4990103E-001	6,883609440798590E-001	2,000000000000000E+000
1,4889227E-001	6,860601658311989E-001	2,000000000000000E+000
1,4793210E-001	6,837646411731861E-001	2,000000000000000E+000
1,4687066E-001	6,820005109119784E-001	2,000000000000000E+000
1,4597905E-001	6,771888618564423E-001	2,000000000000000E+000
1,4490849E-001	6,745421869887250E-001	2,000000000000000E+000
1,4390840E-001	6,710586029932770E-001	2,000000000000000E+000
1,4287731E-001	6,664855316177842E-001	2,000000000000000E+000
1,4193794E-001	6,619677314948706E-001	2,000000000000000E+000
1,4091155E-001	6,568781152471087E-001	2,000000000000000E+000
1,3991144E-001	6,511934012588512E-001	2,000000000000000E+000
1,3892815E-001	6,458152482906989E-001	2,000000000000000E+000
1,3797073E-001	6,404551332299109E-001	2,000000000000000E+000
1,3689145E-001	6,357484104422255E-001	2,000000000000000E+000
1,3595167E-001	6,307945844406907E-001	2,000000000000000E+000
1,3493396E-001	6,253644660011766E-001	2,000000000000000E+000
1,3386807E-001	6,208285575008246E-001	2,000000000000000E+000
1,3292532E-001	6,156286433235643E-001	2,000000000000000E+000
1,3192692E-001	6,091334480895778E-001	2,000000000000000E+000
1,3087760E-001	6,031124737734617E-001	2,000000000000000E+000
1,2991996E-001	5,977386138401934E-001	2,000000000000000E+000
1,2892582E-001	5,919011187118817E-001	2,000000000000000E+000
1,2791809E-001	5,858790760135504E-001	2,000000000000000E+000
1,2686940E-001	5,802516725121283E-001	2,000000000000000E+000
1,2587376E-001	5,745754126045455E-001	2,000000000000000E+000
1,2491870E-001	5,673833373520125E-001	2,000000000000000E+000
1,2391818E-001	5,610684963046673E-001	2,000000000000000E+000
1,2283700E-001	5,545871689812198E-001	2,000000000000000E+000
1,2193777E-001	5,482214141326658E-001	2,000000000000000E+000
1,2087952E-001	5,409179682222511E-001	2,000000000000000E+000
1,1999406E-001	5,337460004828074E-001	2,000000000000000E+000
1,1893637E-001	5,180666493251938E-001	2,000000000000000E+000
1,1787546E-001	5,153733234749094E-001	2,000000000000000E+000
1,1687603E-001	5,074217545075594E-001	2,000000000000000E+000
1,1591861E-001	4,977219894838836E-001	2,000000000000000E+000
1,1495121E-001	4,898266203753240E-001	2,000000000000000E+000
1,1391336E-001	4,803984405265913E-001	2,000000000000000E+000
1,1295827E-001	4,703051092672279E-001	2,000000000000000E+000
1,1189938E-001	4,603560654860415E-001	2,000000000000000E+000
1,1090165E-001	4,492539543813709E-001	2,000000000000000E+000
1,0985124E-001	4,374474793569076E-001	2,000000000000000E+000
1,0889022E-001	4,247754207139650E-001	2,000000000000000E+000
1,0787484E-001	4,113671730738142E-001	2,000000000000000E+000
1,0691360E-001	4,007625466264386E-001	2,000000000000000E+000
1,0590461E-001	3,900179241318269E-001	2,000000000000000E+000
1,0344085E-001	3,341165572189979E-001	2,000000000000000E+000
1,0098869E-001	3,689935083629292E-001	2,000000000000000E+000
9,9823847E-002	3,447811684002078E-001	2,000000000000000E+000
9,8961964E-002	3,439970837595565E-001	2,000000000000000E+000
9,7914748E-002	3,407831401305490E-001	2,000000000000000E+000
9,6917003E-002	3,357963616856279E-001	2,000000000000000E+000
9,5907576E-002	3,312760960931587E-001	2,000000000000000E+000
9,4717704E-002	3,285244694238330E-001	2,000000000000000E+000
9,3798719E-002	3,228325658581337E-001	2,000000000000000E+000
9,2896707E-002	3,196249377603344E-001	2,000000000000000E+000
9,2001066E-002	3,141884875949486E-001	2,000000000000000E+000
9,0929866E-002	3,103165351785731E-001	2,000000000000000E+000
8,9836590E-002	3,049041223970974E-001	2,000000000000000E+000
8,8902108E-002	3,010288991758401E-001	2,000000000000000E+000
8,7907963E-002	2,956423767738876E-001	2,000000000000000E+000
8,6732320E-002	2,915555947563728E-001	2,000000000000000E+000
8,5797839E-002	2,861895479986245E-001	2,000000000000000E+000
8,4955692E-002	2,804671814147799E-001	2,000000000000000E+000
8,3830141E-002	2,765224889800380E-001	2,000000000000000E+000
8,2875490E-002	2,699507699192818E-001	2,000000000000000E+000
8,1855036E-002	2,640971435337436E-001	2,000000000000000E+000
8,0944739E-002	2,600714200848926E-001	2,000000000000000E+000
7,9855710E-002	2,532916488125929E-001	2,000000000000000E+000
7,9002738E-002	2,476821335601733E-001	2,000000000000000E+000
7,7861696E-002	2,428446956134103E-001	2,000000000000000E+000
7,6758981E-002	2,354430922100104E-001	2,000000000000000E+000
7,5871117E-002	2,249321815712992E-001	2,000000000000000E+000
7,4715421E-002	2,260717003761490E-001	2,000000000000000E+000
7,3803440E-002	2,190273459483345E-001	2,000000000000000E+000
7,2907582E-002	2,124898703122102E-001	2,000000000000000E+000
7,1773984E-002	2,080335310375738E-001	2,000000000000000E+000
7,0774741E-002	2,019743931014095E-001	2,000000000000000E+000
6,9845565E-002	1,949288796555875E-001	2,000000000000000E+000
6,8775631E-002	1,909409270026821E-001	2,000000000000000E+000
6,7843691E-002	1,832514272795788E-001	2,000000000000000E+000
6,6859104E-002	1,791543508621148E-001	2,000000000000000E+000
6,6030748E-002	1,712191724994530E-001	2,000000000000000E+000
6,4802900E-002	1,655104949346020E-001	2,000000000000000E+000
6,3920207E-002	1,592571980371660E-001	2,000000000000000E+000
6,2943250E-002	1,516313201411528E-001	2,000000000000000E+000
6,1930850E-002	1,455226797972706E-001	2,000000000000000E+000
6,0764350E-002	1,382567041113765E-001	2,000000000000000E+000
5,9851937E-002	1,314618590468966E-001	2,000000000000000E+000
5,8856949E-002	1,241617446196166E-001	2,000000000000000E+000
5,7825018E-002	1,164459499220055E-001	2,000000000000000E+000
5,6935318E-002	1,101030571929482E-001	2,000000000000000E+000
5,6014843E-002	1,023339232197031E-001	2,000000000000000E+000
5,4952133E-002	9,305551849279792E-002	2,000000000000000E+000
5,3810459E-002	8,562295801109737E-002	2,000000000000000E+000
5,2909277E-002	7,439234627074454E-002	2,000000000000000E+000
5,1901821E-002	6,453252743489857E-002	2,000000000000000E+000
5,0959904E-002	5,896765455448388E-002	2,000000000000000E+000
5,0001632E-002	5,192531654675919E-002	2,000000000000000E+000
4,8833214E-002	4,334402165194590E-002	2,000000000000000E+000
4,7892146E-002	3,678098542150121E-002	2,000000000000000E+000
4,6885055E-002	3,043141206661761E-002	2,000000000000000E+000
4,5875203E-002	2,390665791366103E-002	2,000000000000000E+000
4,4900596E-002	1,773544078201267E-002	2,000000000000000E+000
4,3914944E-002	1,279100390254626E-002	2,000000000000000E+000
4,2955406E-002	6,743218018123623E-003	2,000000000000000E+000
4,1932821E-002	1,025217653692484E-003	2,000000000000000E+000
4,0764827E-002	-3,848810246684778E-003	2,000000000000000E+000
3,9805286E-002	-9,733718718861258E-003	2,000000000000000E+000
3,9010264E-002	-1,462640963695266E-002	2,000000000000000E+000
3,7835680E-002	-2,013583058497809E-002	2,000000000000000E+000
3,6849394E-002	-2,539679756187566E-002	2,000000000000000E+000
3,5954602E-002	-3,155391305820862E-002	2,000000000000000E+000
3,5006735E-002	-3,674160972392798E-002	2,000000000000000E+000
3,3883747E-002	-4,308566755046012E-002	2,000000000000000E+000
3,2894492E-002	-4,751856767042117E-002	2,000000000000000E+000
3,2021139E-002	-5,411744560761794E-002	2,000000000000000E+000
3,0790517E-002	-5,898203570783767E-002	2,000000000000000E+000
3,0012265E-002	-6,541136222141275E-002	2,000000000000000E+000
2,8851487E-002	-7,106488421818025E-002	2,000000000000000E+000
2,7849704E-002	-7,757468606319440E-002	2,000000000000000E+000
2,6834799E-002	-8,176761905067675E-002	2,000000000000000E+000
2,5936816E-002	-9,849194315029264E-002	2,000000000000000E+000
2,4968788E-002	-9,421450082057448E-002	2,000000000000000E+000
2,3990994E-002	-1,022187249941956E-001	2,000000000000000E+000
2,2867784E-002	-1,082641780764479E-001	2,000000000000000E+000
2,1921622E-002	-1,125968737372505E-001	2,000000000000000E+000
2,0979278E-002	-1,193746420968735E-001	2,000000000000000E+000
1,9998299E-002	-1,257691812546298E-001	2,000000000000000E+000
1,8808223E-002	-1,307585932598965E-001	2,000000000000000E+000
1,7929351E-002	-1,371617031982163E-001	2,000000000000000E+000
1,6908037E-002	-1,437400157252946E-001	2,000000000000000E+000
1,5811153E-002	-1,486889112275089E-001	2,000000000000000E+000
1,4901713E-002	-1,560006943893515E-001	2,000000000000000E+000
1,3932621E-002	-1,611238018118049E-001	2,000000000000000E+000
1,3036557E-002	-1,677995622546094E-001	2,000000000000000E+000
1,1903159E-002	-1,731791766489748E-001	2,000000000000000E+000
1,0825168E-002	-1,789508338163914E-001	2,000000000000000E+000
1,0003826E-002	-1,857683671017482E-001	2,000000000000000E+000
8,9409063E-003	-1,916328069184799E-001	2,000000000000000E+000
7,9319049E-003	-1,976903536253499E-001	2,000000000000000E+000
7,0583411E-003	-2,046352436041654E-001	2,000000000000000E+000
5,9438376E-003	-2,099537833645528E-001	2,000000000000000E+000
4,7934577E-003	-2,162220293733594E-001	2,000000000000000E+000
3,8863530E-003	-2,229447533868036E-001	2,000000000000000E+000
2,9038889E-003	-2,288924511780754E-001	2,000000000000000E+000
1,9035923E-003	-2,352361888624723E-001	2,000000000000000E+000
9,3237811E-004	-2,420388726621037E-001	2,000000000000000E+000
-9,7603472E-005	-2,571761120731635E-001	2,000000000000000E+000
-9,6204010E-004	-2,536232452322196E-001	2,000000000000000E+000
-2,0464004E-003	-2,632497841130096E-001	2,000000000000000E+000
-3,0483953E-003	-2,674608288539773E-001	2,000000000000000E+000
-4,0881764E-003	-2,746994423214328E-001	2,000000000000000E+000
-5,0942046E-003	-2,810190296731874E-001	2,000000000000000E+000
-6,1250692E-003	-2,857381228823206E-001	2,000000000000000E+000
-7,0686871E-003	-2,938708735940350E-001	2,000000000000000E+000
-8,1662098E-003	-2,984363219131616E-001	2,000000000000000E+000
-9,1490997E-003	-3,058499114380938E-001	2,000000000000000E+000
-1,0034976E-002	-3,115823326839338E-001	2,000000000000000E+000
-1,1136742E-002	-3,172114718860604E-001	2,000000000000000E+000
-1,2060193E-002	-3,242611281522021E-001	2,000000000000000E+000
-1,2949254E-002	-3,301878042467350E-001	2,000000000000000E+000
-1,4097299E-002	-3,367285655500987E-001	2,000000000000000E+000
-1,5079128E-002	-3,418419417511247E-001	2,000000000000000E+000
-1,5932739E-002	-3,486593599017294E-001	2,000000000000000E+000
-1,6978038E-002	-3,539365530014025E-001	2,000000000000000E+000
-1,7969845E-002	-3,616096040285699E-001	2,000000000000000E+000
-1,9162891E-002	-3,653216538950792E-001	2,000000000000000E+000
-2,0015866E-002	-3,735994722228488E-001	2,000000000000000E+000
-2,1141196E-002	-3,776398035438926E-001	2,000000000000000E+000
-2,2034291E-002	-3,859467820212642E-001	2,000000000000000E+000
-2,2995314E-002	-3,905160235137579E-001	2,000000000000000E+000
-2,4028301E-002	-3,962972454674948E-001	2,000000000000000E+000
-2,5047667E-002	-4,046398387031820E-001	2,000000000000000E+000
-2,5975790E-002	-4,171312412298795E-001	2,000000000000000E+000
-2,6947852E-002	-4,145846021516855E-001	2,000000000000000E+000
-2,8057899E-002	-4,231224141290610E-001	2,000000000000000E+000
-2,9089827E-002	-4,281646223324858E-001	2,000000000000000E+000
-3,0013703E-002	-4,342215457775946E-001	2,000000000000000E+000
-3,1068981E-002	-4,402406740054090E-001	2,000000000000000E+000
-3,2066524E-002	-4,459491203694288E-001	2,000000000000000E+000
-3,3135384E-002	-4,523362453457778E-001	2,000000000000000E+000
-3,4088131E-002	-4,585069363108936E-001	2,000000000000000E+000
-3,5075054E-002	-4,637867931742212E-001	2,000000000000000E+000
-3,6055181E-002	-4,697544994091380E-001	2,000000000000000E+000
-3,7059516E-002	-4,758873226690206E-001	2,000000000000000E+000
-3,8117550E-002	-4,821085108237106E-001	2,000000000000000E+000
-3,9228231E-002	-4,882192732248853E-001	2,000000000000000E+000
-3,9992470E-002	-4,934925566323924E-001	2,000000000000000E+000
-4,0985767E-002	-4,995336726100899E-001	2,000000000000000E+000
-4,2149935E-002	-5,055790399201188E-001	2,000000000000000E+000
-4,3078274E-002	-5,115280119805683E-001	2,000000000000000E+000
-4,3939099E-002	-5,172778435775776E-001	2,000000000000000E+000
-4,4976335E-002	-5,238968135478577E-001	2,000000000000000E+000
-4,6151765E-002	-5,285462834872279E-001	2,000000000000000E+000
-4,7058024E-002	-5,341159073739399E-001	2,000000000000000E+000
-4,7970641E-002	-5,403663567267341E-001	2,000000000000000E+000
-4,9100637E-002	-5,459551587183427E-001	2,000000000000000E+000
-5,0024942E-002	-5,511717314624951E-001	2,000000000000000E+000
-5,0953485E-002	-5,557782988891820E-001	2,000000000000000E+000
-5,2024692E-002	-5,621474017906483E-001	2,000000000000000E+000
-5,3095900E-002	-5,743499770243119E-001	2,000000000000000E+000
-5,4051571E-002	-5,706927342754256E-001	2,000000000000000E+000
-5,5061843E-002	-5,799117540009284E-001	2,000000000000000E+000
-5,5930529E-002	-5,827753929317794E-001	2,000000000000000E+000
-5,7195116E-002	-5,872768181790049E-001	2,000000000000000E+000
-5,7987373E-002	-5,926002151229284E-001	2,000000000000000E+000
-5,9023123E-002	-5,956917871824556E-001	2,000000000000000E+000
-5,9869304E-002	-5,984816019837229E-001	2,000000000000000E+000
-6,1101414E-002	-6,026066607899119E-001	2,000000000000000E+000
-6,2059887E-002	-6,059178195169386E-001	2,000000000000000E+000
-6,2862977E-002	-6,108189694997330E-001	2,000000000000000E+000
-6,4058363E-002	-6,139214988797885E-001	2,000000000000000E+000
-6,5203860E-002	-6,200262100642746E-001	2,000000000000000E+000
-6,5920763E-002	-6,248681915716965E-001	2,000000000000000E+000
-6,6970095E-002	-6,310892638025991E-001	2,000000000000000E+000
-6,7961678E-002	-6,365303543085838E-001	2,000000000000000E+000
-6,9023967E-002	-6,446326810142207E-001	2,000000000000000E+000
-7,0075862E-002	-6,499155923827633E-001	2,000000000000000E+000
-7,1115628E-002	-6,563150322892570E-001	2,000000000000000E+000
-7,2026983E-002	-6,623343101495660E-001	2,000000000000000E+000
-7,2947890E-002	-6,693478146981837E-001	2,000000000000000E+000
-7,4039884E-002	-6,750072403293519E-001	2,000000000000000E+000
-7,5085185E-002	-6,826626193295740E-001	2,000000000000000E+000
-7,6112650E-002	-6,889041115840242E-001	2,000000000000000E+000
-7,7075809E-002	-6,948940112876345E-001	2,000000000000000E+000
-7,8111760E-002	-7,012360693576416E-001	2,000000000000000E+000
-7,8958146E-002	-7,081679138872350E-001	2,000000000000000E+000
-8,0035932E-002	-7,139371266174628E-001	2,000000000000000E+000
-8,1155747E-002	-7,205393943521687E-001	2,000000000000000E+000
-8,1890233E-002	-7,271907329559326E-001	2,000000000000000E+000
-8,3143145E-002	-7,410236198144666E-001	2,000000000000000E+000
-8,4117755E-002	-7,372358461014075E-001	2,000000000000000E+000
-8,4955446E-002	-7,467377866204394E-001	2,000000000000000E+000
-8,6082675E-002	-7,510807306712639E-001	2,000000000000000E+000
-8,7079376E-002	-7,579194939591818E-001	2,000000000000000E+000
-8,7962702E-002	-7,631094905858209E-001	2,000000000000000E+000
-8,9078054E-002	-7,695381045341492E-001	2,000000000000000E+000
-8,9981765E-002	-7,755868567360773E-001	2,000000000000000E+000
-9,0910517E-002	-7,809570192669799E-001	2,000000000000000E+000
-9,2003793E-002	-7,884074917787460E-001	2,000000000000000E+000
-9,2995599E-002	-7,927501799228271E-001	2,000000000000000E+000
-9,4065100E-002	-7,988626233095069E-001	2,000000000000000E+000
-9,4967537E-002	-8,057282183112378E-001	2,000000000000000E+000
-9,5946826E-002	-8,103129496383961E-001	2,000000000000000E+000
-9,7077668E-002	-8,163844913037257E-001	2,000000000000000E+000
-9,8003671E-002	-8,230064898315383E-001	2,000000000000000E+000
-9,8992921E-002	-8,282605475849576E-001	2,000000000000000E+000
-1,0004374E-001	-8,343193355119869E-001	2,000000000000000E+000
-1,0099437E-001	-8,409246093490061E-001	2,000000000000000E+000
-1,0198447E-001	-8,447626300880460E-001	2,000000000000000E+000
-1,0304527E-001	-8,508223682228042E-001	2,000000000000000E+000
-1,0390142E-001	-8,556068526166997E-001	2,000000000000000E+000
-1,0494057E-001	-8,611267179043736E-001	2,000000000000000E+000
-1,0599606E-001	-8,652318317132650E-001	2,000000000000000E+000
-1,0707810E-001	-8,690902417422137E-001	2,000000000000000E+000
-1,0805567E-001	-8,743320172135198E-001	2,000000000000000E+000
-1,0903221E-001	-8,770431655252100E-001	2,000000000000000E+000
-1,0997730E-001	-8,802153098189969E-001	2,000000000000000E+000
-1,1104912E-001	-8,845457887897830E-001	2,000000000000000E+000
-1,1197927E-001	-8,886401057243324E-001	2,000000000000000E+000
-1,1300788E-001	-8,952204555066066E-001	2,000000000000000E+000
-1,1395663E-001	-8,903264296882218E-001	2,000000000000000E+000
-1,1498346E-001	-8,920632744104466E-001	2,000000000000000E+000
-1,1599586E-001	-8,917080469739904E-001	2,000000000000000E+000
-1,1692441E-001	-8,894324576896047E-001	2,000000000000000E+000
-1,1800708E-001	-8,896361255190453E-001	2,000000000000000E+000
-1,1900780E-001	-8,898965799146215E-001	2,000000000000000E+000
-1,1997349E-001	-8,922110216485117E-001	2,000000000000000E+000
-1,2101857E-001	-8,952615744330794E-001	2,000000000000000E+000
-1,2199509E-001	-8,989250340705972E-001	2,000000000000000E+000
-1,2301216E-001	-9,047608473855568E-001	2,000000000000000E+000
-1,2409185E-001	-9,112206905459352E-001	2,000000000000000E+000
-1,2496860E-001	-9,191139504416945E-001	2,000000000000000E+000
-1,2601602E-001	-9,256972509643280E-001	2,000000000000000E+000
-1,2693863E-001	-9,353845249344062E-001	2,000000000000000E+000
-1,2790667E-001	-9,413468083366752E-001	2,000000000000000E+000
-1,2896045E-001	-9,499363498762268E-001	2,000000000000000E+000
-1,3003697E-001	-9,575533433299910E-001	2,000000000000000E+000
-1,3088377E-001	-9,660994269264211E-001	2,000000000000000E+000
-1,3195030E-001	-9,729989530622127E-001	2,000000000000000E+000
-1,3295612E-001	-9,820431183195737E-001	2,000000000000000E+000
-1,3410796E-001	-9,892179128817418E-001	2,000000000000000E+000
-1,3500638E-001	-9,972042107126757E-001	2,000000000000000E+000
-1,3596763E-001	-1,005132334099873E+000	2,000000000000000E+000
-1,3705602E-001	-1,012264596712254E+000	2,000000000000000E+000
-1,3791792E-001	-1,028129217007917E+000	2,000000000000000E+000
-1,3910307E-001	-1,027469390278887E+000	2,000000000000000E+000
-1,4007322E-001	-1,038129662060074E+000	2,000000000000000E+000
-1,4109199E-001	-1,042809319061533E+000	2,000000000000000E+000
-1,4197212E-001	-1,050986902891760E+000	2,000000000000000E+000
-1,4295268E-001	-1,056396755907265E+000	2,000000000000000E+000
-1,4400457E-001	-1,064462400765878E+000	2,000000000000000E+000
-1,4508426E-001	-1,069553298151327E+000	2,000000000000000E+000
-1,4598244E-001	-1,078087181473768E+000	2,000000000000000E+000
-1,4700058E-001	-1,084556747848783E+000	2,000000000000000E+000
-1,4802805E-001	-1,091040015531076E+000	2,000000000000000E+000
-1,5060294E-001	-1,109646543979836E+000	2,000000000000000E+000
-1,5309447E-001	-1,125768732900418E+000	2,000000000000000E+000
-1,5420772E-001	-1,130815841361049E+000	2,000000000000000E+000
-1,5513074E-001	-1,138919199092516E+000	2,000000000000000E+000
-1,5613507E-001	-1,145273218552267E+000	2,000000000000000E+000
-1,5715361E-001	-1,151846863432882E+000	2,000000000000000E+000
-1,5814500E-001	-1,158318673984869E+000	2,000000000000000E+000
-1,5915528E-001	-1,163229001892934E+000	2,000000000000000E+000
-1,6015430E-001	-1,169298839134470E+000	2,000000000000000E+000
-1,6118091E-001	-1,172921406829521E+000	2,000000000000000E+000
-1,6213788E-001	-1,182952082508969E+000	2,000000000000000E+000
-1,6312969E-001	-1,182388808992174E+000	2,000000000000000E+000
-1,6413763E-001	-1,184727885242959E+000	2,000000000000000E+000
-1,6514704E-001	-1,186598011085557E+000	2,000000000000000E+000
-1,6613311E-001	-1,189294541461596E+000	2,000000000000000E+000
-1,6718392E-001	-1,189715630167882E+000	2,000000000000000E+000
-1,6811544E-001	-1,190291665701400E+000	2,000000000000000E+000
-1,6912445E-001	-1,190931300943092E+000	2,000000000000000E+000
-1,7012900E-001	-1,187046695811052E+000	2,000000000000000E+000
-1,7116582E-001	-1,182630707199369E+000	2,000000000000000E+000
-1,7211157E-001	-1,174910696560815E+000	2,000000000000000E+000
-1,7314754E-001	-1,166182295833194E+000	2,000000000000000E+000
-1,7414252E-001	-1,159670130763619E+000	2,000000000000000E+000
-1,7516448E-001	-1,153929217925498E+000	2,000000000000000E+000
-1,7609920E-001	-1,151047037396996E+000	2,000000000000000E+000
-1,7716700E-001	-1,152986217911042E+000	2,000000000000000E+000
-1,7816834E-001	-1,157269584428922E+000	2,000000000000000E+000
-1,7922533E-001	-1,161560442712569E+000	2,000000000000000E+000
-1,8018954E-001	-1,169677512513264E+000	2,000000000000000E+000
-1,8115182E-001	-1,179481339020029E+000	2,000000000000000E+000
-1,8220605E-001	-1,190731837931601E+000	2,000000000000000E+000
-1,8313885E-001	-1,200644880533210E+000	2,000000000000000E+000
-1,8413404E-001	-1,212714401487670E+000	2,000000000000000E+000
-1,8517318E-001	-1,224815800682528E+000	2,000000000000000E+000
-1,8617052E-001	-1,237579082035349E+000	2,000000000000000E+000
-1,8713471E-001	-1,248641890680624E+000	2,000000000000000E+000
-1,8814309E-001	-1,260928895738383E+000	2,000000000000000E+000
-1,8916547E-001	-1,272099959457083E+000	2,000000000000000E+000
-1,9016491E-001	-1,283520373412301E+000	2,000000000000000E+000
-1,9114651E-001	-1,296304912616804E+000	2,000000000000000E+000
-1,9213112E-001	-1,313130923339887E+000	2,000000000000000E+000
-1,9314793E-001	-1,320590328735605E+000	2,000000000000000E+000
-1,9411743E-001	-1,331637266919842E+000	2,000000000000000E+000
-1,9518821E-001	-1,342305576842691E+000	2,000000000000000E+000
-1,9614840E-001	-1,351851498811605E+000	2,000000000000000E+000
-1,9715825E-001	-1,361932052816773E+000	2,000000000000000E+000
-1,9813903E-001	-1,371241444307893E+000	2,000000000000000E+000
-1,9908816E-001	-1,378567896916394E+000	2,000000000000000E+000
-1,9938989E-001	-1,380488216876984E+000	2,000000000000000E+000
-1,9941233E-001	-1,384039700031281E+000	2,000000000000000E+000
-1,9890745E-001	-1,268145442319406E+000	2,000000000000000E+000
-1,9787580E-001	-1,247657489341986E+000	2,000000000000000E+000
-1,9688652E-001	-1,229264640145828E+000	2,000000000000000E+000
-1,9591446E-001	-1,214006440507037E+000	2,000000000000000E+000
-1,9488761E-001	-1,200815659016362E+000	2,000000000000000E+000
-1,9386122E-001	-1,188424661962518E+000	2,000000000000000E+000
-1,9288617E-001	-1,176868568174539E+000	2,000000000000000E+000
-1,9188249E-001	-1,164576295659769E+000	2,000000000000000E+000
-1,9093823E-001	-1,146045423837169E+000	2,000000000000000E+000
-1,8984926E-001	-1,139451713611670E+000	2,000000000000000E+000
-1,8888526E-001	-1,128613684843810E+000	2,000000000000000E+000
-1,8796054E-001	-1,118314537116220E+000	2,000000000000000E+000
-1,8688507E-001	-1,107103203319832E+000	2,000000000000000E+000
-1,8585293E-001	-1,098551222537122E+000	2,000000000000000E+000
-1,8488213E-001	-1,087874535367719E+000	2,000000000000000E+000
-1,8389481E-001	-1,076471161407724E+000	2,000000000000000E+000
-1,8286945E-001	-1,066038361440097E+000	2,000000000000000E+000
-1,8188423E-001	-1,053258077965840E+000	2,000000000000000E+000
-1,8094422E-001	-1,039841317157775E+000	2,000000000000000E+000
-1,7983270E-001	-1,027149084851970E+000	2,000000000000000E+000
-1,7892791E-001	-1,013144715585637E+000	2,000000000000000E+000
-1,7782615E-001	-9,913403715731359E-001	2,000000000000000E+000
-1,7690273E-001	-9,825178291648582E-001	2,000000000000000E+000
-1,7589332E-001	-9,680891151332993E-001	2,000000000000000E+000
-1,7488474E-001	-9,523874684236944E-001	2,000000000000000E+000
-1,7386067E-001	-9,367430712510334E-001	2,000000000000000E+000
-1,7286228E-001	-9,199658198696046E-001	2,000000000000000E+000
-1,7185053E-001	-8,986218267430832E-001	2,000000000000000E+000
-1,7087930E-001	-8,779313695203088E-001	2,000000000000000E+000
-1,6986765E-001	-8,496891633710888E-001	2,000000000000000E+000
-1,6888002E-001	-8,318118825037395E-001	2,000000000000000E+000
-1,6789500E-001	-8,116910202014722E-001	2,000000000000000E+000
-1,6687877E-001	-7,965197694073938E-001	2,000000000000000E+000
-1,6594218E-001	-7,845658598364187E-001	2,000000000000000E+000
-1,6493168E-001	-7,724761351839498E-001	2,000000000000000E+000
-1,6383354E-001	-7,652777001365170E-001	2,000000000000000E+000
-1,6290478E-001	-7,586924081357811E-001	2,000000000000000E+000
-1,6192104E-001	-7,532792478385861E-001	2,000000000000000E+000
-1,6091204E-001	-7,506411204942349E-001	2,000000000000000E+000
-1,5984870E-001	-7,478087949566508E-001	2,000000000000000E+000
-1,5889084E-001	-7,457668249909237E-001	2,000000000000000E+000
-1,5789586E-001	-7,438011591115696E-001	2,000000000000000E+000
-1,5687560E-001	-7,416021681080220E-001	2,000000000000000E+000
-1,5583265E-001	-7,394424547544753E-001	2,000000000000000E+000
-1,5489711E-001	-7,365433430919968E-001	2,000000000000000E+000
-1,5390953E-001	-7,344281595303759E-001	2,000000000000000E+000
-1,5291137E-001	-7,316732891421323E-001	2,000000000000000E+000
-1,5196200E-001	-7,267300698699231E-001	2,000000000000000E+000
-1,5086173E-001	-7,238193107768884E-001	2,000000000000000E+000
-1,4987905E-001	-7,205552460315308E-001	2,000000000000000E+000
-1,4890954E-001	-7,164489825566616E-001	2,000000000000000E+000
-1,4790902E-001	-7,131351169405660E-001	2,000000000000000E+000
-1,4694375E-001	-7,077877106041512E-001	2,000000000000000E+000
-1,4590397E-001	-7,038289082960922E-001	2,000000000000000E+000
-1,4491387E-001	-6,983595475450979E-001	2,000000000000000E+000
-1,4392398E-001	-6,935340054850565E-001	2,000000000000000E+000
-1,4288601E-001	-6,808842599598890E-001	2,000000000000000E+000
-1,4188309E-001	-6,806073786380371E-001	2,000000000000000E+000
-1,4093608E-001	-6,756864190101608E-001	2,000000000000000E+000
-1,3993366E-001	-6,696527391258176E-001	2,000000000000000E+000
-1,3889959E-001	-6,638905566910083E-001	2,000000000000000E+000
-1,3785133E-001	-6,596962377532449E-001	2,000000000000000E+000
-1,3684106E-001	-6,547031387583239E-001	2,000000000000000E+000
-1,3592397E-001	-6,482154582627082E-001	2,000000000000000E+000
-1,3483368E-001	-6,432690363273803E-001	2,000000000000000E+000
-1,3387561E-001	-6,359061165195374E-001	2,000000000000000E+000
-1,3287830E-001	-6,306521361176327E-001	2,000000000000000E+000
-1,3184933E-001	-6,241792541307696E-001	2,000000000000000E+000
-1,3086645E-001	-6,181688743850398E-001	2,000000000000000E+000
-1,2988567E-001	-6,119983328713312E-001	2,000000000000000E+000
-1,2889875E-001	-6,052358650291954E-001	2,000000000000000E+000
-1,2785941E-001	-5,996370348665425E-001	2,000000000000000E+000
-1,2691261E-001	-5,908802976417871E-001	2,000000000000000E+000
-1,2593439E-001	-5,844000350787368E-001	2,000000000000000E+000
-1,2493598E-001	-5,777924239842420E-001	2,000000000000000E+000
-1,2393824E-001	-5,688171645419473E-001	2,000000000000000E+000
-1,2289146E-001	-5,598323941230747E-001	2,000000000000000E+000
-1,2186272E-001	-5,517598456806589E-001	2,000000000000000E+000
-1,2090594E-001	-5,427283516878054E-001	2,000000000000000E+000
-1,1985257E-001	-5,332980609188454E-001	2,000000000000000E+000
-1,1890398E-001	-5,194792878400110E-001	2,000000000000000E+000
-1,1791230E-001	-5,114672411129693E-001	2,000000000000000E+000
-1,1688059E-001	-5,029215789400032E-001	2,000000000000000E+000
-1,1591277E-001	-4,919859776014661E-001	2,000000000000000E+000
-1,1487086E-001	-4,792767610504391E-001	2,000000000000000E+000
-1,1387312E-001	-4,656935019625555E-001	2,000000000000000E+000
-1,1291039E-001	-4,532738803730645E-001	2,000000000000000E+000
-1,1190246E-001	-4,407927506189377E-001	2,000000000000000E+000
-1,1088517E-001	-4,294095402842175E-001	2,000000000000000E+000
-1,0991651E-001	-4,198922443514062E-001	2,000000000000000E+000
-1,0889328E-001	-4,100344061541046E-001	2,000000000000000E+000
-1,0790975E-001	-4,043199809061147E-001	2,000000000000000E+000
-1,0556828E-001	-3,492513919690952E-001	2,000000000000000E+000
-1,0266500E-001	-3,909452285776185E-001	2,000000000000000E+000
-1,0184471E-001	-3,583829040225166E-001	2,000000000000000E+000
-1,0087073E-001	-3,686634013946668E-001	2,000000000000000E+000
-9,9843889E-002	-3,591522292182254E-001	2,000000000000000E+000
-9,8869085E-002	-3,566893555948303E-001	2,000000000000000E+000
-9,7857520E-002	-3,520278239157051E-001	2,000000000000000E+000
-9,6761912E-002	-3,483927862511744E-001	2,000000000000000E+000
-9,5617697E-002	-3,440398299911362E-001	2,000000000000000E+000
-9,4870865E-002	-3,388135304622759E-001	2,000000000000000E+000
-9,3867384E-002	-3,358084664731802E-001	2,000000000000000E+000
-9,2747986E-002	-3,301149405694250E-001	2,000000000000000E+000
-9,1813922E-002	-3,259537326068509E-001	2,000000000000000E+000
-9,0761192E-002	-3,198507895641436E-001	2,000000000000000E+000
-8,9775547E-002	-3,157700526062395E-001	2,000000000000000E+000
-8,8803060E-002	-3,101725240444964E-001	2,000000000000000E+000
-8,7913148E-002	-3,043411850618805E-001	2,000000000000000E+000
-8,6872317E-002	-2,990938780260159E-001	2,000000000000000E+000
-8,5898116E-002	-2,931670725035156E-001	2,000000000000000E+000
-8,4901229E-002	-2,882306165734505E-001	2,000000000000000E+000
-8,3748937E-002	-2,838108450846937E-001	2,000000000000000E+000
-8,2830355E-002	-2,773959734477103E-001	2,000000000000000E+000
-8,1858292E-002	-2,711299377131373E-001	2,000000000000000E+000
-8,0745704E-002	-2,674054930814442E-001	2,000000000000000E+000
-7,9763666E-002	-2,599143894751439E-001	2,000000000000000E+000
-7,8935958E-002	-2,543734997614386E-001	2,000000000000000E+000
-7,7950940E-002	-2,493001963529321E-001	2,000000000000000E+000
-7,6827101E-002	-2,436077405905550E-001	2,000000000000000E+000
-7,5891174E-002	-2,325917659327379E-001	2,000000000000000E+000
-7,4770495E-002	-2,290583958383650E-001	2,000000000000000E+000
-7,3782943E-002	-2,239691120210212E-001	2,000000000000000E+000
-7,2737001E-002	-2,201398977906344E-001	2,000000000000000E+000
-7,1797207E-002	-2,110007152013060E-001	2,000000000000000E+000
-7,0874393E-002	-2,070427710035192E-001	2,000000000000000E+000
-6,9862843E-002	-2,007286130554142E-001	2,000000000000000E+000
-6,8828791E-002	-1,933072955192367E-001	2,000000000000000E+000
-6,7797072E-002	-1,876225886581875E-001	2,000000000000000E+000
-6,6925004E-002	-1,805656230232364E-001	2,000000000000000E+000
-6,5863565E-002	-1,734959318354314E-001	2,000000000000000E+000
-6,5019079E-002	-1,662952694524487E-001	2,000000000000000E+000
-6,3852571E-002	-1,583646379359470E-001	2,000000000000000E+000
-6,2883899E-002	-1,513034282898940E-001	2,000000000000000E+000
-6,1939437E-002	-1,448390182081811E-001	2,000000000000000E+000
-6,0852531E-002	-1,350157756824046E-001	2,000000000000000E+000
-5,9846707E-002	-1,297804717776465E-001	2,000000000000000E+000
-5,8824550E-002	-1,198846899658546E-001	2,000000000000000E+000
-5,7891965E-002	-1,113144248116035E-001	2,000000000000000E+000
-5,6851335E-002	-1,024010093210054E-001	2,000000000000000E+000
-5,5895410E-002	-9,342450488798504E-002	2,000000000000000E+000
-5,4884497E-002	-8,478848944650941E-002	2,000000000000000E+000
-5,3999446E-002	-7,465338719258462E-002	2,000000000000000E+000
-5,2913021E-002	-6,470183956682563E-002	2,000000000000000E+000
-5,1865596E-002	-6,236927498119038E-002	2,000000000000000E+000
-5,0791848E-002	-5,604429987983556E-002	2,000000000000000E+000
-4,9696881E-002	-4,897418155451289E-002	2,000000000000000E+000
-4,9058739E-002	-4,343782861057344E-002	2,000000000000000E+000
-4,7864195E-002	-3,865340322954566E-002	2,000000000000000E+000
-4,6920579E-002	-3,219916712906612E-002	2,000000000000000E+000
-4,5779541E-002	-2,682971830169356E-002	2,000000000000000E+000
-4,4873495E-002	-2,246054760568450E-002	2,000000000000000E+000
-4,3997809E-002	-1,629749665799968E-002	2,000000000000000E+000
-4,2845096E-002	-1,156344096347715E-002	2,000000000000000E+000
-4,1866239E-002	-5,866117785545692E-003	2,000000000000000E+000
-4,0858939E-002	-1,151149591944678E-003	2,000000000000000E+000
-3,9775848E-002	5,943781814898505E-003	2,000000000000000E+000
-3,8851552E-002	9,888579685745469E-003	2,000000000000000E+000
-3,7856560E-002	1,591123284904625E-002	2,000000000000000E+000
-3,6906790E-002	2,150506219024684E-002	2,000000000000000E+000
-3,5934936E-002	2,674577550755612E-002	2,000000000000000E+000
-3,4875631E-002	3,221956506927703E-002	2,000000000000000E+000
-3,3944324E-002	3,882968202621384E-002	2,000000000000000E+000
-3,2784179E-002	4,441088960932893E-002	2,000000000000000E+000
-3,1913586E-002	4,955362607466285E-002	2,000000000000000E+000
-3,0916257E-002	5,633266239116583E-002	2,000000000000000E+000
-2,9667802E-002	6,064658427688618E-002	2,000000000000000E+000
-2,8871085E-002	6,857159289453829E-002	2,000000000000000E+000
-2,8045708E-002	7,270588883612739E-002	2,000000000000000E+000
-2,6876437E-002	7,975819100910408E-002	2,000000000000000E+000
-2,6097674E-002	9,062963742892168E-002	2,000000000000000E+000
-2,4900081E-002	9,281639713380083E-002	2,000000000000000E+000
-2,3946695E-002	9,916035083976288E-002	2,000000000000000E+000
-2,2927294E-002	1,040255771303136E-001	2,000000000000000E+000
-2,1886239E-002	1,097082686675195E-001	2,000000000000000E+000
-2,0991869E-002	1,163320672090369E-001	2,000000000000000E+000
-1,9849345E-002	1,223568396849769E-001	2,000000000000000E+000
-1,8754160E-002	1,275768698865754E-001	2,000000000000000E+000
-1,7801840E-002	1,342967437813064E-001	2,000000000000000E+000
-1,6935702E-002	1,401602302212268E-001	2,000000000000000E+000
-1,5721003E-002	1,450418833669071E-001	2,000000000000000E+000
-1,4932774E-002	1,532173695999925E-001	2,000000000000000E+000
-1,3837588E-002	1,572218669785390E-001	2,000000000000000E+000
-1,2920716E-002	1,644926115534169E-001	2,000000000000000E+000
-1,1950565E-002	1,706225823533409E-001	2,000000000000000E+000
-1,0981685E-002	1,763021953843749E-001	2,000000000000000E+000
-9,9136718E-003	1,830811290225633E-001	2,000000000000000E+000
-8,9002131E-003	1,894426929454014E-001	2,000000000000000E+000
-7,9708183E-003	1,959290515709052E-001	2,000000000000000E+000
-6,8380572E-003	2,016275504008973E-001	2,000000000000000E+000
-5,9126955E-003	2,080992729299602E-001	2,000000000000000E+000
-4,9011484E-003	2,142382521156443E-001	2,000000000000000E+000
-3,9033995E-003	2,211267263369843E-001	2,000000000000000E+000
-3,0383258E-003	2,264873771540192E-001	2,000000000000000E+000
-2,0019412E-003	2,343174746622241E-001	2,000000000000000E+000
-8,3903706E-004	2,410453038626459E-001	2,000000000000000E+000
8,3080289E-005	2,550379290348959E-001	2,000000000000000E+000
8,2131871E-004	2,570256739854813E-001	2,000000000000000E+000
8,3658454E-004	2,548516392707825E-001	3,000000000000000E+000
1,2207116E-003	2,549166042719868E-001	3,000000000000000E+000
2,2220695E-003	2,633681088013375E-001	3,000000000000000E+000
3,3369977E-003	2,688297250101144E-001	3,000000000000000E+000
4,2784922E-003	2,756493687629707E-001	3,000000000000000E+000
5,3274017E-003	2,813759348355234E-001	3,000000000000000E+000
6,3400101E-003	2,873596910180325E-001	3,000000000000000E+000
7,3277820E-003	2,945499346436318E-001	3,000000000000000E+000
8,3329603E-003	2,993935442840066E-001	3,000000000000000E+000
9,3035372E-003	3,060339896991451E-001	3,000000000000000E+000
1,0371128E-002	3,121361852778755E-001	3,000000000000000E+000
1,1427678E-002	3,178141993832677E-001	3,000000000000000E+000
1,2286806E-002	3,241883629105162E-001	3,000000000000000E+000
1,3254200E-002	3,296229451791284E-001	3,000000000000000E+000
1,4341318E-002	3,367593239527191E-001	3,000000000000000E+000
1,5376641E-002	3,413443009162132E-001	3,000000000000000E+000
1,6205199E-002	3,478682911178719E-001	3,000000000000000E+000
1,7247103E-002	3,544516850832030E-001	3,000000000000000E+000
1,8545868E-002	3,592247768667445E-001	3,000000000000000E+000
1,9066198E-002	3,663143982282948E-001	3,000000000000000E+000
2,0246932E-002	3,724577450969579E-001	3,000000000000000E+000
2,1252539E-002	3,780020385101031E-001	3,000000000000000E+000
2,2240097E-002	3,837759293771041E-001	3,000000000000000E+000
2,3280090E-002	3,903077751294610E-001	3,000000000000000E+000
2,4197383E-002	3,957497548932851E-001	3,000000000000000E+000
2,5287263E-002	4,011753996989400E-001	3,000000000000000E+000
2,6325773E-002	4,189766734165872E-001	3,000000000000000E+000
2,7272539E-002	4,116575894101215E-001	3,000000000000000E+000
2,8228255E-002	4,221522638625981E-001	3,000000000000000E+000
2,9331507E-002	4,270257627746710E-001	3,000000000000000E+000
3,0226301E-002	4,329770422644099E-001	3,000000000000000E+000
3,1264383E-002	4,396205808605180E-001	3,000000000000000E+000
3,2209061E-002	4,435979255164657E-001	3,000000000000000E+000
3,3269435E-002	4,518972456248260E-001	3,000000000000000E+000
3,4218568E-002	4,563262187875807E-001	3,000000000000000E+000
3,5265565E-002	4,618323823023172E-001	3,000000000000000E+000
3,6196448E-002	4,690673800651002E-001	3,000000000000000E+000
3,7310310E-002	4,736217975409502E-001	3,000000000000000E+000
3,8309760E-002	4,801627953485088E-001	3,000000000000000E+000
3,9250199E-002	4,853203521731007E-001	3,000000000000000E+000
4,0293373E-002	4,928805690465694E-001	3,000000000000000E+000
4,1436110E-002	4,974487728646238E-001	3,000000000000000E+000
4,2161502E-002	5,030889315530658E-001	3,000000000000000E+000
4,3281101E-002	5,091832813082475E-001	3,000000000000000E+000
4,4189692E-002	5,153355226438094E-001	3,000000000000000E+000
4,5266837E-002	5,195287333594463E-001	3,000000000000000E+000
4,6245478E-002	5,250976857625798E-001	3,000000000000000E+000
4,7282498E-002	5,315896463580430E-001	3,000000000000000E+000
4,8188329E-002	5,358608461295562E-001	3,000000000000000E+000
4,9311113E-002	5,412284909333618E-001	3,000000000000000E+000
5,0302066E-002	5,464118380203047E-001	3,000000000000000E+000
5,1218092E-002	5,508242907106089E-001	3,000000000000000E+000
5,2154705E-002	5,570208025164902E-001	3,000000000000000E+000
5,3244375E-002	5,595667422231729E-001	3,000000000000000E+000
5,4235116E-002	5,650268725326510E-001	3,000000000000000E+000
5,5239446E-002	5,787854741017040E-001	3,000000000000000E+000
5,6248412E-002	5,704705295049504E-001	3,000000000000000E+000
5,7393476E-002	5,788152714570405E-001	3,000000000000000E+000
5,8289118E-002	5,812842910591955E-001	3,000000000000000E+000
5,9321258E-002	5,864294264465570E-001	3,000000000000000E+000
6,0199074E-002	5,919621987268329E-001	3,000000000000000E+000
6,1194696E-002	5,965585306597276E-001	3,000000000000000E+000
6,2280755E-002	6,017230151531616E-001	3,000000000000000E+000
6,3294426E-002	6,093234549173054E-001	3,000000000000000E+000
6,4179875E-002	6,137958602565892E-001	3,000000000000000E+000
6,5258078E-002	6,218466820298816E-001	3,000000000000000E+000
6,6205941E-002	6,264984122891404E-001	3,000000000000000E+000
6,7307919E-002	6,335974108531257E-001	3,000000000000000E+000
6,8330929E-002	6,398912102190999E-001	3,000000000000000E+000
6,9305547E-002	6,458837322166415E-001	3,000000000000000E+000
7,0271231E-002	6,522836587391785E-001	3,000000000000000E+000
7,1283005E-002	6,593370404508405E-001	3,000000000000000E+000
7,2218761E-002	6,645626988675883E-001	3,000000000000000E+000
7,3322013E-002	6,716663478873688E-001	3,000000000000000E+000
7,4378565E-002	6,771556977182644E-001	3,000000000000000E+000
7,5160839E-002	6,829262196810681E-001	3,000000000000000E+000
7,6134607E-002	6,904077674262261E-001	3,000000000000000E+000
7,7221088E-002	6,965792642699347E-001	3,000000000000000E+000
7,8337505E-002	7,021408854569842E-001	3,000000000000000E+000
7,9241209E-002	7,083119569449821E-001	3,000000000000000E+000
8,0208816E-002	7,142615655644065E-001	3,000000000000000E+000
8,1256449E-002	7,200767992374817E-001	3,000000000000000E+000
8,2202159E-002	7,254442604155182E-001	3,000000000000000E+000
8,3135366E-002	7,398235746659383E-001	3,000000000000000E+000
8,4328629E-002	7,373583861626725E-001	3,000000000000000E+000
8,5191570E-002	7,442217449554143E-001	3,000000000000000E+000
8,6197823E-002	7,508952164401634E-001	3,000000000000000E+000
8,7369010E-002	7,560877203941369E-001	3,000000000000000E+000
8,8185258E-002	7,620424239689303E-001	3,000000000000000E+000
8,9146271E-002	7,685161681535364E-001	3,000000000000000E+000
9,0237439E-002	7,733829455036272E-001	3,000000000000000E+000
9,1244310E-002	7,793449809153912E-001	3,000000000000000E+000
9,2131034E-002	7,854327330779700E-001	3,000000000000000E+000
9,3162112E-002	7,898963819154465E-001	3,000000000000000E+000
9,4235212E-002	7,973213936202255E-001	3,000000000000000E+000
9,5056780E-002	8,012771634902425E-001	3,000000000000000E+000
9,6186571E-002	8,084804366032303E-001	3,000000000000000E+000
9,7271778E-002	8,126122853718698E-001	3,000000000000000E+000
9,8316222E-002	8,192795724090605E-001	3,000000000000000E+000
9,9314183E-002	8,235348300594403E-001	3,000000000000000E+000
1,0027287E-001	8,286891240730103E-001	3,000000000000000E+000
1,0119145E-001	8,328181569878441E-001	3,000000000000000E+000
1,0237006E-001	8,376991345236693E-001	3,000000000000000E+000
1,0312963E-001	8,418303628762578E-001	3,000000000000000E+000
1,0421101E-001	8,456910911740554E-001	3,000000000000000E+000
1,0516907E-001	8,494804468419841E-001	3,000000000000000E+000
1,0611756E-001	8,530159816663314E-001	3,000000000000000E+000
1,0726923E-001	8,555965005006225E-001	3,000000000000000E+000
1,0823831E-001	8,587645516316940E-001	3,000000000000000E+000
1,0913776E-001	8,612846909608294E-001	3,000000000000000E+000
1,1026267E-001	8,599217936086170E-001	3,000000000000000E+000
1,1116681E-001	8,632260140859440E-001	3,000000000000000E+000
1,1219598E-001	8,608572494963024E-001	3,000000000000000E+000
1,1322345E-001	8,608184357484223E-001	3,000000000000000E+000
1,1408725E-001	8,616706986083766E-001	3,000000000000000E+000
1,1513743E-001	8,633616774136001E-001	3,000000000000000E+000
1,1625215E-001	8,651039355124048E-001	3,000000000000000E+000
1,1719215E-001	8,697628507183666E-001	3,000000000000000E+000
1,1814363E-001	8,749089221366591E-001	3,000000000000000E+000
1,1927724E-001	8,811434893868864E-001	3,000000000000000E+000
1,2017605E-001	8,868199869886872E-001	3,000000000000000E+000
1,2136970E-001	9,046821769119973E-001	3,000000000000000E+000
1,2218256E-001	9,011778315115331E-001	3,000000000000000E+000
1,2325969E-001	9,117446008862737E-001	3,000000000000000E+000
1,2423388E-001	9,180398854530516E-001	3,000000000000000E+000
1,2526242E-001	9,259786329025204E-001	3,000000000000000E+000
1,2616231E-001	9,330913295141521E-001	3,000000000000000E+000
1,2714095E-001	9,423223476236089E-001	3,000000000000000E+000
1,2832084E-001	9,490635360384181E-001	3,000000000000000E+000
1,2919439E-001	9,568205680698156E-001	3,000000000000000E+000
1,3011511E-001	9,639888776259298E-001	3,000000000000000E+000
1,3120286E-001	9,715332257975335E-001	3,000000000000000E+000
1,3226300E-001	9,795428527933024E-001	3,000000000000000E+000
1,3322042E-001	9,861070642040808E-001	3,000000000000000E+000
1,3410185E-001	9,935359164244595E-001	3,000000000000000E+000
1,3528831E-001	1,000409232245555E+000	3,000000000000000E+000
1,3613959E-001	1,006589092935130E+000	3,000000000000000E+000
1,3716641E-001	1,013798368680813E+000	3,000000000000000E+000
1,3819771E-001	1,020044470930273E+000	3,000000000000000E+000
1,3917932E-001	1,026373370136655E+000	3,000000000000000E+000
1,4021039E-001	1,033725847490140E+000	3,000000000000000E+000
1,4119136E-001	1,040869883158148E+000	3,000000000000000E+000
1,4218318E-001	1,046848561097356E+000	3,000000000000000E+000
1,4318030E-001	1,064977732590506E+000	3,000000000000000E+000
1,4428586E-001	1,058516891569731E+000	3,000000000000000E+000
1,4523838E-001	1,070732850891853E+000	3,000000000000000E+000
1,4624630E-001	1,074966765112354E+000	3,000000000000000E+000
1,4711860E-001	1,081698513693283E+000	3,000000000000000E+000
1,4806138E-001	1,088029516136489E+000	3,000000000000000E+000
1,4915530E-001	1,096178170707496E+000	3,000000000000000E+000
1,5172227E-001	1,109832862965188E+000	3,000000000000000E+000
1,5428266E-001	1,121623360758853E+000	3,000000000000000E+000
1,5530927E-001	1,127565870371958E+000	3,000000000000000E+000
1,5631869E-001	1,133288785918722E+000	3,000000000000000E+000
1,5730731E-001	1,137213696725668E+000	3,000000000000000E+000
1,5831590E-001	1,139278974797996E+000	3,000000000000000E+000
1,5933806E-001	1,143901911667655E+000	3,000000000000000E+000
1,6033857E-001	1,144706980118329E+000	3,000000000000000E+000
1,6135776E-001	1,147240154962575E+000	3,000000000000000E+000
1,6234064E-001	1,148796322652041E+000	3,000000000000000E+000
1,6330740E-001	1,150338639505212E+000	3,000000000000000E+000
1,6437307E-001	1,150196587149473E+000	3,000000000000000E+000
1,6527827E-001	1,149156959934370E+000	3,000000000000000E+000
1,6631953E-001	1,143938976133036E+000	3,000000000000000E+000
1,6726486E-001	1,138862161897128E+000	3,000000000000000E+000
1,6832672E-001	1,130736540382106E+000	3,000000000000000E+000
1,6934271E-001	1,123996334253917E+000	3,000000000000000E+000
1,7029482E-001	1,118199189814426E+000	3,000000000000000E+000
1,7129897E-001	1,116248494428068E+000	3,000000000000000E+000
1,7232366E-001	1,115703182398448E+000	3,000000000000000E+000
1,7332183E-001	1,116813829996524E+000	3,000000000000000E+000
1,7433316E-001	1,123369442092052E+000	3,000000000000000E+000
1,7531967E-001	1,129131597363291E+000	3,000000000000000E+000
1,7633100E-001	1,139402028587136E+000	3,000000000000000E+000
1,7733851E-001	1,148751819092375E+000	3,000000000000000E+000
1,7834795E-001	1,160466960527838E+000	3,000000000000000E+000
1,7934887E-001	1,172921547666194E+000	3,000000000000000E+000
1,8032369E-001	1,183199478830733E+000	3,000000000000000E+000
1,8133207E-001	1,194485193842817E+000	3,000000000000000E+000
1,8233535E-001	1,205984978315737E+000	3,000000000000000E+000
1,8330039E-001	1,222066379566163E+000	3,000000000000000E+000
1,8434034E-001	1,229987305175108E+000	3,000000000000000E+000
1,8527803E-001	1,240102887153629E+000	3,000000000000000E+000
1,8635282E-001	1,251143474442266E+000	3,000000000000000E+000
1,8731682E-001	1,262295471297372E+000	3,000000000000000E+000
1,8839610E-001	1,272444962523880E+000	3,000000000000000E+000
1,8934223E-001	1,283541775722474E+000	3,000000000000000E+000
1,9032916E-001	1,293875961254043E+000	3,000000000000000E+000
1,9130889E-001	1,304215327629620E+000	3,000000000000000E+000
1,9236203E-001	1,313986136474551E+000	3,000000000000000E+000
1,9332688E-001	1,323769794570079E+000	3,000000000000000E+000
1,9431295E-001	1,331129464217359E+000	3,000000000000000E+000
1,9531770E-001	1,339993327856066E+000	3,000000000000000E+000
1,9630951E-001	1,348205790958477E+000	3,000000000000000E+000
1,9733548E-001	1,358614231873728E+000	3,000000000000000E+000
1,9830468E-001	1,372241006646731E+000	3,000000000000000E+000
1,9932586E-001	1,378205737099055E+000	3,000000000000000E+000
2,0015097E-001	1,386450595843300E+000	3,000000000000000E+000
2,0054740E-001	1,394885540008545E+000	3,000000000000000E+000
1,9997501E-001	1,283191848235830E+000	3,000000000000000E+000
1,9897132E-001	1,249169326490831E+000	3,000000000000000E+000
1,9795154E-001	1,234156130813068E+000	3,000000000000000E+000
1,9697076E-001	1,218298576668733E+000	3,000000000000000E+000
1,9599892E-001	1,203602500984235E+000	3,000000000000000E+000
1,9491538E-001	1,190219691540630E+000	3,000000000000000E+000
1,9391978E-001	1,177333361262248E+000	3,000000000000000E+000
1,9293541E-001	1,164710137579180E+000	3,000000000000000E+000
1,9192769E-001	1,153262231705920E+000	3,000000000000000E+000
1,9090934E-001	1,140627252041467E+000	3,000000000000000E+000
1,8993960E-001	1,128152447545695E+000	3,000000000000000E+000
1,8893509E-001	1,115154726637737E+000	3,000000000000000E+000
1,8791220E-001	1,094342211882275E+000	3,000000000000000E+000
1,8700880E-001	1,084638279759226E+000	3,000000000000000E+000
1,8595035E-001	1,069079849765531E+000	3,000000000000000E+000
1,8491249E-001	1,055507147581213E+000	3,000000000000000E+000
1,8393320E-001	1,039387618915903E+000	3,000000000000000E+000
1,8299828E-001	1,024050802302865E+000	3,000000000000000E+000
1,8195532E-001	1,007273503061796E+000	3,000000000000000E+000
1,8093485E-001	9,903743104595275E-001	3,000000000000000E+000
1,7998655E-001	9,740086327203477E-001	3,000000000000000E+000
1,7890480E-001	9,457240313705508E-001	3,000000000000000E+000
1,7793101E-001	9,282328353987834E-001	3,000000000000000E+000
1,7698655E-001	9,057570873345782E-001	3,000000000000000E+000
1,7595741E-001	8,811501246463109E-001	3,000000000000000E+000
1,7498364E-001	8,594190571457156E-001	3,000000000000000E+000
1,7397569E-001	8,395654766613454E-001	3,000000000000000E+000
1,7297244E-001	8,239391428004552E-001	3,000000000000000E+000
1,7190441E-001	8,116839783680145E-001	3,000000000000000E+000
1,7097098E-001	8,019470731831273E-001	3,000000000000000E+000
1,6992314E-001	7,951294794782175E-001	3,000000000000000E+000
1,6894706E-001	7,899793433025510E-001	3,000000000000000E+000
1,6792880E-001	7,812353855826810E-001	3,000000000000000E+000
1,6698255E-001	7,837048641199038E-001	3,000000000000000E+000
1,6594279E-001	7,811494403415273E-001	3,000000000000000E+000
1,6496010E-001	7,794638322666319E-001	3,000000000000000E+000
1,6394815E-001	7,787383066283331E-001	3,000000000000000E+000
1,6292363E-001	7,756895955858965E-001	3,000000000000000E+000
1,6194034E-001	7,739754090499584E-001	3,000000000000000E+000
1,6094172E-001	7,712566056288814E-001	3,000000000000000E+000
1,5995291E-001	7,682216730382747E-001	3,000000000000000E+000
1,5891588E-001	7,654849465212088E-001	3,000000000000000E+000
1,5791771E-001	7,632922578292614E-001	3,000000000000000E+000
1,5691635E-001	7,591796354908062E-001	3,000000000000000E+000
1,5592243E-001	7,552727877886767E-001	3,000000000000000E+000
1,5491258E-001	7,531958073377636E-001	3,000000000000000E+000
1,5394540E-001	7,473508924659775E-001	3,000000000000000E+000
1,5292832E-001	7,435320630773081E-001	3,000000000000000E+000
1,5195626E-001	7,392316717757961E-001	3,000000000000000E+000
1,5092859E-001	7,328861175208470E-001	3,000000000000000E+000
1,4995757E-001	7,270274271981600E-001	3,000000000000000E+000
1,4896938E-001	7,219940195274059E-001	3,000000000000000E+000
1,4789797E-001	7,166275267696234E-001	3,000000000000000E+000
1,4694566E-001	7,114487932994980E-001	3,000000000000000E+000
1,4597020E-001	7,056559143691494E-001	3,000000000000000E+000
1,4495440E-001	7,010818140374292E-001	3,000000000000000E+000
1,4390974E-001	6,952889046838742E-001	3,000000000000000E+000
1,4296760E-001	6,897611649603506E-001	3,000000000000000E+000
1,4200529E-001	6,847490006023005E-001	3,000000000000000E+000
1,4096594E-001	6,779345739115454E-001	3,000000000000000E+000
1,4000535E-001	6,718573955715534E-001	3,000000000000000E+000
1,3897596E-001	6,666531723717011E-001	3,000000000000000E+000
1,3793725E-001	6,594080694744147E-001	3,000000000000000E+000
1,3693589E-001	6,531823161575545E-001	3,000000000000000E+000
1,3597466E-001	6,479771299701600E-001	3,000000000000000E+000
1,3500069E-001	6,412825695652948E-001	3,000000000000000E+000
1,3395411E-001	6,343323201355027E-001	3,000000000000000E+000
1,3295996E-001	6,274319400803918E-001	3,000000000000000E+000
1,3195387E-001	6,122935621792287E-001	3,000000000000000E+000
1,3095602E-001	6,100117789788406E-001	3,000000000000000E+000
1,2993385E-001	6,017801502926474E-001	3,000000000000000E+000
1,2890977E-001	5,930839033486963E-001	3,000000000000000E+000
1,2792137E-001	5,829110240253357E-001	3,000000000000000E+000
1,2696713E-001	5,736376820649554E-001	3,000000000000000E+000
1,2593861E-001	5,658452027580827E-001	3,000000000000000E+000
1,2493151E-001	5,554590980625829E-001	3,000000000000000E+000
1,2395649E-001	5,442328564305292E-001	3,000000000000000E+000
1,2289611E-001	5,334288346995093E-001	3,000000000000000E+000
1,2188732E-001	5,204237019125797E-001	3,000000000000000E+000
1,2092631E-001	5,080528828936317E-001	3,000000000000000E+000
1,1995891E-001	4,930503173576035E-001	3,000000000000000E+000
1,1894014E-001	4,798245606685292E-001	3,000000000000000E+000
1,1797761E-001	4,627979959154314E-001	3,000000000000000E+000
1,1697248E-001	4,569180929878116E-001	3,000000000000000E+000
1,1592487E-001	4,462901247768771E-001	3,000000000000000E+000
1,1492371E-001	4,399541133186897E-001	3,000000000000000E+000
1,1392449E-001	4,331895217506432E-001	3,000000000000000E+000
1,1295411E-001	4,275514667129352E-001	3,000000000000000E+000
1,1194724E-001	4,222157612546458E-001	3,000000000000000E+000
1,1100021E-001	4,190175185600920E-001	3,000000000000000E+000
1,0999142E-001	4,150364082824041E-001	3,000000000000000E+000
1,0893638E-001	4,107996425591418E-001	3,000000000000000E+000
1,0642039E-001	3,704124931604253E-001	3,000000000000000E+000
1,0372027E-001	3,744274360489942E-001	3,000000000000000E+000
1,0298129E-001	3,844201041695987E-001	3,000000000000000E+000
1,0186084E-001	3,834060438029069E-001	3,000000000000000E+000
1,0091320E-001	3,730666225827823E-001	3,000000000000000E+000
9,9888913E-002	3,736311839893478E-001	3,000000000000000E+000
9,8989867E-002	3,664550063355518E-001	3,000000000000000E+000
9,7922489E-002	3,624718189239514E-001	3,000000000000000E+000
9,6973576E-002	3,571011198995024E-001	3,000000000000000E+000
9,6012123E-002	3,527603366205261E-001	3,000000000000000E+000
9,4886787E-002	3,468223157752726E-001	3,000000000000000E+000
9,3910061E-002	3,423673776237099E-001	3,000000000000000E+000
9,2978545E-002	3,359987138925753E-001	3,000000000000000E+000
9,1791011E-002	3,311946416894596E-001	3,000000000000000E+000
9,0737008E-002	3,250771179898756E-001	3,000000000000000E+000
8,9906745E-002	3,198940818611953E-001	3,000000000000000E+000
8,8920884E-002	3,139048096102979E-001	3,000000000000000E+000
8,7908708E-002	3,100886465981612E-001	3,000000000000000E+000
8,6923480E-002	3,034179799206972E-001	3,000000000000000E+000
8,5912630E-002	2,900236312869109E-001	3,000000000000000E+000
8,4837377E-002	2,932668697709850E-001	3,000000000000000E+000
8,4016874E-002	2,840895039391607E-001	3,000000000000000E+000
8,2834661E-002	2,802051603018008E-001	3,000000000000000E+000
8,1925221E-002	2,734979197589897E-001	3,000000000000000E+000
8,0827065E-002	2,681181833354982E-001	3,000000000000000E+000
7,9961777E-002	2,624417470457656E-001	3,000000000000000E+000
7,9039805E-002	2,556533942050825E-001	3,000000000000000E+000
7,7928916E-002	2,500599621174244E-001	3,000000000000000E+000
7,6843068E-002	2,432400221781181E-001	3,000000000000000E+000
7,6033823E-002	2,380226338411577E-001	3,000000000000000E+000
7,4951798E-002	2,304602768789565E-001	3,000000000000000E+000
7,3891431E-002	2,238114568430722E-001	3,000000000000000E+000
7,2947808E-002	2,165707156010388E-001	3,000000000000000E+000
7,1927346E-002	2,106165688019246E-001	3,000000000000000E+000
7,0940845E-002	2,015631697787392E-001	3,000000000000000E+000
6,9937147E-002	1,954636517006700E-001	3,000000000000000E+000
6,8888031E-002	1,879167688829415E-001	3,000000000000000E+000
6,7860991E-002	1,797136221106894E-001	3,000000000000000E+000
6,6897422E-002	1,720897526764840E-001	3,000000000000000E+000
6,5948494E-002	1,629402987762467E-001	3,000000000000000E+000
6,4939708E-002	1,544797680883980E-001	3,000000000000000E+000
6,4027086E-002	1,452290472160618E-001	3,000000000000000E+000
6,2959626E-002	1,272788897299000E-001	3,000000000000000E+000
6,2036503E-002	1,293956659372069E-001	3,000000000000000E+000
6,1016239E-002	1,163794599447610E-001	3,000000000000000E+000
6,0004912E-002	1,103833229281013E-001	3,000000000000000E+000
5,8929469E-002	1,035758623426470E-001	3,000000000000000E+000
5,7913680E-002	9,589909259617979E-002	3,000000000000000E+000
5,6930784E-002	9,056866709013600E-002	3,000000000000000E+000
5,5891857E-002	8,426309335562948E-002	3,000000000000000E+000
5,4909609E-002	7,908070548566903E-002	3,000000000000000E+000
5,3998254E-002	7,323704353378502E-002	3,000000000000000E+000
5,2982882E-002	6,914591264083181E-002	3,000000000000000E+000
5,1989168E-002	6,289102888614385E-002	3,000000000000000E+000
5,1031537E-002	5,879332376126611E-002	3,000000000000000E+000
4,9928285E-002	5,268053629616687E-002	3,000000000000000E+000
4,8983399E-002	4,823024237864768E-002	3,000000000000000E+000
4,7940429E-002	4,137952482819374E-002	3,000000000000000E+000
4,6943322E-002	3,793936957501717E-002	3,000000000000000E+000
4,5939207E-002	3,169541055265457E-002	3,000000000000000E+000
4,4946339E-002	2,638523989460537E-002	3,000000000000000E+000
4,1016903E-002	1,241122354824462E-002	3,000000000000000E+000
4,0022977E-002	2,894649806421526E-003	3,000000000000000E+000
3,9241750E-002	-9,051302420832333E-003	3,000000000000000E+000
3,7979074E-002	-1,549870636598716E-002	3,000000000000000E+000
3,7021447E-002	-1,804672408777855E-002	3,000000000000000E+000
3,6201153E-002	-2,386500435790762E-002	3,000000000000000E+000
3,5080116E-002	-3,553287636087676E-002	3,000000000000000E+000
3,4061141E-002	-3,958291299770478E-002	3,000000000000000E+000
3,2903966E-002	-4,118767351610556E-002	3,000000000000000E+000
3,2007474E-002	-4,638103124711446E-002	3,000000000000000E+000
2,7987398E-002	-7,918363298651654E-002	3,000000000000000E+000
2,7013212E-002	-7,738869417355243E-002	3,000000000000000E+000
2,5935858E-002	-8,581315848277882E-002	3,000000000000000E+000
2,4952969E-002	-9,084952867124230E-002	3,000000000000000E+000
2,4045866E-002	-9,690230078477824E-002	3,000000000000000E+000
2,2956409E-002	-1,033361779926859E-001	3,000000000000000E+000
2,2005999E-002	-1,090762323583471E-001	3,000000000000000E+000
2,1004217E-002	-1,152437403798102E-001	3,000000000000000E+000
1,9933229E-002	-1,216985118420174E-001	3,000000000000000E+000
1,8943338E-002	-1,273707063713423E-001	3,000000000000000E+000
1,8021584E-002	-1,340903680797458E-001	3,000000000000000E+000
1,7127426E-002	-1,412538032616588E-001	3,000000000000000E+000
1,5925040E-002	-1,457057893664253E-001	3,000000000000000E+000
1,4904364E-002	-1,536504232660971E-001	3,000000000000000E+000
1,4027403E-002	-1,598443103721361E-001	3,000000000000000E+000
1,3068289E-002	-1,663498814579918E-001	3,000000000000000E+000
1,1921943E-002	-1,722848379285997E-001	3,000000000000000E+000
1,1045231E-002	-1,796486941812969E-001	3,000000000000000E+000
9,8324390E-003	-1,939295413645186E-001	3,000000000000000E+000
9,0830578E-003	-1,928683946478276E-001	3,000000000000000E+000
7,9067806E-003	-1,997354414132944E-001	3,000000000000000E+000
6,9001154E-003	-2,078040363396410E-001	3,000000000000000E+000
5,9420634E-003	-2,127812413317667E-001	3,000000000000000E+000
4,9572634E-003	-2,209084735303701E-001	3,000000000000000E+000
3,9701285E-003	-2,259964863122956E-001	3,000000000000000E+000
2,9549727E-003	-2,340072913405793E-001	3,000000000000000E+000
1,9056394E-003	-2,391551109160182E-001	3,000000000000000E+000
9,7518344E-004	-2,461043535731728E-001	3,000000000000000E+000
1,9890700E-005	-2,525485335693993E-001	3,000000000000000E+000
-1,0046060E-003	-2,575635919088681E-001	3,000000000000000E+000
-2,0853574E-003	-2,640920507255928E-001	3,000000000000000E+000
-3,1070944E-003	-2,711347277638385E-001	3,000000000000000E+000
-3,9921231E-003	-2,762344876149054E-001	3,000000000000000E+000
-4,9703419E-003	-2,828204284887761E-001	3,000000000000000E+000
-6,0525793E-003	-2,876367915887377E-001	3,000000000000000E+000
-7,0751659E-003	-2,951433657823750E-001	3,000000000000000E+000
-8,0744019E-003	-2,995594909362902E-001	3,000000000000000E+000
-8,9670718E-003	-3,066755469319293E-001	3,000000000000000E+000
-1,0069476E-002	-3,124356391684469E-001	3,000000000000000E+000
-1,0940067E-002	-3,180311516496452E-001	3,000000000000000E+000
-1,1906823E-002	-3,251753780576909E-001	3,000000000000000E+000
-1,2937689E-002	-3,297821862830054E-001	3,000000000000000E+000
-1,4093800E-002	-3,363554106714810E-001	3,000000000000000E+000
-1,4994414E-002	-3,477913102186783E-001	3,000000000000000E+000
-1,5952982E-002	-3,498006664837394E-001	3,000000000000000E+000
-1,6881952E-002	-3,569976205730594E-001	3,000000000000000E+000
-1,7968435E-002	-3,611868210654281E-001	3,000000000000000E+000
-1,8958965E-002	-3,680042536515318E-001	3,000000000000000E+000
-2,0000869E-002	-3,726438374206822E-001	3,000000000000000E+000
-2,1056782E-002	-3,793701442320714E-001	3,000000000000000E+000
-2,2083404E-002	-3,855594155740811E-001	3,000000000000000E+000
-2,3015982E-002	-3,912398775315107E-001	3,000000000000000E+000
-2,3976581E-002	-3,980149918028864E-001	3,000000000000000E+000
-2,4964990E-002	-4,038060421072354E-001	3,000000000000000E+000
-2,6035765E-002	-4,095098425944634E-001	3,000000000000000E+000
-2,7067265E-002	-4,154445827007270E-001	3,000000000000000E+000
-2,7897738E-002	-4,212693637495648E-001	3,000000000000000E+000
-2,9024977E-002	-4,275062124814002E-001	3,000000000000000E+000
-3,0005958E-002	-4,328208373756040E-001	3,000000000000000E+000
-3,1028757E-002	-4,401114125373873E-001	3,000000000000000E+000
-3,2047313E-002	-4,448922414384366E-001	3,000000000000000E+000
-3,3023834E-002	-4,514390352802966E-001	3,000000000000000E+000
-3,4073383E-002	-4,570762370454347E-001	3,000000000000000E+000
-3,5025068E-002	-4,632772553660374E-001	3,000000000000000E+000
-3,6000311E-002	-4,679078180601608E-001	3,000000000000000E+000
-3,6973864E-002	-4,745188880608318E-001	3,000000000000000E+000
-3,7954204E-002	-4,797788014273259E-001	3,000000000000000E+000
-3,9030921E-002	-4,859705737326312E-001	3,000000000000000E+000
-4,0045436E-002	-4,911057878958260E-001	3,000000000000000E+000
-4,1034915E-002	-4,977210132508616E-001	3,000000000000000E+000
-4,2025186E-002	-5,011739209294315E-001	3,000000000000000E+000
-4,3065827E-002	-5,160041823465757E-001	3,000000000000000E+000
-4,4034064E-002	-5,127296336512579E-001	3,000000000000000E+000
-4,5008466E-002	-5,193410323311873E-001	3,000000000000000E+000
-4,5982227E-002	-5,237918515793123E-001	3,000000000000000E+000
-4,7024976E-002	-5,299779759306031E-001	3,000000000000000E+000
-4,8007868E-002	-5,325435549020758E-001	3,000000000000000E+000
-4,9022604E-002	-5,370752006355222E-001	3,000000000000000E+000
-4,9966220E-002	-5,416343731598694E-001	3,000000000000000E+000
-5,0983075E-002	-5,451722905143264E-001	3,000000000000000E+000
-5,2011605E-002	-5,492763716417066E-001	3,000000000000000E+000
-5,3029522E-002	-5,553960414706829E-001	3,000000000000000E+000
-5,3910304E-002	-5,605423804372531E-001	3,000000000000000E+000
-5,5012062E-002	-5,662023637236810E-001	3,000000000000000E+000
-5,5997714E-002	-5,721541692813217E-001	3,000000000000000E+000
-5,7010539E-002	-5,786147846115943E-001	3,000000000000000E+000
-5,7918701E-002	-5,843304461902994E-001	3,000000000000000E+000
-5,8903717E-002	-5,903286208502090E-001	3,000000000000000E+000
-5,9901256E-002	-5,974277226357798E-001	3,000000000000000E+000
-6,0870349E-002	-6,042033646048797E-001	3,000000000000000E+000
-6,1982095E-002	-6,087914127339076E-001	3,000000000000000E+000
-6,2982596E-002	-6,174711780622602E-001	3,000000000000000E+000
-6,3869327E-002	-6,210841778665763E-001	3,000000000000000E+000
-6,4936489E-002	-6,292917763089956E-001	3,000000000000000E+000
-6,5907918E-002	-6,354957656520934E-001	3,000000000000000E+000
-6,6960439E-002	-6,408867143715407E-001	3,000000000000000E+000
-6,7975588E-002	-6,469800988626151E-001	3,000000000000000E+000
-6,8914965E-002	-6,545613411193084E-001	3,000000000000000E+000
-6,9946900E-002	-6,584997661929144E-001	3,000000000000000E+000
-7,0894621E-002	-6,758176573138250E-001	3,000000000000000E+000
-7,1935564E-002	-6,700386406543335E-001	3,000000000000000E+000
-7,2816133E-002	-6,804341804753564E-001	3,000000000000000E+000
-7,4036568E-002	-6,856213439152459E-001	3,000000000000000E+000
-7,5056814E-002	-6,913148813570511E-001	3,000000000000000E+000
-7,5899608E-002	-6,973747082778963E-001	3,000000000000000E+000
-7,6951057E-002	-7,021435646650680E-001	3,000000000000000E+000
-7,7954963E-002	-7,093205324167169E-001	3,000000000000000E+000
-7,8910246E-002	-7,137250047073582E-001	3,000000000000000E+000
-7,9992063E-002	-7,200782267480235E-001	3,000000000000000E+000
-8,0977708E-002	-7,264165346924609E-001	3,000000000000000E+000
-8,2030229E-002	-7,329194578859541E-001	3,000000000000000E+000
-8,2955174E-002	-7,374442948235371E-001	3,000000000000000E+000
-8,3927445E-002	-7,444886405848781E-001	3,000000000000000E+000
-8,4859818E-002	-7,493271329440159E-001	3,000000000000000E+000
-8,5934408E-002	-7,555742957629246E-001	3,000000000000000E+000
-8,7012395E-002	-7,609471663729162E-001	3,000000000000000E+000
-8,7945409E-002	-7,672815357541849E-001	3,000000000000000E+000
-8,8926174E-002	-7,727011312834078E-001	3,000000000000000E+000
-8,9973383E-002	-7,785983797576677E-001	3,000000000000000E+000
-9,0985142E-002	-7,840188145637497E-001	3,000000000000000E+000
-9,1893092E-002	-7,895311229965731E-001	3,000000000000000E+000
-9,2939667E-002	-7,957016876898688E-001	3,000000000000000E+000
-9,3834884E-002	-7,985032444509361E-001	3,000000000000000E+000
-9,4892710E-002	-8,051530526330062E-001	3,000000000000000E+000
-9,5980674E-002	-8,082417863835047E-001	3,000000000000000E+000
-9,6972473E-002	-8,134612088712547E-001	3,000000000000000E+000
-9,7915895E-002	-8,172136146264748E-001	3,000000000000000E+000
-9,8844439E-002	-8,208184745162646E-001	3,000000000000000E+000
-9,9962652E-002	-8,256652391412136E-001	3,000000000000000E+000
-1,0102098E-001	-8,350334635728736E-001	3,000000000000000E+000
-1,0188945E-001	-8,324002722899113E-001	3,000000000000000E+000
-1,0290843E-001	-8,332728356536876E-001	3,000000000000000E+000
-1,0387050E-001	-8,357097635873467E-001	3,000000000000000E+000
-1,0494425E-001	-8,341262841907620E-001	3,000000000000000E+000
-1,0587386E-001	-8,351985335143031E-001	3,000000000000000E+000
-1,0701194E-001	-8,365763397369930E-001	3,000000000000000E+000
-1,0810351E-001	-8,368961297803441E-001	3,000000000000000E+000
-1,0898473E-001	-8,409338464132610E-001	3,000000000000000E+000
-1,1001515E-001	-8,427249435335398E-001	3,000000000000000E+000
-1,1092778E-001	-8,488967004749490E-001	3,000000000000000E+000
-1,1197203E-001	-8,531910069804187E-001	3,000000000000000E+000
-1,1300799E-001	-8,602663263575032E-001	3,000000000000000E+000
-1,1384524E-001	-8,672478846274307E-001	3,000000000000000E+000
-1,1490519E-001	-8,745515010733573E-001	3,000000000000000E+000
-1,1605770E-001	-8,810655379978289E-001	3,000000000000000E+000
-1,1686121E-001	-8,887562400971820E-001	3,000000000000000E+000
-1,1794619E-001	-8,956927143865148E-001	3,000000000000000E+000
-1,1889704E-001	-9,039742385244185E-001	3,000000000000000E+000
-1,2005230E-001	-9,118355496062163E-001	3,000000000000000E+000
-1,2096324E-001	-9,176600900892584E-001	3,000000000000000E+000
-1,2204864E-001	-9,267416922892942E-001	3,000000000000000E+000
-1,2301286E-001	-9,321724517891816E-001	3,000000000000000E+000
-1,2381574E-001	-9,406134599509279E-001	3,000000000000000E+000
-1,2493853E-001	-9,486728487018858E-001	3,000000000000000E+000
-1,2592565E-001	-9,539832171673535E-001	3,000000000000000E+000
-1,2701364E-001	-9,636380415306309E-001	3,000000000000000E+000
-1,2801202E-001	-9,695113802639108E-001	3,000000000000000E+000
-1,2881891E-001	-9,757515499368257E-001	3,000000000000000E+000
-1,2989415E-001	-9,836214492097479E-001	3,000000000000000E+000
-1,3095765E-001	-9,976402667040611E-001	3,000000000000000E+000
-1,3193314E-001	-9,943625705523651E-001	3,000000000000000E+000
-1,3282835E-001	-1,006104154098363E+000	3,000000000000000E+000
-1,3407807E-001	-1,010149440417685E+000	3,000000000000000E+000
-1,3481535E-001	-1,016476844023495E+000	3,000000000000000E+000
-1,3579464E-001	-1,023681432319183E+000	3,000000000000000E+000
-1,3694523E-001	-1,030990555468531E+000	3,000000000000000E+000
-1,3789034E-001	-1,036896712250176E+000	3,000000000000000E+000
-1,3905580E-001	-1,044538620755901E+000	3,000000000000000E+000
-1,3987119E-001	-1,050278896051974E+000	3,000000000000000E+000
-1,4096276E-001	-1,057137209094233E+000	3,000000000000000E+000
-1,4194588E-001	-1,062872619368131E+000	3,000000000000000E+000
-1,4300731E-001	-1,070284733859200E+000	3,000000000000000E+000
-1,4384437E-001	-1,075968488326499E+000	3,000000000000000E+000
-1,4480686E-001	-1,081490987497895E+000	3,000000000000000E+000
-1,4602114E-001	-1,089211306224261E+000	3,000000000000000E+000
-1,4697029E-001	-1,095096592067011E+000	3,000000000000000E+000
-1,4952646E-001	-1,107481935061514E+000	3,000000000000000E+000
-1,5203714E-001	-1,116354307470221E+000	3,000000000000000E+000
-1,5305293E-001	-1,119401935384496E+000	3,000000000000000E+000
-1,5408805E-001	-1,122097340826354E+000	3,000000000000000E+000
-1,5507159E-001	-1,124834134450388E+000	3,000000000000000E+000
-1,5601327E-001	-1,126699041885626E+000	3,000000000000000E+000
-1,5703903E-001	-1,127061799065096E+000	3,000000000000000E+000
-1,5807904E-001	-1,128476903566881E+000	3,000000000000000E+000
-1,5904836E-001	-1,126395567216802E+000	3,000000000000000E+000
-1,6004503E-001	-1,122401804663236E+000	3,000000000000000E+000
-1,6107717E-001	-1,118706013800365E+000	3,000000000000000E+000
-1,6209252E-001	-1,110575179879863E+000	3,000000000000000E+000
-1,6306311E-001	-1,105846159987975E+000	3,000000000000000E+000
-1,6407575E-001	-1,100713047716347E+000	3,000000000000000E+000
-1,6506776E-001	-1,099755258299405E+000	3,000000000000000E+000
-1,6605914E-001	-1,101529908056058E+000	3,000000000000000E+000
-1,6702184E-001	-1,103837090647879E+000	3,000000000000000E+000
-1,6810985E-001	-1,110032039487525E+000	3,000000000000000E+000
-1,6906279E-001	-1,117579540548224E+000	3,000000000000000E+000
-1,6996881E-001	-1,126884660683569E+000	3,000000000000000E+000
-1,7109989E-001	-1,136379651311373E+000	3,000000000000000E+000
-1,7201439E-001	-1,148193640220491E+000	3,000000000000000E+000
-1,7304567E-001	-1,159431422025790E+000	3,000000000000000E+000
-1,7400394E-001	-1,169521612632604E+000	3,000000000000000E+000
-1,7504816E-001	-1,180672542916398E+000	3,000000000000000E+000
-1,7601962E-001	-1,190540983859030E+000	3,000000000000000E+000
-1,7703582E-001	-1,201959171953302E+000	3,000000000000000E+000
-1,7808981E-001	-1,214122038334603E+000	3,000000000000000E+000
-1,7906506E-001	-1,223788871015938E+000	3,000000000000000E+000
-1,8005325E-001	-1,235030010549551E+000	3,000000000000000E+000
-1,8102002E-001	-1,246219058210649E+000	3,000000000000000E+000
-1,8204854E-001	-1,256241338120564E+000	3,000000000000000E+000
-1,8308939E-001	-1,266817296751668E+000	3,000000000000000E+000
-1,8405996E-001	-1,276170215258993E+000	3,000000000000000E+000
-1,8506259E-001	-1,284891957003206E+000	3,000000000000000E+000
-1,8608561E-001	-1,294432559671503E+000	3,000000000000000E+000
-1,8707496E-001	-1,307957536954841E+000	3,000000000000000E+000
-1,8806857E-001	-1,311293695639401E+000	3,000000000000000E+000
-1,8905313E-001	-1,321174873556522E+000	3,000000000000000E+000
-1,9001375E-001	-1,330350592939386E+000	3,000000000000000E+000
-1,9104843E-001	-1,339683307231295E+000	3,000000000000000E+000
-1,9204471E-001	-1,347599906122518E+000	3,000000000000000E+000
-1,9306028E-001	-1,357445037406350E+000	3,000000000000000E+000
-1,9405675E-001	-1,366541121361978E+000	3,000000000000000E+000
-1,9503921E-001	-1,374715566945569E+000	3,000000000000000E+000
-1,9602485E-001	-1,382679926645426E+000	3,000000000000000E+000
-1,9708630E-001	-1,390220893753895E+000	3,000000000000000E+000
-1,9805837E-001	-1,399705329909921E+000	3,000000000000000E+000
-1,9903563E-001	-1,408218767493956E+000	3,000000000000000E+000
-1,9936316E-001	-1,411210536956787E+000	3,000000000000000E+000
-1,9953842E-001	-1,418179810047150E+000	3,000000000000000E+000
-1,9894984E-001	-1,297377277786531E+000	3,000000000000000E+000
-1,9788532E-001	-1,274588584899902E+000	3,000000000000000E+000
-1,9691180E-001	-1,253702908443900E+000	3,000000000000000E+000
-1,9589302E-001	-1,235997461299926E+000	3,000000000000000E+000
-1,9489972E-001	-1,220505856494933E+000	3,000000000000000E+000
-1,9395760E-001	-1,203223560833260E+000	3,000000000000000E+000
-1,9287981E-001	-1,187858182109064E+000	3,000000000000000E+000
-1,9190988E-001	-1,171049105727836E+000	3,000000000000000E+000
-1,9088987E-001	-1,147949618804784E+000	3,000000000000000E+000
-1,8992780E-001	-1,134004564645384E+000	3,000000000000000E+000
-1,8894914E-001	-1,115707249380643E+000	3,000000000000000E+000
-1,8786967E-001	-1,098386841929617E+000	3,000000000000000E+000
-1,8687573E-001	-1,080530669643641E+000	3,000000000000000E+000
-1,8589644E-001	-1,062335204953943E+000	3,000000000000000E+000
-1,8490337E-001	-1,042960080525113E+000	3,000000000000000E+000
-1,8390626E-001	-1,023784377094769E+000	3,000000000000000E+000
-1,8291304E-001	-9,913234134308162E-001	3,000000000000000E+000
-1,8188533E-001	-9,729909592618569E-001	3,000000000000000E+000
-1,8090476E-001	-9,456970920372338E-001	3,000000000000000E+000
-1,7988452E-001	-9,218444615188588E-001	3,000000000000000E+000
-1,7890865E-001	-8,993484669675418E-001	3,000000000000000E+000
-1,7783618E-001	-8,812505716147463E-001	3,000000000000000E+000
-1,7689912E-001	-8,668409408484052E-001	3,000000000000000E+000
-1,7591305E-001	-8,541476565620112E-001	3,000000000000000E+000
-1,7485204E-001	-8,396011625623525E-001	3,000000000000000E+000
-1,7382908E-001	-8,388756162797417E-001	3,000000000000000E+000
-1,7293894E-001	-8,341763278262491E-001	3,000000000000000E+000
-1,7186840E-001	-8,327506540032701E-001	3,000000000000000E+000
-1,7086194E-001	-8,299406736882182E-001	3,000000000000000E+000
-1,6989455E-001	-8,279294356600271E-001	3,000000000000000E+000
-1,6885540E-001	-8,266691920968370E-001	3,000000000000000E+000
-1,6790903E-001	-8,237658338621223E-001	3,000000000000000E+000
-1,6688474E-001	-8,225873516251632E-001	3,000000000000000E+000
-1,6588445E-001	-8,201369498856339E-001	3,000000000000000E+000
-1,6489327E-001	-8,173428355302246E-001	3,000000000000000E+000
-1,6397321E-001	-8,138910405751680E-001	3,000000000000000E+000
-1,6293257E-001	-8,113823292466478E-001	3,000000000000000E+000
-1,6190407E-001	-8,084513725609401E-001	3,000000000000000E+000
-1,6088888E-001	-8,047715652630547E-001	3,000000000000000E+000
-1,5986823E-001	-8,011426251485094E-001	3,000000000000000E+000
-1,5889360E-001	-7,969334545648739E-001	3,000000000000000E+000
-1,5790138E-001	-7,929109897878430E-001	3,000000000000000E+000
-1,5689556E-001	-7,881788370820342E-001	3,000000000000000E+000
-1,5592244E-001	-7,817706968635294E-001	3,000000000000000E+000
-1,5482026E-001	-7,760499318440761E-001	3,000000000000000E+000
-1,5392099E-001	-7,714121794948934E-001	3,000000000000000E+000
-1,5294851E-001	-7,655280735343677E-001	3,000000000000000E+000
-1,5191127E-001	-7,585693167315579E-001	3,000000000000000E+000
-1,5089868E-001	-7,538202247168417E-001	3,000000000000000E+000
-1,4991409E-001	-7,479784991592160E-001	3,000000000000000E+000
-1,4892885E-001	-7,431626128964126E-001	3,000000000000000E+000
-1,4794280E-001	-7,367586945183549E-001	3,000000000000000E+000
-1,4691511E-001	-7,305987093390662E-001	3,000000000000000E+000
-1,4590994E-001	-7,251611802106099E-001	3,000000000000000E+000
-1,4487673E-001	-7,190892762607977E-001	3,000000000000000E+000
-1,4387517E-001	-7,121804391240896E-001	3,000000000000000E+000
-1,4288355E-001	-7,064002237489637E-001	3,000000000000000E+000
-1,4193273E-001	-6,992855735847474E-001	3,000000000000000E+000
-1,4095664E-001	-6,929824385378103E-001	3,000000000000000E+000
-1,3990089E-001	-6,807357459846450E-001	3,000000000000000E+000
-1,3888602E-001	-6,780179936128352E-001	3,000000000000000E+000
-1,3788338E-001	-6,710084082248305E-001	3,000000000000000E+000
-1,3684170E-001	-6,640199826409408E-001	3,000000000000000E+000
-1,3593332E-001	-6,541897687647069E-001	3,000000000000000E+000
-1,3479653E-001	-6,464322579817612E-001	3,000000000000000E+000
-1,3385992E-001	-6,379120866250636E-001	3,000000000000000E+000
-1,3290654E-001	-6,284796515893589E-001	3,000000000000000E+000
-1,3192554E-001	-6,184680204735020E-001	3,000000000000000E+000
-1,3088705E-001	-6,096030958514236E-001	3,000000000000000E+000
-1,2990183E-001	-5,980140424023057E-001	3,000000000000000E+000
-1,2892827E-001	-5,885773736259150E-001	3,000000000000000E+000
-1,2788084E-001	-5,775887966155975E-001	3,000000000000000E+000
-1,2694763E-001	-5,628068253087495E-001	3,000000000000000E+000
-1,2593885E-001	-5,500105974885301E-001	3,000000000000000E+000
-1,2487467E-001	-5,320569384429179E-001	3,000000000000000E+000
-1,2391026E-001	-5,180535655365190E-001	3,000000000000000E+000
-1,2288512E-001	-5,068178138592114E-001	3,000000000000000E+000
-1,2190755E-001	-4,946708205259487E-001	3,000000000000000E+000
-1,2092295E-001	-4,848013036987835E-001	3,000000000000000E+000
-1,1990207E-001	-4,760074480695433E-001	3,000000000000000E+000
-1,1888415E-001	-4,701561944352241E-001	3,000000000000000E+000
-1,1788660E-001	-4,630860961042320E-001	3,000000000000000E+000
-1,1688271E-001	-4,575997262210048E-001	3,000000000000000E+000
-1,1586564E-001	-4,537236595060667E-001	3,000000000000000E+000
-1,1488105E-001	-4,502421934416292E-001	3,000000000000000E+000
-1,1388331E-001	-4,457052229748406E-001	3,000000000000000E+000
-1,1287070E-001	-4,415289469891117E-001	3,000000000000000E+000
-1,1185447E-001	-4,394625522351516E-001	3,000000000000000E+000
-1,1088730E-001	-4,352820322383195E-001	3,000000000000000E+000
-1,0991015E-001	-4,319617855103894E-001	3,000000000000000E+000
-1,0891557E-001	-4,273993567977499E-001	3,000000000000000E+000
-1,0638507E-001	-3,732530692687783E-001	3,000000000000000E+000
-1,0395303E-001	-4,236281748280679E-001	3,000000000000000E+000
-1,0281337E-001	-3,887572611371659E-001	3,000000000000000E+000
-1,0185847E-001	-3,926484054213177E-001	3,000000000000000E+000
-1,0078921E-001	-3,859844104024663E-001	3,000000000000000E+000
-9,9807598E-002	-3,800190188921988E-001	3,000000000000000E+000
-9,8754011E-002	-3,755942688375296E-001	3,000000000000000E+000
-9,7824626E-002	-3,697510379780466E-001	3,000000000000000E+000
-9,6792057E-002	-3,641328385824112E-001	3,000000000000000E+000
-9,5817231E-002	-3,596496606866506E-001	3,000000000000000E+000
-9,4752401E-002	-3,525162540997062E-001	3,000000000000000E+000
-9,3762092E-002	-3,487038951004955E-001	3,000000000000000E+000
-9,2832260E-002	-3,420654479672915E-001	3,000000000000000E+000
-9,1731980E-002	-3,379157854554546E-001	3,000000000000000E+000
-9,0801954E-002	-3,312272245788748E-001	3,000000000000000E+000
-8,9769818E-002	-3,265195659154800E-001	3,000000000000000E+000
-8,8876508E-002	-3,201358520891500E-001	3,000000000000000E+000
-8,7783009E-002	-3,145242083507278E-001	3,000000000000000E+000
-8,6860210E-002	-3,083242573775351E-001	3,000000000000000E+000
-8,5714288E-002	-3,031994475362194E-001	3,000000000000000E+000
-8,4885299E-002	-2,963774615846972E-001	3,000000000000000E+000
-8,3878420E-002	-2,920279124389493E-001	3,000000000000000E+000
-8,2878761E-002	-2,842896244385158E-001	3,000000000000000E+000
-8,1813514E-002	-2,788054533820175E-001	3,000000000000000E+000
-8,0831669E-002	-2,732448176118636E-001	3,000000000000000E+000
-7,9841144E-002	-2,657541318848302E-001	3,000000000000000E+000
-7,8888617E-002	-2,579672861223412E-001	3,000000000000000E+000
-7,7920794E-002	-2,532649403696676E-001	3,000000000000000E+000
-7,6848544E-002	-2,441274495924715E-001	3,000000000000000E+000
-7,5818703E-002	-2,345084403124114E-001	3,000000000000000E+000
-7,4804246E-002	-2,244154380427467E-001	3,000000000000000E+000
-7,3803313E-002	-2,215784401762191E-001	3,000000000000000E+000
-7,2877117E-002	-2,133652033129088E-001	3,000000000000000E+000
-7,1813338E-002	-2,048678850082457E-001	3,000000000000000E+000
-7,0840433E-002	-1,977743301411259E-001	3,000000000000000E+000
-6,9838643E-002	-1,874953384588778E-001	3,000000000000000E+000
-6,8915404E-002	-1,783715547450515E-001	3,000000000000000E+000
-6,7860335E-002	-1,685339865248849E-001	3,000000000000000E+000
-6,6752844E-002	-1,599652046958604E-001	3,000000000000000E+000
-6,5768681E-002	-1,506086588293926E-001	3,000000000000000E+000
-6,4789191E-002	-1,433359996751979E-001	3,000000000000000E+000
-6,3781455E-002	-1,349211931616684E-001	3,000000000000000E+000
-6,2743582E-002	-1,282783042665363E-001	3,000000000000000E+000
-6,1878938E-002	-1,223630633515613E-001	3,000000000000000E+000
-6,0940623E-002	-1,156737301175275E-001	3,000000000000000E+000
-6,0026512E-002	-1,110105105714563E-001	3,000000000000000E+000
-5,8873791E-002	-1,046173568595094E-001	3,000000000000000E+000
-5,7729147E-002	-1,004361947545674E-001	3,000000000000000E+000
-5,6896124E-002	-9,530395513866119E-002	3,000000000000000E+000
-5,5796482E-002	-8,902372847337037E-002	3,000000000000000E+000
-5,4840554E-002	-8,501053704983641E-002	3,000000000000000E+000
-5,3854909E-002	-7,961564270469035E-002	3,000000000000000E+000
-5,2885596E-002	-6,388947408090123E-002	3,000000000000000E+000
-5,1764764E-002	-7,186092980231851E-002	3,000000000000000E+000
-5,0881647E-002	-6,127027566091980E-002	3,000000000000000E+000
-4,9841866E-002	-5,755855276624466E-002	3,000000000000000E+000
-4,8812695E-002	-5,262111149042727E-002	3,000000000000000E+000
-4,7965035E-002	-4,609158605065494E-002	3,000000000000000E+000
-4,6916123E-002	-4,181021664731410E-002	3,000000000000000E+000
-4,5847472E-002	-3,525980561971645E-002	3,000000000000000E+000
-4,4964142E-002	-3,022533428965180E-002	3,000000000000000E+000
-4,3955568E-002	-2,484114831248811E-002	3,000000000000000E+000
-4,2872053E-002	-1,818257162489720E-002	3,000000000000000E+000
-4,1896593E-002	-1,350355065531198E-002	3,000000000000000E+000
-4,0962107E-002	-7,285994818731614E-003	3,000000000000000E+000
-3,9914683E-002	-1,234815293067799E-003	3,000000000000000E+000
-3,8862377E-002	4,270469007678926E-003	3,000000000000000E+000
-3,7941899E-002	9,670879844634328E-003	3,000000000000000E+000
-3,6838431E-002	1,703653033311847E-002	3,000000000000000E+000
-3,5900760E-002	2,072291030587323E-002	3,000000000000000E+000
-3,4876265E-002	2,847709369800422E-002	3,000000000000000E+000
-3,3959605E-002	3,412075712306747E-002	3,000000000000000E+000
-3,2870363E-002	3,917356650021664E-002	3,000000000000000E+000
-3,1895328E-002	4,583246412221353E-002	3,000000000000000E+000
-3,0930480E-002	5,111516990453116E-002	3,000000000000000E+000
-2,9949289E-002	5,733156103330361E-002	3,000000000000000E+000
-2,8948355E-002	6,359683198065325E-002	3,000000000000000E+000
-2,7927896E-002	6,979742141750944E-002	3,000000000000000E+000
-2,6849901E-002	7,588624084989271E-002	3,000000000000000E+000
-2,5933882E-002	8,149089122242814E-002	3,000000000000000E+000
-2,4918295E-002	9,822232174661216E-002	3,000000000000000E+000
-2,3818051E-002	9,249265388482164E-002	3,000000000000000E+000
-2,2840893E-002	1,030079120149218E-001	3,000000000000000E+000
-2,1930818E-002	1,068438043585047E-001	3,000000000000000E+000
-2,0918209E-002	1,140103202649501E-001	3,000000000000000E+000
-1,9866752E-002	1,209268853805652E-001	3,000000000000000E+000
-1,8860299E-002	1,272673312600497E-001	3,000000000000000E+000
-1,7974213E-002	1,333258284850875E-001	3,000000000000000E+000
-1,6837629E-002	1,403859856719569E-001	3,000000000000000E+000
-1,5855163E-002	1,469271730165929E-001	3,000000000000000E+000
-1,4938294E-002	1,534239376196638E-001	3,000000000000000E+000
-1,3798740E-002	1,592313296213335E-001	3,000000000000000E+000
-1,2994166E-002	1,674368219682957E-001	3,000000000000000E+000
-1,1978373E-002	1,741561599127537E-001	3,000000000000000E+000
-1,0912269E-002	1,801354429400016E-001	3,000000000000000E+000
-9,9179177E-003	1,885170682540376E-001	3,000000000000000E+000
-8,9416085E-003	1,941558484557189E-001	3,000000000000000E+000
-7,9075582E-003	2,015204457048749E-001	3,000000000000000E+000
-7,0095803E-003	2,079003574067937E-001	3,000000000000000E+000
-5,9309518E-003	2,138108159156730E-001	3,000000000000000E+000
-4,9264100E-003	2,212049875718849E-001	3,000000000000000E+000
-3,9467048E-003	2,251282531198937E-001	3,000000000000000E+000
-2,8776287E-003	2,333617398592969E-001	3,000000000000000E+000
-1,8671426E-003	2,383415964561415E-001	3,000000000000000E+000
-9,8423741E-004	2,433704438800410E-001	3,000000000000000E+000
1,0030100E-004	2,611013987981217E-001	3,000000000000000E+000
9,8180317E-004	2,521889805793762E-001	3,000000000000000E+000
1,2301538E-003	2,511124610900879E-001	4,000000000000000E+000
1,2438501E-003	2,583169904020106E-001	4,000000000000000E+000
2,3158975E-003	2,647691279546258E-001	4,000000000000000E+000
3,2092044E-003	2,709152914531963E-001	4,000000000000000E+000
4,3033287E-003	2,766052153375422E-001	4,000000000000000E+000
5,3133899E-003	2,825895836059428E-001	4,000000000000000E+000
6,1871670E-003	2,887069034234933E-001	4,000000000000000E+000
7,2874478E-003	2,935559152780731E-001	4,000000000000000E+000
8,2370099E-003	3,008999598678215E-001	4,000000000000000E+000
9,3173357E-003	3,062760756195844E-001	4,000000000000000E+000
1,0279421E-002	3,120335074038165E-001	4,000000000000000E+000
1,1255093E-002	3,183424955285679E-001	4,000000000000000E+000
1,2268550E-002	3,243281590597094E-001	4,000000000000000E+000
1,3322554E-002	3,298351079898154E-001	4,000000000000000E+000
1,4290798E-002	3,360641340518171E-001	4,000000000000000E+000
1,5258614E-002	3,420857109077691E-001	4,000000000000000E+000
1,6294358E-002	3,482449545473276E-001	4,000000000000000E+000
1,7273001E-002	3,537748349933993E-001	4,000000000000000E+000
1,8304721E-002	3,596402317182070E-001	4,000000000000000E+000
1,9216282E-002	3,654392643883412E-001	4,000000000000000E+000
2,0217853E-002	3,732983042589497E-001	4,000000000000000E+000
2,1227276E-002	3,768138561863468E-001	4,000000000000000E+000
2,2208678E-002	3,850422597800698E-001	4,000000000000000E+000
2,3239542E-002	3,893369845528589E-001	4,000000000000000E+000
2,4218824E-002	3,954141468792751E-001	4,000000000000000E+000
2,5313159E-002	4,023333730745242E-001	4,000000000000000E+000
2,6410548E-002	4,175567054965854E-001	4,000000000000000E+000
2,7354263E-002	4,107160599022694E-001	4,000000000000000E+000
2,8248208E-002	4,235897313337769E-001	4,000000000000000E+000
2,9258272E-002	4,258383310710387E-001	4,000000000000000E+000
3,0348999E-002	4,327256349174111E-001	4,000000000000000E+000
3,1227870E-002	4,391099995053898E-001	4,000000000000000E+000
3,2217555E-002	4,432427783807107E-001	4,000000000000000E+000
3,3368994E-002	4,497282947672332E-001	4,000000000000000E+000
3,4133445E-002	4,548433568949504E-001	4,000000000000000E+000
3,5322461E-002	4,616735231441753E-001	4,000000000000000E+000
3,6321051E-002	4,663112935765348E-001	4,000000000000000E+000
3,7254695E-002	4,719935605923347E-001	4,000000000000000E+000
3,8149703E-002	4,767266648769786E-001	4,000000000000000E+000
3,9287347E-002	4,835947597037169E-001	4,000000000000000E+000
4,0249437E-002	4,881819365546098E-001	4,000000000000000E+000
4,1108981E-002	4,931104810804967E-001	4,000000000000000E+000
4,2198014E-002	4,973295838054703E-001	4,000000000000000E+000
4,3209560E-002	5,036049129751845E-001	4,000000000000000E+000
4,4219624E-002	5,071665241072587E-001	4,000000000000000E+000
4,5277242E-002	5,116830707217268E-001	4,000000000000000E+000
4,6206418E-002	5,163955042759598E-001	4,000000000000000E+000
4,7172964E-002	5,210625190391323E-001	4,000000000000000E+000
4,8263900E-002	5,260479882256028E-001	4,000000000000000E+000
4,9288187E-002	5,309974533091840E-001	4,000000000000000E+000
5,0296973E-002	5,379049643977636E-001	4,000000000000000E+000
5,1268190E-002	5,418416955508301E-001	4,000000000000000E+000
5,2293107E-002	5,493748156457314E-001	4,000000000000000E+000
5,3370249E-002	5,546407649914444E-001	4,000000000000000E+000
5,4140225E-002	5,612534346162463E-001	4,000000000000000E+000
5,5238534E-002	5,769663822009345E-001	4,000000000000000E+000
5,6227606E-002	5,720275157234731E-001	4,000000000000000E+000
5,7204757E-002	5,832998365577744E-001	4,000000000000000E+000
5,8188077E-002	5,874197740211269E-001	4,000000000000000E+000
5,9250779E-002	5,934573635976363E-001	4,000000000000000E+000
6,0233887E-002	5,997505445136806E-001	4,000000000000000E+000
6,1146293E-002	6,059340685606012E-001	4,000000000000000E+000
6,2277995E-002	6,119141817713807E-001	4,000000000000000E+000
6,3240930E-002	6,188125127098649E-001	4,000000000000000E+000
6,4300239E-002	6,233976834143196E-001	4,000000000000000E+000
6,5099500E-002	6,309267538082270E-001	4,000000000000000E+000
6,6092372E-002	6,361998299964604E-001	4,000000000000000E+000
6,7237020E-002	6,434664190229462E-001	4,000000000000000E+000
6,8273410E-002	6,486933696497657E-001	4,000000000000000E+000
6,9138266E-002	6,539132671637695E-001	4,000000000000000E+000
7,0236832E-002	6,605423122851415E-001	4,000000000000000E+000
7,1232475E-002	6,654139853393035E-001	4,000000000000000E+000
7,2235525E-002	6,727655654669675E-001	4,000000000000000E+000
7,3195279E-002	6,775547456927633E-001	4,000000000000000E+000
7,4284732E-002	6,837693582185453E-001	4,000000000000000E+000
7,5146839E-002	6,895935902785926E-001	4,000000000000000E+000
7,6121442E-002	6,947855881622296E-001	4,000000000000000E+000
7,7141479E-002	7,038172399107800E-001	4,000000000000000E+000
7,8279130E-002	7,060236560387771E-001	4,000000000000000E+000
7,9251193E-002	7,138699902635494E-001	4,000000000000000E+000
8,0151714E-002	7,187529961682060E-001	4,000000000000000E+000
8,1201896E-002	7,246283034069663E-001	4,000000000000000E+000
8,2192160E-002	7,382866606219807E-001	4,000000000000000E+000
8,3280362E-002	7,329675954145696E-001	4,000000000000000E+000
8,4216975E-002	7,458113814290215E-001	4,000000000000000E+000
8,5199855E-002	7,468416270696476E-001	4,000000000000000E+000
8,6128622E-002	7,546855145030569E-001	4,000000000000000E+000
8,7310418E-002	7,591214131874340E-001	4,000000000000000E+000
8,8244058E-002	7,640735056872172E-001	4,000000000000000E+000
8,9204021E-002	7,694370019663568E-001	4,000000000000000E+000
9,0305150E-002	7,738476488739279E-001	4,000000000000000E+000
9,1255143E-002	7,779094800870467E-001	4,000000000000000E+000
9,2151836E-002	7,830022780949051E-001	4,000000000000000E+000
9,3205206E-002	7,869124798000691E-001	4,000000000000000E+000
9,4320565E-002	7,906629214477210E-001	4,000000000000000E+000
9,5306851E-002	7,945296666584944E-001	4,000000000000000E+000
9,6144117E-002	7,974549384477250E-001	4,000000000000000E+000
9,7183041E-002	8,019786041954315E-001	4,000000000000000E+000
9,8157018E-002	8,026719576575712E-001	4,000000000000000E+000
9,9222481E-002	8,044443597189250E-001	4,000000000000000E+000
1,0017481E-001	8,061552047729508E-001	4,000000000000000E+000
1,0146338E-001	8,052452317852969E-001	4,000000000000000E+000
1,0230871E-001	8,070532693010257E-001	4,000000000000000E+000
1,0317505E-001	8,094363176367374E-001	4,000000000000000E+000
1,0424095E-001	8,110473494873283E-001	4,000000000000000E+000
1,0519815E-001	8,146745479769200E-001	4,000000000000000E+000
1,0623878E-001	8,197409313482549E-001	4,000000000000000E+000
1,0712700E-001	8,242452290530036E-001	4,000000000000000E+000
1,0821050E-001	8,315506142357165E-001	4,000000000000000E+000
1,0922799E-001	8,370203810950958E-001	4,000000000000000E+000
1,1022765E-001	8,445520801469684E-001	4,000000000000000E+000
1,1122562E-001	8,512212776889427E-001	4,000000000000000E+000
1,1219513E-001	8,582572161944420E-001	4,000000000000000E+000
1,1312219E-001	8,658968371132207E-001	4,000000000000000E+000
1,1432458E-001	8,727223740683696E-001	4,000000000000000E+000
1,1517245E-001	8,794545934328610E-001	4,000000000000000E+000
1,1625702E-001	8,871584176603271E-001	4,000000000000000E+000
1,1718388E-001	9,004317503939931E-001	4,000000000000000E+000
1,1819518E-001	9,011170781321045E-001	4,000000000000000E+000
1,1923093E-001	9,110091420718369E-001	4,000000000000000E+000
1,2015054E-001	9,150482301807248E-001	4,000000000000000E+000
1,2122069E-001	9,233262939378601E-001	4,000000000000000E+000
1,2213777E-001	9,310634601343830E-001	4,000000000000000E+000
1,2319156E-001	9,355867003711609E-001	4,000000000000000E+000
1,2420905E-001	9,444151679053903E-001	4,000000000000000E+000
1,2511764E-001	9,490532596699115E-001	4,000000000000000E+000
1,2615825E-001	9,563276010255031E-001	4,000000000000000E+000
1,2721865E-001	9,624068880350229E-001	4,000000000000000E+000
1,2825291E-001	9,690555136961265E-001	4,000000000000000E+000
1,2920098E-001	9,755285007672150E-001	4,000000000000000E+000
1,3017750E-001	9,825096226607757E-001	4,000000000000000E+000
1,3120838E-001	9,877463800625641E-001	4,000000000000000E+000
1,3220868E-001	9,958703338892985E-001	4,000000000000000E+000
1,3309965E-001	1,000993858815898E+000	4,000000000000000E+000
1,3417317E-001	1,007567833798628E+000	4,000000000000000E+000
1,3523206E-001	1,015426510220604E+000	4,000000000000000E+000
1,3599353E-001	1,020251476412845E+000	4,000000000000000E+000
1,3712737E-001	1,026529707635447E+000	4,000000000000000E+000
1,3820939E-001	1,033052231909506E+000	4,000000000000000E+000
1,3914768E-001	1,038513518662915E+000	4,000000000000000E+000
1,4014798E-001	1,045711649478315E+000	4,000000000000000E+000
1,4117250E-001	1,059333897299240E+000	4,000000000000000E+000
1,4226680E-001	1,057347490038318E+000	4,000000000000000E+000
1,4315245E-001	1,066765350186163E+000	4,000000000000000E+000
1,4422385E-001	1,070490408378348E+000	4,000000000000000E+000
1,4520951E-001	1,074542505873575E+000	4,000000000000000E+000
1,4615971E-001	1,078973009768458E+000	4,000000000000000E+000
1,4722200E-001	1,082205682061611E+000	4,000000000000000E+000
1,4815965E-001	1,086813211441043E+000	4,000000000000000E+000
1,4905022E-001	1,088237337043719E+000	4,000000000000000E+000
1,5018445E-001	1,090996162448498E+000	4,000000000000000E+000
1,5128623E-001	1,093700659668284E+000	4,000000000000000E+000
1,5216127E-001	1,094127571003309E+000	4,000000000000000E+000
1,5307452E-001	1,094885004580854E+000	4,000000000000000E+000
1,5417863E-001	1,094632912116751E+000	4,000000000000000E+000
1,5516473E-001	1,090589510380394E+000	4,000000000000000E+000
1,5604274E-001	1,085960890269950E+000	4,000000000000000E+000
1,5714896E-001	1,081140644020506E+000	4,000000000000000E+000
1,5824732E-001	1,073935427702970E+000	4,000000000000000E+000
1,5918204E-001	1,072565475168329E+000	4,000000000000000E+000
1,6031204E-001	1,070607510809268E+000	4,000000000000000E+000
1,6123019E-001	1,071695297956468E+000	4,000000000000000E+000
1,6212922E-001	1,074104630595286E+000	4,000000000000000E+000
1,6310085E-001	1,079313249327242E+000	4,000000000000000E+000
1,6404638E-001	1,087958023366006E+000	4,000000000000000E+000
1,6526215E-001	1,094601489086122E+000	4,000000000000000E+000
1,6932446E-001	1,130298028079173E+000	4,000000000000000E+000
1,7030652E-001	1,142477228202765E+000	4,000000000000000E+000
1,7125733E-001	1,151590398409308E+000	4,000000000000000E+000
1,7230816E-001	1,162398705258966E+000	4,000000000000000E+000
1,7330572E-001	1,173494370861192E+000	4,000000000000000E+000
1,7433740E-001	1,182647936873976E+000	4,000000000000000E+000
1,7529994E-001	1,191788630973964E+000	4,000000000000000E+000
1,7633039E-001	1,203613165041643E+000	4,000000000000000E+000
1,7729692E-001	1,217753316379262E+000	4,000000000000000E+000
1,7833601E-001	1,223610906861728E+000	4,000000000000000E+000
1,7931190E-001	1,234186877806983E+000	4,000000000000000E+000
1,8035147E-001	1,241789498366416E+000	4,000000000000000E+000
1,8136217E-001	1,251855298669806E+000	4,000000000000000E+000
1,8235907E-001	1,259573468938473E+000	4,000000000000000E+000
1,8336298E-001	1,267463567563235E+000	4,000000000000000E+000
1,8426540E-001	1,277162345022798E+000	4,000000000000000E+000
1,8532450E-001	1,283930047001279E+000	4,000000000000000E+000
1,8634495E-001	1,292601975198426E+000	4,000000000000000E+000
1,8732169E-001	1,301394661888484E+000	4,000000000000000E+000
1,8832880E-001	1,310432572228223E+000	4,000000000000000E+000
1,8933864E-001	1,318988809362058E+000	4,000000000000000E+000
1,9028248E-001	1,327405120660039E+000	4,000000000000000E+000
1,9134328E-001	1,335468047195018E+000	4,000000000000000E+000
1,9232893E-001	1,344878147977091E+000	4,000000000000000E+000
1,9328633E-001	1,352024709598890E+000	4,000000000000000E+000
1,9432102E-001	1,360207473341791E+000	4,000000000000000E+000
1,9536024E-001	1,371523895611368E+000	4,000000000000000E+000
1,9634619E-001	1,376501086064514E+000	4,000000000000000E+000
1,9731531E-001	1,384336970643041E+000	4,000000000000000E+000
1,9829606E-001	1,391873849452375E+000	4,000000000000000E+000
1,9932905E-001	1,398712708511290E+000	4,000000000000000E+000
2,0018758E-001	1,403792767785493E+000	4,000000000000000E+000
2,0067106E-001	1,411573767662048E+000	4,000000000000000E+000
1,9989263E-001	1,296710259074139E+000	4,000000000000000E+000
1,9893627E-001	1,258909473506118E+000	4,000000000000000E+000
1,9795169E-001	1,238116035237915E+000	4,000000000000000E+000
1,9694929E-001	1,215456707610036E+000	4,000000000000000E+000
1,9595069E-001	1,195472639571463E+000	4,000000000000000E+000
1,9489585E-001	1,173754385569030E+000	4,000000000000000E+000
1,9395179E-001	1,153334397822624E+000	4,000000000000000E+000
1,9289273E-001	1,130896693819930E+000	4,000000000000000E+000
1,9192003E-001	1,110751512667376E+000	4,000000000000000E+000
1,9090763E-001	1,089463784566359E+000	4,000000000000000E+000
1,8989481E-001	1,065579201508733E+000	4,000000000000000E+000
1,8895373E-001	1,039369421493682E+000	4,000000000000000E+000
1,8793476E-001	1,010997888114720E+000	4,000000000000000E+000
1,8688087E-001	9,784564598877381E-001	4,000000000000000E+000
1,8590045E-001	9,558852458269200E-001	4,000000000000000E+000
1,8486893E-001	9,351745984103097E-001	4,000000000000000E+000
1,8393849E-001	9,159797655625503E-001	4,000000000000000E+000
1,8294287E-001	9,017876157951026E-001	4,000000000000000E+000
1,8189479E-001	8,928653821866561E-001	4,000000000000000E+000
1,8100999E-001	8,846220726457741E-001	4,000000000000000E+000
1,8002817E-001	8,800946893687929E-001	4,000000000000000E+000
1,7887907E-001	8,767256717094167E-001	4,000000000000000E+000
1,7788300E-001	8,742296487713865E-001	4,000000000000000E+000
1,7698482E-001	8,712435634289371E-001	4,000000000000000E+000
1,7596669E-001	8,695346501966341E-001	4,000000000000000E+000
1,7483774E-001	8,681609129222760E-001	4,000000000000000E+000
1,7396100E-001	8,657115857220372E-001	4,000000000000000E+000
1,7298937E-001	8,638053422069376E-001	4,000000000000000E+000
1,7186849E-001	8,608531852563264E-001	4,000000000000000E+000
1,7096987E-001	8,594657214254975E-001	4,000000000000000E+000
1,6993138E-001	8,555280999797912E-001	4,000000000000000E+000
1,6890007E-001	8,540026769559432E-001	4,000000000000000E+000
1,6792525E-001	8,503154031414972E-001	4,000000000000000E+000
1,6689949E-001	8,465178640455830E-001	4,000000000000000E+000
1,6590406E-001	8,418705945110174E-001	4,000000000000000E+000
1,6492754E-001	8,366748932749033E-001	4,000000000000000E+000
1,6391112E-001	8,320435136556652E-001	4,000000000000000E+000
1,6289321E-001	8,265561072880239E-001	4,000000000000000E+000
1,6193877E-001	8,204365033759835E-001	4,000000000000000E+000
1,6090116E-001	8,080295854144643E-001	4,000000000000000E+000
1,5993248E-001	8,080857892831173E-001	4,000000000000000E+000
1,5889078E-001	8,032582351006581E-001	4,000000000000000E+000
1,5788879E-001	7,979140200445212E-001	4,000000000000000E+000
1,5689082E-001	7,926090261898935E-001	4,000000000000000E+000
1,5593936E-001	7,862305444044395E-001	4,000000000000000E+000
1,5493354E-001	7,815334747235001E-001	4,000000000000000E+000
1,5386720E-001	7,739287386130993E-001	4,000000000000000E+000
1,5290684E-001	7,677326715654811E-001	4,000000000000000E+000
1,5189147E-001	7,624161157550091E-001	4,000000000000000E+000
1,5089159E-001	7,565213392178238E-001	4,000000000000000E+000
1,4990571E-001	7,501767936887016E-001	4,000000000000000E+000
1,4898567E-001	7,439786984274797E-001	4,000000000000000E+000
1,4789070E-001	7,372024316444179E-001	4,000000000000000E+000
1,4693414E-001	7,297165166690132E-001	4,000000000000000E+000
1,4590052E-001	7,240052448792635E-001	4,000000000000000E+000
1,4495179E-001	7,157577160331972E-001	4,000000000000000E+000
1,4391416E-001	7,082123578940003E-001	4,000000000000000E+000
1,4293592E-001	7,012547045532198E-001	4,000000000000000E+000
1,4199953E-001	6,919389848804327E-001	4,000000000000000E+000
1,4092706E-001	6,825468313052454E-001	4,000000000000000E+000
1,3993183E-001	6,730528523524626E-001	4,000000000000000E+000
1,3896129E-001	6,627728326453129E-001	4,000000000000000E+000
1,3792947E-001	6,460899788782841E-001	4,000000000000000E+000
1,3696517E-001	6,405940423202185E-001	4,000000000000000E+000
1,3597591E-001	6,309897670936255E-001	4,000000000000000E+000
1,3491853E-001	6,193233498165203E-001	4,000000000000000E+000
1,3390930E-001	6,059871699867969E-001	4,000000000000000E+000
1,3291134E-001	5,929533819564534E-001	4,000000000000000E+000
1,3196900E-001	5,787675875859986E-001	4,000000000000000E+000
1,3092093E-001	5,616052889575576E-001	4,000000000000000E+000
1,2994759E-001	5,480867011679585E-001	4,000000000000000E+000
1,2892586E-001	5,349192810244894E-001	4,000000000000000E+000
1,2792155E-001	5,215693661011787E-001	4,000000000000000E+000
1,2692697E-001	5,132941796133927E-001	4,000000000000000E+000
1,2592348E-001	5,049024151327717E-001	4,000000000000000E+000
1,2492659E-001	4,912862601017363E-001	4,000000000000000E+000
1,2395499E-001	4,924573485946508E-001	4,000000000000000E+000
1,2291033E-001	4,886449227730454E-001	4,000000000000000E+000
1,2192488E-001	4,851602708092990E-001	4,000000000000000E+000
1,2094965E-001	4,815313292201622E-001	4,000000000000000E+000
1,1993809E-001	4,790427531891828E-001	4,000000000000000E+000
1,1893991E-001	4,753533795010316E-001	4,000000000000000E+000
1,1797592E-001	4,717424608922256E-001	4,000000000000000E+000
1,1694846E-001	4,679215428574635E-001	4,000000000000000E+000
1,1590952E-001	4,647933172269010E-001	4,000000000000000E+000
1,1487526E-001	4,609745062835939E-001	4,000000000000000E+000
1,1389492E-001	4,564566385104420E-001	4,000000000000000E+000
1,1291181E-001	4,526908808491301E-001	4,000000000000000E+000
1,1040759E-001	3,984166983909064E-001	4,000000000000000E+000
1,0770994E-001	4,545390402587755E-001	4,000000000000000E+000
1,0678140E-001	4,133687405329622E-001	4,000000000000000E+000
1,0586517E-001	4,221584272260488E-001	4,000000000000000E+000
1,0498821E-001	4,127704805901503E-001	4,000000000000000E+000
1,0391001E-001	4,077921927285706E-001	4,000000000000000E+000
1,0291734E-001	4,015676458883624E-001	4,000000000000000E+000
1,0187459E-001	3,972137489149148E-001	4,000000000000000E+000
1,0077899E-001	3,918009334140371E-001	4,000000000000000E+000
9,9828355E-002	3,866120842544161E-001	4,000000000000000E+000
9,8759502E-002	3,803443698626436E-001	4,000000000000000E+000
9,7909495E-002	3,770403586483269E-001	4,000000000000000E+000
9,6914507E-002	3,692386818584068E-001	4,000000000000000E+000
9,5839918E-002	3,642052410480904E-001	4,000000000000000E+000
9,4795473E-002	3,583182410285304E-001	4,000000000000000E+000
9,3846545E-002	3,529015085659930E-001	4,000000000000000E+000
9,2803784E-002	3,464040063166367E-001	4,000000000000000E+000
9,1856778E-002	3,411979601563275E-001	4,000000000000000E+000
9,0799205E-002	3,342506296208349E-001	4,000000000000000E+000
8,9900583E-002	3,216488351528030E-001	4,000000000000000E+000
8,8886060E-002	3,236761011131541E-001	4,000000000000000E+000
8,8001259E-002	3,140839313467370E-001	4,000000000000000E+000
8,6817339E-002	3,093256756094203E-001	4,000000000000000E+000
8,5849293E-002	3,016472216436856E-001	4,000000000000000E+000
8,4777460E-002	2,949725098183599E-001	4,000000000000000E+000
8,3869293E-002	2,880839478069310E-001	4,000000000000000E+000
8,2982771E-002	2,798875817873840E-001	4,000000000000000E+000
8,1855536E-002	2,728015297195974E-001	4,000000000000000E+000
8,0982827E-002	2,649821389156091E-001	4,000000000000000E+000
7,9887003E-002	2,574039938497470E-001	4,000000000000000E+000
7,8892648E-002	2,483581397165038E-001	4,000000000000000E+000
7,7984273E-002	2,414434817102231E-001	4,000000000000000E+000
7,6858521E-002	2,293399655932764E-001	4,000000000000000E+000
7,5774372E-002	2,220378324337711E-001	4,000000000000000E+000
7,4733734E-002	2,116409108922305E-001	4,000000000000000E+000
7,3717736E-002	2,018262682637832E-001	4,000000000000000E+000
7,2896175E-002	1,926675731988834E-001	4,000000000000000E+000
7,1812041E-002	1,845595353127765E-001	4,000000000000000E+000
7,0990942E-002	1,755202516473622E-001	4,000000000000000E+000
6,9871753E-002	1,611275398172449E-001	4,000000000000000E+000
6,8967625E-002	1,632390134424595E-001	4,000000000000000E+000
6,7845903E-002	1,551105065478223E-001	4,000000000000000E+000
6,6972129E-002	1,500437984036078E-001	4,000000000000000E+000
6,6064596E-002	1,450780388873278E-001	4,000000000000000E+000
6,4923137E-002	1,393845374437265E-001	4,000000000000000E+000
6,3890569E-002	1,343870815019033E-001	4,000000000000000E+000
6,2962875E-002	1,308032414979411E-001	4,000000000000000E+000
6,1917573E-002	1,251140941296600E-001	4,000000000000000E+000
6,1058231E-002	1,196716872768273E-001	4,000000000000000E+000
5,9992347E-002	1,148576794593182E-001	4,000000000000000E+000
5,8860220E-002	1,096538701870791E-001	4,000000000000000E+000
5,7937402E-002	1,053487465251239E-001	4,000000000000000E+000
5,6888707E-002	9,941071572635996E-002	4,000000000000000E+000
5,5960588E-002	9,439893890844908E-002	4,000000000000000E+000
5,4947980E-002	8,854902815720545E-002	4,000000000000000E+000
5,3844728E-002	8,392673867961642E-002	4,000000000000000E+000
5,2807916E-002	7,822771691846575E-002	4,000000000000000E+000
5,1912706E-002	7,280980652689739E-002	4,000000000000000E+000
5,1073316E-002	6,793768521553534E-002	4,000000000000000E+000
5,0033536E-002	6,127561698667705E-002	4,000000000000000E+000
4,8960425E-002	5,556217629863480E-002	4,000000000000000E+000
4,7909182E-002	5,115864696886596E-002	4,000000000000000E+000
4,6980210E-002	4,285263208051526E-002	4,000000000000000E+000
4,5999661E-002	3,964322341683640E-002	4,000000000000000E+000
4,4879846E-002	3,247395287487787E-002	4,000000000000000E+000
4,4017106E-002	2,710419143032700E-002	4,000000000000000E+000
4,2933598E-002	2,147547662672072E-002	4,000000000000000E+000
4,1840956E-002	1,504011464405471E-002	4,000000000000000E+000
4,0786862E-002	4,277467443191421E-003	4,000000000000000E+000
3,9953761E-002	3,223323020241278E-003	4,000000000000000E+000
3,9034341E-002	-5,946920099169764E-003	4,000000000000000E+000
3,7908379E-002	-7,707927993679836E-003	4,000000000000000E+000
3,6907442E-002	-1,663067436877308E-002	4,000000000000000E+000
3,6016893E-002	-2,068076957301745E-002	4,000000000000000E+000
3,5017870E-002	-2,677065274716969E-002	4,000000000000000E+000
3,3961106E-002	-3,415009259091051E-002	4,000000000000000E+000
3,2934487E-002	-3,868776309536770E-002	4,000000000000000E+000
3,1884093E-002	-4,534410976985848E-002	4,000000000000000E+000
3,0959578E-002	-5,168732328133441E-002	4,000000000000000E+000
2,9972447E-002	-5,839160388374398E-002	4,000000000000000E+000
2,9020555E-002	-6,415987107902749E-002	4,000000000000000E+000
2,8029384E-002	-7,058049721591554E-002	4,000000000000000E+000
2,6942477E-002	-7,755337177594712E-002	4,000000000000000E+000
2,5891658E-002	-8,439762687258789E-002	4,000000000000000E+000
2,4945494E-002	-9,025432777384046E-002	4,000000000000000E+000
2,3942439E-002	-9,733313867925730E-002	4,000000000000000E+000
2,2816684E-002	-1,038895976574469E-001	4,000000000000000E+000
2,1978568E-002	-1,100761898495774E-001	4,000000000000000E+000
2,0940486E-002	-1,181224127714007E-001	4,000000000000000E+000
1,9934461E-002	-1,251070668739784E-001	4,000000000000000E+000
1,8913146E-002	-1,311318403265127E-001	4,000000000000000E+000
1,7885255E-002	-1,391184660735434E-001	4,000000000000000E+000
1,7009040E-002	-1,481615692221863E-001	4,000000000000000E+000
1,5855400E-002	-1,580112109529883E-001	4,000000000000000E+000
1,4975253E-002	-1,608785363043550E-001	4,000000000000000E+000
1,3958188E-002	-1,669854920279854E-001	4,000000000000000E+000
1,2968081E-002	-1,742796700758231E-001	4,000000000000000E+000
1,1900491E-002	-1,798921659097280E-001	4,000000000000000E+000
1,1006973E-002	-1,865288821411215E-001	4,000000000000000E+000
1,0038094E-002	-1,917357787541629E-001	4,000000000000000E+000
8,8858036E-003	-1,986145937892911E-001	4,000000000000000E+000
7,9884632E-003	-2,038315728746554E-001	4,000000000000000E+000
6,8189790E-003	-2,102064833096735E-001	4,000000000000000E+000
5,9908428E-003	-2,159451540921706E-001	4,000000000000000E+000
4,7733826E-003	-2,221885895899798E-001	4,000000000000000E+000
4,1757836E-003	-2,279298076302645E-001	4,000000000000000E+000
3,0256170E-003	-2,330319362485582E-001	4,000000000000000E+000
2,0771169E-003	-2,403278101701289E-001	4,000000000000000E+000
1,0127116E-003	-2,448217925331031E-001	4,000000000000000E+000
-9,4574403E-005	-2,524067453988307E-001	4,000000000000000E+000
-1,1950680E-003	-2,577261529707648E-001	4,000000000000000E+000
-2,0524994E-003	-2,626448097483562E-001	4,000000000000000E+000
-3,1054418E-003	-2,697414499190112E-001	4,000000000000000E+000
-4,0053301E-003	-2,750939406299326E-001	4,000000000000000E+000
-4,9722986E-003	-2,809158459874901E-001	4,000000000000000E+000
-5,9604947E-003	-2,875608680769792E-001	4,000000000000000E+000
-7,0841266E-003	-2,927231016413616E-001	4,000000000000000E+000
-8,0999201E-003	-2,993145579109995E-001	4,000000000000000E+000
-9,0367459E-003	-3,051379598521917E-001	4,000000000000000E+000
-9,9461991E-003	-3,182528004722860E-001	4,000000000000000E+000
-1,1062779E-002	-3,164221225306392E-001	4,000000000000000E+000
-1,2035052E-002	-3,261378174130276E-001	4,000000000000000E+000
-1,2947254E-002	-3,294030130685600E-001	4,000000000000000E+000
-1,4054752E-002	-3,372160407145399E-001	4,000000000000000E+000
-1,4962495E-002	-3,423234522342678E-001	4,000000000000000E+000
-1,5970008E-002	-3,475816572705894E-001	4,000000000000000E+000
-1,6986227E-002	-3,542697036173177E-001	4,000000000000000E+000
-1,7944280E-002	-3,602441180652614E-001	4,000000000000000E+000
-1,9017812E-002	-3,662866130471207E-001	4,000000000000000E+000
-1,9981384E-002	-3,720515911570845E-001	4,000000000000000E+000
-2,0899529E-002	-3,786803799319163E-001	4,000000000000000E+000
-2,2081327E-002	-3,837679592995995E-001	4,000000000000000E+000
-2,3103485E-002	-3,903567742866767E-001	4,000000000000000E+000
-2,3939267E-002	-3,956575105484146E-001	4,000000000000000E+000
-2,4939774E-002	-4,029486067334389E-001	4,000000000000000E+000
-2,5984224E-002	-4,082124339313138E-001	4,000000000000000E+000
-2,6964569E-002	-4,133810499527799E-001	4,000000000000000E+000
-2,8130654E-002	-4,190416748428492E-001	4,000000000000000E+000
-2,9148996E-002	-4,253096968815147E-001	4,000000000000000E+000
-2,9945502E-002	-4,307735160562292E-001	4,000000000000000E+000
-3,0882118E-002	-4,369076363897584E-001	4,000000000000000E+000
-3,1941004E-002	-4,420882262703412E-001	4,000000000000000E+000
-3,2867432E-002	-4,474635045044124E-001	4,000000000000000E+000
-3,4176171E-002	-4,529334832655465E-001	4,000000000000000E+000
-3,5032965E-002	-4,591978024432652E-001	4,000000000000000E+000
-3,5945799E-002	-4,642798782378019E-001	4,000000000000000E+000
-3,7092570E-002	-4,679262742865831E-001	4,000000000000000E+000
-3,8112789E-002	-4,828573424731277E-001	4,000000000000000E+000
-3,9037298E-002	-4,767442554908072E-001	4,000000000000000E+000
-3,9990682E-002	-4,846537750628253E-001	4,000000000000000E+000
-4,1128322E-002	-4,897043873659435E-001	4,000000000000000E+000
-4,1914646E-002	-4,940299618368336E-001	4,000000000000000E+000
-4,3030206E-002	-5,011473985181905E-001	4,000000000000000E+000
-4,3949198E-002	-5,050483782672188E-001	4,000000000000000E+000
-4,5066252E-002	-5,128352511156766E-001	4,000000000000000E+000
-4,5967624E-002	-5,165345736572298E-001	4,000000000000000E+000
-4,7004011E-002	-5,256749233748312E-001	4,000000000000000E+000
-4,8017044E-002	-5,299462260574934E-001	4,000000000000000E+000
-4,8967663E-002	-5,385021762922406E-001	4,000000000000000E+000
-4,9987495E-002	-5,421526886833181E-001	4,000000000000000E+000
-5,1050413E-002	-5,489667526239312E-001	4,000000000000000E+000
-5,2021198E-002	-5,554794879733684E-001	4,000000000000000E+000
-5,2885633E-002	-5,616143267705187E-001	4,000000000000000E+000
-5,3943675E-002	-5,682064296367255E-001	4,000000000000000E+000
-5,4955013E-002	-5,743466698461095E-001	4,000000000000000E+000
-5,5927921E-002	-5,800483390792337E-001	4,000000000000000E+000
-5,7061743E-002	-5,872929276795009E-001	4,000000000000000E+000
-5,8047179E-002	-5,924940690294721E-001	4,000000000000000E+000
-5,8970209E-002	-5,982175698089911E-001	4,000000000000000E+000
-5,9953947E-002	-6,054408374345961E-001	4,000000000000000E+000
-6,0956795E-002	-6,109031571282264E-001	4,000000000000000E+000
-6,2023748E-002	-6,163923114331202E-001	4,000000000000000E+000
-6,3034236E-002	-6,237001757965306E-001	4,000000000000000E+000
-6,4107977E-002	-6,279697615342812E-001	4,000000000000000E+000
-6,4922608E-002	-6,433232187603899E-001	4,000000000000000E+000
-6,5915994E-002	-6,388252973556515E-001	4,000000000000000E+000
-6,6931367E-002	-6,486857405656750E-001	4,000000000000000E+000
-6,7976877E-002	-6,539533204502499E-001	4,000000000000000E+000
-6,8989702E-002	-6,589379391839909E-001	4,000000000000000E+000
-6,9907002E-002	-6,661773116534775E-001	4,000000000000000E+000
-7,1026176E-002	-6,703473973708851E-001	4,000000000000000E+000
-7,2037287E-002	-6,771543786033121E-001	4,000000000000000E+000
-7,3052876E-002	-6,820816415775953E-001	4,000000000000000E+000
-7,4039370E-002	-6,889137014643163E-001	4,000000000000000E+000
-7,4910179E-002	-6,940699672947286E-001	4,000000000000000E+000
-7,6014064E-002	-7,012578220520533E-001	4,000000000000000E+000
-7,6967239E-002	-7,067432629151487E-001	4,000000000000000E+000
-7,7930592E-002	-7,114984250317002E-001	4,000000000000000E+000
-7,8948930E-002	-7,173424718591050E-001	4,000000000000000E+000
-7,9866864E-002	-7,224231991502943E-001	4,000000000000000E+000
-8,0934249E-002	-7,284363157426288E-001	4,000000000000000E+000
-8,2053415E-002	-7,339524176592613E-001	4,000000000000000E+000
-8,3098717E-002	-7,380660323736556E-001	4,000000000000000E+000
-8,3883971E-002	-7,428689147345722E-001	4,000000000000000E+000
-8,4976397E-002	-7,477024909522774E-001	4,000000000000000E+000
-8,6025946E-002	-7,519412575186113E-001	4,000000000000000E+000
-8,7086745E-002	-7,573814637338128E-001	4,000000000000000E+000
-8,7931007E-002	-7,600601235818498E-001	4,000000000000000E+000
-8,8896506E-002	-7,647277086766200E-001	4,000000000000000E+000
-8,9918874E-002	-7,686147885397041E-001	4,000000000000000E+000
-9,0850607E-002	-7,709360834625034E-001	4,000000000000000E+000
-9,2025183E-002	-7,752183081271713E-001	4,000000000000000E+000
-9,3019955E-002	-7,754113014994370E-001	4,000000000000000E+000
-9,3897976E-002	-7,767938506375573E-001	4,000000000000000E+000
-9,4992958E-002	-7,789913304667486E-001	4,000000000000000E+000
-9,5886469E-002	-7,789783912917780E-001	4,000000000000000E+000
-9,6953847E-002	-7,817550995387119E-001	4,000000000000000E+000
-9,7928464E-002	-7,858551227384121E-001	4,000000000000000E+000
-9,9020898E-002	-7,894707742250642E-001	4,000000000000000E+000
-9,9956222E-002	-7,928794223504756E-001	4,000000000000000E+000
-1,0091934E-001	-8,096399504380898E-001	4,000000000000000E+000
-1,0188716E-001	-8,044779851722215E-001	4,000000000000000E+000
-1,0303477E-001	-8,143156575970352E-001	4,000000000000000E+000
-1,0397203E-001	-8,206276782374395E-001	4,000000000000000E+000
-1,0491586E-001	-8,277471824031739E-001	4,000000000000000E+000
-1,0602590E-001	-8,343367513476125E-001	4,000000000000000E+000
-1,0693598E-001	-8,412174698379271E-001	4,000000000000000E+000
-1,0789467E-001	-8,496500046199351E-001	4,000000000000000E+000
-1,0893191E-001	-8,552424876122837E-001	4,000000000000000E+000
-1,1002519E-001	-8,636300113672997E-001	4,000000000000000E+000
-1,1087795E-001	-8,687796461809834E-001	4,000000000000000E+000
-1,1194087E-001	-8,770897826179862E-001	4,000000000000000E+000
-1,1287323E-001	-8,822329271481255E-001	4,000000000000000E+000
-1,1396842E-001	-8,915241729571584E-001	4,000000000000000E+000
-1,1492009E-001	-8,969558945650009E-001	4,000000000000000E+000
-1,1587093E-001	-9,042261148182025E-001	4,000000000000000E+000
-1,1685744E-001	-9,112220874780554E-001	4,000000000000000E+000
-1,1795985E-001	-9,177059359434594E-001	4,000000000000000E+000
-1,1894038E-001	-9,238996314298795E-001	4,000000000000000E+000
-1,1992264E-001	-9,303886491494850E-001	4,000000000000000E+000
-1,2106963E-001	-9,365810463204962E-001	4,000000000000000E+000
-1,2198989E-001	-9,425392489776829E-001	4,000000000000000E+000
-1,2296344E-001	-9,494377824788289E-001	4,000000000000000E+000
-1,2385911E-001	-9,624653491708943E-001	4,000000000000000E+000
-1,2489926E-001	-9,620177326206516E-001	4,000000000000000E+000
-1,2590040E-001	-9,719455534488795E-001	4,000000000000000E+000
-1,2690899E-001	-9,760888926684821E-001	4,000000000000000E+000
-1,2792139E-001	-9,835622730768350E-001	4,000000000000000E+000
-1,2879324E-001	-9,892706486086027E-001	4,000000000000000E+000
-1,2986636E-001	-9,954040728302473E-001	4,000000000000000E+000
-1,3090974E-001	-1,001351990012658E+000	4,000000000000000E+000
-1,3191853E-001	-1,006663158432474E+000	4,000000000000000E+000
-1,3285239E-001	-1,014014515301415E+000	4,000000000000000E+000
-1,3380620E-001	-1,019461844633849E+000	4,000000000000000E+000
-1,3489819E-001	-1,027014104442461E+000	4,000000000000000E+000
-1,3595220E-001	-1,031474742003613E+000	4,000000000000000E+000
-1,3707945E-001	-1,036879562358886E+000	4,000000000000000E+000
-1,3784623E-001	-1,042930702989295E+000	4,000000000000000E+000
-1,3890916E-001	-1,046892772118249E+000	4,000000000000000E+000
-1,3998882E-001	-1,051076528409288E+000	4,000000000000000E+000
-1,4087620E-001	-1,054113066237836E+000	4,000000000000000E+000
-1,4186016E-001	-1,056946464917718E+000	4,000000000000000E+000
-1,4282267E-001	-1,061115007537101E+000	4,000000000000000E+000
-1,4393187E-001	-1,063294432953832E+000	4,000000000000000E+000
-1,4487018E-001	-1,064569083766798E+000	4,000000000000000E+000
-1,4586261E-001	-1,066946886997254E+000	4,000000000000000E+000
-1,4691789E-001	-1,067499199882146E+000	4,000000000000000E+000
-1,4799759E-001	-1,066993379241062E+000	4,000000000000000E+000
-1,4891061E-001	-1,062439729149148E+000	4,000000000000000E+000
-1,4985001E-001	-1,059628264461123E+000	4,000000000000000E+000
-1,5089212E-001	-1,053642222140393E+000	4,000000000000000E+000
-1,5187904E-001	-1,051082231207845E+000	4,000000000000000E+000
-1,5300883E-001	-1,046140026611582E+000	4,000000000000000E+000
-1,5390788E-001	-1,048844245055477E+000	4,000000000000000E+000
-1,5496102E-001	-1,050148439283166E+000	4,000000000000000E+000
-1,5598975E-001	-1,055269522178502E+000	4,000000000000000E+000
-1,5690109E-001	-1,060691737155945E+000	4,000000000000000E+000
-1,5788570E-001	-1,068007221445435E+000	4,000000000000000E+000
-1,5898342E-001	-1,076288629633691E+000	4,000000000000000E+000
-1,5989180E-001	-1,085599303555984E+000	4,000000000000000E+000
-1,6087534E-001	-1,095025378382864E+000	4,000000000000000E+000
-1,6508923E-001	-1,140100353914828E+000	4,000000000000000E+000
-1,6606146E-001	-1,144782057031979E+000	4,000000000000000E+000
-1,6704181E-001	-1,154877553383509E+000	4,000000000000000E+000
-1,6802046E-001	-1,164595282429616E+000	4,000000000000000E+000
-1,6900718E-001	-1,174358703299522E+000	4,000000000000000E+000
-1,7010872E-001	-1,184370402143230E+000	4,000000000000000E+000
-1,7102431E-001	-1,193320158765542E+000	4,000000000000000E+000
-1,7203523E-001	-1,203010353777138E+000	4,000000000000000E+000
-1,7306927E-001	-1,211880587558776E+000	4,000000000000000E+000
-1,7406683E-001	-1,220276743173594E+000	4,000000000000000E+000
-1,7509280E-001	-1,228718390377855E+000	4,000000000000000E+000
-1,7604320E-001	-1,236606308672986E+000	4,000000000000000E+000
-1,7709275E-001	-1,244281005114313E+000	4,000000000000000E+000
-1,7807649E-001	-1,253361292907758E+000	4,000000000000000E+000
-1,7906514E-001	-1,261511300276549E+000	4,000000000000000E+000
-1,8008240E-001	-1,269143581700818E+000	4,000000000000000E+000
-1,8107463E-001	-1,285137998664543E+000	4,000000000000000E+000
-1,8205430E-001	-1,287689176802001E+000	4,000000000000000E+000
-1,8304057E-001	-1,296373863704499E+000	4,000000000000000E+000
-1,8407740E-001	-1,305138965447743E+000	4,000000000000000E+000
-1,8503077E-001	-1,312914530125759E+000	4,000000000000000E+000
-1,8608159E-001	-1,319788337064279E+000	4,000000000000000E+000
-1,8707679E-001	-1,327053705540798E+000	4,000000000000000E+000
-1,8806648E-001	-1,335369139909742E+000	4,000000000000000E+000
-1,8911453E-001	-1,343508504538073E+000	4,000000000000000E+000
-1,9009104E-001	-1,351771928473475E+000	4,000000000000000E+000
-1,9102405E-001	-1,359649297884765E+000	4,000000000000000E+000
-1,9207892E-001	-1,366493357862856E+000	4,000000000000000E+000
-1,9306223E-001	-1,373410727621772E+000	4,000000000000000E+000
-1,9406888E-001	-1,379543101828954E+000	4,000000000000000E+000
-1,9511420E-001	-1,384071592138043E+000	4,000000000000000E+000
-1,9607502E-001	-1,387904154550689E+000	4,000000000000000E+000
-1,9711055E-001	-1,390193320914271E+000	4,000000000000000E+000
-1,9806096E-001	-1,392442223408979E+000	4,000000000000000E+000
-1,9904871E-001	-1,393245531129647E+000	4,000000000000000E+000
-1,9958566E-001	-1,395782589912415E+000	4,000000000000000E+000
-1,9968070E-001	-1,404107451438904E+000	4,000000000000000E+000
-1,9889851E-001	-1,274416656543806E+000	4,000000000000000E+000
-1,9792698E-001	-1,242345130484964E+000	4,000000000000000E+000
-1,9690269E-001	-1,213590606012273E+000	4,000000000000000E+000
-1,9589072E-001	-1,187903794666966E+000	4,000000000000000E+000
-1,9491825E-001	-1,159084597602487E+000	4,000000000000000E+000
-1,9396010E-001	-1,121734629695607E+000	4,000000000000000E+000
-1,9287460E-001	-1,094682597451735E+000	4,000000000000000E+000
-1,9188660E-001	-1,064055758942327E+000	4,000000000000000E+000
-1,9095363E-001	-1,036140294435114E+000	4,000000000000000E+000
-1,8991892E-001	-1,008340436447821E+000	4,000000000000000E+000
-1,8892944E-001	-9,907240175331635E-001	4,000000000000000E+000
-1,8791959E-001	-9,675099565130125E-001	4,000000000000000E+000
-1,8693802E-001	-9,580308185476384E-001	4,000000000000000E+000
-1,8594515E-001	-9,489049395649793E-001	4,000000000000000E+000
-1,8492511E-001	-9,415219282834926E-001	4,000000000000000E+000
-1,8388045E-001	-9,352229347762915E-001	4,000000000000000E+000
-1,8291645E-001	-9,330017149655365E-001	4,000000000000000E+000
-1,8189961E-001	-9,300750190288660E-001	4,000000000000000E+000
-1,8089952E-001	-9,257226507696821E-001	4,000000000000000E+000
-1,7994550E-001	-9,241081286325255E-001	4,000000000000000E+000
-1,7890573E-001	-9,228362665615144E-001	4,000000000000000E+000
-1,7790286E-001	-9,191277591615077E-001	4,000000000000000E+000
-1,7690384E-001	-9,160504696580229E-001	4,000000000000000E+000
-1,7585430E-001	-9,132097045787493E-001	4,000000000000000E+000
-1,7491642E-001	-9,112981670639559E-001	4,000000000000000E+000
-1,7386602E-001	-9,060409698221394E-001	4,000000000000000E+000
-1,7295468E-001	-9,028479781829617E-001	4,000000000000000E+000
-1,7189430E-001	-8,989581402598121E-001	4,000000000000000E+000
-1,7087275E-001	-8,944381831938202E-001	4,000000000000000E+000
-1,6989179E-001	-8,913077472502167E-001	4,000000000000000E+000
-1,6892162E-001	-8,847872099011305E-001	4,000000000000000E+000
-1,6790074E-001	-8,801600726631804E-001	4,000000000000000E+000
-1,6690639E-001	-8,743151623445264E-001	4,000000000000000E+000
-1,6587958E-001	-8,687948455206165E-001	4,000000000000000E+000
-1,6492809E-001	-8,627993691609106E-001	4,000000000000000E+000
-1,6391124E-001	-8,557462242121483E-001	4,000000000000000E+000
-1,6290671E-001	-8,496881128909668E-001	4,000000000000000E+000
-1,6190705E-001	-8,435600017611353E-001	4,000000000000000E+000
-1,6088083E-001	-8,381458072302221E-001	4,000000000000000E+000
-1,5988585E-001	-8,327039853773144E-001	4,000000000000000E+000
-1,5888448E-001	-8,266978394757549E-001	4,000000000000000E+000
-1,5792961E-001	-8,199969131189064E-001	4,000000000000000E+000
-1,5693149E-001	-8,082975972340325E-001	4,000000000000000E+000
-1,5589277E-001	-8,053676859579113E-001	4,000000000000000E+000
-1,5493174E-001	-7,987367930925533E-001	4,000000000000000E+000
-1,5389812E-001	-7,923116202259211E-001	4,000000000000000E+000
-1,5288636E-001	-7,857825340599653E-001	4,000000000000000E+000
-1,5191069E-001	-7,777800609668044E-001	4,000000000000000E+000
-1,5092482E-001	-7,721133587571458E-001	4,000000000000000E+000
-1,4993367E-001	-7,639421807188099E-001	4,000000000000000E+000
-1,4893867E-001	-7,561094231075693E-001	4,000000000000000E+000
-1,4795324E-001	-7,484908865557749E-001	4,000000000000000E+000
-1,4693637E-001	-7,389078188377094E-001	4,000000000000000E+000
-1,4586602E-001	-7,296058053875116E-001	4,000000000000000E+000
-1,4489290E-001	-7,203993333710548E-001	4,000000000000000E+000
-1,4390472E-001	-7,095985251685786E-001	4,000000000000000E+000
-1,4289825E-001	-6,992325138611091E-001	4,000000000000000E+000
-1,4190200E-001	-6,878821901045722E-001	4,000000000000000E+000
-1,4098045E-001	-6,778960229518528E-001	4,000000000000000E+000
-1,3997273E-001	-6,660598453341238E-001	4,000000000000000E+000
-1,3895699E-001	-6,467642672877334E-001	4,000000000000000E+000
-1,3794371E-001	-6,384191564284243E-001	4,000000000000000E+000
-1,3689904E-001	-6,241039570627906E-001	4,000000000000000E+000
-1,3590300E-001	-6,065650004376124E-001	4,000000000000000E+000
-1,3485707E-001	-5,917066724246585E-001	4,000000000000000E+000
-1,3390835E-001	-5,768578617005695E-001	4,000000000000000E+000
-1,3290976E-001	-5,639280276373047E-001	4,000000000000000E+000
-1,3193196E-001	-5,533329749790310E-001	4,000000000000000E+000
-1,3087286E-001	-5,448722001165134E-001	4,000000000000000E+000
-1,2993985E-001	-5,374244855095931E-001	4,000000000000000E+000
-1,2890325E-001	-5,310672443463540E-001	4,000000000000000E+000
-1,2787175E-001	-5,266989326725362E-001	4,000000000000000E+000
-1,2691286E-001	-5,222330466947582E-001	4,000000000000000E+000
-1,2588857E-001	-5,184810757637024E-001	4,000000000000000E+000
-1,2488975E-001	-5,152849927027141E-001	4,000000000000000E+000
-1,2388331E-001	-5,119424576664127E-001	4,000000000000000E+000
-1,2294649E-001	-5,087961716991334E-001	4,000000000000000E+000
-1,2191349E-001	-5,046039965624622E-001	4,000000000000000E+000
-1,2093741E-001	-5,019795765272441E-001	4,000000000000000E+000
-1,1989851E-001	-4,924070958513758E-001	4,000000000000000E+000
-1,1891115E-001	-4,937818656261577E-001	4,000000000000000E+000
-1,1798325E-001	-4,912487318118406E-001	4,000000000000000E+000
-1,1691461E-001	-4,861071280514206E-001	4,000000000000000E+000
-1,1590113E-001	-4,824919863086592E-001	4,000000000000000E+000
-1,1487494E-001	-4,790444478082154E-001	4,000000000000000E+000
-1,1390182E-001	-4,727826739350953E-001	4,000000000000000E+000
-1,1292595E-001	-4,693637796574167E-001	4,000000000000000E+000
-1,1196385E-001	-4,642741778710224E-001	4,000000000000000E+000
-1,1090369E-001	-4,591612084251313E-001	4,000000000000000E+000
-1,0991528E-001	-4,533322359331766E-001	4,000000000000000E+000
-1,0895192E-001	-4,478830028221825E-001	4,000000000000000E+000
-1,0787350E-001	-4,420561710010373E-001	4,000000000000000E+000
-1,0689612E-001	-4,380538393484628E-001	4,000000000000000E+000
-1,0592916E-001	-4,321028679712775E-001	4,000000000000000E+000
-1,0495264E-001	-4,270705364696266E-001	4,000000000000000E+000
-1,0250515E-001	-3,692421336801548E-001	4,000000000000000E+000
-9,9855758E-002	-4,120912435380211E-001	4,000000000000000E+000
-9,8842286E-002	-3,826149960255445E-001	4,000000000000000E+000
-9,7897224E-002	-3,810830085486578E-001	4,000000000000000E+000
-9,7003721E-002	-3,765823640860617E-001	4,000000000000000E+000
-9,5815159E-002	-3,688984988257289E-001	4,000000000000000E+000
-9,4827063E-002	-3,636615752087273E-001	4,000000000000000E+000
-9,3763195E-002	-3,566841508727501E-001	4,000000000000000E+000
-9,2787936E-002	-3,507793264256563E-001	4,000000000000000E+000
-9,1890819E-002	-3,440759754739682E-001	4,000000000000000E+000
-9,0793937E-002	-3,381913836476271E-001	4,000000000000000E+000
-8,9824207E-002	-3,306252176666415E-001	4,000000000000000E+000
-8,8945121E-002	-3,222690540779776E-001	4,000000000000000E+000
-8,7930821E-002	-3,159129040108782E-001	4,000000000000000E+000
-8,6805910E-002	-3,073590631958911E-001	4,000000000000000E+000
-8,5879274E-002	-3,001109153911887E-001	4,000000000000000E+000
-8,4882587E-002	-2,914517828935956E-001	4,000000000000000E+000
-8,3895870E-002	-2,843326702713962E-001	4,000000000000000E+000
-8,2873918E-002	-2,753384484288586E-001	4,000000000000000E+000
-8,1891663E-002	-2,668183422647405E-001	4,000000000000000E+000
-8,0886073E-002	-2,557749070951507E-001	4,000000000000000E+000
-7,9968773E-002	-2,466264930812427E-001	4,000000000000000E+000
-7,8825191E-002	-2,358464422480520E-001	4,000000000000000E+000
-7,7836990E-002	-2,262012608504547E-001	4,000000000000000E+000
-7,6920554E-002	-2,166752500666502E-001	4,000000000000000E+000
-7,6000109E-002	-2,080871608082408E-001	4,000000000000000E+000
-7,4900247E-002	-1,920710754347965E-001	4,000000000000000E+000
-7,3940493E-002	-1,936924289006527E-001	4,000000000000000E+000
-7,2774410E-002	-1,869891113601609E-001	4,000000000000000E+000
-7,1883649E-002	-1,798891925201231E-001	4,000000000000000E+000
-7,0851929E-002	-1,756678389178378E-001	4,000000000000000E+000
-6,9869049E-002	-1,707290210114372E-001	4,000000000000000E+000
-6,8900175E-002	-1,655625423623450E-001	4,000000000000000E+000
-6,7789271E-002	-1,609748243742306E-001	4,000000000000000E+000
-6,6890873E-002	-1,564993882784622E-001	4,000000000000000E+000
-6,5824561E-002	-1,500090026529499E-001	4,000000000000000E+000
-6,4841241E-002	-1,465695919598344E-001	4,000000000000000E+000
-6,3884884E-002	-1,404167280868731E-001	4,000000000000000E+000
-6,2939361E-002	-1,370842968527644E-001	4,000000000000000E+000
-6,1941609E-002	-1,304582813495972E-001	4,000000000000000E+000
-6,0962535E-002	-1,261606915051945E-001	4,000000000000000E+000
-5,9957355E-002	-1,213000106896891E-001	4,000000000000000E+000
-5,8882758E-002	-1,147899988508372E-001	4,000000000000000E+000
-5,7794366E-002	-1,105605827437505E-001	4,000000000000000E+000
-5,6869432E-002	-1,058773243372946E-001	4,000000000000000E+000
-5,5836860E-002	-9,839788724720022E-002	4,000000000000000E+000
-5,4939099E-002	-9,405713549090751E-002	4,000000000000000E+000
-5,3903777E-002	-8,893868167393093E-002	4,000000000000000E+000
-5,2864838E-002	-8,236282100875059E-002	4,000000000000000E+000
-5,1816996E-002	-7,681173287306176E-002	4,000000000000000E+000
-5,0728392E-002	-7,096860441379205E-002	4,000000000000000E+000
-4,9876053E-002	-6,551485078590380E-002	4,000000000000000E+000
-4,8941564E-002	-6,051792336964146E-002	4,000000000000000E+000
-4,7861025E-002	-5,236757194830297E-002	4,000000000000000E+000
-4,6835255E-002	-4,826773995753464E-002	4,000000000000000E+000
-4,5947954E-002	-3,513075140330713E-002	4,000000000000000E+000
-4,4845313E-002	-3,668996763169857E-002	4,000000000000000E+000
-4,3966010E-002	-2,818098749493292E-002	4,000000000000000E+000
-4,3018147E-002	-2,398858447041766E-002	4,000000000000000E+000
-4,1875631E-002	-1,793125692509212E-002	4,000000000000000E+000
-4,0895708E-002	-1,127458812293793E-002	4,000000000000000E+000
-3,9875884E-002	-5,861557837407494E-003	4,000000000000000E+000
-3,8875375E-002	1,327687915717919E-005	4,000000000000000E+000
-3,7804391E-002	6,478966552499021E-003	4,000000000000000E+000
-3,6964789E-002	1,254827775685247E-002	4,000000000000000E+000
-3,5885524E-002	1,874027714721815E-002	4,000000000000000E+000
-3,4836613E-002	2,481510333988504E-002	4,000000000000000E+000
-3,3821672E-002	3,151725972485220E-002	4,000000000000000E+000
-3,3012845E-002	3,756557704117669E-002	4,000000000000000E+000
-3,1939741E-002	4,415257627907627E-002	4,000000000000000E+000
-3,0903354E-002	5,069620796388752E-002	4,000000000000000E+000
-2,9913673E-002	5,742657224052716E-002	4,000000000000000E+000
-2,8945640E-002	6,383160345527994E-002	4,000000000000000E+000
-2,7875295E-002	7,102462465021153E-002	4,000000000000000E+000
-2,6862470E-002	7,788531056657022E-002	4,000000000000000E+000
-2,5949847E-002	8,426913818241055E-002	4,000000000000000E+000
-2,4993494E-002	9,263496200502364E-002	4,000000000000000E+000
-2,3977274E-002	9,918336325790733E-002	4,000000000000000E+000
-2,2908198E-002	1,069371236889211E-001	4,000000000000000E+000
-2,1941341E-002	1,148924643962852E-001	4,000000000000000E+000
-2,0931205E-002	1,285707789162798E-001	4,000000000000000E+000
-2,0026645E-002	1,284575347542869E-001	4,000000000000000E+000
-1,8855250E-002	1,362441652842499E-001	4,000000000000000E+000
-1,7746054E-002	1,431857669570800E-001	4,000000000000000E+000
-1,6849138E-002	1,481889389558804E-001	4,000000000000000E+000
-1,5908917E-002	1,554206674013083E-001	4,000000000000000E+000
-1,4910742E-002	1,617679096266835E-001	4,000000000000000E+000
-1,3928277E-002	1,668944193257238E-001	4,000000000000000E+000
-1,2993787E-002	1,731701944437292E-001	4,000000000000000E+000
-1,1997312E-002	1,791770510867039E-001	4,000000000000000E+000
-1,0920807E-002	1,847673742255815E-001	4,000000000000000E+000
-9,9485312E-003	1,910473969247610E-001	4,000000000000000E+000
-8,9567276E-003	1,959303206531340E-001	4,000000000000000E+000
-7,8676948E-003	2,019801251978308E-001	4,000000000000000E+000
-6,8761013E-003	2,075231625801996E-001	4,000000000000000E+000
-6,0303458E-003	2,148701543661050E-001	4,000000000000000E+000
-4,9022562E-003	2,198647441627049E-001	4,000000000000000E+000
-3,9456887E-003	2,258629082029480E-001	4,000000000000000E+000
-2,9579166E-003	2,314108142422306E-001	4,000000000000000E+000
-1,9166499E-003	2,369574545494597E-001	4,000000000000000E+000
-9,6708821E-004	2,431364082860652E-001	4,000000000000000E+000
4,3822649E-005	2,496982736047371E-001	4,000000000000000E+000
3,9695707E-004	2,536243349313736E-001	4,000000000000000E+000
7,7522377E-004	2,539793550968170E-001	5,000000000000000E+000
1,2506316E-003	2,569003006598605E-001	5,000000000000000E+000
2,2345821E-003	2,625054740346977E-001	5,000000000000000E+000
3,2688435E-003	2,678176461874203E-001	5,000000000000000E+000
4,2328029E-003	2,756574129064888E-001	5,000000000000000E+000
5,2995472E-003	2,885012158399674E-001	5,000000000000000E+000
6,2212986E-003	2,858419385221280E-001	5,000000000000000E+000
7,2281766E-003	2,938224027554188E-001	5,000000000000000E+000
8,2426956E-003	2,999481252498103E-001	5,000000000000000E+000
9,3385186E-003	3,052932909793330E-001	5,000000000000000E+000
1,0298269E-002	3,114522074659665E-001	5,000000000000000E+000
1,1235943E-002	3,175378699217832E-001	5,000000000000000E+000
1,2236451E-002	3,231529946335496E-001	5,000000000000000E+000
1,3232926E-002	3,291427894857613E-001	5,000000000000000E+000
1,4216452E-002	3,363670931042488E-001	5,000000000000000E+000
1,5279159E-002	3,402276931641011E-001	5,000000000000000E+000
1,6259288E-002	3,470624950197008E-001	5,000000000000000E+000
1,7320508E-002	3,530862338892713E-001	5,000000000000000E+000
1,8262854E-002	3,592380390554260E-001	5,000000000000000E+000
1,9238101E-002	3,647829783407772E-001	5,000000000000000E+000
2,0301022E-002	3,726271760339546E-001	5,000000000000000E+000
2,1328701E-002	3,759258711555364E-001	5,000000000000000E+000
2,2262553E-002	3,832054162242773E-001	5,000000000000000E+000
2,3297876E-002	3,879515762026937E-001	5,000000000000000E+000
2,4350818E-002	3,935168585740030E-001	5,000000000000000E+000
2,5301017E-002	4,011808238768335E-001	5,000000000000000E+000
2,6226168E-002	4,062179277340587E-001	5,000000000000000E+000
2,7267003E-002	4,123381350655129E-001	5,000000000000000E+000
2,8271971E-002	4,169505720233753E-001	5,000000000000000E+000
2,9204128E-002	4,231070456250245E-001	5,000000000000000E+000
3,0306110E-002	4,277481122149388E-001	5,000000000000000E+000
3,1300876E-002	4,339696998294036E-001	5,000000000000000E+000
3,2318462E-002	4,436245270125165E-001	5,000000000000000E+000
3,3292741E-002	4,454835258786467E-001	5,000000000000000E+000
3,4235299E-002	4,510645415478711E-001	5,000000000000000E+000
3,5210121E-002	4,546113568875532E-001	5,000000000000000E+000
3,6291927E-002	4,606989227597502E-001	5,000000000000000E+000
3,7235759E-002	4,648354157236332E-001	5,000000000000000E+000
3,8363215E-002	4,713816787892346E-001	5,000000000000000E+000
3,9198142E-002	4,783486455885919E-001	5,000000000000000E+000
4,0161926E-002	4,820478452473056E-001	5,000000000000000E+000
4,1281525E-002	4,903190738728491E-001	5,000000000000000E+000
4,2275451E-002	4,959412038119311E-001	5,000000000000000E+000
4,3335404E-002	5,012320349924302E-001	5,000000000000000E+000
4,4209816E-002	5,080169373088435E-001	5,000000000000000E+000
4,5214992E-002	5,135001588302379E-001	5,000000000000000E+000
4,6178136E-002	5,203986033900767E-001	5,000000000000000E+000
4,7182258E-002	5,269367291281650E-001	5,000000000000000E+000
4,8171092E-002	5,318717213037125E-001	5,000000000000000E+000
4,9291968E-002	5,390544629966234E-001	5,000000000000000E+000
5,0320916E-002	5,444215712034062E-001	5,000000000000000E+000
5,1281091E-002	5,507964718983445E-001	5,000000000000000E+000
5,2248482E-002	5,570333630053563E-001	5,000000000000000E+000
5,3216517E-002	5,627332072601536E-001	5,000000000000000E+000
5,4244623E-002	5,685583353042618E-001	5,000000000000000E+000
5,5207554E-002	5,753564157316262E-001	5,000000000000000E+000
5,6248184E-002	5,808812457964674E-001	5,000000000000000E+000
5,7161443E-002	5,870357751846329E-001	5,000000000000000E+000
5,8193367E-002	5,929855817101091E-001	5,000000000000000E+000
5,9252780E-002	5,992508706533268E-001	5,000000000000000E+000
6,0240634E-002	6,122030149110502E-001	5,000000000000000E+000
6,1223943E-002	6,102013167821720E-001	5,000000000000000E+000
6,2234223E-002	6,175736364805058E-001	5,000000000000000E+000
6,3288637E-002	6,239692759700137E-001	5,000000000000000E+000
6,4125687E-002	6,283835122982651E-001	5,000000000000000E+000
6,5259308E-002	6,359623008304189E-001	5,000000000000000E+000
6,6258319E-002	6,408459976212058E-001	5,000000000000000E+000
6,7161612E-002	6,465885106267222E-001	5,000000000000000E+000
6,8229631E-002	6,526765323554500E-001	5,000000000000000E+000
6,9239266E-002	6,573813184061024E-001	5,000000000000000E+000
7,0182875E-002	6,644070322832327E-001	5,000000000000000E+000
7,1156219E-002	6,694434542312440E-001	5,000000000000000E+000
7,2220407E-002	6,746676803256104E-001	5,000000000000000E+000
7,3112018E-002	6,817688520273428E-001	5,000000000000000E+000
7,4225888E-002	6,856829168585481E-001	5,000000000000000E+000
7,5112604E-002	6,922894231457697E-001	5,000000000000000E+000
7,6162793E-002	6,982101569366144E-001	5,000000000000000E+000
7,7365614E-002	7,042649577682241E-001	5,000000000000000E+000
7,8265071E-002	7,069455559572440E-001	5,000000000000000E+000
7,9218455E-002	7,133805121088199E-001	5,000000000000000E+000
8,0130659E-002	7,173041780996678E-001	5,000000000000000E+000
8,1287190E-002	7,229641851865605E-001	5,000000000000000E+000
8,2181342E-002	7,265444042471589E-001	5,000000000000000E+000
8,3290964E-002	7,301277001905779E-001	5,000000000000000E+000
8,4503539E-002	7,358803860325773E-001	5,000000000000000E+000
8,5130863E-002	7,385341767221707E-001	5,000000000000000E+000
8,6254068E-002	7,431120128991715E-001	5,000000000000000E+000
8,7155022E-002	7,452716259803243E-001	5,000000000000000E+000
8,8146605E-002	7,471062474780621E-001	5,000000000000000E+000
8,9231186E-002	7,495353766717057E-001	5,000000000000000E+000
9,0285607E-002	7,509994636186326E-001	5,000000000000000E+000
9,1092311E-002	7,521577957603673E-001	5,000000000000000E+000
9,2283443E-002	7,549814128627403E-001	5,000000000000000E+000
9,3132377E-002	7,581015131436279E-001	5,000000000000000E+000
9,4239481E-002	7,639150714191310E-001	5,000000000000000E+000
9,5210642E-002	7,705824293920589E-001	5,000000000000000E+000
9,6358038E-002	7,726957119173488E-001	5,000000000000000E+000
9,7189374E-002	7,791198601739291E-001	5,000000000000000E+000
9,8213002E-002	7,855946501303075E-001	5,000000000000000E+000
9,9223070E-002	7,914670783922944E-001	5,000000000000000E+000
1,0022634E-001	7,987527428712298E-001	5,000000000000000E+000
1,0114852E-001	8,061151082834446E-001	5,000000000000000E+000
1,0221484E-001	8,119049874237856E-001	5,000000000000000E+000
1,0325590E-001	8,201757330550929E-001	5,000000000000000E+000
1,0415047E-001	8,257320988405938E-001	5,000000000000000E+000
1,0519916E-001	8,331127327659917E-001	5,000000000000000E+000
1,0608759E-001	8,397687705130230E-001	5,000000000000000E+000
1,0724901E-001	8,461942651516108E-001	5,000000000000000E+000
1,0816821E-001	8,541005655812732E-001	5,000000000000000E+000
1,0920671E-001	8,597770363299404E-001	5,000000000000000E+000
1,1017773E-001	8,669920014217514E-001	5,000000000000000E+000
1,1118226E-001	8,738805681674042E-001	5,000000000000000E+000
1,1219042E-001	8,795652678236383E-001	5,000000000000000E+000
1,1318263E-001	8,865157605355805E-001	5,000000000000000E+000
1,1417658E-001	8,916133398500605E-001	5,000000000000000E+000
1,1516731E-001	8,991687152948664E-001	5,000000000000000E+000
1,1621007E-001	9,044064606746893E-001	5,000000000000000E+000
1,1719254E-001	9,100529708278664E-001	5,000000000000000E+000
1,1819028E-001	9,183014339456967E-001	5,000000000000000E+000
1,1905467E-001	9,270086834828093E-001	5,000000000000000E+000
1,2016769E-001	9,334788064782842E-001	5,000000000000000E+000
1,2108965E-001	9,374785515376267E-001	5,000000000000000E+000
1,2227188E-001	9,438188797276865E-001	5,000000000000000E+000
1,2313823E-001	9,494486836613056E-001	5,000000000000000E+000
1,2417143E-001	9,560115141794086E-001	5,000000000000000E+000
1,2519743E-001	9,613434282752387E-001	5,000000000000000E+000
1,2623890E-001	9,677025141297966E-001	5,000000000000000E+000
1,2719037E-001	9,741425369348811E-001	5,000000000000000E+000
1,2814608E-001	9,816243258925752E-001	5,000000000000000E+000
1,2907103E-001	9,859909011671952E-001	5,000000000000000E+000
1,3029803E-001	9,929696547074478E-001	5,000000000000000E+000
1,3125205E-001	9,975510673183567E-001	5,000000000000000E+000
1,3201863E-001	1,003704592689051E+000	5,000000000000000E+000
1,3314989E-001	1,007773241028190E+000	5,000000000000000E+000
1,3414000E-001	1,012774367506310E+000	5,000000000000000E+000
1,3515346E-001	1,018176233809857E+000	5,000000000000000E+000
1,3633081E-001	1,020611237424117E+000	5,000000000000000E+000
1,3727741E-001	1,024168516923162E+000	5,000000000000000E+000
1,3814969E-001	1,027465027343073E+000	5,000000000000000E+000
1,3911900E-001	1,029614822111199E+000	5,000000000000000E+000
1,4020866E-001	1,032116609108119E+000	5,000000000000000E+000
1,4115481E-001	1,033797425114447E+000	5,000000000000000E+000
1,4214344E-001	1,035578859245615E+000	5,000000000000000E+000
1,4306499E-001	1,034890087528368E+000	5,000000000000000E+000
1,4413299E-001	1,032069828154318E+000	5,000000000000000E+000
1,4519718E-001	1,030588510032339E+000	5,000000000000000E+000
1,4611065E-001	1,025380137893895E+000	5,000000000000000E+000
1,4717211E-001	1,020432330461011E+000	5,000000000000000E+000
1,4810488E-001	1,019496488695349E+000	5,000000000000000E+000
1,4908035E-001	1,018214141432615E+000	5,000000000000000E+000
1,5011609E-001	1,020313516983560E+000	5,000000000000000E+000
1,5127094E-001	1,023197789055615E+000	5,000000000000000E+000
1,5202478E-001	1,028461092048226E+000	5,000000000000000E+000
1,5320233E-001	1,034708039007255E+000	5,000000000000000E+000
1,5413596E-001	1,042714695135761E+000	5,000000000000000E+000
1,5515685E-001	1,052666612383394E+000	5,000000000000000E+000
1,5616097E-001	1,061391559532950E+000	5,000000000000000E+000
1,5716869E-001	1,071991291621494E+000	5,000000000000000E+000
1,5809280E-001	1,080162218978845E+000	5,000000000000000E+000
1,6079216E-001	1,108034567931330E+000	5,000000000000000E+000
1,6328530E-001	1,125320160347556E+000	5,000000000000000E+000
1,6427562E-001	1,134439683622789E+000	5,000000000000000E+000
1,6527589E-001	1,143133888021115E+000	5,000000000000000E+000
1,6630973E-001	1,152446498473492E+000	5,000000000000000E+000
1,6731936E-001	1,160953894981910E+000	5,000000000000000E+000
1,6830480E-001	1,170927289148998E+000	5,000000000000000E+000
1,6927411E-001	1,179013709227245E+000	5,000000000000000E+000
1,7029755E-001	1,187272905682529E+000	5,000000000000000E+000
1,7130293E-001	1,194992184638983E+000	5,000000000000000E+000
1,7233826E-001	1,202229821330143E+000	5,000000000000000E+000
1,7329356E-001	1,210621672165065E+000	5,000000000000000E+000
1,7427368E-001	1,218659246236911E+000	5,000000000000000E+000
1,7530540E-001	1,226251263792316E+000	5,000000000000000E+000
1,7630230E-001	1,235143754527803E+000	5,000000000000000E+000
1,7727609E-001	1,248285727678908E+000	5,000000000000000E+000
1,7835063E-001	1,253393459754690E+000	5,000000000000000E+000
1,7928958E-001	1,262632850143647E+000	5,000000000000000E+000
1,8033509E-001	1,268302649570010E+000	5,000000000000000E+000
1,8131712E-001	1,276817489104971E+000	5,000000000000000E+000
1,8229724E-001	1,283541814527583E+000	5,000000000000000E+000
1,8331774E-001	1,290828256557388E+000	5,000000000000000E+000
1,8429530E-001	1,298403346186713E+000	5,000000000000000E+000
1,8529432E-001	1,305258005857473E+000	5,000000000000000E+000
1,8626849E-001	1,313132199044858E+000	5,000000000000000E+000
1,8728726E-001	1,319825790719031E+000	5,000000000000000E+000
1,8835422E-001	1,326982868731851E+000	5,000000000000000E+000
1,8925580E-001	1,332800191723642E+000	5,000000000000000E+000
1,9027562E-001	1,336082232702114E+000	5,000000000000000E+000
1,9130056E-001	1,340685937450173E+000	5,000000000000000E+000
1,9229978E-001	1,344252247673772E+000	5,000000000000000E+000
1,9331281E-001	1,344780650714213E+000	5,000000000000000E+000
1,9434349E-001	1,346578575153321E+000	5,000000000000000E+000
1,9525674E-001	1,347251105743155E+000	5,000000000000000E+000
1,9632284E-001	1,347118458089732E+000	5,000000000000000E+000
1,9734755E-001	1,345851920752073E+000	5,000000000000000E+000
1,9828226E-001	1,343519352583424E+000	5,000000000000000E+000
1,9931121E-001	1,339541418684854E+000	5,000000000000000E+000
2,0013385E-001	1,331020673581708E+000	5,000000000000000E+000
2,0041086E-001	1,332524538040161E+000	5,000000000000000E+000
2,0057850E-001	1,335369527339935E+000	5,000000000000000E+000
1,9994882E-001	1,203485826651260E+000	5,000000000000000E+000
1,9894186E-001	1,160131722067797E+000	5,000000000000000E+000
1,9792075E-001	1,121316793581682E+000	5,000000000000000E+000
1,9698420E-001	1,082758519695039E+000	5,000000000000000E+000
1,9590703E-001	1,060645589294537E+000	5,000000000000000E+000
1,9489039E-001	1,040243596459430E+000	5,000000000000000E+000
1,9400707E-001	1,021967417353559E+000	5,000000000000000E+000
1,9287114E-001	1,010810165045168E+000	5,000000000000000E+000
1,9190288E-001	1,000134490326879E+000	5,000000000000000E+000
1,9092274E-001	9,941040465815192E-001	5,000000000000000E+000
1,8991886E-001	9,899956375981382E-001	5,000000000000000E+000
1,8891706E-001	9,855955143769570E-001	5,000000000000000E+000
1,8796644E-001	9,814192311217376E-001	5,000000000000000E+000
1,8691072E-001	9,784829422521106E-001	5,000000000000000E+000
1,8597814E-001	9,746207030386587E-001	5,000000000000000E+000
1,8490571E-001	9,716197941452283E-001	5,000000000000000E+000
1,8390222E-001	9,684607493691146E-001	5,000000000000000E+000
1,8299277E-001	9,640309405513143E-001	5,000000000000000E+000
1,8196955E-001	9,613090137847609E-001	5,000000000000000E+000
1,8095864E-001	9,572960443587775E-001	5,000000000000000E+000
1,7993477E-001	9,527824104039215E-001	5,000000000000000E+000
1,7894599E-001	9,434995841131446E-001	5,000000000000000E+000
1,7793699E-001	9,440812921839914E-001	5,000000000000000E+000
1,7692475E-001	9,385764820294256E-001	5,000000000000000E+000
1,7596690E-001	9,337700701629172E-001	5,000000000000000E+000
1,7493266E-001	9,272579534186257E-001	5,000000000000000E+000
1,7393893E-001	9,228854501206065E-001	5,000000000000000E+000
1,7293246E-001	9,147439901717007E-001	5,000000000000000E+000
1,7191540E-001	9,088524172289496E-001	5,000000000000000E+000
1,7091702E-001	9,036450450722571E-001	5,000000000000000E+000
1,6991842E-001	8,966608753738328E-001	5,000000000000000E+000
1,6891749E-001	8,897318579773970E-001	5,000000000000000E+000
1,6792314E-001	8,849265363274377E-001	5,000000000000000E+000
1,6693854E-001	8,789681337980788E-001	5,000000000000000E+000
1,6595227E-001	8,720157564514217E-001	5,000000000000000E+000
1,6492265E-001	8,652808858702645E-001	5,000000000000000E+000
1,6392535E-001	8,599419816293654E-001	5,000000000000000E+000
1,6287728E-001	8,520540767866756E-001	5,000000000000000E+000
1,6189271E-001	8,445246717892587E-001	5,000000000000000E+000
1,6093041E-001	8,392525666082893E-001	5,000000000000000E+000
1,5990441E-001	8,312967547422501E-001	5,000000000000000E+000
1,5890498E-001	8,254178584967207E-001	5,000000000000000E+000
1,5794946E-001	8,187498481840725E-001	5,000000000000000E+000
1,5689759E-001	8,051315529478960E-001	5,000000000000000E+000
1,5590347E-001	8,010910087161625E-001	5,000000000000000E+000
1,5488535E-001	7,936559962108749E-001	5,000000000000000E+000
1,5392815E-001	7,844230095959421E-001	5,000000000000000E+000
1,5295523E-001	7,762030232180352E-001	5,000000000000000E+000
1,5185368E-001	7,661075847637324E-001	5,000000000000000E+000
1,5093999E-001	7,547487482532063E-001	5,000000000000000E+000
1,4989576E-001	7,445334870264775E-001	5,000000000000000E+000
1,4891563E-001	7,333411587816158E-001	5,000000000000000E+000
1,4794630E-001	7,218508025010433E-001	5,000000000000000E+000
1,4690335E-001	7,101631710926717E-001	5,000000000000000E+000
1,4593895E-001	6,979408489747208E-001	5,000000000000000E+000
1,4495477E-001	6,822423722801947E-001	5,000000000000000E+000
1,4398333E-001	6,677150241513239E-001	5,000000000000000E+000
1,4292325E-001	6,446589809428510E-001	5,000000000000000E+000
1,4194457E-001	6,324600027874130E-001	5,000000000000000E+000
1,4093219E-001	6,171116131978760E-001	5,000000000000000E+000
1,3996372E-001	6,036216615078366E-001	5,000000000000000E+000
1,3896258E-001	5,924123989211205E-001	5,000000000000000E+000
1,3795677E-001	5,824464077854330E-001	5,000000000000000E+000
1,3695817E-001	5,754208563206101E-001	5,000000000000000E+000
1,3594174E-001	5,692906215683458E-001	5,000000000000000E+000
1,3493210E-001	5,634096422646628E-001	5,000000000000000E+000
1,3393605E-001	5,595218682040786E-001	5,000000000000000E+000
1,3292663E-001	5,562260566382804E-001	5,000000000000000E+000
1,3197176E-001	5,537279410701679E-001	5,000000000000000E+000
1,3093388E-001	5,497255886697963E-001	5,000000000000000E+000
1,2989114E-001	5,485513353099449E-001	5,000000000000000E+000
1,2893753E-001	5,451462104813096E-001	5,000000000000000E+000
1,2793492E-001	5,414939473072709E-001	5,000000000000000E+000
1,2688981E-001	5,391093040816513E-001	5,000000000000000E+000
1,2591395E-001	5,344874791076633E-001	5,000000000000000E+000
1,2493297E-001	5,306050423532724E-001	5,000000000000000E+000
1,2393480E-001	5,264902691253370E-001	5,000000000000000E+000
1,2289691E-001	5,231010879182987E-001	5,000000000000000E+000
1,2192358E-001	5,187253983587865E-001	5,000000000000000E+000
1,2094302E-001	5,145554751571702E-001	5,000000000000000E+000
1,1989561E-001	5,102465780348411E-001	5,000000000000000E+000
1,1890380E-001	5,057223381267670E-001	5,000000000000000E+000
1,1793766E-001	4,945661665664787E-001	5,000000000000000E+000
1,1692976E-001	4,942362806759784E-001	5,000000000000000E+000
1,1592248E-001	4,888528383647417E-001	5,000000000000000E+000
1,1492218E-001	4,840835541383264E-001	5,000000000000000E+000
1,1392082E-001	4,785367861493607E-001	5,000000000000000E+000
1,1288380E-001	4,728127846028638E-001	5,000000000000000E+000
1,1190261E-001	4,686471045327698E-001	5,000000000000000E+000
1,1090973E-001	4,622888355774606E-001	5,000000000000000E+000
1,0993894E-001	4,574092231276978E-001	5,000000000000000E+000
1,0763720E-001	4,023448136897834E-001	5,000000000000000E+000
1,0466215E-001	4,421479418201174E-001	5,000000000000000E+000
1,0387010E-001	4,092036098138330E-001	5,000000000000000E+000
1,0293306E-001	4,196886394638588E-001	5,000000000000000E+000
1,0185018E-001	4,059406510657748E-001	5,000000000000000E+000
1,0086667E-001	4,037134846827630E-001	5,000000000000000E+000
9,9891834E-002	3,951976017819512E-001	5,000000000000000E+000
9,8887511E-002	3,906227260724542E-001	5,000000000000000E+000
9,7805068E-002	3,821645354231200E-001	5,000000000000000E+000
9,6948899E-002	3,761767544007562E-001	5,000000000000000E+000
9,5818259E-002	3,681707397982893E-001	5,000000000000000E+000
9,4994582E-002	3,605815509282486E-001	5,000000000000000E+000
9,3774363E-002	3,527422271824134E-001	5,000000000000000E+000
9,2906952E-002	3,448901786727641E-001	5,000000000000000E+000
9,1826633E-002	3,373449839030709E-001	5,000000000000000E+000
9,0772249E-002	3,195540920779520E-001	5,000000000000000E+000
8,9980610E-002	3,213933746123492E-001	5,000000000000000E+000
8,8872261E-002	3,090272794167217E-001	5,000000000000000E+000
8,7824836E-002	2,994814425603387E-001	5,000000000000000E+000
8,6867005E-002	2,902664467692389E-001	5,000000000000000E+000
8,5839331E-002	2,795342537315784E-001	5,000000000000000E+000
8,4964909E-002	2,685794524796725E-001	5,000000000000000E+000
8,3872057E-002	2,579028098326601E-001	5,000000000000000E+000
8,2881525E-002	2,509769128325101E-001	5,000000000000000E+000
8,1986301E-002	2,408006654069239E-001	5,000000000000000E+000
8,0917232E-002	2,350170334231942E-001	5,000000000000000E+000
7,9997808E-002	2,280267581550621E-001	5,000000000000000E+000
7,8741081E-002	2,219047489601911E-001	5,000000000000000E+000
7,8086585E-002	2,181951443069727E-001	5,000000000000000E+000
7,6842807E-002	2,113722103337452E-001	5,000000000000000E+000
7,5846970E-002	2,077186977257959E-001	5,000000000000000E+000
7,4961513E-002	2,023859530842560E-001	5,000000000000000E+000
7,3883742E-002	1,982506936183206E-001	5,000000000000000E+000
7,2845653E-002	1,929886727593844E-001	5,000000000000000E+000
7,1897790E-002	1,886694422638462E-001	5,000000000000000E+000
7,0922337E-002	1,832086946556557E-001	5,000000000000000E+000
6,9804013E-002	1,795649423082883E-001	5,000000000000000E+000
6,8858050E-002	1,741900947462360E-001	5,000000000000000E+000
6,7947127E-002	1,593719414538815E-001	5,000000000000000E+000
6,6832662E-002	1,663208559103726E-001	5,000000000000000E+000
6,5887764E-002	1,565893417379511E-001	5,000000000000000E+000
6,4956896E-002	1,529941530639514E-001	5,000000000000000E+000
6,3917756E-002	1,471532498124160E-001	5,000000000000000E+000
6,2952682E-002	1,421924914207513E-001	5,000000000000000E+000
6,2007368E-002	1,362480871094807E-001	5,000000000000000E+000
6,0915586E-002	1,312236905925817E-001	5,000000000000000E+000
6,0007416E-002	1,249281965299613E-001	5,000000000000000E+000
5,9010725E-002	1,199338224638877E-001	5,000000000000000E+000
5,7971369E-002	1,135676011520752E-001	5,000000000000000E+000
5,6939233E-002	1,075737862589049E-001	5,000000000000000E+000
5,5838317E-002	1,034897593846029E-001	5,000000000000000E+000
5,4963689E-002	9,650595602579459E-002	5,000000000000000E+000
5,4005641E-002	9,152302305705662E-002	5,000000000000000E+000
5,3004064E-002	8,559697582515802E-002	5,000000000000000E+000
5,1970869E-002	7,965162616326604E-002	5,000000000000000E+000
5,0991800E-002	7,399819586296674E-002	5,000000000000000E+000
4,9921449E-002	6,796048455483661E-002	5,000000000000000E+000
4,8901625E-002	6,150201029959135E-002	5,000000000000000E+000
4,8036762E-002	5,743653740177673E-002	5,000000000000000E+000
4,6998680E-002	4,934302747521255E-002	5,000000000000000E+000
4,6005815E-002	4,455796748516172E-002	5,000000000000000E+000
4,4989593E-002	3,808230967842974E-002	5,000000000000000E+000
4,4004798E-002	3,198532346222147E-002	5,000000000000000E+000
4,2900696E-002	2,599310310001284E-002	5,000000000000000E+000
4,1956652E-002	1,949602551273232E-002	5,000000000000000E+000
4,0926322E-002	1,171109087085320E-002	5,000000000000000E+000
3,9889865E-002	5,629887280318002E-004	5,000000000000000E+000
3,8932234E-002	-1,164828905353309E-003	5,000000000000000E+000
3,7886083E-002	-7,581210054518589E-003	5,000000000000000E+000
3,6892157E-002	-1,358233870834941E-002	5,000000000000000E+000
3,5991844E-002	-2,231856038108357E-002	5,000000000000000E+000
3,4977961E-002	-2,723394324453286E-002	5,000000000000000E+000
3,3872161E-002	-3,500244517150941E-002	5,000000000000000E+000
3,2924511E-002	-4,239439372516529E-002	5,000000000000000E+000
3,2079183E-002	-5,006999947686869E-002	5,000000000000000E+000
3,0836035E-002	-5,693631084998030E-002	5,000000000000000E+000
2,9911524E-002	-6,404609527412997E-002	5,000000000000000E+000
2,9020552E-002	-7,170409752547499E-002	5,000000000000000E+000
2,7958272E-002	-8,055314502497724E-002	5,000000000000000E+000
2,6919764E-002	-8,579480954601082E-002	5,000000000000000E+000
2,5958950E-002	-9,556587909658720E-002	5,000000000000000E+000
2,5126571E-002	-9,966941781911143E-002	5,000000000000000E+000
2,3874719E-002	-1,073128963924114E-001	5,000000000000000E+000
2,2953816E-002	-1,131888942197997E-001	5,000000000000000E+000
2,1987911E-002	-1,195751615838765E-001	5,000000000000000E+000
2,1005234E-002	-1,249153429073178E-001	5,000000000000000E+000
2,0007275E-002	-1,311795747994133E-001	5,000000000000000E+000
1,8912084E-002	-1,367213323376038E-001	5,000000000000000E+000
1,7983751E-002	-1,426380478725244E-001	5,000000000000000E+000
1,6925339E-002	-1,522586358090239E-001	5,000000000000000E+000
1,5947528E-002	-1,564312135128100E-001	5,000000000000000E+000
1,4899468E-002	-1,625494042980582E-001	5,000000000000000E+000
1,3900872E-002	-1,655857603634812E-001	5,000000000000000E+000
1,2976997E-002	-1,731783353283793E-001	5,000000000000000E+000
1,1893911E-002	-1,788459622637473E-001	5,000000000000000E+000
1,0898072E-002	-1,830036918270499E-001	5,000000000000000E+000
9,9795042E-003	-1,908782422930626E-001	5,000000000000000E+000
8,9577669E-003	-1,949978945647464E-001	5,000000000000000E+000
7,9980157E-003	-2,016087448379640E-001	5,000000000000000E+000
6,9849822E-003	-2,081058291433791E-001	5,000000000000000E+000
5,9078401E-003	-2,128995842843624E-001	5,000000000000000E+000
4,9784463E-003	-2,198910102144708E-001	5,000000000000000E+000
3,9998023E-003	-2,262174821355263E-001	5,000000000000000E+000
2,9708482E-003	-2,305338471843346E-001	5,000000000000000E+000
1,9707640E-003	-2,385548132782174E-001	5,000000000000000E+000
1,0231133E-003	-2,426665328675881E-001	5,000000000000000E+000
-1,0511064E-005	-2,507639867512288E-001	5,000000000000000E+000
-1,0299131E-003	-2,545221456223051E-001	5,000000000000000E+000
-2,1796559E-003	-2,619137853487512E-001	5,000000000000000E+000
-2,9891119E-003	-2,671611865258039E-001	5,000000000000000E+000
-4,1664508E-003	-2,734552065634897E-001	5,000000000000000E+000
-5,1578316E-003	-2,798436938060638E-001	5,000000000000000E+000
-6,0133529E-003	-2,854858678248187E-001	5,000000000000000E+000
-7,0319055E-003	-2,909487373868203E-001	5,000000000000000E+000
-8,0334758E-003	-2,969036183526939E-001	5,000000000000000E+000
-9,0380190E-003	-3,036822299731670E-001	5,000000000000000E+000
-1,0019161E-002	-3,134412113059728E-001	5,000000000000000E+000
-1,1064690E-002	-3,185920120837766E-001	5,000000000000000E+000
-1,1919361E-002	-3,230935071025862E-001	5,000000000000000E+000
-1,2963812E-002	-3,278513333191064E-001	5,000000000000000E+000
-1,4030128E-002	-3,352244875600769E-001	5,000000000000000E+000
-1,5171378E-002	-3,402471897554475E-001	5,000000000000000E+000
-1,6044945E-002	-3,469814699557068E-001	5,000000000000000E+000
-1,7086847E-002	-3,512538244896044E-001	5,000000000000000E+000
-1,7840898E-002	-3,591912455028949E-001	5,000000000000000E+000
-1,9016117E-002	-3,637431239864466E-001	5,000000000000000E+000
-1,9965887E-002	-3,697045083519890E-001	5,000000000000000E+000
-2,0973828E-002	-3,761043429064239E-001	5,000000000000000E+000
-2,2158597E-002	-3,812464372668813E-001	5,000000000000000E+000
-2,2995647E-002	-3,874825522200094E-001	5,000000000000000E+000
-2,3895748E-002	-3,931890984272766E-001	5,000000000000000E+000
-2,4980748E-002	-3,992880777093681E-001	5,000000000000000E+000
-2,5936462E-002	-4,035926969307981E-001	5,000000000000000E+000
-2,7036529E-002	-4,084711646816370E-001	5,000000000000000E+000
-2,8039586E-002	-4,153912448220769E-001	5,000000000000000E+000
-2,9073635E-002	-4,196251043015050E-001	5,000000000000000E+000
-2,9879268E-002	-4,246870401936276E-001	5,000000000000000E+000
-3,1012455E-002	-4,320715722990123E-001	5,000000000000000E+000
-3,1966902E-002	-4,361873955414115E-001	5,000000000000000E+000
-3,3000316E-002	-4,432779953349382E-001	5,000000000000000E+000
-3,4008894E-002	-4,494256610568197E-001	5,000000000000000E+000
-3,5010673E-002	-4,555792784473536E-001	5,000000000000000E+000
-3,5952386E-002	-4,616935599543552E-001	5,000000000000000E+000
-3,7133332E-002	-4,679112217078600E-001	5,000000000000000E+000
-3,8055085E-002	-4,833001840031805E-001	5,000000000000000E+000
-3,9021801E-002	-4,796944076143630E-001	5,000000000000000E+000
-4,0084723E-002	-4,880192940019885E-001	5,000000000000000E+000
-4,0972725E-002	-4,934548091971198E-001	5,000000000000000E+000
-4,2063240E-002	-5,000857350209493E-001	5,000000000000000E+000
-4,2905811E-002	-5,053906377611876E-001	5,000000000000000E+000
-4,4089731E-002	-5,127596775483729E-001	5,000000000000000E+000
-4,5019973E-002	-5,179954801893025E-001	5,000000000000000E+000
-4,5917105E-002	-5,244135859732787E-001	5,000000000000000E+000
-4,7136258E-002	-5,302673642937479E-001	5,000000000000000E+000
-4,8053343E-002	-5,365328951221358E-001	5,000000000000000E+000
-4,9041964E-002	-5,424546135796442E-001	5,000000000000000E+000
-5,0078560E-002	-5,487335325839591E-001	5,000000000000000E+000
-5,1010929E-002	-5,538529514645525E-001	5,000000000000000E+000
-5,1977683E-002	-5,607827679357573E-001	5,000000000000000E+000
-5,2977130E-002	-5,655799476533294E-001	5,000000000000000E+000
-5,4013517E-002	-5,718768029991104E-001	5,000000000000000E+000
-5,4863516E-002	-5,783750366729983E-001	5,000000000000000E+000
-5,5881009E-002	-5,836998290485784E-001	5,000000000000000E+000
-5,7039883E-002	-5,897952304739071E-001	5,000000000000000E+000
-5,7889242E-002	-5,957617049312418E-001	5,000000000000000E+000
-5,8998656E-002	-6,010696407821428E-001	5,000000000000000E+000
-6,0093205E-002	-6,080311523336491E-001	5,000000000000000E+000
-6,1015811E-002	-6,138552058384636E-001	5,000000000000000E+000
-6,1942864E-002	-6,187586543771104E-001	5,000000000000000E+000
-6,2968008E-002	-6,258456937244361E-001	5,000000000000000E+000
-6,3983336E-002	-6,308658353259968E-001	5,000000000000000E+000
-6,4874947E-002	-6,445413910680333E-001	5,000000000000000E+000
-6,5951236E-002	-6,421318570565830E-001	5,000000000000000E+000
-6,7065954E-002	-6,499696809074091E-001	5,000000000000000E+000
-6,7953944E-002	-6,548016039758067E-001	5,000000000000000E+000
-6,9006890E-002	-6,612382598945645E-001	5,000000000000000E+000
-6,9937557E-002	-6,656106261846881E-001	5,000000000000000E+000
-7,0892438E-002	-6,716831150568172E-001	5,000000000000000E+000
-7,1946435E-002	-6,767976219351874E-001	5,000000000000000E+000
-7,2910219E-002	-6,812921411668267E-001	5,000000000000000E+000
-7,4089468E-002	-6,868396565421584E-001	5,000000000000000E+000
-7,5084247E-002	-6,907528462923196E-001	5,000000000000000E+000
-7,6075405E-002	-6,958884596824646E-001	5,000000000000000E+000
-7,6993771E-002	-7,001213902710992E-001	5,000000000000000E+000
-7,8048192E-002	-7,040531123574398E-001	5,000000000000000E+000
-7,8903288E-002	-7,087280833058909E-001	5,000000000000000E+000
-7,9988286E-002	-7,117935228161496E-001	5,000000000000000E+000
-8,1019789E-002	-7,147168131648662E-001	5,000000000000000E+000
-8,2070827E-002	-7,174964628389295E-001	5,000000000000000E+000
-8,3104022E-002	-7,181153330537977E-001	5,000000000000000E+000
-8,3997980E-002	-7,215779635848261E-001	5,000000000000000E+000
-8,4866226E-002	-7,234958184676028E-001	5,000000000000000E+000
-8,5979678E-002	-7,263263452073750E-001	5,000000000000000E+000
-8,7004595E-002	-7,305577626037909E-001	5,000000000000000E+000
-8,8012964E-002	-7,356291045952172E-001	5,000000000000000E+000
-8,9013882E-002	-7,406165232467945E-001	5,000000000000000E+000
-8,9891277E-002	-7,459307749652169E-001	5,000000000000000E+000
-9,0911530E-002	-7,520024392546851E-001	5,000000000000000E+000
-9,2004590E-002	-7,593111543295263E-001	5,000000000000000E+000
-9,3023777E-002	-7,659018443276473E-001	5,000000000000000E+000
-9,3907960E-002	-7,722975515450017E-001	5,000000000000000E+000
-9,4901457E-002	-7,788932856379249E-001	5,000000000000000E+000
-9,5960774E-002	-7,856778098891191E-001	5,000000000000000E+000
-9,6929185E-002	-7,926838881232650E-001	5,000000000000000E+000
-9,8018229E-002	-8,079855797501878E-001	5,000000000000000E+000
-9,8955892E-002	-8,053336161602690E-001	5,000000000000000E+000
-9,9974453E-002	-8,148573883809149E-001	5,000000000000000E+000
-1,0096201E-001	-8,207629870933779E-001	5,000000000000000E+000
-1,0193535E-001	-8,278170681248067E-001	5,000000000000000E+000
-1,0293055E-001	-8,331368100415473E-001	5,000000000000000E+000
-1,0400557E-001	-8,407778771490668E-001	5,000000000000000E+000
-1,0506061E-001	-8,470412014155730E-001	5,000000000000000E+000
-1,0591870E-001	-8,532395460642830E-001	5,000000000000000E+000
-1,0691178E-001	-8,599254263357956E-001	5,000000000000000E+000
-1,0797916E-001	-8,657424371793017E-001	5,000000000000000E+000
-1,0901555E-001	-8,720763231006750E-001	5,000000000000000E+000
-1,0987977E-001	-8,785005388264011E-001	5,000000000000000E+000
-1,1091997E-001	-8,839472279262992E-001	5,000000000000000E+000
-1,1197992E-001	-8,899686935668177E-001	5,000000000000000E+000
-1,1296622E-001	-8,961452023229626E-001	5,000000000000000E+000
-1,1393403E-001	-9,040250698518424E-001	5,000000000000000E+000
-1,1487255E-001	-9,077373228242811E-001	5,000000000000000E+000
-1,1589746E-001	-9,159180735651820E-001	5,000000000000000E+000
-1,1691029E-001	-9,214342948463221E-001	5,000000000000000E+000
-1,1806407E-001	-9,282961424647103E-001	5,000000000000000E+000
-1,1891896E-001	-9,325255560688674E-001	5,000000000000000E+000
-1,1984430E-001	-9,402243818880738E-001	5,000000000000000E+000
-1,2096094E-001	-9,452087735860673E-001	5,000000000000000E+000
-1,2191581E-001	-9,519057469959833E-001	5,000000000000000E+000
-1,2287911E-001	-9,648001532898149E-001	5,000000000000000E+000
-1,2393589E-001	-9,627704332686129E-001	5,000000000000000E+000
-1,2486742E-001	-9,718041050040860E-001	5,000000000000000E+000
-1,2598234E-001	-9,752018328031760E-001	5,000000000000000E+000
-1,2689689E-001	-9,818530811203816E-001	5,000000000000000E+000
-1,2793943E-001	-9,848489684777100E-001	5,000000000000000E+000
-1,2891912E-001	-9,889144462843724E-001	5,000000000000000E+000
-1,2989947E-001	-9,932975560012771E-001	5,000000000000000E+000
-1,3095899E-001	-9,961768146604300E-001	5,000000000000000E+000
-1,3193722E-001	-9,997846033010198E-001	5,000000000000000E+000
-1,3295789E-001	-1,002320080685120E+000	5,000000000000000E+000
-1,3380705E-001	-1,004759686171179E+000	5,000000000000000E+000
-1,3495934E-001	-1,006690654179291E+000	5,000000000000000E+000
-1,3598850E-001	-1,008163088208266E+000	5,000000000000000E+000
-1,3695356E-001	-1,007744153961532E+000	5,000000000000000E+000
-1,3792861E-001	-1,005995532187324E+000	5,000000000000000E+000
-1,3900149E-001	-1,001441240621109E+000	5,000000000000000E+000
-1,3989142E-001	-9,990512457572791E-001	5,000000000000000E+000
-1,4096515E-001	-9,961371313159653E-001	5,000000000000000E+000
-1,4190961E-001	-9,953874593807548E-001	5,000000000000000E+000
-1,4290631E-001	-9,954961348945890E-001	5,000000000000000E+000
-1,4403290E-001	-9,994544019508691E-001	5,000000000000000E+000
-1,4492707E-001	-1,002903961162597E+000	5,000000000000000E+000
-1,4595963E-001	-1,009869968622095E+000	5,000000000000000E+000
-1,4696035E-001	-1,016241279844607E+000	5,000000000000000E+000
-1,4794196E-001	-1,024686900691851E+000	5,000000000000000E+000
-1,4883147E-001	-1,032887707464389E+000	5,000000000000000E+000
-1,4980415E-001	-1,042358057056036E+000	5,000000000000000E+000
-1,5097171E-001	-1,051170574915076E+000	5,000000000000000E+000
-1,5190494E-001	-1,059694728193183E+000	5,000000000000000E+000
-1,5293686E-001	-1,068379316065045E+000	5,000000000000000E+000
-1,5387432E-001	-1,079140544558560E+000	5,000000000000000E+000
-1,5490328E-001	-1,086526960755387E+000	5,000000000000000E+000
-1,5745822E-001	-1,108648220029398E+000	5,000000000000000E+000
-1,6010554E-001	-1,137619724497196E+000	5,000000000000000E+000
-1,6108589E-001	-1,141533991011480E+000	5,000000000000000E+000
-1,6208746E-001	-1,150417015991270E+000	5,000000000000000E+000
-1,6308883E-001	-1,158210467857614E+000	5,000000000000000E+000
-1,6407320E-001	-1,165690028936496E+000	5,000000000000000E+000
-1,6509472E-001	-1,173034871204028E+000	5,000000000000000E+000
-1,6604300E-001	-1,180561172258519E+000	5,000000000000000E+000
-1,6705009E-001	-1,188132965833773E+000	5,000000000000000E+000
-1,6807607E-001	-1,197011667407217E+000	5,000000000000000E+000
-1,6904284E-001	-1,204774457133478E+000	5,000000000000000E+000
-1,7003739E-001	-1,213168421449758E+000	5,000000000000000E+000
-1,7108843E-001	-1,220654294619131E+000	5,000000000000000E+000
-1,7200871E-001	-1,228901873342688E+000	5,000000000000000E+000
-1,7306802E-001	-1,235628238258257E+000	5,000000000000000E+000
-1,7409569E-001	-1,243470665791795E+000	5,000000000000000E+000
-1,7506626E-001	-1,250544973752557E+000	5,000000000000000E+000
-1,7604595E-001	-1,259137289081181E+000	5,000000000000000E+000
-1,7700212E-001	-1,266743064547577E+000	5,000000000000000E+000
-1,7811403E-001	-1,280141824442473E+000	5,000000000000000E+000
-1,7910393E-001	-1,283687943489182E+000	5,000000000000000E+000
-1,8010849E-001	-1,289091516596574E+000	5,000000000000000E+000
-1,8108860E-001	-1,295939958447377E+000	5,000000000000000E+000
-1,8207744E-001	-1,302760765991273E+000	5,000000000000000E+000
-1,8308580E-001	-1,307615924937029E+000	5,000000000000000E+000
-1,8406656E-001	-1,312124298057615E+000	5,000000000000000E+000
-1,8510698E-001	-1,316716416945882E+000	5,000000000000000E+000
-1,8604784E-001	-1,317784525557521E+000	5,000000000000000E+000
-1,8707085E-001	-1,320547890538968E+000	5,000000000000000E+000
-1,8806820E-001	-1,319881674626631E+000	5,000000000000000E+000
-1,8909970E-001	-1,320698599951957E+000	5,000000000000000E+000
-1,9007748E-001	-1,321373234813410E+000	5,000000000000000E+000
-1,9108754E-001	-1,320021723293587E+000	5,000000000000000E+000
-1,9204834E-001	-1,317408036440611E+000	5,000000000000000E+000
-1,9303803E-001	-1,312875280777607E+000	5,000000000000000E+000
-1,9401009E-001	-1,303117120535006E+000	5,000000000000000E+000
-1,9508682E-001	-1,293039805359306E+000	5,000000000000000E+000
-1,9610113E-001	-1,280399516121378E+000	5,000000000000000E+000
-1,9711687E-001	-1,266954133570518E+000	5,000000000000000E+000
-1,9809474E-001	-1,259186142641634E+000	5,000000000000000E+000
-1,9907877E-001	-1,256369941635052E+000	5,000000000000000E+000
-1,9951779E-001	-1,260864138603210E+000	5,000000000000000E+000
-1,9966631E-001	-1,272568821907043E+000	5,000000000000000E+000
-1,9896720E-001	-1,137885932396675E+000	5,000000000000000E+000
-1,9794381E-001	-1,113579244663313E+000	5,000000000000000E+000
-1,9690937E-001	-1,089326691192881E+000	5,000000000000000E+000
-1,9591714E-001	-1,080206085306902E+000	5,000000000000000E+000
-1,9493148E-001	-1,070664451871476E+000	5,000000000000000E+000
-1,9388682E-001	-1,062056222930554E+000	5,000000000000000E+000
-1,9293875E-001	-1,057510691487952E+000	5,000000000000000E+000
-1,9199875E-001	-1,049408510223856E+000	5,000000000000000E+000
-1,9091246E-001	-1,046054315132395E+000	5,000000000000000E+000
-1,8994996E-001	-1,040657092196241E+000	5,000000000000000E+000
-1,8891017E-001	-1,037105570547281E+000	5,000000000000000E+000
-1,8795149E-001	-1,031530129516288E+000	5,000000000000000E+000
-1,8688008E-001	-1,027035636723870E+000	5,000000000000000E+000
-1,8595132E-001	-1,021318075040141E+000	5,000000000000000E+000
-1,8494610E-001	-1,016790580625333E+000	5,000000000000000E+000
-1,8393140E-001	-1,011397642600866E+000	5,000000000000000E+000
-1,8289077E-001	-1,007549128184714E+000	5,000000000000000E+000
-1,8190940E-001	-1,002364025140800E+000	5,000000000000000E+000
-1,8089232E-001	-9,958773113580222E-001	5,000000000000000E+000
-1,7992894E-001	-9,896229267534302E-001	5,000000000000000E+000
-1,7899680E-001	-9,837144279024646E-001	5,000000000000000E+000
-1,7787933E-001	-9,745036673525149E-001	5,000000000000000E+000
-1,7692107E-001	-9,684211452388070E-001	5,000000000000000E+000
-1,7589590E-001	-9,602361885934234E-001	5,000000000000000E+000
-1,7495292E-001	-9,544071476492633E-001	5,000000000000000E+000
-1,7387113E-001	-9,474474000227140E-001	5,000000000000000E+000
-1,7296042E-001	-9,355889271116915E-001	5,000000000000000E+000
-1,7179139E-001	-9,335543916871138E-001	5,000000000000000E+000
-1,7090255E-001	-9,272745753017544E-001	5,000000000000000E+000
-1,6989270E-001	-9,205959052261381E-001	5,000000000000000E+000
-1,6894059E-001	-9,139172421354367E-001	5,000000000000000E+000
-1,6790314E-001	-9,057938021918126E-001	5,000000000000000E+000
-1,6692196E-001	-8,986716834931683E-001	5,000000000000000E+000
-1,6592950E-001	-8,913067145687013E-001	5,000000000000000E+000
-1,6496551E-001	-8,833827024015282E-001	5,000000000000000E+000
-1,6389856E-001	-8,770668716169894E-001	5,000000000000000E+000
-1,6297278E-001	-8,701134260950800E-001	5,000000000000000E+000
-1,6198054E-001	-8,622965168518291E-001	5,000000000000000E+000
-1,6092484E-001	-8,536989223729394E-001	5,000000000000000E+000
-1,5999544E-001	-8,443216025415365E-001	5,000000000000000E+000
-1,5887181E-001	-8,359000861851680E-001	5,000000000000000E+000
-1,5793350E-001	-8,253336775944469E-001	5,000000000000000E+000
-1,5689923E-001	-8,153019180107446E-001	5,000000000000000E+000
-1,5596686E-001	-8,038698984310000E-001	5,000000000000000E+000
-1,5488209E-001	-7,929693251434315E-001	5,000000000000000E+000
-1,5392148E-001	-7,761729811318210E-001	5,000000000000000E+000
-1,5289257E-001	-7,676241221941158E-001	5,000000000000000E+000
-1,5195149E-001	-7,556490496111401E-001	5,000000000000000E+000
-1,5092871E-001	-7,437544948317916E-001	5,000000000000000E+000
-1,4994389E-001	-7,301574802646993E-001	5,000000000000000E+000
-1,4890940E-001	-7,136231064796417E-001	5,000000000000000E+000
-1,4793949E-001	-6,960650650887827E-001	5,000000000000000E+000
-1,4694960E-001	-6,782545674488762E-001	5,000000000000000E+000
-1,4593486E-001	-6,612279997724614E-001	5,000000000000000E+000
-1,4494687E-001	-6,457957739734796E-001	5,000000000000000E+000
-1,4398478E-001	-6,334663549852015E-001	5,000000000000000E+000
-1,4290945E-001	-6,175313563499996E-001	5,000000000000000E+000
-1,4188680E-001	-6,123738355106778E-001	5,000000000000000E+000
-1,4100431E-001	-6,056135071234543E-001	5,000000000000000E+000
-1,3995944E-001	-6,008506160125950E-001	5,000000000000000E+000
-1,3893387E-001	-5,965194496222637E-001	5,000000000000000E+000
-1,3796988E-001	-5,928151643731503E-001	5,000000000000000E+000
-1,3691629E-001	-5,894058202393326E-001	5,000000000000000E+000
-1,3590667E-001	-5,869713639323031E-001	5,000000000000000E+000
-1,3494691E-001	-5,830772070524555E-001	5,000000000000000E+000
-1,3393046E-001	-5,806936704450170E-001	5,000000000000000E+000
-1,3297413E-001	-5,778232203382573E-001	5,000000000000000E+000
-1,3193221E-001	-5,755785851118453E-001	5,000000000000000E+000
-1,3092344E-001	-5,704741109059093E-001	5,000000000000000E+000
-1,2993650E-001	-5,671528355321911E-001	5,000000000000000E+000
-1,2893918E-001	-5,641529513522952E-001	5,000000000000000E+000
-1,2797879E-001	-5,606163145663825E-001	5,000000000000000E+000
-1,2688340E-001	-5,558809591457217E-001	5,000000000000000E+000
-1,2593552E-001	-5,523284255113037E-001	5,000000000000000E+000
-1,2494543E-001	-5,477362902731528E-001	5,000000000000000E+000
-1,2394618E-001	-5,432852733776787E-001	5,000000000000000E+000
-1,2289961E-001	-5,373184248908558E-001	5,000000000000000E+000
-1,2196068E-001	-5,327878160816102E-001	5,000000000000000E+000
-1,2096440E-001	-5,279538374290684E-001	5,000000000000000E+000
-1,1995349E-001	-5,215849393150851E-001	5,000000000000000E+000
-1,1895531E-001	-5,169949391856719E-001	5,000000000000000E+000
-1,1791237E-001	-5,108328431637736E-001	5,000000000000000E+000
-1,1689783E-001	-5,057665942650686E-001	5,000000000000000E+000
-1,1593828E-001	-5,006069703441529E-001	5,000000000000000E+000
-1,1494331E-001	-4,962269776604247E-001	5,000000000000000E+000
-1,1389419E-001	-4,893054004706876E-001	5,000000000000000E+000
-1,1298177E-001	-4,844257968684840E-001	5,000000000000000E+000
-1,1187768E-001	-4,786434706507441E-001	5,000000000000000E+000
-1,1097439E-001	-4,724983911081733E-001	5,000000000000000E+000
-1,0989957E-001	-4,671107095717959E-001	5,000000000000000E+000
-1,0890293E-001	-4,562026892219559E-001	5,000000000000000E+000
-1,0798223E-001	-4,538488348997705E-001	5,000000000000000E+000
-1,0696708E-001	-4,480782095601565E-001	5,000000000000000E+000
-1,0590988E-001	-4,416594191506082E-001	5,000000000000000E+000
-1,0488285E-001	-4,369633642490935E-001	5,000000000000000E+000
-1,0393562E-001	-4,300449410091245E-001	5,000000000000000E+000
-1,0293595E-001	-4,233684000921323E-001	5,000000000000000E+000
-1,0196198E-001	-4,152502602794090E-001	5,000000000000000E+000
-1,0092688E-001	-4,080168106593201E-001	5,000000000000000E+000
-9,9938676E-002	-4,015598410688757E-001	5,000000000000000E+000
-9,7504176E-002	-3,403490469014880E-001	5,000000000000000E+000
-9,4997428E-002	-3,703839276576462E-001	5,000000000000000E+000
-9,3823507E-002	-3,415799481385915E-001	5,000000000000000E+000
-9,2881560E-002	-3,355613818340393E-001	5,000000000000000E+000
-9,1909923E-002	-3,241084032795492E-001	5,000000000000000E+000
-9,0912394E-002	-3,119181636979587E-001	5,000000000000000E+000
-8,9767955E-002	-3,026425153689658E-001	5,000000000000000E+000
-8,8823691E-002	-2,906221411087433E-001	5,000000000000000E+000
-8,7873921E-002	-2,819469780402457E-001	5,000000000000000E+000
-8,6829044E-002	-2,741530297531019E-001	5,000000000000000E+000
-8,5848287E-002	-2,661037477405950E-001	5,000000000000000E+000
-8,4871344E-002	-2,599132231229708E-001	5,000000000000000E+000
-8,3809055E-002	-2,532415019813921E-001	5,000000000000000E+000
-8,2930602E-002	-2,487691540478005E-001	5,000000000000000E+000
-8,1981055E-002	-2,420180863959516E-001	5,000000000000000E+000
-8,0931276E-002	-2,387794180928413E-001	5,000000000000000E+000
-7,9868145E-002	-2,325788233558548E-001	5,000000000000000E+000
-7,8872107E-002	-2,289242524291488E-001	5,000000000000000E+000
-7,7904493E-002	-2,240639128075497E-001	5,000000000000000E+000
-7,6827362E-002	-2,196613333136246E-001	5,000000000000000E+000
-7,5816654E-002	-2,139577568353450E-001	5,000000000000000E+000
-7,4764773E-002	-2,095764928833672E-001	5,000000000000000E+000
-7,3918439E-002	-2,010329483180406E-001	5,000000000000000E+000
-7,2938070E-002	-1,973524154939992E-001	5,000000000000000E+000
-7,1892567E-002	-1,934337942576438E-001	5,000000000000000E+000
-7,0817754E-002	-1,896630086832571E-001	5,000000000000000E+000
-6,9954596E-002	-1,835368718926065E-001	5,000000000000000E+000
-6,8825871E-002	-1,787650626566677E-001	5,000000000000000E+000
-6,7902841E-002	-1,738218991732636E-001	5,000000000000000E+000
-6,6903822E-002	-1,689330239314577E-001	5,000000000000000E+000
-6,5865308E-002	-1,616735169405322E-001	5,000000000000000E+000
-6,4821288E-002	-1,589504086360751E-001	5,000000000000000E+000
-6,3884676E-002	-1,510909344975107E-001	5,000000000000000E+000
-6,2860608E-002	-1,456221282326924E-001	5,000000000000000E+000
-6,1916981E-002	-1,406847866924688E-001	5,000000000000000E+000
-6,0871679E-002	-1,340849637441952E-001	5,000000000000000E+000
-5,9866711E-002	-1,294228974212368E-001	5,000000000000000E+000
-5,8853678E-002	-1,228903967421496E-001	5,000000000000000E+000
-5,7856988E-002	-1,177793701321608E-001	5,000000000000000E+000
-5,7058360E-002	-1,123137474254082E-001	5,000000000000000E+000
-5,5854484E-002	-1,060679836987726E-001	5,000000000000000E+000
-5,4796237E-002	-9,948798028441752E-002	5,000000000000000E+000
-5,3812921E-002	-9,470695383303496E-002	5,000000000000000E+000
-5,2750211E-002	-8,830891269543706E-002	5,000000000000000E+000
-5,1987458E-002	-8,347465726546921E-002	5,000000000000000E+000
-5,0870832E-002	-7,634017016324723E-002	5,000000000000000E+000
-4,9884543E-002	-7,084634017923619E-002	5,000000000000000E+000
-4,8964068E-002	-6,446261888292282E-002	5,000000000000000E+000
-4,7799256E-002	-5,817697873377869E-002	5,000000000000000E+000
-4,7032889E-002	-5,235230300847127E-002	5,000000000000000E+000
-4,5845825E-002	-4,577283027982848E-002	5,000000000000000E+000
-4,4897530E-002	-3,128298055445256E-002	5,000000000000000E+000
-4,3890230E-002	-3,308651183841785E-002	5,000000000000000E+000
-4,3010931E-002	-2,539690322979965E-002	5,000000000000000E+000
-4,2009573E-002	-1,741908344815271E-002	5,000000000000000E+000
-4,0909082E-002	-1,195069921312900E-002	5,000000000000000E+000
-3,9931286E-002	-4,506364818856412E-003	5,000000000000000E+000
-3,8892359E-002	2,733417612900121E-003	5,000000000000000E+000
-3,7833687E-002	9,130922734281427E-003	5,000000000000000E+000
-3,6870748E-002	1,688489239637014E-002	5,000000000000000E+000
-3,5936683E-002	2,411767869974335E-002	5,000000000000000E+000
-3,4869093E-002	3,234384333417351E-002	5,000000000000000E+000
-3,3891719E-002	4,043184201064952E-002	5,000000000000000E+000
-3,2905009E-002	4,654961501687982E-002	5,000000000000000E+000
-3,1973917E-002	5,640169382806759E-002	5,000000000000000E+000
-3,0903991E-002	6,158853855514412E-002	5,000000000000000E+000
-2,9864209E-002	7,057204279893425E-002	5,000000000000000E+000
-2,8943518E-002	7,525848390327572E-002	5,000000000000000E+000
-2,7980372E-002	8,223401877330638E-002	5,000000000000000E+000
-2,6900470E-002	8,912131993565769E-002	5,000000000000000E+000
-2,5902083E-002	9,405876133435753E-002	5,000000000000000E+000
-2,4878861E-002	1,003893555090251E-001	5,000000000000000E+000
-2,3892149E-002	1,064742599782125E-001	5,000000000000000E+000
-2,2955749E-002	1,115945100124618E-001	5,000000000000000E+000
-2,1938318E-002	1,267972608653105E-001	5,000000000000000E+000
-2,0888323E-002	1,214727787753671E-001	5,000000000000000E+000
-1,9866161E-002	1,315394792343599E-001	5,000000000000000E+000
-1,8934857E-002	1,349839773158443E-001	5,000000000000000E+000
-1,7960669E-002	1,421422100005061E-001	5,000000000000000E+000
-1,6913248E-002	1,461642142514599E-001	5,000000000000000E+000
-1,5946278E-002	1,533862919443187E-001	5,000000000000000E+000
-1,4936427E-002	1,584160907789032E-001	5,000000000000000E+000
-1,3848884E-002	1,644445809716781E-001	5,000000000000000E+000
-1,2971923E-002	1,703114658206089E-001	5,000000000000000E+000
-1,1965257E-002	1,759092110053953E-001	5,000000000000000E+000
-1,0896820E-002	1,818562645154698E-001	5,000000000000000E+000
-9,9311238E-003	1,882419879289556E-001	5,000000000000000E+000
-8,7875389E-003	1,935233171227289E-001	5,000000000000000E+000
-7,9833893E-003	2,000938915492350E-001	5,000000000000000E+000
-7,0240614E-003	2,052166767858182E-001	5,000000000000000E+000
-5,9250537E-003	2,125706724926015E-001	5,000000000000000E+000
-5,0056367E-003	2,172896591429085E-001	5,000000000000000E+000
-3,9698891E-003	2,235214371855063E-001	5,000000000000000E+000
-2,9479393E-003	2,294341216717530E-001	5,000000000000000E+000
-1,8780145E-003	2,358026866050857E-001	5,000000000000000E+000
-9,0531434E-004	2,406569835600554E-001	5,000000000000000E+000
6,0366228E-006	2,483419053929126E-001	5,000000000000000E+000
7,0264190E-004	2,508223205804825E-001	5,000000000000000E+000
2,8994892E-004	2,518606781959534E-001	5,000000000000000E+000