Ewe/V	<I>/mA	cycle number	
3,6720578E-002	2,205648571252823E-001	1,000000000000000E+000
3,7303414E-002	1,386213495078179E-001	1,000000000000000E+000
3,8473971E-002	3,026659523904391E-001	1,000000000000000E+000
3,9690111E-002	3,631367314934590E-001	1,000000000000000E+000
4,0917747E-002	4,064494112842825E-001	1,000000000000000E+000
4,2075202E-002	4,336732514116362E-001	1,000000000000000E+000
4,3304782E-002	4,633442796852996E-001	1,000000000000000E+000
4,4483636E-002	4,871577268759557E-001	1,000000000000000E+000
4,5672536E-002	5,106412039690262E-001	1,000000000000000E+000
4,6836812E-002	5,284156625297047E-001	1,000000000000000E+000
4,8132498E-002	5,456649677620992E-001	1,000000000000000E+000
4,9261779E-002	5,608489501065831E-001	1,000000000000000E+000
5,0535422E-002	5,768168527391513E-001	1,000000000000000E+000
5,1735580E-002	5,874352893723120E-001	1,000000000000000E+000
5,2914925E-002	6,024442269656540E-001	1,000000000000000E+000
5,4096822E-002	6,193583483324829E-001	1,000000000000000E+000
5,5228695E-002	6,284651851747194E-001	1,000000000000000E+000
5,6486379E-002	6,394632913827616E-001	1,000000000000000E+000
5,7697784E-002	6,547852117326816E-001	1,000000000000000E+000
5,8937285E-002	6,636045149234313E-001	1,000000000000000E+000
6,0077071E-002	6,776959304266651E-001	1,000000000000000E+000
6,1314657E-002	6,872715742879159E-001	1,000000000000000E+000
6,2447600E-002	6,956156426005897E-001	1,000000000000000E+000
6,3688301E-002	7,087629408558358E-001	1,000000000000000E+000
6,4885944E-002	7,173647942901087E-001	1,000000000000000E+000
6,6111229E-002	7,258330348240989E-001	1,000000000000000E+000
6,7261234E-002	7,385486021241245E-001	1,000000000000000E+000
6,8464868E-002	7,437389741686200E-001	1,000000000000000E+000
6,9724739E-002	7,522856837949146E-001	1,000000000000000E+000
7,0846349E-002	7,614890071735871E-001	1,000000000000000E+000
7,2070919E-002	7,736211469121028E-001	1,000000000000000E+000
7,3219143E-002	7,774473726404452E-001	1,000000000000000E+000
7,4456446E-002	7,914496619012912E-001	1,000000000000000E+000
7,5663894E-002	7,958434046918761E-001	1,000000000000000E+000
7,6864459E-002	8,064681485691949E-001	1,000000000000000E+000
7,8091659E-002	8,119258508603622E-001	1,000000000000000E+000
7,9273410E-002	8,178545911537700E-001	1,000000000000000E+000
8,0482483E-002	8,256586831649431E-001	1,000000000000000E+000
8,1673801E-002	8,335349869793607E-001	1,000000000000000E+000
8,2876258E-002	8,402804823557837E-001	1,000000000000000E+000
8,4071420E-002	8,510230100817155E-001	1,000000000000000E+000
8,5260116E-002	8,571998890558294E-001	1,000000000000000E+000
8,6503647E-002	8,646922334511231E-001	1,000000000000000E+000
8,7697290E-002	8,736239431460415E-001	1,000000000000000E+000
8,8914901E-002	8,812032383521684E-001	1,000000000000000E+000
9,0071559E-002	8,901668001414755E-001	1,000000000000000E+000
9,1293246E-002	8,952034049563942E-001	1,000000000000000E+000
9,2495307E-002	9,036524775955419E-001	1,000000000000000E+000
9,3691066E-002	9,119700690110530E-001	1,000000000000000E+000
9,4872333E-002	9,242305515368496E-001	1,000000000000000E+000
9,6122868E-002	9,303682107581874E-001	1,000000000000000E+000
9,7297333E-002	9,390921005116833E-001	1,000000000000000E+000
9,8480582E-002	9,485902844376319E-001	1,000000000000000E+000
9,9735081E-002	9,603002096388338E-001	1,000000000000000E+000
1,0090403E-001	9,692882249752683E-001	1,000000000000000E+000
1,0208537E-001	9,756571410948212E-001	1,000000000000000E+000
1,0333350E-001	9,870010946221939E-001	1,000000000000000E+000
1,0448299E-001	9,956007955630337E-001	1,000000000000000E+000
1,0570160E-001	1,004845480934751E+000	1,000000000000000E+000
1,0686468E-001	1,013911984912644E+000	1,000000000000000E+000
1,0807655E-001	1,020105867801856E+000	1,000000000000000E+000
1,0934335E-001	1,029668779802266E+000	1,000000000000000E+000
1,1048925E-001	1,037152505583235E+000	1,000000000000000E+000
1,1167520E-001	1,047408103942874E+000	1,000000000000000E+000
1,1290644E-001	1,053747312114059E+000	1,000000000000000E+000
1,1413524E-001	1,061101767751907E+000	1,000000000000000E+000
1,1529536E-001	1,071138877887286E+000	1,000000000000000E+000
1,1648510E-001	1,078858162845590E+000	1,000000000000000E+000
1,1763586E-001	1,086340909237390E+000	1,000000000000000E+000
1,1892937E-001	1,099917788524182E+000	1,000000000000000E+000
1,2010970E-001	1,105270479236628E+000	1,000000000000000E+000
1,2121816E-001	1,114314659619362E+000	1,000000000000000E+000
1,2248759E-001	1,121656340132990E+000	1,000000000000000E+000
1,2369806E-001	1,134178795006680E+000	1,000000000000000E+000
1,2488046E-001	1,142036081205506E+000	1,000000000000000E+000
1,2607561E-001	1,148954468417081E+000	1,000000000000000E+000
1,2725419E-001	1,157127708196642E+000	1,000000000000000E+000
1,2854327E-001	1,167509516856320E+000	1,000000000000000E+000
1,2967727E-001	1,174486270398593E+000	1,000000000000000E+000
1,3092965E-001	1,183100951266375E+000	1,000000000000000E+000
1,3203946E-001	1,191529829451746E+000	1,000000000000000E+000
1,3336319E-001	1,196802993684464E+000	1,000000000000000E+000
1,3453943E-001	1,204496860504156E+000	1,000000000000000E+000
1,3570200E-001	1,212070799536178E+000	1,000000000000000E+000
1,3696459E-001	1,222875847601918E+000	1,000000000000000E+000
1,3814041E-001	1,228138358314972E+000	1,000000000000000E+000
1,3929373E-001	1,235582935330632E+000	1,000000000000000E+000
1,4047959E-001	1,247359759346760E+000	1,000000000000000E+000
1,4171146E-001	1,252523575478271E+000	1,000000000000000E+000
1,4288387E-001	1,260427473354398E+000	1,000000000000000E+000
1,4408848E-001	1,271577379028146E+000	1,000000000000000E+000
1,4533371E-001	1,276551331048484E+000	1,000000000000000E+000
1,4640035E-001	1,286708366574238E+000	1,000000000000000E+000
1,4767255E-001	1,294712898649138E+000	1,000000000000000E+000
1,4897360E-001	1,299240320075853E+000	1,000000000000000E+000
1,5001668E-001	1,309885236106950E+000	1,000000000000000E+000
1,5130152E-001	1,317152696299466E+000	1,000000000000000E+000
1,5248859E-001	1,325140247811327E+000	1,000000000000000E+000
1,5367523E-001	1,332892524716619E+000	1,000000000000000E+000
1,5484227E-001	1,342050182339910E+000	1,000000000000000E+000
1,5608177E-001	1,349398251191749E+000	1,000000000000000E+000
1,5728621E-001	1,355668527367351E+000	1,000000000000000E+000
1,5847386E-001	1,367561948002766E+000	1,000000000000000E+000
1,5970977E-001	1,369959342000249E+000	1,000000000000000E+000
1,6089676E-001	1,382175200515324E+000	1,000000000000000E+000
1,6207172E-001	1,381905802456598E+000	1,000000000000000E+000
1,6325212E-001	1,396971029660637E+000	1,000000000000000E+000
1,6447274E-001	1,401799662245645E+000	1,000000000000000E+000
1,6565259E-001	1,406794899884888E+000	1,000000000000000E+000
1,6689499E-001	1,412546429438173E+000	1,000000000000000E+000
1,6812004E-001	1,420611504051420E+000	1,000000000000000E+000
1,6923708E-001	1,426170008895159E+000	1,000000000000000E+000
1,7047818E-001	1,433803285127158E+000	1,000000000000000E+000
1,7169157E-001	1,438315880001973E+000	1,000000000000000E+000
1,7292196E-001	1,444514118117734E+000	1,000000000000000E+000
1,7405057E-001	1,448570440143897E+000	1,000000000000000E+000
1,7529474E-001	1,453524387614046E+000	1,000000000000000E+000
1,7650536E-001	1,459721441104735E+000	1,000000000000000E+000
1,7772484E-001	1,465292567197512E+000	1,000000000000000E+000
1,7888197E-001	1,471371899117480E+000	1,000000000000000E+000
1,8007542E-001	1,473109488720421E+000	1,000000000000000E+000
1,8130356E-001	1,477094814922928E+000	1,000000000000000E+000
1,8247876E-001	1,481525759747322E+000	1,000000000000000E+000
1,8373820E-001	1,483690772705749E+000	1,000000000000000E+000
1,8486647E-001	1,485140807943902E+000	1,000000000000000E+000
1,8604805E-001	1,485687066197251E+000	1,000000000000000E+000
1,8728818E-001	1,484845914032864E+000	1,000000000000000E+000
1,8851960E-001	1,483953893115668E+000	1,000000000000000E+000
1,8968394E-001	1,480523273245325E+000	1,000000000000000E+000
1,9087364E-001	1,477144660962811E+000	1,000000000000000E+000
1,9209999E-001	1,474298652606429E+000	1,000000000000000E+000
1,9331047E-001	1,471328365323308E+000	1,000000000000000E+000
1,9448982E-001	1,469993989380001E+000	1,000000000000000E+000
1,9568200E-001	1,469552681591630E+000	1,000000000000000E+000
1,9691555E-001	1,468461130176566E+000	1,000000000000000E+000
1,9813828E-001	1,471052631770299E+000	1,000000000000000E+000
1,9924530E-001	1,474227603869856E+000	1,000000000000000E+000
2,0020452E-001	1,479608036577703E+000	1,000000000000000E+000
2,0069477E-001	1,461733698844910E+000	1,000000000000000E+000
2,0067738E-001	1,460244476795197E+000	1,000000000000000E+000
1,9986142E-001	1,263317013814772E+000	1,000000000000000E+000
1,9862132E-001	1,216711728919847E+000	1,000000000000000E+000
1,9746158E-001	1,184659222761793E+000	1,000000000000000E+000
1,9625472E-001	1,159294971195913E+000	1,000000000000000E+000
1,9503376E-001	1,140588009471276E+000	1,000000000000000E+000
1,9381726E-001	1,119467969552647E+000	1,000000000000000E+000
1,9267081E-001	1,104490754522247E+000	1,000000000000000E+000
1,9142374E-001	1,087116259702105E+000	1,000000000000000E+000
1,9023441E-001	1,071225846772666E+000	1,000000000000000E+000
1,8900403E-001	1,059021618700141E+000	1,000000000000000E+000
1,8784854E-001	1,044382802348725E+000	1,000000000000000E+000
1,8671815E-001	1,032315395824199E+000	1,000000000000000E+000
1,8535943E-001	1,020536451755714E+000	1,000000000000000E+000
1,8429807E-001	1,008323706772732E+000	1,000000000000000E+000
1,8309279E-001	9,955339804809142E-001	1,000000000000000E+000
1,8181294E-001	9,881880689860800E-001	1,000000000000000E+000
1,8064444E-001	9,765927303341000E-001	1,000000000000000E+000
1,7945489E-001	9,648902399672403E-001	1,000000000000000E+000
1,7824286E-001	9,495205432521541E-001	1,000000000000000E+000
1,7705111E-001	9,432089245981645E-001	1,000000000000000E+000
1,7586878E-001	9,294071387396059E-001	1,000000000000000E+000
1,7463970E-001	9,205358111541075E-001	1,000000000000000E+000
1,7344251E-001	9,107660866790912E-001	1,000000000000000E+000
1,7217761E-001	8,986137733380843E-001	1,000000000000000E+000
1,7107248E-001	8,888917771788911E-001	1,000000000000000E+000
1,6981500E-001	8,769675104671926E-001	1,000000000000000E+000
1,6866390E-001	8,683996515831502E-001	1,000000000000000E+000
1,6745730E-001	8,580506742690481E-001	1,000000000000000E+000
1,6620170E-001	8,493109097773335E-001	1,000000000000000E+000
1,6506775E-001	8,374429014338958E-001	1,000000000000000E+000
1,6379511E-001	8,308830542351906E-001	1,000000000000000E+000
1,6262406E-001	8,210464314022943E-001	1,000000000000000E+000
1,6146763E-001	8,076116683272048E-001	1,000000000000000E+000
1,6024978E-001	8,001692796005289E-001	1,000000000000000E+000
1,5902184E-001	7,901979366714080E-001	1,000000000000000E+000
1,5782966E-001	7,791531127532609E-001	1,000000000000000E+000
1,5665817E-001	7,703242040911888E-001	1,000000000000000E+000
1,5544322E-001	7,565012355421281E-001	1,000000000000000E+000
1,5425691E-001	7,475662848274056E-001	1,000000000000000E+000
1,5301709E-001	7,370252935819437E-001	1,000000000000000E+000
1,5188465E-001	7,264769376014151E-001	1,000000000000000E+000
1,5061776E-001	7,166254925886513E-001	1,000000000000000E+000
1,4943203E-001	7,072746617012413E-001	1,000000000000000E+000
1,4819020E-001	6,969861777119881E-001	1,000000000000000E+000
1,4702269E-001	6,897357524010435E-001	1,000000000000000E+000
1,4585564E-001	6,795141038881556E-001	1,000000000000000E+000
1,4467472E-001	6,726975432873065E-001	1,000000000000000E+000
1,4347519E-001	6,637519739257822E-001	1,000000000000000E+000
1,4233612E-001	6,542113377902390E-001	1,000000000000000E+000
1,4107122E-001	6,451299828132289E-001	1,000000000000000E+000
1,3989781E-001	6,315202083852558E-001	1,000000000000000E+000
1,3866636E-001	6,253071957164345E-001	1,000000000000000E+000
1,3746381E-001	6,173948562807512E-001	1,000000000000000E+000
1,3628581E-001	6,037680689176508E-001	1,000000000000000E+000
1,3498409E-001	5,959491133689880E-001	1,000000000000000E+000
1,3386708E-001	5,857072410570399E-001	1,000000000000000E+000
1,3264316E-001	5,767712531076685E-001	1,000000000000000E+000
1,3140972E-001	5,666811491224790E-001	1,000000000000000E+000
1,3026868E-001	5,578671143545475E-001	1,000000000000000E+000
1,2909399E-001	5,475595192207674E-001	1,000000000000000E+000
1,2787643E-001	5,363937579354090E-001	1,000000000000000E+000
1,2662883E-001	5,304343241387652E-001	1,000000000000000E+000
1,2542313E-001	5,183043004341306E-001	1,000000000000000E+000
1,2426879E-001	5,154009432514657E-001	1,000000000000000E+000
1,2307144E-001	4,995189743996100E-001	1,000000000000000E+000
1,2184013E-001	4,942564563222103E-001	1,000000000000000E+000
1,2060057E-001	4,803422027164039E-001	1,000000000000000E+000
1,1959564E-001	4,730854171276526E-001	1,000000000000000E+000
1,1825063E-001	4,634938513239240E-001	1,000000000000000E+000
1,1703774E-001	4,543372189574360E-001	1,000000000000000E+000
1,1584289E-001	4,397303006542774E-001	1,000000000000000E+000
1,1457537E-001	4,322263242469897E-001	1,000000000000000E+000
1,1349325E-001	4,189591627067850E-001	1,000000000000000E+000
1,1222325E-001	4,098534333752473E-001	1,000000000000000E+000
1,1101517E-001	3,985243174937323E-001	1,000000000000000E+000
1,0983685E-001	3,905812137656746E-001	1,000000000000000E+000
1,0859165E-001	3,776747188918907E-001	1,000000000000000E+000
1,0749102E-001	3,738102906737136E-001	1,000000000000000E+000
1,0623949E-001	3,577511509087064E-001	1,000000000000000E+000
1,0505649E-001	3,468983212822225E-001	1,000000000000000E+000
1,0070204E-001	2,815917663461662E-001	1,000000000000000E+000
9,6399091E-002	2,679647519813722E-001	1,000000000000000E+000
9,5594659E-002	2,804419617599772E-001	1,000000000000000E+000
9,4356224E-002	2,272035914162789E-001	1,000000000000000E+000
9,2977300E-002	2,349654951572622E-001	1,000000000000000E+000
9,1810144E-002	2,306887910968656E-001	1,000000000000000E+000
9,0704322E-002	2,070892527613237E-001	1,000000000000000E+000
8,9457817E-002	2,032657685836230E-001	1,000000000000000E+000
8,8293880E-002	1,971227622039065E-001	1,000000000000000E+000
8,6862065E-002	1,861480250868386E-001	1,000000000000000E+000
8,5826002E-002	1,764638019419555E-001	1,000000000000000E+000
8,4577449E-002	1,676896321048305E-001	1,000000000000000E+000
8,3408207E-002	1,629558906101409E-001	1,000000000000000E+000
8,2181022E-002	1,527625627673443E-001	1,000000000000000E+000
8,1100598E-002	1,447560060812445E-001	1,000000000000000E+000
8,0020592E-002	1,385735548575648E-001	1,000000000000000E+000
7,8774296E-002	1,322671361353804E-001	1,000000000000000E+000
7,7501252E-002	1,240492432154028E-001	1,000000000000000E+000
7,6257728E-002	1,153664657225212E-001	1,000000000000000E+000
7,5023890E-002	1,074127140002223E-001	1,000000000000000E+000
7,3869087E-002	1,024768665062128E-001	1,000000000000000E+000
7,2675444E-002	9,571670436546142E-002	1,000000000000000E+000
7,1330436E-002	8,726775082565541E-002	1,000000000000000E+000
7,0236772E-002	8,172524534165870E-002	1,000000000000000E+000
6,8984643E-002	7,172353819758581E-002	1,000000000000000E+000
6,7865305E-002	6,754439111898169E-002	1,000000000000000E+000
6,6602878E-002	5,864253506081685E-002	1,000000000000000E+000
6,5444462E-002	5,211067781621948E-002	1,000000000000000E+000
6,4233735E-002	4,378525602536426E-002	1,000000000000000E+000
6,3011855E-002	3,583415553644212E-002	1,000000000000000E+000
6,1917763E-002	3,065823256663336E-002	1,000000000000000E+000
6,0512260E-002	2,083202633878468E-002	1,000000000000000E+000
5,9477475E-002	1,508422743750598E-002	1,000000000000000E+000
5,8254816E-002	6,015995362017898E-003	1,000000000000000E+000
5,7104900E-002	5,452801204594631E-004	1,000000000000000E+000
5,5880047E-002	-7,512178291546193E-003	1,000000000000000E+000
5,4756947E-002	-1,650851713849166E-002	1,000000000000000E+000
5,3489290E-002	-2,451200074412754E-002	1,000000000000000E+000
5,2374825E-002	-2,965028206192603E-002	1,000000000000000E+000
5,0965287E-002	-3,806212807992559E-002	1,000000000000000E+000
4,9954202E-002	-4,484127042491692E-002	1,000000000000000E+000
4,8678551E-002	-5,753777269273991E-002	1,000000000000000E+000
4,7459435E-002	-6,033044623931072E-002	1,000000000000000E+000
4,6359401E-002	-6,811135531515244E-002	1,000000000000000E+000
4,5025431E-002	-7,845227601312732E-002	1,000000000000000E+000
4,3963511E-002	-8,697927924179172E-002	1,000000000000000E+000
4,2596854E-002	-9,187207981314571E-002	1,000000000000000E+000
4,1572608E-002	-1,012805939363144E-001	1,000000000000000E+000
4,0279225E-002	-1,094627568618978E-001	1,000000000000000E+000
3,9150186E-002	-1,183757530590004E-001	1,000000000000000E+000
3,7910260E-002	-1,243924668308833E-001	1,000000000000000E+000
3,6615990E-002	-1,316615201304319E-001	1,000000000000000E+000
3,5535488E-002	-1,410985554771114E-001	1,000000000000000E+000
3,4176622E-002	-1,501855652507706E-001	1,000000000000000E+000
3,3108220E-002	-1,567879327469401E-001	1,000000000000000E+000
3,1916272E-002	-1,638934654722646E-001	1,000000000000000E+000
3,0664459E-002	-1,719079744027650E-001	1,000000000000000E+000
2,9454613E-002	-1,832894766811046E-001	1,000000000000000E+000
2,8247803E-002	-1,889651657634026E-001	1,000000000000000E+000
2,7242029E-002	-1,957655299467849E-001	1,000000000000000E+000
2,5995385E-002	-2,079842155605247E-001	1,000000000000000E+000
2,4679963E-002	-2,144950785570681E-001	1,000000000000000E+000
2,3497781E-002	-2,195668733868477E-001	1,000000000000000E+000
2,2447420E-002	-2,301388658126120E-001	1,000000000000000E+000
2,1032365E-002	-2,371647463619908E-001	1,000000000000000E+000
1,9974902E-002	-2,485914286269151E-001	1,000000000000000E+000
1,8679146E-002	-2,530878697202903E-001	1,000000000000000E+000
1,7547483E-002	-2,603875609476933E-001	1,000000000000000E+000
1,6388262E-002	-2,711193466093382E-001	1,000000000000000E+000
1,5094280E-002	-2,800116601175873E-001	1,000000000000000E+000
1,4009745E-002	-2,857396354277926E-001	1,000000000000000E+000
1,2639479E-002	-2,952423033528722E-001	1,000000000000000E+000
1,1572214E-002	-3,028104903426508E-001	1,000000000000000E+000
1,0172942E-002	-3,136351495696657E-001	1,000000000000000E+000
9,1879657E-003	-3,179000061419273E-001	1,000000000000000E+000
7,8705568E-003	-3,284930667658852E-001	1,000000000000000E+000
6,6721016E-003	-3,370462680856385E-001	1,000000000000000E+000
5,5530393E-003	-3,458186623864568E-001	1,000000000000000E+000
4,2434866E-003	-3,523339848292775E-001	1,000000000000000E+000
3,1067298E-003	-3,617947501070038E-001	1,000000000000000E+000
1,8677287E-003	-3,710921667429994E-001	1,000000000000000E+000
8,6372253E-004	-3,803267623556561E-001	1,000000000000000E+000
-5,7999219E-004	-3,869417601446093E-001	1,000000000000000E+000
-1,5314274E-003	-3,946338149210185E-001	1,000000000000000E+000
-2,8699890E-003	-4,055068353923978E-001	1,000000000000000E+000
-4,2132582E-003	-4,142740211208089E-001	1,000000000000000E+000
-5,2453596E-003	-4,184625335296417E-001	1,000000000000000E+000
-6,5873554E-003	-4,299763246629098E-001	1,000000000000000E+000
-7,6378509E-003	-4,393001451174277E-001	1,000000000000000E+000
-9,0000518E-003	-4,449226052879727E-001	1,000000000000000E+000
-9,9754734E-003	-4,544846610321365E-001	1,000000000000000E+000
-1,1392156E-002	-4,643554025053693E-001	1,000000000000000E+000
-1,2320376E-002	-4,734428135712658E-001	1,000000000000000E+000
-1,3723333E-002	-4,777055432399084E-001	1,000000000000000E+000
-1,4915283E-002	-4,870695881631777E-001	1,000000000000000E+000
-1,5758170E-002	-4,978079998400053E-001	1,000000000000000E+000
-1,7529786E-002	-5,061862410598041E-001	1,000000000000000E+000
-1,8283373E-002	-5,125142886148129E-001	1,000000000000000E+000
-1,9710107E-002	-5,212766143441634E-001	1,000000000000000E+000
-2,0875869E-002	-5,310686325775107E-001	1,000000000000000E+000
-2,2061801E-002	-5,399105168396137E-001	1,000000000000000E+000
-2,3290901E-002	-5,448489072905076E-001	1,000000000000000E+000
-2,4139803E-002	-5,549937382737076E-001	1,000000000000000E+000
-2,6041934E-002	-5,671855716069256E-001	1,000000000000000E+000
-2,6567109E-002	-5,711939529671035E-001	1,000000000000000E+000
-2,8347077E-002	-5,787739940073902E-001	1,000000000000000E+000
-2,8975381E-002	-5,892533063888543E-001	1,000000000000000E+000
-3,0658051E-002	-5,980978786376223E-001	1,000000000000000E+000
-3,1463649E-002	-6,046445882637723E-001	1,000000000000000E+000
-3,3072520E-002	-6,123650723947551E-001	1,000000000000000E+000
-3,3964019E-002	-6,215757015333665E-001	1,000000000000000E+000
-3,5280935E-002	-6,323489099740973E-001	1,000000000000000E+000
-3,6499843E-002	-6,382361762484337E-001	1,000000000000000E+000
-3,7631713E-002	-6,457877221120580E-001	1,000000000000000E+000
-3,8909350E-002	-6,546876339276348E-001	1,000000000000000E+000
-3,9951567E-002	-6,650166987113781E-001	1,000000000000000E+000
-4,1308034E-002	-6,704333229766508E-001	1,000000000000000E+000
-4,2607401E-002	-6,774975040634303E-001	1,000000000000000E+000
-4,3598667E-002	-6,884385231123460E-001	1,000000000000000E+000
-4,4986475E-002	-6,970565401845503E-001	1,000000000000000E+000
-4,6015393E-002	-7,017756245374960E-001	1,000000000000000E+000
-4,7283981E-002	-7,122218625413046E-001	1,000000000000000E+000
-4,8420236E-002	-7,214568832595993E-001	1,000000000000000E+000
-4,9587522E-002	-7,281015870782213E-001	1,000000000000000E+000
-5,0854620E-002	-7,347846416566810E-001	1,000000000000000E+000
-5,1900316E-002	-7,437849972328117E-001	1,000000000000000E+000
-5,3183716E-002	-7,520593010941177E-001	1,000000000000000E+000
-5,4319978E-002	-7,614505394551605E-001	1,000000000000000E+000
-5,5603843E-002	-7,676977129497864E-001	1,000000000000000E+000
-5,6799822E-002	-7,757099544525978E-001	1,000000000000000E+000
-5,8092106E-002	-7,827423541478939E-001	1,000000000000000E+000
-5,9232827E-002	-7,936196215192055E-001	1,000000000000000E+000
-6,0311198E-002	-7,989555265478501E-001	1,000000000000000E+000
-6,1502721E-002	-8,065834541770576E-001	1,000000000000000E+000
-6,2852755E-002	-8,172354937393038E-001	1,000000000000000E+000
-6,3924685E-002	-8,237491506841703E-001	1,000000000000000E+000
-6,5301538E-002	-8,297448803981142E-001	1,000000000000000E+000
-6,6497736E-002	-8,391177529572582E-001	1,000000000000000E+000
-6,7621030E-002	-8,483149128172691E-001	1,000000000000000E+000
-6,8841785E-002	-8,547161619558423E-001	1,000000000000000E+000
-6,9961138E-002	-8,602513322537675E-001	1,000000000000000E+000
-7,1282148E-002	-8,709244504053544E-001	1,000000000000000E+000
-7,2424851E-002	-8,778606412621812E-001	1,000000000000000E+000
-7,3450051E-002	-8,879773483991054E-001	1,000000000000000E+000
-7,4906923E-002	-8,926966446451807E-001	1,000000000000000E+000
-7,5991459E-002	-9,025527396308313E-001	1,000000000000000E+000
-7,7169821E-002	-9,091075849374413E-001	1,000000000000000E+000
-7,8479901E-002	-9,187299154043451E-001	1,000000000000000E+000
-7,9602219E-002	-9,243634716193725E-001	1,000000000000000E+000
-8,0847874E-002	-9,307344233513710E-001	1,000000000000000E+000
-8,2013510E-002	-9,406299599170392E-001	1,000000000000000E+000
-8,3108291E-002	-9,489014950856820E-001	1,000000000000000E+000
-8,4554560E-002	-9,553395013014470E-001	1,000000000000000E+000
-8,5638240E-002	-9,617228954685473E-001	1,000000000000000E+000
-8,6749524E-002	-9,694198130422969E-001	1,000000000000000E+000
-8,7960713E-002	-9,784490424553254E-001	1,000000000000000E+000
-8,9202479E-002	-9,886621476358002E-001	1,000000000000000E+000
-9,0285316E-002	-9,900381739113353E-001	1,000000000000000E+000
-9,1540106E-002	-1,000847820589248E+000	1,000000000000000E+000
-9,2673384E-002	-1,010058322766174E+000	1,000000000000000E+000
-9,4133586E-002	-1,016292729346013E+000	1,000000000000000E+000
-9,5105611E-002	-1,023195015835676E+000	1,000000000000000E+000
-9,6369326E-002	-1,031027553775517E+000	1,000000000000000E+000
-9,7526662E-002	-1,036806543599123E+000	1,000000000000000E+000
-9,8845869E-002	-1,047199753440779E+000	1,000000000000000E+000
-9,9937193E-002	-1,052168619267086E+000	1,000000000000000E+000
-1,0123996E-001	-1,059297348096690E+000	1,000000000000000E+000
-1,0239390E-001	-1,067182313254171E+000	1,000000000000000E+000
-1,0359807E-001	-1,075728530650611E+000	1,000000000000000E+000
-1,0468684E-001	-1,081599821578016E+000	1,000000000000000E+000
-1,0605330E-001	-1,086414003555008E+000	1,000000000000000E+000
-1,0722125E-001	-1,093112793164671E+000	1,000000000000000E+000
-1,1121537E-001	-1,123240188463971E+000	1,000000000000000E+000
-1,1574794E-001	-1,136157965408289E+000	1,000000000000000E+000
-1,1696211E-001	-1,147243184399692E+000	1,000000000000000E+000
-1,1814261E-001	-1,150529483885121E+000	1,000000000000000E+000
-1,1930221E-001	-1,158001623116430E+000	1,000000000000000E+000
-1,2054977E-001	-1,162460080416940E+000	1,000000000000000E+000
-1,2178249E-001	-1,167819050468367E+000	1,000000000000000E+000
-1,2301391E-001	-1,173163288100445E+000	1,000000000000000E+000
-1,2416205E-001	-1,177335373194955E+000	1,000000000000000E+000
-1,2533979E-001	-1,183305395974052E+000	1,000000000000000E+000
-1,2655956E-001	-1,184932609399159E+000	1,000000000000000E+000
-1,2783642E-001	-1,186722175942526E+000	1,000000000000000E+000
-1,2892491E-001	-1,190051926506889E+000	1,000000000000000E+000
-1,3009053E-001	-1,192469443625733E+000	1,000000000000000E+000
-1,3139181E-001	-1,196290416073886E+000	1,000000000000000E+000
-1,3249439E-001	-1,198244353980517E+000	1,000000000000000E+000
-1,3376127E-001	-1,203013625340880E+000	1,000000000000000E+000
-1,3492648E-001	-1,208280320779454E+000	1,000000000000000E+000
-1,3611227E-001	-1,213011479125941E+000	1,000000000000000E+000
-1,3735195E-001	-1,217016944437527E+000	1,000000000000000E+000
-1,3853469E-001	-1,223225736800858E+000	1,000000000000000E+000
-1,3971390E-001	-1,230613986720094E+000	1,000000000000000E+000
-1,4096573E-001	-1,237686246564540E+000	1,000000000000000E+000
-1,4217331E-001	-1,244585488353751E+000	1,000000000000000E+000
-1,4333788E-001	-1,251485862700200E+000	1,000000000000000E+000
-1,4453991E-001	-1,263279639098240E+000	1,000000000000000E+000
-1,4574416E-001	-1,269808685596754E+000	1,000000000000000E+000
-1,4695182E-001	-1,276838544342253E+000	1,000000000000000E+000
-1,4815409E-001	-1,283973309659844E+000	1,000000000000000E+000
-1,4933309E-001	-1,292058587074280E+000	1,000000000000000E+000
-1,5052101E-001	-1,300227608031555E+000	1,000000000000000E+000
-1,5172054E-001	-1,310581925842497E+000	1,000000000000000E+000
-1,5302980E-001	-1,320022838828327E+000	1,000000000000000E+000
-1,5413004E-001	-1,327784548203147E+000	1,000000000000000E+000
-1,5533487E-001	-1,339349179683877E+000	1,000000000000000E+000
-1,5654951E-001	-1,347607415617894E+000	1,000000000000000E+000
-1,5777707E-001	-1,355158071499316E+000	1,000000000000000E+000
-1,5897451E-001	-1,364764356795975E+000	1,000000000000000E+000
-1,6013756E-001	-1,370601888314855E+000	1,000000000000000E+000
-1,6134924E-001	-1,381669021246054E+000	1,000000000000000E+000
-1,6257128E-001	-1,384227538291642E+000	1,000000000000000E+000
-1,6372226E-001	-1,396843439157774E+000	1,000000000000000E+000
-1,6495278E-001	-1,406430749464089E+000	1,000000000000000E+000
-1,6610639E-001	-1,417888293663660E+000	1,000000000000000E+000
-1,6737083E-001	-1,421568031922948E+000	1,000000000000000E+000
-1,6855048E-001	-1,430192222973949E+000	1,000000000000000E+000
-1,6969556E-001	-1,443202719057874E+000	1,000000000000000E+000
-1,7095521E-001	-1,449061323422942E+000	1,000000000000000E+000
-1,7209622E-001	-1,457124338364574E+000	1,000000000000000E+000
-1,7329447E-001	-1,465792965454355E+000	1,000000000000000E+000
-1,7447594E-001	-1,478075795565488E+000	1,000000000000000E+000
-1,7577147E-001	-1,484811692653848E+000	1,000000000000000E+000
-1,7687830E-001	-1,493258658451616E+000	1,000000000000000E+000
-1,7817016E-001	-1,501510530710219E+000	1,000000000000000E+000
-1,7934845E-001	-1,510774307642819E+000	1,000000000000000E+000
-1,8055567E-001	-1,517891050230161E+000	1,000000000000000E+000
-1,8174063E-001	-1,525938112823361E+000	1,000000000000000E+000
-1,8302765E-001	-1,531340651903989E+000	1,000000000000000E+000
-1,8413121E-001	-1,541762790849646E+000	1,000000000000000E+000
-1,8532041E-001	-1,550048567302937E+000	1,000000000000000E+000
-1,8656878E-001	-1,559963640946620E+000	1,000000000000000E+000
-1,8775140E-001	-1,565635682773532E+000	1,000000000000000E+000
-1,8901543E-001	-1,572749214816010E+000	1,000000000000000E+000
-1,9013438E-001	-1,583997699880486E+000	1,000000000000000E+000
-1,9138505E-001	-1,594176929892491E+000	1,000000000000000E+000
-1,9253933E-001	-1,601771076589273E+000	1,000000000000000E+000
-1,9378011E-001	-1,608922809293421E+000	1,000000000000000E+000
-1,9497418E-001	-1,619307840122261E+000	1,000000000000000E+000
-1,9616628E-001	-1,625280107164556E+000	1,000000000000000E+000
-1,9735391E-001	-1,638112361128961E+000	1,000000000000000E+000
-1,9856836E-001	-1,643193491596588E+000	1,000000000000000E+000
-1,9942041E-001	-1,635240852832794E+000	1,000000000000000E+000
-1,9954522E-001	-1,655824005603790E+000	1,000000000000000E+000
-1,9939278E-001	-1,665141880512238E+000	1,000000000000000E+000
-1,9876790E-001	-1,431642192122700E+000	1,000000000000000E+000
-1,9756307E-001	-1,380880816891374E+000	1,000000000000000E+000
-1,9636276E-001	-1,349322686592736E+000	1,000000000000000E+000
-1,9515952E-001	-1,321085813127593E+000	1,000000000000000E+000
-1,9392347E-001	-1,297441018952263E+000	1,000000000000000E+000
-1,9278276E-001	-1,273406877303151E+000	1,000000000000000E+000
-1,9155057E-001	-1,255951873871870E+000	1,000000000000000E+000
-1,9039059E-001	-1,231073349645289E+000	1,000000000000000E+000
-1,8918493E-001	-1,210166441845808E+000	1,000000000000000E+000
-1,8794487E-001	-1,194136997909045E+000	1,000000000000000E+000
-1,8671837E-001	-1,173147333147761E+000	1,000000000000000E+000
-1,8556918E-001	-1,153314035834264E+000	1,000000000000000E+000
-1,8435974E-001	-1,136333018541334E+000	1,000000000000000E+000
-1,8317397E-001	-1,117055556029770E+000	1,000000000000000E+000
-1,8195960E-001	-1,102646956841150E+000	1,000000000000000E+000
-1,8074784E-001	-1,080845743417738E+000	1,000000000000000E+000
-1,7957945E-001	-1,064780318850858E+000	1,000000000000000E+000
-1,7828640E-001	-1,045555835779478E+000	1,000000000000000E+000
-1,7713074E-001	-1,028179175323910E+000	1,000000000000000E+000
-1,7589308E-001	-1,009979379656550E+000	1,000000000000000E+000
-1,7471260E-001	-9,927713605747712E-001	1,000000000000000E+000
-1,7352118E-001	-9,759675619813279E-001	1,000000000000000E+000
-1,7231467E-001	-9,591754443460587E-001	1,000000000000000E+000
-1,7109630E-001	-9,412100529643119E-001	1,000000000000000E+000
-1,6991389E-001	-9,286621386978702E-001	1,000000000000000E+000
-1,6875458E-001	-9,071070924918700E-001	1,000000000000000E+000
-1,6753185E-001	-8,944403231488884E-001	1,000000000000000E+000
-1,6633241E-001	-8,738272694905316E-001	1,000000000000000E+000
-1,6517662E-001	-8,578657193661297E-001	1,000000000000000E+000
-1,6394772E-001	-8,414904607666855E-001	1,000000000000000E+000
-1,6272406E-001	-8,231389786772141E-001	1,000000000000000E+000
-1,6157337E-001	-8,043112112985287E-001	1,000000000000000E+000
-1,6037409E-001	-7,830574242656780E-001	1,000000000000000E+000
-1,5911812E-001	-7,641108938906811E-001	1,000000000000000E+000
-1,5792644E-001	-7,443135665746894E-001	1,000000000000000E+000
-1,5674412E-001	-7,270493627508623E-001	1,000000000000000E+000
-1,5558472E-001	-7,105723085416540E-001	1,000000000000000E+000
-1,5433489E-001	-6,939064247740642E-001	1,000000000000000E+000
-1,5316001E-001	-6,779173140896964E-001	1,000000000000000E+000
-1,5193544E-001	-6,644400742543066E-001	1,000000000000000E+000
-1,5078089E-001	-6,514954086807032E-001	1,000000000000000E+000
-1,4949344E-001	-6,375090272372770E-001	1,000000000000000E+000
-1,4837685E-001	-6,298756590975337E-001	1,000000000000000E+000
-1,4714719E-001	-6,176014087438864E-001	1,000000000000000E+000
-1,4593220E-001	-6,057821686241649E-001	1,000000000000000E+000
-1,4476466E-001	-6,026305709534370E-001	1,000000000000000E+000
-1,4351732E-001	-5,919188240249809E-001	1,000000000000000E+000
-1,4235005E-001	-5,834410782403271E-001	1,000000000000000E+000
-1,4111401E-001	-5,734220606154157E-001	1,000000000000000E+000
-1,3992971E-001	-5,676715853796495E-001	1,000000000000000E+000
-1,3889655E-001	-5,593295738842592E-001	1,000000000000000E+000
-1,3740726E-001	-5,511382901006270E-001	1,000000000000000E+000
-1,3634226E-001	-5,432906105027828E-001	1,000000000000000E+000
-1,3513808E-001	-5,370574473075687E-001	1,000000000000000E+000
-1,3388208E-001	-5,293063653839925E-001	1,000000000000000E+000
-1,3271257E-001	-5,216018966899281E-001	1,000000000000000E+000
-1,3149963E-001	-5,172675910009130E-001	1,000000000000000E+000
-1,3033082E-001	-5,114884268733908E-001	1,000000000000000E+000
-1,2917651E-001	-5,028823589112723E-001	1,000000000000000E+000
-1,2798074E-001	-4,955629437247764E-001	1,000000000000000E+000
-1,2676023E-001	-4,882732873903239E-001	1,000000000000000E+000
-1,2554282E-001	-4,786870032721389E-001	1,000000000000000E+000
-1,2433305E-001	-4,752299371520401E-001	1,000000000000000E+000
-1,2312242E-001	-4,677790175795695E-001	1,000000000000000E+000
-1,2195496E-001	-4,582680604696572E-001	1,000000000000000E+000
-1,2077469E-001	-4,520900998419766E-001	1,000000000000000E+000
-1,1954799E-001	-4,469389398151113E-001	1,000000000000000E+000
-1,1832781E-001	-4,383095055991042E-001	1,000000000000000E+000
-1,1717577E-001	-4,321325971762198E-001	1,000000000000000E+000
-1,1595055E-001	-4,228369736638689E-001	1,000000000000000E+000
-1,1476379E-001	-4,139762951440567E-001	1,000000000000000E+000
-1,1351769E-001	-4,053723064587533E-001	1,000000000000000E+000
-1,1235058E-001	-4,000737114542132E-001	1,000000000000000E+000
-1,1113600E-001	-3,915535344190353E-001	1,000000000000000E+000
-1,0994774E-001	-3,824711464716253E-001	1,000000000000000E+000
-1,0879527E-001	-3,736475925219960E-001	1,000000000000000E+000
-1,0752435E-001	-3,667939146075199E-001	1,000000000000000E+000
-1,0636152E-001	-3,596272801816534E-001	1,000000000000000E+000
-1,0515585E-001	-3,513839505526613E-001	1,000000000000000E+000
-1,0108820E-001	-2,867258578613878E-001	1,000000000000000E+000
-9,6451163E-002	-2,912796779268376E-001	1,000000000000000E+000
-9,5640600E-002	-3,087080392115575E-001	1,000000000000000E+000
-9,4338059E-002	-2,571505707628265E-001	1,000000000000000E+000
-9,3123332E-002	-2,695824104249116E-001	1,000000000000000E+000
-9,2015646E-002	-2,651143061531771E-001	1,000000000000000E+000
-9,0736106E-002	-2,450444849371831E-001	1,000000000000000E+000
-8,9501061E-002	-2,453679080354050E-001	1,000000000000000E+000
-8,8360347E-002	-2,357712907380316E-001	1,000000000000000E+000
-8,7164432E-002	-2,225447953204385E-001	1,000000000000000E+000
-8,5993715E-002	-2,213592634976127E-001	1,000000000000000E+000
-8,4786907E-002	-2,111667939073723E-001	1,000000000000000E+000
-8,3586790E-002	-1,981245996365839E-001	1,000000000000000E+000
-8,2415216E-002	-1,956208894736369E-001	1,000000000000000E+000
-8,1185691E-002	-1,844066113462086E-001	1,000000000000000E+000
-8,0071896E-002	-1,770976933939553E-001	1,000000000000000E+000
-7,8711048E-002	-1,680219333804279E-001	1,000000000000000E+000
-7,7548184E-002	-1,617870938218265E-001	1,000000000000000E+000
-7,6380007E-002	-1,533159666448936E-001	1,000000000000000E+000
-7,5166471E-002	-1,424223614007201E-001	1,000000000000000E+000
-7,4018762E-002	-1,364670393738409E-001	1,000000000000000E+000
-7,2780535E-002	-1,288922855380434E-001	1,000000000000000E+000
-7,1606837E-002	-1,190513317598272E-001	1,000000000000000E+000
-7,0218049E-002	-1,083641836669780E-001	1,000000000000000E+000
-6,9260664E-002	-1,033128529530523E-001	1,000000000000000E+000
-6,7903988E-002	-9,431800142327229E-002	1,000000000000000E+000
-6,6788882E-002	-8,507766704079356E-002	1,000000000000000E+000
-6,5507710E-002	-7,269144156426022E-002	1,000000000000000E+000
-6,4272240E-002	-6,743237981249328E-002	1,000000000000000E+000
-6,3205972E-002	-6,057285532868388E-002	1,000000000000000E+000
-6,1942760E-002	-4,670428753511424E-002	1,000000000000000E+000
-6,0805399E-002	-4,043996815367057E-002	1,000000000000000E+000
-5,9566539E-002	-3,215770824452324E-002	1,000000000000000E+000
-5,8420017E-002	-2,368350910358086E-002	1,000000000000000E+000
-5,7236031E-002	-1,174402766062288E-002	1,000000000000000E+000
-5,5976793E-002	-3,700460148542736E-003	1,000000000000000E+000
-5,4885250E-002	2,992685823899048E-003	1,000000000000000E+000
-5,3454127E-002	1,396105035719647E-002	1,000000000000000E+000
-5,2394293E-002	2,430123407894935E-002	1,000000000000000E+000
-5,1116798E-002	3,007702599441275E-002	1,000000000000000E+000
-5,0018035E-002	3,971448207125336E-002	1,000000000000000E+000
-4,8722647E-002	5,427887834311074E-002	1,000000000000000E+000
-4,7644053E-002	6,179076242066617E-002	1,000000000000000E+000
-4,6384811E-002	6,924209055917668E-002	1,000000000000000E+000
-4,5183804E-002	8,196859998753547E-002	1,000000000000000E+000
-4,3948621E-002	9,128189455023650E-002	1,000000000000000E+000
-4,3172322E-002	9,842168302835796E-002	1,000000000000000E+000
-4,1415274E-002	1,089511469278173E-001	1,000000000000000E+000
-4,0400267E-002	1,223762521684100E-001	1,000000000000000E+000
-3,9254174E-002	1,260510732816469E-001	1,000000000000000E+000
-3,8057767E-002	1,359277508325047E-001	1,000000000000000E+000
-3,6757033E-002	1,481521601564497E-001	1,000000000000000E+000
-3,5557438E-002	1,533212937043846E-001	1,000000000000000E+000
-3,4383960E-002	1,623791358024058E-001	1,000000000000000E+000
-3,3239350E-002	1,712682650691866E-001	1,000000000000000E+000
-3,1924844E-002	1,801602561069930E-001	1,000000000000000E+000
-3,0796792E-002	1,886582043435840E-001	1,000000000000000E+000
-2,9510589E-002	1,934594879232998E-001	1,000000000000000E+000
-2,8462354E-002	2,038120808558441E-001	1,000000000000000E+000
-2,7084170E-002	2,138839879254286E-001	1,000000000000000E+000
-2,6071809E-002	2,185220668885721E-001	1,000000000000000E+000
-2,4798134E-002	2,272366651773665E-001	1,000000000000000E+000
-2,3606820E-002	2,354672845039109E-001	1,000000000000000E+000
-2,2330318E-002	2,461884673814190E-001	1,000000000000000E+000
-2,1168301E-002	2,495911942872522E-001	1,000000000000000E+000
-1,9988876E-002	2,577907403767181E-001	1,000000000000000E+000
-1,8741732E-002	2,678444010886807E-001	1,000000000000000E+000
-1,7604666E-002	2,770498585369854E-001	1,000000000000000E+000
-1,6474914E-002	2,815500762727527E-001	1,000000000000000E+000
-1,5296760E-002	2,891194263809469E-001	1,000000000000000E+000
-1,3984871E-002	2,985013212396392E-001	1,000000000000000E+000
-1,2880282E-002	3,079453789698032E-001	1,000000000000000E+000
-1,1584951E-002	3,147454170544650E-001	1,000000000000000E+000
-1,0378779E-002	3,201690556274523E-001	1,000000000000000E+000
-9,3252361E-003	3,299925122625647E-001	1,000000000000000E+000
-7,9512978E-003	3,398311090595270E-001	1,000000000000000E+000
-6,9639869E-003	3,455018142574575E-001	1,000000000000000E+000
-5,4954351E-003	3,522549888412301E-001	1,000000000000000E+000
-4,6301857E-003	3,609151825765843E-001	1,000000000000000E+000
-3,1419659E-003	3,686156103439222E-001	1,000000000000000E+000
-2,1768070E-003	3,797134282886621E-001	1,000000000000000E+000
-7,3309190E-004	3,844226727313886E-001	1,000000000000000E+000
1,7457473E-004	3,916855851199399E-001	1,000000000000000E+000
8,1859762E-004	3,984486162662506E-001	2,000000000000000E+000
1,4852007E-003	4,053008177498763E-001	2,000000000000000E+000
2,6508274E-003	4,083759577910389E-001	2,000000000000000E+000
3,7693274E-003	4,157609132687679E-001	2,000000000000000E+000
5,0156210E-003	4,254682701667449E-001	2,000000000000000E+000
6,1705592E-003	4,333586829662748E-001	2,000000000000000E+000
7,5210072E-003	4,428745305113910E-001	2,000000000000000E+000
8,6034201E-003	4,480847070614500E-001	2,000000000000000E+000
9,8178713E-003	4,564002661586368E-001	2,000000000000000E+000
1,1048169E-002	4,672453879395979E-001	2,000000000000000E+000
1,2325842E-002	4,748798765897471E-001	2,000000000000000E+000
1,3669997E-002	4,795565683894836E-001	2,000000000000000E+000
1,4677473E-002	4,902518581840445E-001	2,000000000000000E+000
1,5898395E-002	4,986726281457337E-001	2,000000000000000E+000
1,7067418E-002	5,062626567151813E-001	2,000000000000000E+000
1,8166600E-002	5,138354955620521E-001	2,000000000000000E+000
1,9395063E-002	5,211023001034762E-001	2,000000000000000E+000
2,0655854E-002	5,318323307567177E-001	2,000000000000000E+000
2,1866906E-002	5,391287253393497E-001	2,000000000000000E+000
2,3006212E-002	5,442614087886701E-001	2,000000000000000E+000
2,4115372E-002	5,540922441933738E-001	2,000000000000000E+000
2,5486972E-002	5,647819522354345E-001	2,000000000000000E+000
2,6639225E-002	5,715585442225439E-001	2,000000000000000E+000
2,7890189E-002	5,777746227621599E-001	2,000000000000000E+000
2,9063458E-002	5,864120817277607E-001	2,000000000000000E+000
3,0274576E-002	5,979071880552793E-001	2,000000000000000E+000
3,1453155E-002	6,007670913736725E-001	2,000000000000000E+000
3,2637883E-002	6,104394363377388E-001	2,000000000000000E+000
3,3858489E-002	6,195849387699557E-001	2,000000000000000E+000
3,5035260E-002	6,291090341250385E-001	2,000000000000000E+000
3,6224023E-002	6,337737466070676E-001	2,000000000000000E+000
3,7273318E-002	6,424676929514312E-001	2,000000000000000E+000
3,8376532E-002	6,503600569407428E-001	2,000000000000000E+000
3,9808251E-002	6,614232196093175E-001	2,000000000000000E+000
4,0976424E-002	6,684217569245803E-001	2,000000000000000E+000
4,2222083E-002	6,739957303722843E-001	2,000000000000000E+000
4,3419767E-002	6,827439491775014E-001	2,000000000000000E+000
4,4574838E-002	6,909136851059490E-001	2,000000000000000E+000
4,5885239E-002	6,992064764102293E-001	2,000000000000000E+000
4,7015414E-002	7,057883350902987E-001	2,000000000000000E+000
4,8285697E-002	7,148888491577008E-001	2,000000000000000E+000
4,9306184E-002	7,237729811695992E-001	2,000000000000000E+000
5,0702777E-002	7,286846857535210E-001	2,000000000000000E+000
5,1802170E-002	7,362647437042096E-001	2,000000000000000E+000
5,3007066E-002	7,456715156979610E-001	2,000000000000000E+000
5,4241188E-002	7,526399757782052E-001	2,000000000000000E+000
5,5392724E-002	7,628878114779507E-001	2,000000000000000E+000
5,6623735E-002	7,662172736341368E-001	2,000000000000000E+000
5,7800617E-002	7,744554029346489E-001	2,000000000000000E+000
5,8907576E-002	7,860607339276218E-001	2,000000000000000E+000
6,0274400E-002	7,905142444306659E-001	2,000000000000000E+000
6,1296955E-002	7,961032502611900E-001	2,000000000000000E+000
6,2558748E-002	8,033591848798132E-001	2,000000000000000E+000
6,3681915E-002	8,105973787002085E-001	2,000000000000000E+000
6,5070756E-002	8,195155445417335E-001	2,000000000000000E+000
6,6171415E-002	8,261086841424312E-001	2,000000000000000E+000
6,7371652E-002	8,296561208036213E-001	2,000000000000000E+000
6,8635769E-002	8,369297641329432E-001	2,000000000000000E+000
6,9651529E-002	8,433240031375118E-001	2,000000000000000E+000
7,1009971E-002	8,533386347849881E-001	2,000000000000000E+000
7,2177723E-002	8,572268891493202E-001	2,000000000000000E+000
7,3311500E-002	8,624624097029940E-001	2,000000000000000E+000
7,4545905E-002	8,708137398482227E-001	2,000000000000000E+000
7,5798362E-002	8,771550358031668E-001	2,000000000000000E+000
7,6987401E-002	8,892290550973971E-001	2,000000000000000E+000
7,8304596E-002	8,940084312387100E-001	2,000000000000000E+000
7,9406328E-002	8,992741629308831E-001	2,000000000000000E+000
8,0521010E-002	9,072600305770315E-001	2,000000000000000E+000
8,1852272E-002	9,187353386164308E-001	2,000000000000000E+000
8,2944453E-002	9,250119602204236E-001	2,000000000000000E+000
8,4262066E-002	9,307928532361993E-001	2,000000000000000E+000
8,5208625E-002	9,400549431641902E-001	2,000000000000000E+000
8,6732037E-002	9,503375333388933E-001	2,000000000000000E+000
8,7797470E-002	9,548550455624074E-001	2,000000000000000E+000
8,9100868E-002	9,626392730580726E-001	2,000000000000000E+000
9,0028062E-002	9,738128740099032E-001	2,000000000000000E+000
9,1455780E-002	9,816521431181480E-001	2,000000000000000E+000
9,2192180E-002	9,867239420440157E-001	2,000000000000000E+000
9,3967058E-002	9,959810011571726E-001	2,000000000000000E+000
9,4927840E-002	1,003766884406408E+000	2,000000000000000E+000
9,6113473E-002	1,011919000048051E+000	2,000000000000000E+000
9,7407319E-002	1,019359445389084E+000	2,000000000000000E+000
9,8497808E-002	1,026947957756761E+000	2,000000000000000E+000
9,9840470E-002	1,035225369829545E+000	2,000000000000000E+000
1,0086987E-001	1,044611472257035E+000	2,000000000000000E+000
1,0211616E-001	1,050648958404999E+000	2,000000000000000E+000
1,0339747E-001	1,058147179600957E+000	2,000000000000000E+000
1,0451280E-001	1,066362180747095E+000	2,000000000000000E+000
1,0571019E-001	1,075152076867031E+000	2,000000000000000E+000
1,0695236E-001	1,083468904097876E+000	2,000000000000000E+000
1,0829844E-001	1,088628180342279E+000	2,000000000000000E+000
1,1245971E-001	1,122841349671369E+000	2,000000000000000E+000
1,1668779E-001	1,138345590085483E+000	2,000000000000000E+000
1,1793473E-001	1,144785602887474E+000	2,000000000000000E+000
1,1911131E-001	1,153052248146938E+000	2,000000000000000E+000
1,2033744E-001	1,161061060131978E+000	2,000000000000000E+000
1,2150116E-001	1,167378106930602E+000	2,000000000000000E+000
1,2271192E-001	1,175289371758014E+000	2,000000000000000E+000
1,2394540E-001	1,187257072250192E+000	2,000000000000000E+000
1,2516645E-001	1,190511548632958E+000	2,000000000000000E+000
1,2632570E-001	1,198169254663370E+000	2,000000000000000E+000
1,2756839E-001	1,204716363766547E+000	2,000000000000000E+000
1,2871632E-001	1,214411945772115E+000	2,000000000000000E+000
1,2991880E-001	1,224269738645053E+000	2,000000000000000E+000
1,3112031E-001	1,229649032966268E+000	2,000000000000000E+000
1,3224475E-001	1,235638173193571E+000	2,000000000000000E+000
1,3363214E-001	1,244757682999115E+000	2,000000000000000E+000
1,3471307E-001	1,253167522502031E+000	2,000000000000000E+000
1,3588287E-001	1,260058278804298E+000	2,000000000000000E+000
1,3723932E-001	1,266361507328433E+000	2,000000000000000E+000
1,3836309E-001	1,273226830694412E+000	2,000000000000000E+000
1,3961229E-001	1,280300170252172E+000	2,000000000000000E+000
1,4073865E-001	1,288179601197715E+000	2,000000000000000E+000
1,4190449E-001	1,294866788752933E+000	2,000000000000000E+000
1,4314605E-001	1,304488095196170E+000	2,000000000000000E+000
1,4436540E-001	1,307442300849491E+000	2,000000000000000E+000
1,4550102E-001	1,314590918538335E+000	2,000000000000000E+000
1,4669934E-001	1,322127741347590E+000	2,000000000000000E+000
1,4791922E-001	1,332847923040392E+000	2,000000000000000E+000
1,4910290E-001	1,336988233081589E+000	2,000000000000000E+000
1,5030845E-001	1,343052721685835E+000	2,000000000000000E+000
1,5151328E-001	1,350095160322747E+000	2,000000000000000E+000
1,5272348E-001	1,355931561112545E+000	2,000000000000000E+000
1,5386738E-001	1,367822986475570E+000	2,000000000000000E+000
1,5512916E-001	1,372363073958292E+000	2,000000000000000E+000
1,5628460E-001	1,376580733426469E+000	2,000000000000000E+000
1,5754461E-001	1,383765381346979E+000	2,000000000000000E+000
1,5872978E-001	1,390447251550444E+000	2,000000000000000E+000
1,5982343E-001	1,395421248377753E+000	2,000000000000000E+000
1,6102655E-001	1,401629889125207E+000	2,000000000000000E+000
1,6230619E-001	1,407576695964158E+000	2,000000000000000E+000
1,6351044E-001	1,410905372799824E+000	2,000000000000000E+000
1,6474648E-001	1,415710702572985E+000	2,000000000000000E+000
1,6588619E-001	1,422326799119931E+000	2,000000000000000E+000
1,6715458E-001	1,425328749783890E+000	2,000000000000000E+000
1,6837072E-001	1,428539768740951E+000	2,000000000000000E+000
1,6950528E-001	1,433660169511485E+000	2,000000000000000E+000
1,7073990E-001	1,438035858225908E+000	2,000000000000000E+000
1,7185736E-001	1,440117096718124E+000	2,000000000000000E+000
1,7307328E-001	1,444510910246109E+000	2,000000000000000E+000
1,7436501E-001	1,443865935921810E+000	2,000000000000000E+000
1,7549387E-001	1,443421441613246E+000	2,000000000000000E+000
1,7670174E-001	1,443962441550362E+000	2,000000000000000E+000
1,7797694E-001	1,443771510540198E+000	2,000000000000000E+000
1,7914766E-001	1,442162304340558E+000	2,000000000000000E+000
1,8033876E-001	1,439462636028310E+000	2,000000000000000E+000
1,8150544E-001	1,437114011168622E+000	2,000000000000000E+000
1,8274175E-001	1,438937534888586E+000	2,000000000000000E+000
1,8395907E-001	1,435028543920017E+000	2,000000000000000E+000
1,8514079E-001	1,436239951186712E+000	2,000000000000000E+000
1,8626155E-001	1,437102453645185E+000	2,000000000000000E+000
1,8751061E-001	1,439457330507814E+000	2,000000000000000E+000
1,8864354E-001	1,443624126431707E+000	2,000000000000000E+000
1,8996373E-001	1,446737410328181E+000	2,000000000000000E+000
1,9107497E-001	1,451723149339504E+000	2,000000000000000E+000
1,9236457E-001	1,459398888948343E+000	2,000000000000000E+000
1,9353974E-001	1,465319111063661E+000	2,000000000000000E+000
1,9467048E-001	1,474957390878075E+000	2,000000000000000E+000
1,9595325E-001	1,486119921957318E+000	2,000000000000000E+000
1,9708343E-001	1,493332205650709E+000	2,000000000000000E+000
1,9834025E-001	1,502680823948509E+000	2,000000000000000E+000
1,9957502E-001	1,516266260589290E+000	2,000000000000000E+000
2,0018288E-001	1,518481034863122E+000	2,000000000000000E+000
2,0052214E-001	1,530376851558685E+000	2,000000000000000E+000
2,0058362E-001	1,544620871543884E+000	2,000000000000000E+000
1,9998893E-001	1,310326558830974E+000	2,000000000000000E+000
1,9865578E-001	1,268478776897409E+000	2,000000000000000E+000
1,9747284E-001	1,239184267060078E+000	2,000000000000000E+000
1,9632988E-001	1,215378252185747E+000	2,000000000000000E+000
1,9504862E-001	1,198282708724343E+000	2,000000000000000E+000
1,9392997E-001	1,177464932203296E+000	2,000000000000000E+000
1,9266191E-001	1,158131204459259E+000	2,000000000000000E+000
1,9145326E-001	1,142596111512159E+000	2,000000000000000E+000
1,9026694E-001	1,126726824341823E+000	2,000000000000000E+000
1,8905991E-001	1,111620292878123E+000	2,000000000000000E+000
1,8788862E-001	1,096973094744264E+000	2,000000000000000E+000
1,8674751E-001	1,080223320293485E+000	2,000000000000000E+000
1,8549253E-001	1,069345096747082E+000	2,000000000000000E+000
1,8430491E-001	1,056666642496435E+000	2,000000000000000E+000
1,8309753E-001	1,040490851616831E+000	2,000000000000000E+000
1,8186609E-001	1,030802725124418E+000	2,000000000000000E+000
1,8071187E-001	1,014212092539918E+000	2,000000000000000E+000
1,7947704E-001	1,003269208836610E+000	2,000000000000000E+000
1,7829429E-001	9,896583152003604E-001	2,000000000000000E+000
1,7703301E-001	9,782634526836116E-001	2,000000000000000E+000
1,7592382E-001	9,656804642571064E-001	2,000000000000000E+000
1,7466557E-001	9,533924145486061E-001	2,000000000000000E+000
1,7350417E-001	9,427453520086946E-001	2,000000000000000E+000
1,7230609E-001	9,286306467321213E-001	2,000000000000000E+000
1,7109427E-001	9,176080574247028E-001	2,000000000000000E+000
1,6984338E-001	9,066321999179561E-001	2,000000000000000E+000
1,6864103E-001	8,952107926209774E-001	2,000000000000000E+000
1,6746634E-001	8,853381375816705E-001	2,000000000000000E+000
1,6630645E-001	8,721303857035112E-001	2,000000000000000E+000
1,6506711E-001	8,571840318575283E-001	2,000000000000000E+000
1,6384566E-001	8,481270348549756E-001	2,000000000000000E+000
1,6267841E-001	8,360819220542908E-001	2,000000000000000E+000
1,6145334E-001	8,257902650317810E-001	2,000000000000000E+000
1,6025341E-001	8,138755671938682E-001	2,000000000000000E+000
1,5898170E-001	8,036592093693029E-001	2,000000000000000E+000
1,5793242E-001	7,926546956274529E-001	2,000000000000000E+000
1,5669633E-001	7,844495740201740E-001	2,000000000000000E+000
1,5549406E-001	7,737590310905418E-001	2,000000000000000E+000
1,5429068E-001	7,610636328829952E-001	2,000000000000000E+000
1,5307921E-001	7,543245069941307E-001	2,000000000000000E+000
1,5185781E-001	7,432362010305802E-001	2,000000000000000E+000
1,5065406E-001	7,284997982766335E-001	2,000000000000000E+000
1,4945193E-001	7,228172570811946E-001	2,000000000000000E+000
1,4829998E-001	7,083598454224163E-001	2,000000000000000E+000
1,4704326E-001	6,994726541969518E-001	2,000000000000000E+000
1,4590381E-001	6,901134364565635E-001	2,000000000000000E+000
1,4466602E-001	6,797761346075555E-001	2,000000000000000E+000
1,4347966E-001	6,701229926957595E-001	2,000000000000000E+000
1,4231138E-001	6,594992913391997E-001	2,000000000000000E+000
1,4106081E-001	6,488045566042686E-001	2,000000000000000E+000
1,3992116E-001	6,374563433885294E-001	2,000000000000000E+000
1,3870063E-001	6,293604398939634E-001	2,000000000000000E+000
1,3757615E-001	6,190740908927239E-001	2,000000000000000E+000
1,3629405E-001	6,097774294256730E-001	2,000000000000000E+000
1,3516115E-001	5,976505904820661E-001	2,000000000000000E+000
1,3387671E-001	5,864190608607966E-001	2,000000000000000E+000
1,3269348E-001	5,786053116640311E-001	2,000000000000000E+000
1,3147676E-001	5,690413601782724E-001	2,000000000000000E+000
1,3030732E-001	5,580432001432367E-001	2,000000000000000E+000
1,2908062E-001	5,477663688275403E-001	2,000000000000000E+000
1,2787080E-001	5,322588198145652E-001	2,000000000000000E+000
1,2668924E-001	5,226927254504199E-001	2,000000000000000E+000
1,2551002E-001	5,119407152308648E-001	2,000000000000000E+000
1,2431858E-001	4,992516765422712E-001	2,000000000000000E+000
1,2309415E-001	4,918453076561147E-001	2,000000000000000E+000
1,2186699E-001	4,788104585475399E-001	2,000000000000000E+000
1,2069084E-001	4,700876710229309E-001	2,000000000000000E+000
1,1951165E-001	4,573498265041653E-001	2,000000000000000E+000
1,1825885E-001	4,491107517732655E-001	2,000000000000000E+000
1,1702678E-001	4,369415065566842E-001	2,000000000000000E+000
1,1589563E-001	4,224120109531757E-001	2,000000000000000E+000
1,1465485E-001	4,153811490568495E-001	2,000000000000000E+000
1,1349928E-001	4,023983017239656E-001	2,000000000000000E+000
1,1229085E-001	3,906162312832073E-001	2,000000000000000E+000
1,1105862E-001	3,744669289767957E-001	2,000000000000000E+000
1,0989258E-001	3,636469641976312E-001	2,000000000000000E+000
1,0870715E-001	3,491440049019054E-001	2,000000000000000E+000
1,0748887E-001	3,370924792640526E-001	2,000000000000000E+000
1,0628555E-001	3,230498933871448E-001	2,000000000000000E+000
1,0224777E-001	2,708975913783807E-001	2,000000000000000E+000
9,7679757E-002	2,396033746556858E-001	2,000000000000000E+000
9,6704118E-002	2,760781902405953E-001	2,000000000000000E+000
9,5499434E-002	2,220138685855386E-001	2,000000000000000E+000
9,4186068E-002	2,302316551407180E-001	2,000000000000000E+000
9,3113825E-002	2,287378764444000E-001	2,000000000000000E+000
9,1842063E-002	2,123142696002986E-001	2,000000000000000E+000
9,0675592E-002	2,097825639691475E-001	2,000000000000000E+000
8,9526676E-002	1,978525273217309E-001	2,000000000000000E+000
8,8207781E-002	1,941699635224525E-001	2,000000000000000E+000
8,7196261E-002	1,881413816892614E-001	2,000000000000000E+000
8,5852966E-002	1,797056656602464E-001	2,000000000000000E+000
8,4596604E-002	1,702368220064305E-001	2,000000000000000E+000
8,3454736E-002	1,663476840347159E-001	2,000000000000000E+000
8,2208656E-002	1,602632243000836E-001	2,000000000000000E+000
8,1177615E-002	1,516080098334465E-001	2,000000000000000E+000
7,9898037E-002	1,451381765763038E-001	2,000000000000000E+000
7,8754559E-002	1,359888193137186E-001	2,000000000000000E+000
7,7382810E-002	1,311672876278562E-001	2,000000000000000E+000
7,6373428E-002	1,213505214200943E-001	2,000000000000000E+000
7,4979596E-002	1,162769241836266E-001	2,000000000000000E+000
7,3898390E-002	1,066726623038341E-001	2,000000000000000E+000
7,2653577E-002	1,005221266985046E-001	2,000000000000000E+000
7,1376301E-002	9,465291154251809E-002	2,000000000000000E+000
7,0207901E-002	8,588360275974058E-002	2,000000000000000E+000
6,9070801E-002	7,874646829548987E-002	2,000000000000000E+000
6,7842424E-002	6,911134642346234E-002	2,000000000000000E+000
6,6643462E-002	6,633690666920439E-002	2,000000000000000E+000
6,5420516E-002	5,716974293506989E-002	2,000000000000000E+000
6,4609692E-002	4,747035975688729E-002	2,000000000000000E+000
6,2945060E-002	4,062080691100733E-002	2,000000000000000E+000
6,2111229E-002	3,476484541735980E-002	2,000000000000000E+000
6,0656905E-002	2,656391795931592E-002	2,000000000000000E+000
5,9594024E-002	1,869711986068140E-002	2,000000000000000E+000
5,8266528E-002	8,347074731284918E-003	2,000000000000000E+000
5,7048477E-002	2,916867242262283E-003	2,000000000000000E+000
5,5849303E-002	-5,171448807097329E-003	2,000000000000000E+000
5,4737601E-002	-1,275851328399658E-002	2,000000000000000E+000
5,3580791E-002	-2,192281918649783E-002	2,000000000000000E+000
5,2261896E-002	-2,981188709586768E-002	2,000000000000000E+000
5,1104974E-002	-3,452547882463664E-002	2,000000000000000E+000
4,9835548E-002	-4,427872908396496E-002	2,000000000000000E+000
4,8702121E-002	-5,464393870325113E-002	2,000000000000000E+000
4,7579583E-002	-5,996439450515301E-002	2,000000000000000E+000
4,6326078E-002	-6,673463604831209E-002	2,000000000000000E+000
4,5081481E-002	-7,638672661333740E-002	2,000000000000000E+000
4,4006437E-002	-8,577975760218348E-002	2,000000000000000E+000
4,2681385E-002	-9,165225586211467E-002	2,000000000000000E+000
4,1408338E-002	-9,956337935161863E-002	2,000000000000000E+000
4,0402353E-002	-1,073579679489030E-001	2,000000000000000E+000
3,9082546E-002	-1,186451960626682E-001	2,000000000000000E+000
3,7931781E-002	-1,228051448490954E-001	2,000000000000000E+000
3,6747899E-002	-1,326063448127737E-001	2,000000000000000E+000
3,5545334E-002	-1,399234278791552E-001	2,000000000000000E+000
3,4382116E-002	-1,480068605893332E-001	2,000000000000000E+000
3,3159424E-002	-1,586909297211264E-001	2,000000000000000E+000
3,1938177E-002	-1,642919595555949E-001	2,000000000000000E+000
3,0805457E-002	-1,706831011278725E-001	2,000000000000000E+000
2,9625293E-002	-1,834003987497894E-001	2,000000000000000E+000
2,8225522E-002	-1,894822216040843E-001	2,000000000000000E+000
2,7219320E-002	-1,950946079644682E-001	2,000000000000000E+000
2,5932977E-002	-2,078358700705898E-001	2,000000000000000E+000
2,4770187E-002	-2,160267117950643E-001	2,000000000000000E+000
2,3555947E-002	-2,202753157708450E-001	2,000000000000000E+000
2,2254253E-002	-2,299044057813102E-001	2,000000000000000E+000
2,1227105E-002	-2,395057001332237E-001	2,000000000000000E+000
1,9906377E-002	-2,482860299534408E-001	2,000000000000000E+000
1,8771531E-002	-2,530527627957913E-001	2,000000000000000E+000
1,7491482E-002	-2,627249006052601E-001	2,000000000000000E+000
1,6356710E-002	-2,740698957350096E-001	2,000000000000000E+000
1,5022608E-002	-2,812719429989725E-001	2,000000000000000E+000
1,3999849E-002	-2,878876914123623E-001	2,000000000000000E+000
1,2729567E-002	-2,976176090909304E-001	2,000000000000000E+000
1,1723863E-002	-3,061575310097799E-001	2,000000000000000E+000
1,0406917E-002	-3,155163143442383E-001	2,000000000000000E+000
9,1219889E-003	-3,213732337872326E-001	2,000000000000000E+000
7,9949964E-003	-3,314668563134211E-001	2,000000000000000E+000
6,8275714E-003	-3,425843461149332E-001	2,000000000000000E+000
5,5337269E-003	-3,487212997343803E-001	2,000000000000000E+000
4,4065230E-003	-3,551629175285427E-001	2,000000000000000E+000
3,1715557E-003	-3,667987854030255E-001	2,000000000000000E+000
1,9837138E-003	-3,768820379541626E-001	2,000000000000000E+000
6,7394861E-004	-3,836506938397954E-001	2,000000000000000E+000
-4,1440755E-004	-3,909059506323600E-001	2,000000000000000E+000
-1,7419307E-003	-4,002176692657580E-001	2,000000000000000E+000
-2,8380670E-003	-4,100424059563212E-001	2,000000000000000E+000
-4,0937010E-003	-4,162168804883811E-001	2,000000000000000E+000
-5,1727174E-003	-4,271654374638771E-001	2,000000000000000E+000
-6,4299004E-003	-4,368275842905325E-001	2,000000000000000E+000
-7,5842771E-003	-4,423367116186352E-001	2,000000000000000E+000
-8,8178348E-003	-4,509476816574871E-001	2,000000000000000E+000
-9,9310260E-003	-4,598447796026299E-001	2,000000000000000E+000
-1,1287382E-002	-4,714191634708120E-001	2,000000000000000E+000
-1,2461714E-002	-4,778480397502847E-001	2,000000000000000E+000
-1,3702912E-002	-4,841106955858816E-001	2,000000000000000E+000
-1,4928365E-002	-4,933228173931297E-001	2,000000000000000E+000
-1,5964851E-002	-5,060976847264644E-001	2,000000000000000E+000
-1,7239165E-002	-5,095383636567172E-001	2,000000000000000E+000
-1,8420927E-002	-5,184558038168616E-001	2,000000000000000E+000
-1,9500926E-002	-5,290050101121544E-001	2,000000000000000E+000
-2,0940322E-002	-5,373092223286466E-001	2,000000000000000E+000
-2,1939307E-002	-5,439300582554458E-001	2,000000000000000E+000
-2,3239521E-002	-5,521285695592990E-001	2,000000000000000E+000
-2,4329638E-002	-5,644546647521613E-001	2,000000000000000E+000
-2,5585700E-002	-5,691501994582771E-001	2,000000000000000E+000
-2,6784867E-002	-5,761201965053441E-001	2,000000000000000E+000
-2,7980849E-002	-5,862484561641583E-001	2,000000000000000E+000
-2,9145131E-002	-5,943406670940679E-001	2,000000000000000E+000
-3,0452697E-002	-6,033165657772095E-001	2,000000000000000E+000
-3,1737626E-002	-6,099902796559018E-001	2,000000000000000E+000
-3,2753386E-002	-6,179382246229093E-001	2,000000000000000E+000
-3,4009367E-002	-6,267662466141495E-001	2,000000000000000E+000
-3,5281733E-002	-6,372118546472225E-001	2,000000000000000E+000
-3,6480054E-002	-6,408846556571230E-001	2,000000000000000E+000
-3,7672389E-002	-6,525197128454838E-001	2,000000000000000E+000
-3,8564734E-002	-6,607559136615162E-001	2,000000000000000E+000
-4,0079352E-002	-6,657016074060689E-001	2,000000000000000E+000
-4,1315459E-002	-6,749726149201827E-001	2,000000000000000E+000
-4,2388529E-002	-6,832475798911659E-001	2,000000000000000E+000
-4,3623634E-002	-6,928227651622842E-001	2,000000000000000E+000
-4,4908781E-002	-6,998774947219140E-001	2,000000000000000E+000
-4,5981217E-002	-7,062804181456421E-001	2,000000000000000E+000
-4,7197152E-002	-7,156741826243156E-001	2,000000000000000E+000
-4,8431620E-002	-7,270007386406956E-001	2,000000000000000E+000
-4,9643099E-002	-7,296593722939062E-001	2,000000000000000E+000
-5,0772209E-002	-7,388235773046095E-001	2,000000000000000E+000
-5,1994514E-002	-7,476939728776753E-001	2,000000000000000E+000
-5,3289063E-002	-7,568055403643038E-001	2,000000000000000E+000
-5,4351732E-002	-7,631167231162093E-001	2,000000000000000E+000
-5,5526488E-002	-7,706904328186734E-001	2,000000000000000E+000
-5,6718864E-002	-7,795333704497232E-001	2,000000000000000E+000
-5,8006477E-002	-7,870802622184971E-001	2,000000000000000E+000
-5,9210919E-002	-7,970351622250198E-001	2,000000000000000E+000
-6,0383122E-002	-8,019851280238335E-001	2,000000000000000E+000
-6,1686091E-002	-8,102958082238700E-001	2,000000000000000E+000
-6,2821895E-002	-8,208031265444511E-001	2,000000000000000E+000
-6,4030610E-002	-8,263645288017054E-001	2,000000000000000E+000
-6,5110900E-002	-8,325520372363151E-001	2,000000000000000E+000
-6,6437438E-002	-8,414233848280066E-001	2,000000000000000E+000
-6,7531370E-002	-8,522477331398797E-001	2,000000000000000E+000
-6,8774484E-002	-8,585360332012737E-001	2,000000000000000E+000
-6,9952212E-002	-8,637635964658781E-001	2,000000000000000E+000
-7,1112320E-002	-8,735481425947329E-001	2,000000000000000E+000
-7,2488390E-002	-8,838174641477323E-001	2,000000000000000E+000
-7,3428996E-002	-8,900288550562614E-001	2,000000000000000E+000
-7,4835129E-002	-8,960957701180003E-001	2,000000000000000E+000
-7,5881243E-002	-9,047756724542468E-001	2,000000000000000E+000
-7,7275768E-002	-9,152469063626103E-001	2,000000000000000E+000
-7,8313179E-002	-9,186662262202177E-001	2,000000000000000E+000
-7,9536334E-002	-9,282704153167156E-001	2,000000000000000E+000
-8,0760770E-002	-9,348264642370232E-001	2,000000000000000E+000
-8,1958227E-002	-9,426138798740737E-001	2,000000000000000E+000
-8,3190836E-002	-9,535196233644250E-001	2,000000000000000E+000
-8,4337145E-002	-9,570571647405055E-001	2,000000000000000E+000
-8,5604027E-002	-9,662132767994915E-001	2,000000000000000E+000
-8,6772159E-002	-9,740866256739800E-001	2,000000000000000E+000
-8,8104986E-002	-9,826661587554781E-001	2,000000000000000E+000
-8,9106306E-002	-9,874661813524561E-001	2,000000000000000E+000
-9,0479553E-002	-9,948832582233926E-001	2,000000000000000E+000
-9,1491692E-002	-1,003764984456611E+000	2,000000000000000E+000
-9,2813417E-002	-1,011583785147023E+000	2,000000000000000E+000
-9,3865670E-002	-1,017349506452405E+000	2,000000000000000E+000
-9,5183514E-002	-1,023044581180091E+000	2,000000000000000E+000
-9,6385017E-002	-1,031218312732459E+000	2,000000000000000E+000
-9,7363412E-002	-1,037349902007175E+000	2,000000000000000E+000
-9,9070631E-002	-1,046477291250115E+000	2,000000000000000E+000
-9,9839084E-002	-1,051702385958006E+000	2,000000000000000E+000
-1,0113526E-001	-1,057430747482509E+000	2,000000000000000E+000
-1,0235248E-001	-1,063752729773380E+000	2,000000000000000E+000
-1,0352483E-001	-1,072777259646465E+000	2,000000000000000E+000
-1,0474067E-001	-1,078291162813978E+000	2,000000000000000E+000
-1,0585493E-001	-1,081834891517813E+000	2,000000000000000E+000
-1,0728612E-001	-1,090758465213215E+000	2,000000000000000E+000
-1,0842522E-001	-1,094478519460946E+000	2,000000000000000E+000
-1,1277759E-001	-1,108785151672351E+000	2,000000000000000E+000
-1,1689465E-001	-1,129242776134221E+000	2,000000000000000E+000
-1,1812353E-001	-1,132178984496189E+000	2,000000000000000E+000
-1,1932652E-001	-1,136877171677985E+000	2,000000000000000E+000
-1,2053035E-001	-1,140585650155249E+000	2,000000000000000E+000
-1,2179105E-001	-1,146895287730901E+000	2,000000000000000E+000
-1,2286264E-001	-1,147106256680907E+000	2,000000000000000E+000
-1,2407114E-001	-1,153245091438288E+000	2,000000000000000E+000
-1,2530206E-001	-1,158680515863960E+000	2,000000000000000E+000
-1,2653352E-001	-1,164802162080171E+000	2,000000000000000E+000
-1,2770848E-001	-1,172297750944619E+000	2,000000000000000E+000
-1,2891819E-001	-1,178961474776127E+000	2,000000000000000E+000
-1,3017884E-001	-1,189657318043623E+000	2,000000000000000E+000
-1,3134088E-001	-1,193801883194180E+000	2,000000000000000E+000
-1,3253705E-001	-1,201237836697452E+000	2,000000000000000E+000
-1,3367693E-001	-1,209752704586009E+000	2,000000000000000E+000
-1,3493657E-001	-1,217354305105768E+000	2,000000000000000E+000
-1,3618591E-001	-1,228921019299712E+000	2,000000000000000E+000
-1,3733570E-001	-1,235436319459780E+000	2,000000000000000E+000
-1,3856365E-001	-1,242220064849349E+000	2,000000000000000E+000
-1,3959336E-001	-1,254219532012939E+000	2,000000000000000E+000
-1,4091969E-001	-1,260998948528947E+000	2,000000000000000E+000
-1,4217544E-001	-1,270892898310670E+000	2,000000000000000E+000
-1,4329629E-001	-1,278952607660794E+000	2,000000000000000E+000
-1,4453197E-001	-1,286054588802571E+000	2,000000000000000E+000
-1,4568397E-001	-1,294451747520792E+000	2,000000000000000E+000
-1,4695957E-001	-1,301826200447973E+000	2,000000000000000E+000
-1,4807497E-001	-1,311576942533803E+000	2,000000000000000E+000
-1,4931065E-001	-1,317135416730132E+000	2,000000000000000E+000
-1,5055652E-001	-1,326180702265074E+000	2,000000000000000E+000
-1,5169214E-001	-1,338087922996942E+000	2,000000000000000E+000
-1,5291019E-001	-1,342825305096249E+000	2,000000000000000E+000
-1,5409932E-001	-1,350187162489247E+000	2,000000000000000E+000
-1,5526251E-001	-1,365598229932841E+000	2,000000000000000E+000
-1,5653452E-001	-1,369066980219003E+000	2,000000000000000E+000
-1,5772942E-001	-1,377820487634312E+000	2,000000000000000E+000
-1,5886866E-001	-1,385901490071170E+000	2,000000000000000E+000
-1,6010731E-001	-1,395376346212016E+000	2,000000000000000E+000
-1,6129665E-001	-1,404306037489459E+000	2,000000000000000E+000
-1,6250812E-001	-1,411979680225526E+000	2,000000000000000E+000
-1,6372122E-001	-1,420458524505158E+000	2,000000000000000E+000
-1,6494268E-001	-1,427294137559967E+000	2,000000000000000E+000
-1,6611800E-001	-1,437289877139310E+000	2,000000000000000E+000
-1,6729870E-001	-1,442983061920295E+000	2,000000000000000E+000
-1,6850315E-001	-1,450410691348626E+000	2,000000000000000E+000
-1,6966006E-001	-1,457412826466475E+000	2,000000000000000E+000
-1,7090459E-001	-1,466215188977202E+000	2,000000000000000E+000
-1,7211835E-001	-1,475887433505029E+000	2,000000000000000E+000
-1,7330690E-001	-1,480311904533728E+000	2,000000000000000E+000
-1,7446871E-001	-1,488735501223282E+000	2,000000000000000E+000
-1,7569795E-001	-1,500588687809394E+000	2,000000000000000E+000
-1,7687865E-001	-1,505932957779066E+000	2,000000000000000E+000
-1,7806606E-001	-1,515787549403129E+000	2,000000000000000E+000
-1,7933209E-001	-1,523215170518529E+000	2,000000000000000E+000
-1,8051931E-001	-1,533466537862459E+000	2,000000000000000E+000
-1,8169321E-001	-1,540333907516604E+000	2,000000000000000E+000
-1,8293922E-001	-1,547983231557595E+000	2,000000000000000E+000
-1,8407482E-001	-1,558051115091612E+000	2,000000000000000E+000
-1,8527974E-001	-1,564927045756058E+000	2,000000000000000E+000
-1,8652576E-001	-1,572782099315972E+000	2,000000000000000E+000
-1,8771897E-001	-1,581171811334094E+000	2,000000000000000E+000
-1,8891473E-001	-1,589453305755924E+000	2,000000000000000E+000
-1,9010708E-001	-1,597167338675781E+000	2,000000000000000E+000
-1,9135755E-001	-1,605941970435978E+000	2,000000000000000E+000
-1,9252679E-001	-1,613032258081212E+000	2,000000000000000E+000
-1,9370084E-001	-1,623862944664097E+000	2,000000000000000E+000
-1,9493017E-001	-1,629505192067604E+000	2,000000000000000E+000
-1,9609383E-001	-1,636157301582259E+000	2,000000000000000E+000
-1,9734967E-001	-1,644665850533379E+000	2,000000000000000E+000
-1,9856219E-001	-1,653369535933485E+000	2,000000000000000E+000
-1,9926769E-001	-1,666659921407701E+000	2,000000000000000E+000
-1,9944474E-001	-1,647766292095184E+000	2,000000000000000E+000
-1,9931506E-001	-1,668521523475647E+000	2,000000000000000E+000
-1,9954655E-001	-1,635756254196167E+000	2,000000000000000E+000
-1,9869913E-001	-1,432755108491551E+000	2,000000000000000E+000
-1,9748318E-001	-1,390709978821510E+000	2,000000000000000E+000
-1,9625930E-001	-1,355735083421070E+000	2,000000000000000E+000
-1,9508789E-001	-1,326121301235009E+000	2,000000000000000E+000
-1,9388710E-001	-1,300603174500994E+000	2,000000000000000E+000
-1,9265008E-001	-1,273943647707776E+000	2,000000000000000E+000
-1,9144563E-001	-1,251131634693591E+000	2,000000000000000E+000
-1,9033492E-001	-1,226348641000824E+000	2,000000000000000E+000
-1,8913059E-001	-1,202977624135428E+000	2,000000000000000E+000
-1,8784699E-001	-1,180855073897099E+000	2,000000000000000E+000
-1,8672898E-001	-1,160854073775997E+000	2,000000000000000E+000
-1,8546759E-001	-1,138612671099882E+000	2,000000000000000E+000
-1,8421938E-001	-1,117880706951295E+000	2,000000000000000E+000
-1,8306786E-001	-1,098048415379942E+000	2,000000000000000E+000
-1,8184927E-001	-1,076395870031163E+000	2,000000000000000E+000
-1,8072066E-001	-1,055391335670178E+000	2,000000000000000E+000
-1,7947869E-001	-1,040406807377519E+000	2,000000000000000E+000
-1,7829891E-001	-1,020498139956203E+000	2,000000000000000E+000
-1,7706889E-001	-9,968299352460459E-001	2,000000000000000E+000
-1,7586704E-001	-9,788931948132813E-001	2,000000000000000E+000
-1,7466581E-001	-9,577178971634970E-001	2,000000000000000E+000
-1,7344165E-001	-9,372979145393607E-001	2,000000000000000E+000
-1,7218655E-001	-9,149653191195295E-001	2,000000000000000E+000
-1,7106241E-001	-8,964006138827507E-001	2,000000000000000E+000
-1,6982092E-001	-8,719889496591042E-001	2,000000000000000E+000
-1,6866027E-001	-8,489191200308213E-001	2,000000000000000E+000
-1,6745804E-001	-8,302568479061687E-001	2,000000000000000E+000
-1,6627012E-001	-8,102048862363311E-001	2,000000000000000E+000
-1,6511905E-001	-7,935793067983958E-001	2,000000000000000E+000
-1,6387686E-001	-7,754495404919410E-001	2,000000000000000E+000
-1,6268070E-001	-7,606888156280736E-001	2,000000000000000E+000
-1,6144255E-001	-7,466653220493455E-001	2,000000000000000E+000
-1,6027509E-001	-7,325728828760028E-001	2,000000000000000E+000
-1,5907656E-001	-7,229494953062350E-001	2,000000000000000E+000
-1,5783331E-001	-7,124360770556228E-001	2,000000000000000E+000
-1,5665652E-001	-6,973146729654163E-001	2,000000000000000E+000
-1,5545776E-001	-6,901406186408607E-001	2,000000000000000E+000
-1,5427990E-001	-6,792453953358155E-001	2,000000000000000E+000
-1,5307502E-001	-6,717901796671646E-001	2,000000000000000E+000
-1,5189566E-001	-6,626622055795168E-001	2,000000000000000E+000
-1,5065911E-001	-6,551264478669792E-001	2,000000000000000E+000
-1,4950845E-001	-6,478484202504022E-001	2,000000000000000E+000
-1,4830588E-001	-6,397175722307056E-001	2,000000000000000E+000
-1,4712118E-001	-6,349536375297866E-001	2,000000000000000E+000
-1,4588529E-001	-6,265193207051437E-001	2,000000000000000E+000
-1,4472713E-001	-6,179949144522343E-001	2,000000000000000E+000
-1,4348423E-001	-6,142472045289119E-001	2,000000000000000E+000
-1,4227897E-001	-6,070497644358062E-001	2,000000000000000E+000
-1,4104564E-001	-5,995925006508398E-001	2,000000000000000E+000
-1,3987662E-001	-5,921108714235863E-001	2,000000000000000E+000
-1,3870937E-001	-5,848031131016027E-001	2,000000000000000E+000
-1,3741785E-001	-5,782878502461788E-001	2,000000000000000E+000
-1,3632520E-001	-5,657823093890846E-001	2,000000000000000E+000
-1,3502468E-001	-5,622583760155564E-001	2,000000000000000E+000
-1,3390116E-001	-5,519083891564094E-001	2,000000000000000E+000
-1,3268606E-001	-5,455426494849629E-001	2,000000000000000E+000
-1,3153474E-001	-5,372261209844549E-001	2,000000000000000E+000
-1,3034323E-001	-5,300828322026607E-001	2,000000000000000E+000
-1,2907301E-001	-5,210757830818351E-001	2,000000000000000E+000
-1,2789041E-001	-5,121599001447787E-001	2,000000000000000E+000
-1,2668706E-001	-5,044607710679649E-001	2,000000000000000E+000
-1,2552908E-001	-4,976961807503066E-001	2,000000000000000E+000
-1,2427650E-001	-4,888683764298474E-001	2,000000000000000E+000
-1,2319303E-001	-4,803683538490011E-001	2,000000000000000E+000
-1,2188093E-001	-4,738752999411968E-001	2,000000000000000E+000
-1,2065335E-001	-4,661591967688521E-001	2,000000000000000E+000
-1,1945252E-001	-4,569314892265819E-001	2,000000000000000E+000
-1,1826545E-001	-4,513072388039681E-001	2,000000000000000E+000
-1,1707273E-001	-4,431477184838560E-001	2,000000000000000E+000
-1,1583705E-001	-4,351515633105807E-001	2,000000000000000E+000
-1,1467694E-001	-4,269326498680224E-001	2,000000000000000E+000
-1,1343376E-001	-4,151410348454689E-001	2,000000000000000E+000
-1,1234415E-001	-4,090023133946863E-001	2,000000000000000E+000
-1,1106982E-001	-4,020913284685874E-001	2,000000000000000E+000
-1,0981809E-001	-3,938713566037917E-001	2,000000000000000E+000
-1,0870383E-001	-3,845852733227524E-001	2,000000000000000E+000
-1,0747968E-001	-3,729220181358617E-001	2,000000000000000E+000
-1,0626842E-001	-3,672012568546315E-001	2,000000000000000E+000
-1,0508822E-001	-3,583214589291145E-001	2,000000000000000E+000
-1,0392968E-001	-3,485633403804425E-001	2,000000000000000E+000
-9,9800587E-002	-2,844914228123954E-001	2,000000000000000E+000
-9,5236443E-002	-2,941173217561150E-001	2,000000000000000E+000
-9,4337761E-002	-3,037121637457014E-001	2,000000000000000E+000
-9,3146019E-002	-2,528896869712121E-001	2,000000000000000E+000
-9,1779508E-002	-2,676731643948218E-001	2,000000000000000E+000
-9,0802461E-002	-2,603766407032877E-001	2,000000000000000E+000
-8,9430280E-002	-2,429849871615364E-001	2,000000000000000E+000
-8,8371515E-002	-2,399235001325395E-001	2,000000000000000E+000
-8,7172419E-002	-2,294089756819795E-001	2,000000000000000E+000
-8,5889392E-002	-2,230141216509587E-001	2,000000000000000E+000
-8,4731415E-002	-2,130497497532318E-001	2,000000000000000E+000
-8,3426677E-002	-2,030470893670868E-001	2,000000000000000E+000
-8,2342349E-002	-1,969997238096162E-001	2,000000000000000E+000
-8,1066549E-002	-1,888897778914753E-001	2,000000000000000E+000
-7,9878844E-002	-1,776118751429885E-001	2,000000000000000E+000
-7,8661963E-002	-1,675901433659923E-001	2,000000000000000E+000
-7,7568933E-002	-1,632545706212378E-001	2,000000000000000E+000
-7,6283157E-002	-1,523914164281448E-001	2,000000000000000E+000
-7,5023174E-002	-1,383592322839559E-001	2,000000000000000E+000
-7,3850118E-002	-1,343188836256521E-001	2,000000000000000E+000
-7,2672397E-002	-1,260918728636442E-001	2,000000000000000E+000
-7,1576267E-002	-1,144463251219823E-001	2,000000000000000E+000
-7,0161067E-002	-1,055241119573584E-001	2,000000000000000E+000
-6,9235101E-002	-9,867158034574874E-002	2,000000000000000E+000
-6,7794576E-002	-8,771276536087191E-002	2,000000000000000E+000
-6,6660650E-002	-7,816618003265891E-002	2,000000000000000E+000
-6,5474719E-002	-6,834952299875474E-002	2,000000000000000E+000
-6,4294666E-002	-6,036861965010201E-002	2,000000000000000E+000
-6,3160658E-002	-5,182072768393142E-002	2,000000000000000E+000
-6,1891370E-002	-3,954043146007236E-002	2,000000000000000E+000
-6,0721498E-002	-3,356136003923085E-002	2,000000000000000E+000
-5,9430420E-002	-1,988896867152540E-002	2,000000000000000E+000
-5,8297377E-002	-1,031344004271278E-002	2,000000000000000E+000
-5,7127930E-002	-1,469164069316381E-003	2,000000000000000E+000
-5,5954244E-002	9,027852524754798E-003	2,000000000000000E+000
-5,4761343E-002	1,993885034823545E-002	2,000000000000000E+000
-5,3472165E-002	2,926624361996942E-002	2,000000000000000E+000
-5,2402701E-002	3,730312711505338E-002	2,000000000000000E+000
-5,1138017E-002	4,810692075342476E-002	2,000000000000000E+000
-4,9893919E-002	5,834148638381609E-002	2,000000000000000E+000
-4,8784968E-002	6,356109570198787E-002	2,000000000000000E+000
-4,7451429E-002	7,523653708200023E-002	2,000000000000000E+000
-4,6471909E-002	8,692810188168321E-002	2,000000000000000E+000
-4,5128811E-002	9,105783322700978E-002	2,000000000000000E+000
-4,3926250E-002	9,894520257000350E-002	2,000000000000000E+000
-4,2677406E-002	1,073180173277963E-001	2,000000000000000E+000
-4,1540802E-002	1,194850617256535E-001	2,000000000000000E+000
-4,0336113E-002	1,240059785130951E-001	2,000000000000000E+000
-3,9066896E-002	1,307859583261975E-001	2,000000000000000E+000
-3,7964527E-002	1,396848535600672E-001	2,000000000000000E+000
-3,6710493E-002	1,496449889037412E-001	2,000000000000000E+000
-3,5518967E-002	1,550849510563745E-001	2,000000000000000E+000
-3,4372658E-002	1,616581788036489E-001	2,000000000000000E+000
-3,3196878E-002	1,726649249364896E-001	2,000000000000000E+000
-3,1884216E-002	1,799025865750286E-001	2,000000000000000E+000
-3,0739816E-002	1,847123474710519E-001	2,000000000000000E+000
-2,9560605E-002	1,944802353951944E-001	2,000000000000000E+000
-2,8269943E-002	2,015752858499544E-001	2,000000000000000E+000
-2,7068306E-002	2,086828247368047E-001	2,000000000000000E+000
-2,6013561E-002	2,192631875190680E-001	2,000000000000000E+000
-2,4796138E-002	2,253173281378289E-001	2,000000000000000E+000
-2,3387874E-002	2,323043151775850E-001	2,000000000000000E+000
-2,2541592E-002	2,414429556078241E-001	2,000000000000000E+000
-2,0836845E-002	2,504476604819371E-001	2,000000000000000E+000
-2,0249048E-002	2,552917910205138E-001	2,000000000000000E+000
-1,8528944E-002	2,643650207427100E-001	2,000000000000000E+000
-1,7828923E-002	2,726807788756016E-001	2,000000000000000E+000
-1,5999781E-002	2,812822194278455E-001	2,000000000000000E+000
-1,5272089E-002	2,867910055081477E-001	2,000000000000000E+000
-1,3810752E-002	2,959642449730184E-001	2,000000000000000E+000
-1,2884866E-002	3,052758305523273E-001	2,000000000000000E+000
-1,1585539E-002	3,129748612926848E-001	2,000000000000000E+000
-1,0424159E-002	3,182252333025213E-001	2,000000000000000E+000
-9,1543021E-003	3,276931149065847E-001	2,000000000000000E+000
-7,9076206E-003	3,355135702597050E-001	2,000000000000000E+000
-6,6822045E-003	3,466661605742527E-001	2,000000000000000E+000
-5,5980929E-003	3,507584298193396E-001	2,000000000000000E+000
-4,3288739E-003	3,580678931083874E-001	2,000000000000000E+000
-3,1512964E-003	3,707431892269399E-001	2,000000000000000E+000
-1,9075494E-003	3,762152885966401E-001	2,000000000000000E+000
-8,0751762E-004	3,823654084656123E-001	2,000000000000000E+000
3,8247369E-004	3,913799552311603E-001	2,000000000000000E+000
7,5252121E-004	3,941215574741364E-001	3,000000000000000E+000
1,3847867E-003	4,010273955279491E-001	3,000000000000000E+000
2,6603749E-003	4,071648721152027E-001	3,000000000000000E+000
3,8355542E-003	4,130709954037304E-001	3,000000000000000E+000
4,9389824E-003	4,245467753132333E-001	3,000000000000000E+000
6,2522823E-003	4,311611193180509E-001	3,000000000000000E+000
7,3392889E-003	4,418387218740687E-001	3,000000000000000E+000
8,7309955E-003	4,463247681657483E-001	3,000000000000000E+000
9,7701037E-003	4,547941924797168E-001	3,000000000000000E+000
1,1115245E-002	4,642848918835325E-001	3,000000000000000E+000
1,2694533E-002	4,719947353177885E-001	3,000000000000000E+000
1,3163240E-002	4,798738302456012E-001	3,000000000000000E+000
1,4551974E-002	4,880713741726206E-001	3,000000000000000E+000
1,5748305E-002	4,967812978214123E-001	3,000000000000000E+000
1,7043773E-002	5,053100756076354E-001	3,000000000000000E+000
1,8117271E-002	5,115162597762222E-001	3,000000000000000E+000
1,9494966E-002	5,203022489375959E-001	3,000000000000000E+000
2,0453546E-002	5,293466970497005E-001	3,000000000000000E+000
2,1902530E-002	5,376876406285351E-001	3,000000000000000E+000
2,2817874E-002	5,440277465688148E-001	3,000000000000000E+000
2,4327187E-002	5,534058109667424E-001	3,000000000000000E+000
2,5345802E-002	5,628282635265780E-001	3,000000000000000E+000
2,6622025E-002	5,712800464523884E-001	3,000000000000000E+000
2,7911626E-002	5,758471273368695E-001	3,000000000000000E+000
2,8967924E-002	5,847909570999326E-001	3,000000000000000E+000
3,0280938E-002	5,962675884538511E-001	3,000000000000000E+000
3,1416636E-002	6,020157813111799E-001	3,000000000000000E+000
3,2507963E-002	6,077737005048043E-001	3,000000000000000E+000
3,3810087E-002	6,172414426260670E-001	3,000000000000000E+000
3,5032239E-002	6,290948216941334E-001	3,000000000000000E+000
3,6198720E-002	6,335319681869187E-001	3,000000000000000E+000
3,7327409E-002	6,402540670500869E-001	3,000000000000000E+000
3,8590897E-002	6,500266207019920E-001	3,000000000000000E+000
3,9653070E-002	6,581097770809987E-001	3,000000000000000E+000
4,1006275E-002	6,656196287539977E-001	3,000000000000000E+000
4,2149194E-002	6,726416374418756E-001	3,000000000000000E+000
4,3447066E-002	6,812127232551588E-001	3,000000000000000E+000
4,4461261E-002	6,905822236763530E-001	3,000000000000000E+000
4,5695629E-002	6,976281851530084E-001	3,000000000000000E+000
4,6904139E-002	7,032943305956141E-001	3,000000000000000E+000
4,8079956E-002	7,120801727891113E-001	3,000000000000000E+000
4,9374748E-002	7,214584375593687E-001	3,000000000000000E+000
5,0654583E-002	7,254543503470465E-001	3,000000000000000E+000
5,1765226E-002	7,332859320428078E-001	3,000000000000000E+000
5,2970979E-002	7,420531176634295E-001	3,000000000000000E+000
5,4142118E-002	7,483334549771703E-001	3,000000000000000E+000
5,5339221E-002	7,567448769609832E-001	3,000000000000000E+000
5,6682751E-002	7,636790486242333E-001	3,000000000000000E+000
5,7703596E-002	7,674499440127676E-001	3,000000000000000E+000
5,8890238E-002	7,774083237422431E-001	3,000000000000000E+000
6,0137015E-002	7,867315361897158E-001	3,000000000000000E+000
6,1265495E-002	7,903896214750930E-001	3,000000000000000E+000
6,2688403E-002	7,973414754960704E-001	3,000000000000000E+000
6,3730694E-002	8,051762871133796E-001	3,000000000000000E+000
6,5008759E-002	8,154144577371589E-001	3,000000000000000E+000
6,6101916E-002	8,225768067598063E-001	3,000000000000000E+000
6,7255028E-002	8,277876203086354E-001	3,000000000000000E+000
6,8660736E-002	8,363215029929556E-001	3,000000000000000E+000
6,9728501E-002	8,439032833471352E-001	3,000000000000000E+000
7,0861362E-002	8,525070209159633E-001	3,000000000000000E+000
7,2030134E-002	8,625788009829023E-001	3,000000000000000E+000
7,3333539E-002	8,664698717011916E-001	3,000000000000000E+000
7,4505284E-002	8,769429185151774E-001	3,000000000000000E+000
7,5755537E-002	8,860595027260736E-001	3,000000000000000E+000
7,6808229E-002	8,930037584569721E-001	3,000000000000000E+000
7,8070015E-002	9,011131715960818E-001	3,000000000000000E+000
7,9388067E-002	9,084007847812723E-001	3,000000000000000E+000
8,0564797E-002	9,183816984468320E-001	3,000000000000000E+000
8,1712171E-002	9,251748522467640E-001	3,000000000000000E+000
8,2930222E-002	9,306833454131827E-001	3,000000000000000E+000
8,4150113E-002	9,417751729143404E-001	3,000000000000000E+000
8,5344546E-002	9,505955402877309E-001	3,000000000000000E+000
8,6497851E-002	9,549999013370662E-001	3,000000000000000E+000
8,7679610E-002	9,644695678208457E-001	3,000000000000000E+000
8,8973038E-002	9,716196862670259E-001	3,000000000000000E+000
9,0197951E-002	9,821472341298190E-001	3,000000000000000E+000
9,1269962E-002	9,872284696471887E-001	3,000000000000000E+000
9,2574418E-002	9,942621232217341E-001	3,000000000000000E+000
9,3737707E-002	1,004766186043899E+000	3,000000000000000E+000
9,4981983E-002	1,012642340527641E+000	3,000000000000000E+000
9,6041679E-002	1,017869148903564E+000	3,000000000000000E+000
9,7268023E-002	1,026562413355954E+000	3,000000000000000E+000
9,8639555E-002	1,034181572514141E+000	3,000000000000000E+000
9,9700630E-002	1,043408287119951E+000	3,000000000000000E+000
1,0101443E-001	1,049771701399656E+000	3,000000000000000E+000
1,0202403E-001	1,055769195159277E+000	3,000000000000000E+000
1,0350934E-001	1,065367550433926E+000	3,000000000000000E+000
1,0441549E-001	1,072531134804230E+000	3,000000000000000E+000
1,0560460E-001	1,080803117783809E+000	3,000000000000000E+000
1,0692924E-001	1,086964512054154E+000	3,000000000000000E+000
1,0802396E-001	1,093209859397676E+000	3,000000000000000E+000
1,1246812E-001	1,125839250922565E+000	3,000000000000000E+000
1,1661702E-001	1,145427350386015E+000	3,000000000000000E+000
1,1789580E-001	1,152420001673612E+000	3,000000000000000E+000
1,1907789E-001	1,160788540228239E+000	3,000000000000000E+000
1,2026964E-001	1,166506091822633E+000	3,000000000000000E+000
1,2146668E-001	1,176203765061306E+000	3,000000000000000E+000
1,2265881E-001	1,181196835374946E+000	3,000000000000000E+000
1,2389080E-001	1,189758342276850E+000	3,000000000000000E+000
1,2507957E-001	1,196922898292542E+000	3,000000000000000E+000
1,2631586E-001	1,204827788027215E+000	3,000000000000000E+000
1,2746473E-001	1,209494097365274E+000	3,000000000000000E+000
1,2869275E-001	1,216782806682645E+000	3,000000000000000E+000
1,2987231E-001	1,223464630595933E+000	3,000000000000000E+000
1,3110736E-001	1,230570769972273E+000	3,000000000000000E+000
1,3225316E-001	1,237344955370109E+000	3,000000000000000E+000
1,3348821E-001	1,243428548953183E+000	3,000000000000000E+000
1,3466945E-001	1,256867523029174E+000	3,000000000000000E+000
1,3587649E-001	1,260231289667665E+000	3,000000000000000E+000
1,3710517E-001	1,266393326274638E+000	3,000000000000000E+000
1,3830808E-001	1,275141560300074E+000	3,000000000000000E+000
1,3948934E-001	1,283490937720575E+000	3,000000000000000E+000
1,4067662E-001	1,289894911132890E+000	3,000000000000000E+000
1,4190401E-001	1,296000719915525E+000	3,000000000000000E+000
1,4305303E-001	1,304268447009637E+000	3,000000000000000E+000
1,4434090E-001	1,311044669813581E+000	3,000000000000000E+000
1,4542983E-001	1,315547738724426E+000	3,000000000000000E+000
1,4665447E-001	1,322175487841442E+000	3,000000000000000E+000
1,4783539E-001	1,328281248574729E+000	3,000000000000000E+000
1,4906503E-001	1,334303376592559E+000	3,000000000000000E+000
1,5026952E-001	1,340220311432386E+000	3,000000000000000E+000
1,5146402E-001	1,345242148523947E+000	3,000000000000000E+000
1,5266211E-001	1,350836625546909E+000	3,000000000000000E+000
1,5382814E-001	1,354001964097495E+000	3,000000000000000E+000
1,5509203E-001	1,358817922589544E+000	3,000000000000000E+000
1,5631427E-001	1,364549385176765E+000	3,000000000000000E+000
1,5746020E-001	1,370899206286093E+000	3,000000000000000E+000
1,5864661E-001	1,372098881302882E+000	3,000000000000000E+000
1,5989377E-001	1,373065266413271E+000	3,000000000000000E+000
1,6103365E-001	1,379386419240664E+000	3,000000000000000E+000
1,6224341E-001	1,382147672327446E+000	3,000000000000000E+000
1,6347314E-001	1,383647554450565E+000	3,000000000000000E+000
1,6463538E-001	1,385290700493861E+000	3,000000000000000E+000
1,6587020E-001	1,386124583564836E+000	3,000000000000000E+000
1,6704306E-001	1,386229527545061E+000	3,000000000000000E+000
1,6824348E-001	1,385046796597262E+000	3,000000000000000E+000
1,6949594E-001	1,386888303793970E+000	3,000000000000000E+000
1,7066804E-001	1,379481923283529E+000	3,000000000000000E+000
1,7188494E-001	1,382213473320012E+000	3,000000000000000E+000
1,7302488E-001	1,383031246580047E+000	3,000000000000000E+000
1,7430663E-001	1,385981328026570E+000	3,000000000000000E+000
1,7545378E-001	1,390061044944799E+000	3,000000000000000E+000
1,7666082E-001	1,386073578545754E+000	3,000000000000000E+000
1,7790987E-001	1,393792866039340E+000	3,000000000000000E+000
1,7912868E-001	1,402631277873839E+000	3,000000000000000E+000
1,8025747E-001	1,401014651672018E+000	3,000000000000000E+000
1,8149604E-001	1,411836755824175E+000	3,000000000000000E+000
1,8265353E-001	1,423193453121244E+000	3,000000000000000E+000
1,8382911E-001	1,428170649507255E+000	3,000000000000000E+000
1,8506262E-001	1,436260145674982E+000	3,000000000000000E+000
1,8621583E-001	1,450532947235779E+000	3,000000000000000E+000
1,8750437E-001	1,457783274266312E+000	3,000000000000000E+000
1,8867871E-001	1,465845267685054E+000	3,000000000000000E+000
1,8988600E-001	1,478316796374409E+000	3,000000000000000E+000
1,9108771E-001	1,488876882457621E+000	3,000000000000000E+000
1,9222492E-001	1,498897004562124E+000	3,000000000000000E+000
1,9343738E-001	1,509654349681952E+000	3,000000000000000E+000
1,9465491E-001	1,518779197621544E+000	3,000000000000000E+000
1,9582614E-001	1,528015432206708E+000	3,000000000000000E+000
1,9704387E-001	1,539598041248549E+000	3,000000000000000E+000
1,9824556E-001	1,548289014371463E+000	3,000000000000000E+000
1,9946319E-001	1,557337412455433E+000	3,000000000000000E+000
2,0015208E-001	1,565811934622204E+000	3,000000000000000E+000
2,0044209E-001	1,581453323364258E+000	3,000000000000000E+000
1,9990690E-001	1,357109070669309E+000	3,000000000000000E+000
1,9862862E-001	1,310801748617519E+000	3,000000000000000E+000
1,9746822E-001	1,279014459104038E+000	3,000000000000000E+000
1,9625472E-001	1,258052436807365E+000	3,000000000000000E+000
1,9509283E-001	1,233922861568217E+000	3,000000000000000E+000
1,9390264E-001	1,212183213051132E+000	3,000000000000000E+000
1,9262756E-001	1,194891457790856E+000	3,000000000000000E+000
1,9148347E-001	1,179254536016811E+000	3,000000000000000E+000
1,9020455E-001	1,162021189151959E+000	3,000000000000000E+000
1,8907106E-001	1,145133522735843E+000	3,000000000000000E+000
1,8787301E-001	1,126846698509464E+000	3,000000000000000E+000
1,8667500E-001	1,110959423981887E+000	3,000000000000000E+000
1,8548648E-001	1,096870203036817E+000	3,000000000000000E+000
1,8423009E-001	1,081067723584262E+000	3,000000000000000E+000
1,8308401E-001	1,068125144526778E+000	3,000000000000000E+000
1,8192735E-001	1,053836448325052E+000	3,000000000000000E+000
1,8066373E-001	1,035523153013655E+000	3,000000000000000E+000
1,7951135E-001	1,024671407175008E+000	3,000000000000000E+000
1,7823181E-001	1,007362629856088E+000	3,000000000000000E+000
1,7706640E-001	9,954491481012475E-001	3,000000000000000E+000
1,7584947E-001	9,842197033749116E-001	3,000000000000000E+000
1,7461538E-001	9,700668238586285E-001	3,000000000000000E+000
1,7342046E-001	9,588257313912898E-001	3,000000000000000E+000
1,7230161E-001	9,451958272882131E-001	3,000000000000000E+000
1,7103665E-001	9,347407238695938E-001	3,000000000000000E+000
1,6988979E-001	9,188800065571261E-001	3,000000000000000E+000
1,6862801E-001	9,109145610386324E-001	3,000000000000000E+000
1,6746968E-001	8,952840367608026E-001	3,000000000000000E+000
1,6632196E-001	8,869346057892695E-001	3,000000000000000E+000
1,6502662E-001	8,734563647217510E-001	3,000000000000000E+000
1,6388759E-001	8,594445288871206E-001	3,000000000000000E+000
1,6263101E-001	8,486426257079938E-001	3,000000000000000E+000
1,6148517E-001	8,365667163980746E-001	3,000000000000000E+000
1,6023549E-001	8,251219722614778E-001	3,000000000000000E+000
1,5907928E-001	8,140909415669739E-001	3,000000000000000E+000
1,5787207E-001	8,030758243985510E-001	3,000000000000000E+000
1,5665491E-001	7,927639575640644E-001	3,000000000000000E+000
1,5543009E-001	7,857129308567536E-001	3,000000000000000E+000
1,5422526E-001	7,724616734000520E-001	3,000000000000000E+000
1,5312101E-001	7,589038854240648E-001	3,000000000000000E+000
1,5181784E-001	7,528192102564120E-001	3,000000000000000E+000
1,5076248E-001	7,392603565455893E-001	3,000000000000000E+000
1,4947210E-001	7,267739395524728E-001	3,000000000000000E+000
1,4831452E-001	7,178326203677541E-001	3,000000000000000E+000
1,4705600E-001	7,062361865666611E-001	3,000000000000000E+000
1,4585668E-001	6,940075051280905E-001	3,000000000000000E+000
1,4465815E-001	6,827367407493981E-001	3,000000000000000E+000
1,4354143E-001	6,736967630201489E-001	3,000000000000000E+000
1,4230774E-001	6,598101117372233E-001	3,000000000000000E+000
1,4105274E-001	6,487143536408748E-001	3,000000000000000E+000
1,3987683E-001	6,373279549836832E-001	3,000000000000000E+000
1,3866323E-001	6,258343996445634E-001	3,000000000000000E+000
1,3750935E-001	6,160868911107089E-001	3,000000000000000E+000
1,3631977E-001	6,006705802520402E-001	3,000000000000000E+000
1,3507837E-001	5,927709511188048E-001	3,000000000000000E+000
1,3391840E-001	5,780865955511452E-001	3,000000000000000E+000
1,3268571E-001	5,686117344432411E-001	3,000000000000000E+000
1,3143878E-001	5,572476312690613E-001	3,000000000000000E+000
1,3031554E-001	5,419416390273160E-001	3,000000000000000E+000
1,2908623E-001	5,332824993292213E-001	3,000000000000000E+000
1,2789881E-001	5,179489246845531E-001	3,000000000000000E+000
1,2672786E-001	5,062771580457959E-001	3,000000000000000E+000
1,2548016E-001	4,929474571599046E-001	3,000000000000000E+000
1,2421124E-001	4,806763740791071E-001	3,000000000000000E+000
1,2304989E-001	4,690873755694005E-001	3,000000000000000E+000
1,2184481E-001	4,546501413160167E-001	3,000000000000000E+000
1,2067968E-001	4,433708919764134E-001	3,000000000000000E+000
1,1946277E-001	4,263061123848386E-001	3,000000000000000E+000
1,1832631E-001	4,122646063850768E-001	3,000000000000000E+000
1,1712033E-001	4,051128323793557E-001	3,000000000000000E+000
1,1588770E-001	3,872546110974842E-001	3,000000000000000E+000
1,1469349E-001	3,780608506381726E-001	3,000000000000000E+000
1,1354040E-001	3,659902339007832E-001	3,000000000000000E+000
1,1222335E-001	3,532693659265838E-001	3,000000000000000E+000
1,1109105E-001	3,444118595216432E-001	3,000000000000000E+000
1,0988530E-001	3,349719941616058E-001	3,000000000000000E+000
1,0864096E-001	3,269153802388318E-001	3,000000000000000E+000
1,0747647E-001	3,186900839209561E-001	3,000000000000000E+000
1,0627858E-001	3,101518791755331E-001	3,000000000000000E+000
1,0206788E-001	2,493085566030729E-001	3,000000000000000E+000
9,7524785E-002	2,786479664975103E-001	3,000000000000000E+000
9,6845917E-002	2,675088865432400E-001	3,000000000000000E+000
9,5367618E-002	2,290395585112961E-001	3,000000000000000E+000
9,4279103E-002	2,484354519638823E-001	3,000000000000000E+000
9,3002319E-002	2,353777827660526E-001	3,000000000000000E+000
9,1943972E-002	2,189321284208243E-001	3,000000000000000E+000
9,0491764E-002	2,240289501561277E-001	3,000000000000000E+000
8,9671373E-002	2,094891471939198E-001	3,000000000000000E+000
8,8253200E-002	2,024126716100403E-001	3,000000000000000E+000
8,7118998E-002	2,008415863318893E-001	3,000000000000000E+000
8,5845537E-002	1,893224429610810E-001	3,000000000000000E+000
8,4662497E-002	1,826160442584230E-001	3,000000000000000E+000
8,3531268E-002	1,774757487906351E-001	3,000000000000000E+000
8,2220130E-002	1,660367817514474E-001	3,000000000000000E+000
8,1157662E-002	1,622140296946144E-001	3,000000000000000E+000
7,9896726E-002	1,544997196372910E-001	3,000000000000000E+000
7,8622662E-002	1,460675159490806E-001	3,000000000000000E+000
7,7460296E-002	1,379780284004042E-001	3,000000000000000E+000
7,6216973E-002	1,309787458244334E-001	3,000000000000000E+000
7,5168520E-002	1,259092942022515E-001	3,000000000000000E+000
7,3837951E-002	1,165593109197087E-001	3,000000000000000E+000
7,2720453E-002	1,078163060420019E-001	3,000000000000000E+000
7,1424700E-002	1,011580497811166E-001	3,000000000000000E+000
7,0358209E-002	9,437031154003417E-002	3,000000000000000E+000
6,9159672E-002	8,666872734708386E-002	3,000000000000000E+000
6,7983717E-002	7,860468943599019E-002	3,000000000000000E+000
6,6615231E-002	6,747758191691156E-002	3,000000000000000E+000
6,5471895E-002	6,393711274183635E-002	3,000000000000000E+000
6,4458683E-002	5,528191503038188E-002	3,000000000000000E+000
6,3122459E-002	4,562028008459251E-002	3,000000000000000E+000
6,1999567E-002	3,710896974694661E-002	3,000000000000000E+000
6,0642041E-002	3,242539112451825E-002	3,000000000000000E+000
5,9503593E-002	2,405193411848613E-002	3,000000000000000E+000
5,8346741E-002	1,366032115469420E-002	3,000000000000000E+000
5,7093266E-002	6,731236130858798E-003	3,000000000000000E+000
5,5989623E-002	1,126061763439227E-003	3,000000000000000E+000
5,4594945E-002	-8,128165923119851E-003	3,000000000000000E+000
5,3654168E-002	-1,692737607798464E-002	3,000000000000000E+000
5,2287582E-002	-2,578299725428221E-002	3,000000000000000E+000
5,1203899E-002	-3,148424537222894E-002	3,000000000000000E+000
4,9714118E-002	-3,955814224092226E-002	3,000000000000000E+000
4,8698857E-002	-4,741221311862177E-002	3,000000000000000E+000
4,7591895E-002	-5,851715844538474E-002	3,000000000000000E+000
4,6270248E-002	-6,281963554404979E-002	3,000000000000000E+000
4,5074902E-002	-7,265475247038022E-002	3,000000000000000E+000
4,3819766E-002	-8,124240243880698E-002	3,000000000000000E+000
4,2712804E-002	-8,954131499329487E-002	3,000000000000000E+000
4,1430421E-002	-9,655311455760440E-002	3,000000000000000E+000
4,0370721E-002	-1,047726038614873E-001	3,000000000000000E+000
3,9062228E-002	-1,112437032990985E-001	3,000000000000000E+000
3,7884656E-002	-1,242367960555759E-001	3,000000000000000E+000
3,6724973E-002	-1,289921715398555E-001	3,000000000000000E+000
3,5645530E-002	-1,359666423436632E-001	3,000000000000000E+000
3,4326706E-002	-1,477098455631035E-001	3,000000000000000E+000
3,3123337E-002	-1,552091093897746E-001	3,000000000000000E+000
3,1987429E-002	-1,612082144452465E-001	3,000000000000000E+000
3,0675966E-002	-1,709311404675069E-001	3,000000000000000E+000
2,9497504E-002	-1,808156675305558E-001	3,000000000000000E+000
2,8288994E-002	-1,880833446436245E-001	3,000000000000000E+000
2,7094921E-002	-1,955226870702091E-001	3,000000000000000E+000
2,5975648E-002	-2,070403472472977E-001	3,000000000000000E+000
2,4841938E-002	-2,152866626037628E-001	3,000000000000000E+000
2,3500543E-002	-2,200308978014309E-001	3,000000000000000E+000
2,2385653E-002	-2,303761856423483E-001	3,000000000000000E+000
2,1147076E-002	-2,401638842377540E-001	3,000000000000000E+000
2,0005723E-002	-2,499604167382214E-001	3,000000000000000E+000
1,8690227E-002	-2,545085911492437E-001	3,000000000000000E+000
1,7593801E-002	-2,636104238443758E-001	3,000000000000000E+000
1,6338669E-002	-2,753398639658737E-001	3,000000000000000E+000
1,5176299E-002	-2,832944482280357E-001	3,000000000000000E+000
1,3734920E-002	-2,894676948587098E-001	3,000000000000000E+000
1,2747397E-002	-2,997837045868095E-001	3,000000000000000E+000
1,1525416E-002	-3,124017111129232E-001	3,000000000000000E+000
1,0557424E-002	-3,169583620124108E-001	3,000000000000000E+000
8,8838087E-003	-3,251977796640451E-001	3,000000000000000E+000
8,0045862E-003	-3,344581636031041E-001	3,000000000000000E+000
6,7882990E-003	-3,473600643574839E-001	3,000000000000000E+000
5,6897537E-003	-3,512568146731976E-001	3,000000000000000E+000
4,5213676E-003	-3,615238399512164E-001	3,000000000000000E+000
3,1336318E-003	-3,723877481685047E-001	3,000000000000000E+000
1,8340558E-003	-3,795222474641555E-001	3,000000000000000E+000
6,7500997E-004	-3,876285675214612E-001	3,000000000000000E+000
-4,5007083E-004	-3,968397529700889E-001	3,000000000000000E+000
-1,6811437E-003	-4,061691717339526E-001	3,000000000000000E+000
-2,7960353E-003	-4,138841119474126E-001	3,000000000000000E+000
-4,2318958E-003	-4,223255564769106E-001	3,000000000000000E+000
-5,3066667E-003	-4,293745673192593E-001	3,000000000000000E+000
-6,4103706E-003	-4,410226452336801E-001	3,000000000000000E+000
-7,6953000E-003	-4,472627991689717E-001	3,000000000000000E+000
-8,9358622E-003	-4,551994725889346E-001	3,000000000000000E+000
-1,0016502E-002	-4,650854609251303E-001	3,000000000000000E+000
-1,1241741E-002	-4,727786948852648E-001	3,000000000000000E+000
-1,2391023E-002	-4,802897278547141E-001	3,000000000000000E+000
-1,3696755E-002	-4,883732853664289E-001	3,000000000000000E+000
-1,4868427E-002	-4,991150506668620E-001	3,000000000000000E+000
-1,6092431E-002	-5,052460978083566E-001	3,000000000000000E+000
-1,7212206E-002	-5,117135159585056E-001	3,000000000000000E+000
-1,8405428E-002	-5,229504683693107E-001	3,000000000000000E+000
-1,9577274E-002	-5,308937008354686E-001	3,000000000000000E+000
-2,0729104E-002	-5,367652347604555E-001	3,000000000000000E+000
-2,2065615E-002	-5,464491335140451E-001	3,000000000000000E+000
-2,3220630E-002	-5,538212864107841E-001	3,000000000000000E+000
-2,4515174E-002	-5,639380427957015E-001	3,000000000000000E+000
-2,5544941E-002	-5,710118247058098E-001	3,000000000000000E+000
-2,6837727E-002	-5,766338051848656E-001	3,000000000000000E+000
-2,8090386E-002	-5,867555083327538E-001	3,000000000000000E+000
-2,9194308E-002	-5,963875697149605E-001	3,000000000000000E+000
-3,0472651E-002	-6,025518820431350E-001	3,000000000000000E+000
-3,1624477E-002	-6,110646774371462E-001	3,000000000000000E+000
-3,2746162E-002	-6,186399889971916E-001	3,000000000000000E+000
-3,4028046E-002	-6,282098901682284E-001	3,000000000000000E+000
-3,5410378E-002	-6,365381880163152E-001	3,000000000000000E+000
-3,6236994E-002	-6,420104395839612E-001	3,000000000000000E+000
-3,7639912E-002	-6,521190942816979E-001	3,000000000000000E+000
-3,8836669E-002	-6,618263659119177E-001	3,000000000000000E+000
-4,0018853E-002	-6,654877782782060E-001	3,000000000000000E+000
-4,1240525E-002	-6,755853353102705E-001	3,000000000000000E+000
-4,2446483E-002	-6,829952767412006E-001	3,000000000000000E+000
-4,3542970E-002	-6,934558003795903E-001	3,000000000000000E+000
-4,4781197E-002	-6,995863351556961E-001	3,000000000000000E+000
-4,6083316E-002	-7,058568783190662E-001	3,000000000000000E+000
-4,7133680E-002	-7,156116192022104E-001	3,000000000000000E+000
-4,8497215E-002	-7,253771651174006E-001	3,000000000000000E+000
-4,9563278E-002	-7,306740701767716E-001	3,000000000000000E+000
-5,0892148E-002	-7,385529052483442E-001	3,000000000000000E+000
-5,1912788E-002	-7,469524020777518E-001	3,000000000000000E+000
-5,3229202E-002	-7,571996913670924E-001	3,000000000000000E+000
-5,4262146E-002	-7,627212198761626E-001	3,000000000000000E+000
-5,5620953E-002	-7,702485860877282E-001	3,000000000000000E+000
-5,6790192E-002	-7,796333138744771E-001	3,000000000000000E+000
-5,7982661E-002	-7,891086406177941E-001	3,000000000000000E+000
-5,9247002E-002	-7,944851264754238E-001	3,000000000000000E+000
-6,0298212E-002	-8,023030377441547E-001	3,000000000000000E+000
-6,1698198E-002	-8,108273831592809E-001	3,000000000000000E+000
-6,2778153E-002	-8,195546078495664E-001	3,000000000000000E+000
-6,3972875E-002	-8,274197196932853E-001	3,000000000000000E+000
-6,5127246E-002	-8,324626592953717E-001	3,000000000000000E+000
-6,6402420E-002	-8,424652408359989E-001	3,000000000000000E+000
-6,7527555E-002	-8,519416815359815E-001	3,000000000000000E+000
-6,8802088E-002	-8,580056098117339E-001	3,000000000000000E+000
-7,0081279E-002	-8,635295406501342E-001	3,000000000000000E+000
-7,1110621E-002	-8,733722235731491E-001	3,000000000000000E+000
-7,2394758E-002	-8,836593428902582E-001	3,000000000000000E+000
-7,3542133E-002	-8,871954654481387E-001	3,000000000000000E+000
-7,4848503E-002	-8,963585231384208E-001	3,000000000000000E+000
-7,6071240E-002	-9,059392479075896E-001	3,000000000000000E+000
-7,7217467E-002	-9,130741903834294E-001	3,000000000000000E+000
-7,8373462E-002	-9,200737534125349E-001	3,000000000000000E+000
-7,9499818E-002	-9,258196304241824E-001	3,000000000000000E+000
-8,0948003E-002	-9,342676542043966E-001	3,000000000000000E+000
-8,2036562E-002	-9,410335156997647E-001	3,000000000000000E+000
-8,3163872E-002	-9,513341469207290E-001	3,000000000000000E+000
-8,4684849E-002	-9,552145955773668E-001	3,000000000000000E+000
-8,5371360E-002	-9,631369610282539E-001	3,000000000000000E+000
-8,7067477E-002	-9,707449400900945E-001	3,000000000000000E+000
-8,7985896E-002	-9,788307928031781E-001	3,000000000000000E+000
-8,9133270E-002	-9,848943832502854E-001	3,000000000000000E+000
-9,0292312E-002	-9,891198592398460E-001	3,000000000000000E+000
-9,1589347E-002	-9,972617327477060E-001	3,000000000000000E+000
-9,2701055E-002	-1,005506004638001E+000	3,000000000000000E+000
-9,4027229E-002	-1,012792593903011E+000	3,000000000000000E+000
-9,5100731E-002	-1,017554894900293E+000	3,000000000000000E+000
-9,6461862E-002	-1,022067324982748E+000	3,000000000000000E+000
-9,7435378E-002	-1,030825870749714E+000	3,000000000000000E+000
-9,8706730E-002	-1,035596403034614E+000	3,000000000000000E+000
-9,9948898E-002	-1,043528199195861E+000	3,000000000000000E+000
-1,0118324E-001	-1,049316431964854E+000	3,000000000000000E+000
-1,0240681E-001	-1,050574551871116E+000	3,000000000000000E+000
-1,0358348E-001	-1,056581766258375E+000	3,000000000000000E+000
-1,0475760E-001	-1,062317932541994E+000	3,000000000000000E+000
-1,0594106E-001	-1,063360768784246E+000	3,000000000000000E+000
-1,0707358E-001	-1,069644603464337E+000	3,000000000000000E+000
-1,0834456E-001	-1,078000776452459E+000	3,000000000000000E+000
-1,0964668E-001	-1,078109389360716E+000	3,000000000000000E+000
-1,1081655E-001	-1,083589902302868E+000	3,000000000000000E+000
-1,1174506E-001	-1,090820550918579E+000	3,000000000000000E+000
-1,1346643E-001	-1,094944093738578E+000	3,000000000000000E+000
-1,1728287E-001	-1,126724281100984E+000	3,000000000000000E+000
-1,2181244E-001	-1,146509025608081E+000	3,000000000000000E+000
-1,2289248E-001	-1,156551454578421E+000	3,000000000000000E+000
-1,2415767E-001	-1,160895389866916E+000	3,000000000000000E+000
-1,2525070E-001	-1,168875658625939E+000	3,000000000000000E+000
-1,2653917E-001	-1,179879094198071E+000	3,000000000000000E+000
-1,2767968E-001	-1,189007052927518E+000	3,000000000000000E+000
-1,2894931E-001	-1,193458113474431E+000	3,000000000000000E+000
-1,3011827E-001	-1,206463241759964E+000	3,000000000000000E+000
-1,3131700E-001	-1,213184378247844E+000	3,000000000000000E+000
-1,3247287E-001	-1,221130687226019E+000	3,000000000000000E+000
-1,3367558E-001	-1,227829422301575E+000	3,000000000000000E+000
-1,3493332E-001	-1,236103547943962E+000	3,000000000000000E+000
-1,3610674E-001	-1,245495713488378E+000	3,000000000000000E+000
-1,3731413E-001	-1,255034192516984E+000	3,000000000000000E+000
-1,3850138E-001	-1,262673882163924E+000	3,000000000000000E+000
-1,3970706E-001	-1,271374472278959E+000	3,000000000000000E+000
-1,4097777E-001	-1,278956921598702E+000	3,000000000000000E+000
-1,4204553E-001	-1,287634024172330E+000	3,000000000000000E+000
-1,4337119E-001	-1,292963496478341E+000	3,000000000000000E+000
-1,4446333E-001	-1,304364759802677E+000	3,000000000000000E+000
-1,4569220E-001	-1,307746519576063E+000	3,000000000000000E+000
-1,4695370E-001	-1,315823279234959E+000	3,000000000000000E+000
-1,4807180E-001	-1,324777253834461E+000	3,000000000000000E+000
-1,4932233E-001	-1,330946829583908E+000	3,000000000000000E+000
-1,5055709E-001	-1,340580826814940E+000	3,000000000000000E+000
-1,5175553E-001	-1,352771257326284E+000	3,000000000000000E+000
-1,5292944E-001	-1,355691568719015E+000	3,000000000000000E+000
-1,5413046E-001	-1,363868094083884E+000	3,000000000000000E+000
-1,5532853E-001	-1,372613092263538E+000	3,000000000000000E+000
-1,5650705E-001	-1,382272616839380E+000	3,000000000000000E+000
-1,5773508E-001	-1,388119551801568E+000	3,000000000000000E+000
-1,5892865E-001	-1,398935312991613E+000	3,000000000000000E+000
-1,6013737E-001	-1,406094527837855E+000	3,000000000000000E+000
-1,6135991E-001	-1,412256591004767E+000	3,000000000000000E+000
-1,6251548E-001	-1,420542339414906E+000	3,000000000000000E+000
-1,6372399E-001	-1,428568114768018E+000	3,000000000000000E+000
-1,6489913E-001	-1,435656275945128E+000	3,000000000000000E+000
-1,6609843E-001	-1,442407094701018E+000	3,000000000000000E+000
-1,6729909E-001	-1,451277342883664E+000	3,000000000000000E+000
-1,6850927E-001	-1,458332599761583E+000	3,000000000000000E+000
-1,6965318E-001	-1,467293971890782E+000	3,000000000000000E+000
-1,7091939E-001	-1,477126336691001E+000	3,000000000000000E+000
-1,7208056E-001	-1,481504250576506E+000	3,000000000000000E+000
-1,7331371E-001	-1,489436704148016E+000	3,000000000000000E+000
-1,7451322E-001	-1,497560175808356E+000	3,000000000000000E+000
-1,7571655E-001	-1,509120508855965E+000	3,000000000000000E+000
-1,7690171E-001	-1,513988475780932E+000	3,000000000000000E+000
-1,7813314E-001	-1,522241313545102E+000	3,000000000000000E+000
-1,7935708E-001	-1,528656875766394E+000	3,000000000000000E+000
-1,8050459E-001	-1,541044669932930E+000	3,000000000000000E+000
-1,8177170E-001	-1,545639973513229E+000	3,000000000000000E+000
-1,8289508E-001	-1,554459325106881E+000	3,000000000000000E+000
-1,8408208E-001	-1,563143858461881E+000	3,000000000000000E+000
-1,8530034E-001	-1,570472788376115E+000	3,000000000000000E+000
-1,8655187E-001	-1,578976037584382E+000	3,000000000000000E+000
-1,8777733E-001	-1,587276532504440E+000	3,000000000000000E+000
-1,8892555E-001	-1,592494537501977E+000	3,000000000000000E+000
-1,9015186E-001	-1,600743212461190E+000	3,000000000000000E+000
-1,9130172E-001	-1,608743512106173E+000	3,000000000000000E+000
-1,9247437E-001	-1,614828195974788E+000	3,000000000000000E+000
-1,9374251E-001	-1,620646539730608E+000	3,000000000000000E+000
-1,9498108E-001	-1,628139897232394E+000	3,000000000000000E+000
-1,9615899E-001	-1,634199142456055E+000	3,000000000000000E+000
-1,9723843E-001	-1,636992150589954E+000	3,000000000000000E+000
-1,9852334E-001	-1,641579008695700E+000	3,000000000000000E+000
-1,9935557E-001	-1,654239475727081E+000	3,000000000000000E+000
-1,9937597E-001	-1,639364838600159E+000	3,000000000000000E+000
-1,9959320E-001	-1,627965927124023E+000	3,000000000000000E+000
-1,9874719E-001	-1,422432626183657E+000	3,000000000000000E+000
-1,9753419E-001	-1,374459867641602E+000	3,000000000000000E+000
-1,9634558E-001	-1,336841469820306E+000	3,000000000000000E+000
-1,9511642E-001	-1,305231308685267E+000	3,000000000000000E+000
-1,9392037E-001	-1,275338649749753E+000	3,000000000000000E+000
-1,9273895E-001	-1,247503725139218E+000	3,000000000000000E+000
-1,9149658E-001	-1,222987025907191E+000	3,000000000000000E+000
-1,9035186E-001	-1,196820745865503E+000	3,000000000000000E+000
-1,8908635E-001	-1,172822793255797E+000	3,000000000000000E+000
-1,8798853E-001	-1,145595697082442E+000	3,000000000000000E+000
-1,8672246E-001	-1,123168855129434E+000	3,000000000000000E+000
-1,8547323E-001	-1,097176545127117E+000	3,000000000000000E+000
-1,8439479E-001	-1,071504584582589E+000	3,000000000000000E+000
-1,8305859E-001	-1,046791562586331E+000	3,000000000000000E+000
-1,8193130E-001	-1,021102697536765E+000	3,000000000000000E+000
-1,8071501E-001	-9,968627913923989E-001	3,000000000000000E+000
-1,7954798E-001	-9,744772074433676E-001	3,000000000000000E+000
-1,7834026E-001	-9,480987811909489E-001	3,000000000000000E+000
-1,7710826E-001	-9,271070062424265E-001	3,000000000000000E+000
-1,7594992E-001	-9,056930914003800E-001	3,000000000000000E+000
-1,7471500E-001	-8,877393900658213E-001	3,000000000000000E+000
-1,7348190E-001	-8,684989784982180E-001	3,000000000000000E+000
-1,7232908E-001	-8,564548847886382E-001	3,000000000000000E+000
-1,7111003E-001	-8,388141459888878E-001	3,000000000000000E+000
-1,6984768E-001	-8,284428350765367E-001	3,000000000000000E+000
-1,6870710E-001	-8,145371070993981E-001	3,000000000000000E+000
-1,6744135E-001	-8,048924869961205E-001	3,000000000000000E+000
-1,6631018E-001	-7,905879049579154E-001	3,000000000000000E+000
-1,6516472E-001	-7,829747320135576E-001	3,000000000000000E+000
-1,6386142E-001	-7,737151706694707E-001	3,000000000000000E+000
-1,6275848E-001	-7,627997555838970E-001	3,000000000000000E+000
-1,6147631E-001	-7,551557848626729E-001	3,000000000000000E+000
-1,6035259E-001	-7,461858002848381E-001	3,000000000000000E+000
-1,5915129E-001	-7,385068245542534E-001	3,000000000000000E+000
-1,5793836E-001	-7,298127292672651E-001	3,000000000000000E+000
-1,5672308E-001	-7,227967311024530E-001	3,000000000000000E+000
-1,5549819E-001	-7,150901618016943E-001	3,000000000000000E+000
-1,5431122E-001	-7,085589696049528E-001	3,000000000000000E+000
-1,5312716E-001	-6,985292559041199E-001	3,000000000000000E+000
-1,5192100E-001	-6,925411608708227E-001	3,000000000000000E+000
-1,5067859E-001	-6,824892304182333E-001	3,000000000000000E+000
-1,4959808E-001	-6,783935618241905E-001	3,000000000000000E+000
-1,4832321E-001	-6,697344370272571E-001	3,000000000000000E+000
-1,4720301E-001	-6,622760465661823E-001	3,000000000000000E+000
-1,4592020E-001	-6,543223704297638E-001	3,000000000000000E+000
-1,4468397E-001	-6,470539176715882E-001	3,000000000000000E+000
-1,4346002E-001	-6,374326393749823E-001	3,000000000000000E+000
-1,4232180E-001	-6,293951339191857E-001	3,000000000000000E+000
-1,4113685E-001	-6,218338567177168E-001	3,000000000000000E+000
-1,3988298E-001	-6,124661142799877E-001	3,000000000000000E+000
-1,3875131E-001	-6,038398813128611E-001	3,000000000000000E+000
-1,3755605E-001	-5,952390961831897E-001	3,000000000000000E+000
-1,3633756E-001	-5,886092235644655E-001	3,000000000000000E+000
-1,3504523E-001	-5,802343404610379E-001	3,000000000000000E+000
-1,3389859E-001	-5,727283196885971E-001	3,000000000000000E+000
-1,3271746E-001	-5,610003347025678E-001	3,000000000000000E+000
-1,3156147E-001	-5,541731210390992E-001	3,000000000000000E+000
-1,3031946E-001	-5,435642728633754E-001	3,000000000000000E+000
-1,2913345E-001	-5,381055515500934E-001	3,000000000000000E+000
-1,2792557E-001	-5,301645518263323E-001	3,000000000000000E+000
-1,2672371E-001	-5,188258335735920E-001	3,000000000000000E+000
-1,2552230E-001	-5,081045577923464E-001	3,000000000000000E+000
-1,2432631E-001	-5,036938045329098E-001	3,000000000000000E+000
-1,2318956E-001	-4,943621456623052E-001	3,000000000000000E+000
-1,2189494E-001	-4,839219558225185E-001	3,000000000000000E+000
-1,2069811E-001	-4,767054741236336E-001	3,000000000000000E+000
-1,1950263E-001	-4,687124767978830E-001	3,000000000000000E+000
-1,1829800E-001	-4,577578430029519E-001	3,000000000000000E+000
-1,1709312E-001	-4,495081521087787E-001	3,000000000000000E+000
-1,1592324E-001	-4,425292734953512E-001	3,000000000000000E+000
-1,1473646E-001	-4,324370249933382E-001	3,000000000000000E+000
-1,1347000E-001	-4,239645885838258E-001	3,000000000000000E+000
-1,1232480E-001	-4,179712097479591E-001	3,000000000000000E+000
-1,1117982E-001	-4,076667876819275E-001	3,000000000000000E+000
-1,0981657E-001	-4,002975339406278E-001	3,000000000000000E+000
-1,0872827E-001	-3,905214098221785E-001	3,000000000000000E+000
-1,0757946E-001	-3,794479382448581E-001	3,000000000000000E+000
-1,0624974E-001	-3,762984700130172E-001	3,000000000000000E+000
-1,0514356E-001	-3,668373850113886E-001	3,000000000000000E+000
-1,0394934E-001	-3,549577378736881E-001	3,000000000000000E+000
-1,0273348E-001	-3,465277047793363E-001	3,000000000000000E+000
-1,0151308E-001	-3,391213696406878E-001	3,000000000000000E+000
-1,0038575E-001	-3,315092103805881E-001	3,000000000000000E+000
-9,9154532E-002	-3,211761431561575E-001	3,000000000000000E+000
-9,4923109E-002	-2,658412174136238E-001	3,000000000000000E+000
-9,0531141E-002	-2,744097769717446E-001	3,000000000000000E+000
-8,9687616E-002	-2,592687302536362E-001	3,000000000000000E+000
-8,8321067E-002	-2,249800041404182E-001	3,000000000000000E+000
-8,7156922E-002	-2,370608299884385E-001	3,000000000000000E+000
-8,5748233E-002	-2,219512919955711E-001	3,000000000000000E+000
-8,4737860E-002	-2,085580006069323E-001	3,000000000000000E+000
-8,3558299E-002	-2,028290581915329E-001	3,000000000000000E+000
-8,2229421E-002	-1,937810835596694E-001	3,000000000000000E+000
-8,1113257E-002	-1,835546790497134E-001	3,000000000000000E+000
-7,9753265E-002	-1,745612177355386E-001	3,000000000000000E+000
-7,8826740E-002	-1,631114233556827E-001	3,000000000000000E+000
-7,7509120E-002	-1,565945260140489E-001	3,000000000000000E+000
-7,6437742E-002	-1,470445507244826E-001	3,000000000000000E+000
-7,5011156E-002	-1,316660816470780E-001	3,000000000000000E+000
-7,4083924E-002	-1,259421403994087E-001	3,000000000000000E+000
-7,2546378E-002	-1,188365989903648E-001	3,000000000000000E+000
-7,1532428E-002	-1,024359050239179E-001	3,000000000000000E+000
-7,0478901E-002	-9,635757587535337E-002	3,000000000000000E+000
-6,9157057E-002	-8,516239250268487E-002	3,000000000000000E+000
-6,7939289E-002	-7,213366760859344E-002	3,000000000000000E+000
-6,6723771E-002	-6,485549846439853E-002	3,000000000000000E+000
-6,5644555E-002	-5,414035375805626E-002	3,000000000000000E+000
-6,4256810E-002	-4,097367039099067E-002	3,000000000000000E+000
-6,3165486E-002	-3,384766983637955E-002	3,000000000000000E+000
-6,2003464E-002	-2,610938868046681E-002	3,000000000000000E+000
-6,0791209E-002	-1,256297527753403E-002	3,000000000000000E+000
-5,9532043E-002	-4,971669385095398E-003	3,000000000000000E+000
-5,8435194E-002	1,079191946402087E-003	3,000000000000000E+000
-5,7195269E-002	1,278114286483117E-002	3,000000000000000E+000
-5,5843614E-002	2,223769249502333E-002	3,000000000000000E+000
-5,4870103E-002	2,812429877155448E-002	3,000000000000000E+000
-5,3560130E-002	3,558697556770692E-002	3,000000000000000E+000
-5,2427832E-002	4,342885721847867E-002	3,000000000000000E+000
-5,1232379E-002	5,556864591522354E-002	3,000000000000000E+000
-4,9921978E-002	5,892948118249780E-002	3,000000000000000E+000
-4,8875652E-002	6,670805583794226E-002	3,000000000000000E+000
-4,7494560E-002	7,514290511608124E-002	3,000000000000000E+000
-4,6464905E-002	8,366619806124467E-002	3,000000000000000E+000
-4,5032442E-002	9,061182663707035E-002	3,000000000000000E+000
-4,4159763E-002	9,673723853214833E-002	3,000000000000000E+000
-4,2781219E-002	1,048816476573440E-001	3,000000000000000E+000
-4,1655440E-002	1,160285789562667E-001	3,000000000000000E+000
-4,0300455E-002	1,196430600851914E-001	3,000000000000000E+000
-3,9248612E-002	1,272098741869241E-001	3,000000000000000E+000
-3,7946701E-002	1,353658454371967E-001	3,000000000000000E+000
-3,6691356E-002	1,444645079102854E-001	3,000000000000000E+000
-3,5583332E-002	1,529422056714624E-001	3,000000000000000E+000
-3,4272715E-002	1,576199489106700E-001	3,000000000000000E+000
-3,3229999E-002	1,666010184648999E-001	3,000000000000000E+000
-3,1900562E-002	1,751000296596132E-001	3,000000000000000E+000
-3,0888913E-002	1,829043732550764E-001	3,000000000000000E+000
-2,9523747E-002	1,900120294670122E-001	3,000000000000000E+000
-2,8344108E-002	1,975126630643862E-001	3,000000000000000E+000
-2,7117772E-002	2,046121467461073E-001	3,000000000000000E+000
-2,6012329E-002	2,148609283440572E-001	3,000000000000000E+000
-2,4886187E-002	2,228353605131369E-001	3,000000000000000E+000
-2,3549462E-002	2,282225152227544E-001	3,000000000000000E+000
-2,2326767E-002	2,364101958573217E-001	3,000000000000000E+000
-2,1210039E-002	2,473012527744118E-001	3,000000000000000E+000
-1,9885415E-002	2,520804616225947E-001	3,000000000000000E+000
-1,8738896E-002	2,596386894583707E-001	3,000000000000000E+000
-1,7532159E-002	2,703370797680695E-001	3,000000000000000E+000
-1,6397387E-002	2,776989369842884E-001	3,000000000000000E+000
-1,5238767E-002	2,831268970880454E-001	3,000000000000000E+000
-1,4063374E-002	2,934660344574329E-001	3,000000000000000E+000
-1,2754032E-002	2,995984148475577E-001	3,000000000000000E+000
-1,1628676E-002	3,112566996693471E-001	3,000000000000000E+000
-1,0303626E-002	3,169235798133601E-001	3,000000000000000E+000
-9,1836397E-003	3,234625667618163E-001	3,000000000000000E+000
-8,0693839E-003	3,332002266672349E-001	3,000000000000000E+000
-6,8794931E-003	3,439406963599909E-001	3,000000000000000E+000
-5,5518961E-003	3,488652962777365E-001	3,000000000000000E+000
-4,3590977E-003	3,565914893686701E-001	3,000000000000000E+000
-3,1541986E-003	3,656591052637879E-001	3,000000000000000E+000
-1,8950676E-003	3,757374694062126E-001	3,000000000000000E+000
-7,9970574E-004	3,809175468610471E-001	3,000000000000000E+000
2,7742091E-004	3,867229822466879E-001	3,000000000000000E+000
7,4691063E-004	3,917528539896011E-001	4,000000000000000E+000
1,2489213E-003	3,984632339173313E-001	4,000000000000000E+000
2,6322738E-003	4,059480650100369E-001	4,000000000000000E+000
3,7182947E-003	4,115718065209144E-001	4,000000000000000E+000
4,8769163E-003	4,223967869507366E-001	4,000000000000000E+000
6,2991907E-003	4,281070650710435E-001	4,000000000000000E+000
7,2891489E-003	4,391199751601853E-001	4,000000000000000E+000
8,6233271E-003	4,453147240241790E-001	4,000000000000000E+000
9,6335625E-003	4,517218566033998E-001	4,000000000000000E+000
1,1054314E-002	4,630119597487568E-001	4,000000000000000E+000
1,2266144E-002	4,724573923826787E-001	4,000000000000000E+000
1,3417760E-002	4,763071727249075E-001	4,000000000000000E+000
1,4713514E-002	4,862556486580250E-001	4,000000000000000E+000
1,5531986E-002	4,955964949395937E-001	4,000000000000000E+000
1,7075183E-002	5,029948241749977E-001	4,000000000000000E+000
1,8095825E-002	5,099342047599045E-001	4,000000000000000E+000
1,9314948E-002	5,178172998044079E-001	4,000000000000000E+000
2,0521257E-002	5,289708905749855E-001	4,000000000000000E+000
2,1701457E-002	5,355552890062061E-001	4,000000000000000E+000
2,3034785E-002	5,424053494956471E-001	4,000000000000000E+000
2,4205083E-002	5,510377693334938E-001	4,000000000000000E+000
2,5291666E-002	5,597530785879066E-001	4,000000000000000E+000
2,6586495E-002	5,708352194892026E-001	4,000000000000000E+000
2,7789911E-002	5,748552282996204E-001	4,000000000000000E+000
2,8978461E-002	5,834288551661877E-001	4,000000000000000E+000
3,0055702E-002	5,934318449193023E-001	4,000000000000000E+000
3,1321913E-002	6,005795035097330E-001	4,000000000000000E+000
3,2646753E-002	6,071827196067670E-001	4,000000000000000E+000
3,3698596E-002	6,159395004484678E-001	4,000000000000000E+000
3,4912162E-002	6,218911831405141E-001	4,000000000000000E+000
3,6072828E-002	6,353507100052589E-001	4,000000000000000E+000
3,7287492E-002	6,393059629136371E-001	4,000000000000000E+000
3,8615942E-002	6,459055071248221E-001	4,000000000000000E+000
3,9774064E-002	6,557787160423638E-001	4,000000000000000E+000
4,1025799E-002	6,636206549247419E-001	4,000000000000000E+000
4,2126257E-002	6,702602530691648E-001	4,000000000000000E+000
4,3402694E-002	6,772972970631821E-001	4,000000000000000E+000
4,4465713E-002	6,871821267737290E-001	4,000000000000000E+000
4,5846947E-002	6,939104149738951E-001	4,000000000000000E+000
4,6969261E-002	6,991544986937070E-001	4,000000000000000E+000
4,8104111E-002	7,076920779956568E-001	4,000000000000000E+000
4,9446143E-002	7,152546627653971E-001	4,000000000000000E+000
5,0465569E-002	7,245921318557240E-001	4,000000000000000E+000
5,1637564E-002	7,305022747583561E-001	4,000000000000000E+000
5,3066205E-002	7,369931146450774E-001	4,000000000000000E+000
5,3894091E-002	7,470926050596912E-001	4,000000000000000E+000
5,5346824E-002	7,556858845486278E-001	4,000000000000000E+000
5,6466602E-002	7,607166125628830E-001	4,000000000000000E+000
5,7710558E-002	7,693534854161399E-001	4,000000000000000E+000
5,9032418E-002	7,786868061370171E-001	4,000000000000000E+000
6,0101561E-002	7,877294566327118E-001	4,000000000000000E+000
6,1222393E-002	7,940976524604837E-001	4,000000000000000E+000
6,2589899E-002	8,013431073373347E-001	4,000000000000000E+000
6,3777179E-002	8,100799127326646E-001	4,000000000000000E+000
6,4809985E-002	8,207423960686580E-001	4,000000000000000E+000
6,6165172E-002	8,261482367567972E-001	4,000000000000000E+000
6,7219779E-002	8,349690967135963E-001	4,000000000000000E+000
6,8185441E-002	8,430740602176527E-001	4,000000000000000E+000
7,0042178E-002	8,493363442658257E-001	4,000000000000000E+000
7,0686795E-002	8,619408947760654E-001	4,000000000000000E+000
7,2092935E-002	8,661992450555172E-001	4,000000000000000E+000
7,3251344E-002	8,735909709982828E-001	4,000000000000000E+000
7,4446328E-002	8,848177981562930E-001	4,000000000000000E+000
7,5601131E-002	8,904711099651985E-001	4,000000000000000E+000
7,6884784E-002	8,986963978106282E-001	4,000000000000000E+000
7,7983752E-002	9,069172649092438E-001	4,000000000000000E+000
7,9218291E-002	9,159324119488401E-001	4,000000000000000E+000
8,0391310E-002	9,230550966156592E-001	4,000000000000000E+000
8,1718482E-002	9,292369219646943E-001	4,000000000000000E+000
8,2898766E-002	9,380184204869515E-001	4,000000000000000E+000
8,4024362E-002	9,465923880709834E-001	4,000000000000000E+000
8,5331589E-002	9,552140054465461E-001	4,000000000000000E+000
8,6419940E-002	9,606599401579103E-001	4,000000000000000E+000
8,7753057E-002	9,681427685233466E-001	4,000000000000000E+000
8,8773549E-002	9,791359023570454E-001	4,000000000000000E+000
9,0266086E-002	9,845485314209412E-001	4,000000000000000E+000
9,1190778E-002	9,912594854486727E-001	4,000000000000000E+000
9,2590109E-002	9,994752539873693E-001	4,000000000000000E+000
9,3627885E-002	1,008552526399768E+000	4,000000000000000E+000
9,4927602E-002	1,016243810489501E+000	4,000000000000000E+000
9,6088767E-002	1,020335415999094E+000	4,000000000000000E+000
9,7147606E-002	1,029725818204934E+000	4,000000000000000E+000
9,8462045E-002	1,037790187565543E+000	4,000000000000000E+000
9,9686757E-002	1,045423530939004E+000	4,000000000000000E+000
1,0095873E-001	1,051835795312572E+000	4,000000000000000E+000
1,0192947E-001	1,058535549375744E+000	4,000000000000000E+000
1,0337639E-001	1,066960350558578E+000	4,000000000000000E+000
1,0435148E-001	1,077391038407336E+000	4,000000000000000E+000
1,0563280E-001	1,080656067416488E+000	4,000000000000000E+000
1,0693385E-001	1,089143530413930E+000	4,000000000000000E+000
1,1122993E-001	1,114191932138059E+000	4,000000000000000E+000
1,1545075E-001	1,138331775898461E+000	4,000000000000000E+000
1,1663613E-001	1,145262989801942E+000	4,000000000000000E+000
1,1783203E-001	1,155452768921993E+000	4,000000000000000E+000
1,1903204E-001	1,159323584736775E+000	4,000000000000000E+000
1,2023673E-001	1,166354376374294E+000	4,000000000000000E+000
1,2148380E-001	1,175728464378393E+000	4,000000000000000E+000
1,2268078E-001	1,184001538488602E+000	4,000000000000000E+000
1,2381116E-001	1,188374004395747E+000	4,000000000000000E+000
1,2502539E-001	1,197491510046854E+000	4,000000000000000E+000
1,2620623E-001	1,206969497966825E+000	4,000000000000000E+000
1,2739988E-001	1,212323231122429E+000	4,000000000000000E+000
1,2863953E-001	1,221729184293919E+000	4,000000000000000E+000
1,2979686E-001	1,228431194175585E+000	4,000000000000000E+000
1,3105761E-001	1,233485818754331E+000	4,000000000000000E+000
1,3219030E-001	1,238221174364706E+000	4,000000000000000E+000
1,3349432E-001	1,246294656682213E+000	4,000000000000000E+000
1,3460808E-001	1,251944448436715E+000	4,000000000000000E+000
1,3582529E-001	1,257984511536993E+000	4,000000000000000E+000
1,3701804E-001	1,267124216675899E+000	4,000000000000000E+000
1,3824141E-001	1,269083514844104E+000	4,000000000000000E+000
1,3946393E-001	1,273872855705801E+000	4,000000000000000E+000
1,4061633E-001	1,284000152532290E+000	4,000000000000000E+000
1,4187662E-001	1,282365445478786E+000	4,000000000000000E+000
1,4300255E-001	1,291501974100596E+000	4,000000000000000E+000
1,4425968E-001	1,295790758397846E+000	4,000000000000000E+000
1,4541130E-001	1,300229058480235E+000	4,000000000000000E+000
1,4660379E-001	1,304760594386609E+000	4,000000000000000E+000
1,4784195E-001	1,315227383557985E+000	4,000000000000000E+000
1,4899698E-001	1,314242982271097E+000	4,000000000000000E+000
1,5018211E-001	1,318370502959528E+000	4,000000000000000E+000
1,5144201E-001	1,321520894765856E+000	4,000000000000000E+000
1,5261252E-001	1,323624514940164E+000	4,000000000000000E+000
1,5385966E-001	1,325060727747368E+000	4,000000000000000E+000
1,5504758E-001	1,327866547637516E+000	4,000000000000000E+000
1,5622786E-001	1,327600280512815E+000	4,000000000000000E+000
1,5741087E-001	1,327576965024619E+000	4,000000000000000E+000
1,5861599E-001	1,328063814987047E+000	4,000000000000000E+000
1,5982620E-001	1,327729714465227E+000	4,000000000000000E+000
1,6105975E-001	1,330416676916046E+000	4,000000000000000E+000
1,6218780E-001	1,331669414157250E+000	4,000000000000000E+000
1,6341881E-001	1,335205064034434E+000	4,000000000000000E+000
1,6461474E-001	1,340595874590456E+000	4,000000000000000E+000
1,6582641E-001	1,343013416579064E+000	4,000000000000000E+000
1,6704234E-001	1,348427648380126E+000	4,000000000000000E+000
1,6821001E-001	1,352865910347274E+000	4,000000000000000E+000
1,6943488E-001	1,360030427609606E+000	4,000000000000000E+000
1,7063574E-001	1,366700626081892E+000	4,000000000000000E+000
1,7188600E-001	1,377339211551263E+000	4,000000000000000E+000
1,7303060E-001	1,384752986349029E+000	4,000000000000000E+000
1,7425072E-001	1,392594258904598E+000	4,000000000000000E+000
1,7546198E-001	1,401440110471516E+000	4,000000000000000E+000
1,7666090E-001	1,410212738646402E+000	4,000000000000000E+000
1,7790648E-001	1,417885296874577E+000	4,000000000000000E+000
1,7906873E-001	1,430942493128690E+000	4,000000000000000E+000
1,8023129E-001	1,436974082642273E+000	4,000000000000000E+000
1,8142448E-001	1,450152090957605E+000	4,000000000000000E+000
1,8268712E-001	1,455922770727831E+000	4,000000000000000E+000
1,8380384E-001	1,468916245736189E+000	4,000000000000000E+000
1,8504675E-001	1,475326461010368E+000	4,000000000000000E+000
1,8620336E-001	1,485521716496880E+000	4,000000000000000E+000
1,8740083E-001	1,494923391379420E+000	4,000000000000000E+000
1,8865804E-001	1,507348242026097E+000	4,000000000000000E+000
1,8979585E-001	1,517115879493460E+000	4,000000000000000E+000
1,9103026E-001	1,525627557550447E+000	4,000000000000000E+000
1,9216652E-001	1,536848487022020E+000	4,000000000000000E+000
1,9348943E-001	1,544084116920004E+000	4,000000000000000E+000
1,9467705E-001	1,556568389172082E+000	4,000000000000000E+000
1,9583353E-001	1,564035190545303E+000	4,000000000000000E+000
1,9701608E-001	1,572900155334974E+000	4,000000000000000E+000
1,9821714E-001	1,584940023030398E+000	4,000000000000000E+000
1,9943935E-001	1,592801508752416E+000	4,000000000000000E+000
2,0019372E-001	1,606705005073710E+000	4,000000000000000E+000
2,0052518E-001	1,603148007392882E+000	4,000000000000000E+000
1,9983011E-001	1,381581174847844E+000	4,000000000000000E+000
1,9863440E-001	1,339968954626890E+000	4,000000000000000E+000
1,9745365E-001	1,309668936766688E+000	4,000000000000000E+000
1,9621846E-001	1,286155590632313E+000	4,000000000000000E+000
1,9504046E-001	1,259166205043176E+000	4,000000000000000E+000
1,9382478E-001	1,239658454208877E+000	4,000000000000000E+000
1,9260478E-001	1,216914301151757E+000	4,000000000000000E+000
1,9139528E-001	1,197568868562854E+000	4,000000000000000E+000
1,9020849E-001	1,178336993739425E+000	4,000000000000000E+000
1,8901451E-001	1,159882508201040E+000	4,000000000000000E+000
1,8784727E-001	1,142987472298381E+000	4,000000000000000E+000
1,8662453E-001	1,128933312198909E+000	4,000000000000000E+000
1,8544015E-001	1,110694254403587E+000	4,000000000000000E+000
1,8428726E-001	1,097592593084470E+000	4,000000000000000E+000
1,8303850E-001	1,082488162650003E+000	4,000000000000000E+000
1,8187238E-001	1,064457029104235E+000	4,000000000000000E+000
1,8061991E-001	1,052014005732622E+000	4,000000000000000E+000
1,7947137E-001	1,035185905777055E+000	4,000000000000000E+000
1,7822491E-001	1,024834774486308E+000	4,000000000000000E+000
1,7709711E-001	1,010072950704922E+000	4,000000000000000E+000
1,7582051E-001	9,951297955035656E-001	4,000000000000000E+000
1,7464967E-001	9,846960289610783E-001	4,000000000000000E+000
1,7345622E-001	9,712633945703226E-001	4,000000000000000E+000
1,7222071E-001	9,543291164769077E-001	4,000000000000000E+000
1,7100029E-001	9,451088127852607E-001	4,000000000000000E+000
1,6987464E-001	9,284450055306941E-001	4,000000000000000E+000
1,6861695E-001	9,173513709015602E-001	4,000000000000000E+000
1,6743605E-001	9,048606952376392E-001	4,000000000000000E+000
1,6624250E-001	8,916837184483004E-001	4,000000000000000E+000
1,6499542E-001	8,787167627122958E-001	4,000000000000000E+000
1,6379866E-001	8,663237028651771E-001	4,000000000000000E+000
1,6265617E-001	8,535603467306068E-001	4,000000000000000E+000
1,6143602E-001	8,441470323509925E-001	4,000000000000000E+000
1,6023310E-001	8,319639920050079E-001	4,000000000000000E+000
1,5907036E-001	8,179415381617021E-001	4,000000000000000E+000
1,5780707E-001	8,066177496738325E-001	4,000000000000000E+000
1,5664570E-001	7,971831468899770E-001	4,000000000000000E+000
1,5541752E-001	7,852992647913908E-001	4,000000000000000E+000
1,5424539E-001	7,689653585354490E-001	4,000000000000000E+000
1,5302795E-001	7,585368467477593E-001	4,000000000000000E+000
1,5183398E-001	7,472448737912423E-001	4,000000000000000E+000
1,5063772E-001	7,314880097509135E-001	4,000000000000000E+000
1,4942093E-001	7,206341682381390E-001	4,000000000000000E+000
1,4822991E-001	7,050480879929477E-001	4,000000000000000E+000
1,4701171E-001	6,945676215993323E-001	4,000000000000000E+000
1,4584629E-001	6,808782787045016E-001	4,000000000000000E+000
1,4464074E-001	6,717895439532775E-001	4,000000000000000E+000
1,4340961E-001	6,594982527679303E-001	4,000000000000000E+000
1,4224787E-001	6,482911246949481E-001	4,000000000000000E+000
1,4107680E-001	6,289202542026986E-001	4,000000000000000E+000
1,3982394E-001	6,214332763036658E-001	4,000000000000000E+000
1,3866793E-001	6,078945373667903E-001	4,000000000000000E+000
1,3746807E-001	5,918863002141883E-001	4,000000000000000E+000
1,3625424E-001	5,803450147310905E-001	4,000000000000000E+000
1,3505177E-001	5,626342863758553E-001	4,000000000000000E+000
1,3388452E-001	5,496651468263880E-001	4,000000000000000E+000
1,3261133E-001	5,363810211765010E-001	4,000000000000000E+000
1,3137336E-001	5,208130371066986E-001	4,000000000000000E+000
1,3020819E-001	5,054890360183038E-001	4,000000000000000E+000
1,2908149E-001	4,899528722313287E-001	4,000000000000000E+000
1,2784919E-001	4,778737773670390E-001	4,000000000000000E+000
1,2661721E-001	4,672320510122800E-001	4,000000000000000E+000
1,2541090E-001	4,539967038910167E-001	4,000000000000000E+000
1,2422072E-001	4,399583414369443E-001	4,000000000000000E+000
1,2303790E-001	4,313310487971940E-001	4,000000000000000E+000
1,2183245E-001	4,190101050383730E-001	4,000000000000000E+000
1,2062062E-001	4,080193543513477E-001	4,000000000000000E+000
1,1944501E-001	3,999309299893135E-001	4,000000000000000E+000
1,1822129E-001	3,913046661807509E-001	4,000000000000000E+000
1,1702148E-001	3,829828383081981E-001	4,000000000000000E+000
1,1587606E-001	3,754237416605646E-001	4,000000000000000E+000
1,1462086E-001	3,700339318408332E-001	4,000000000000000E+000
1,1346778E-001	3,604996429833887E-001	4,000000000000000E+000
1,1226714E-001	3,568410252531371E-001	4,000000000000000E+000
1,1102156E-001	3,506184810194777E-001	4,000000000000000E+000
1,0980222E-001	3,415774669912131E-001	4,000000000000000E+000
1,0860837E-001	3,373916151252130E-001	4,000000000000000E+000
1,0733518E-001	3,293763711763970E-001	4,000000000000000E+000
1,0337841E-001	2,680049828315518E-001	4,000000000000000E+000
9,8720364E-002	2,757658960547785E-001	4,000000000000000E+000
9,7995035E-002	2,981024057587136E-001	4,000000000000000E+000
9,6573412E-002	2,489064828475462E-001	4,000000000000000E+000
9,5356204E-002	2,616432892865751E-001	4,000000000000000E+000
9,4198428E-002	2,564271707130885E-001	4,000000000000000E+000
9,2977472E-002	2,389455057025240E-001	4,000000000000000E+000
9,1847755E-002	2,371067644993756E-001	4,000000000000000E+000
9,0651564E-002	2,315795295397511E-001	4,000000000000000E+000
8,9513324E-002	2,221645474977181E-001	4,000000000000000E+000
8,8219687E-002	2,154221936146272E-001	4,000000000000000E+000
8,6927794E-002	2,084347961591213E-001	4,000000000000000E+000
8,5896187E-002	1,976078963855752E-001	4,000000000000000E+000
8,4600441E-002	1,926437282128506E-001	4,000000000000000E+000
8,3447970E-002	1,858838793532752E-001	4,000000000000000E+000
8,2264580E-002	1,762972183383283E-001	4,000000000000000E+000
8,1032813E-002	1,685020079301602E-001	4,000000000000000E+000
7,9872265E-002	1,628864394065377E-001	4,000000000000000E+000
7,8631498E-002	1,542196675307221E-001	4,000000000000000E+000
7,7455893E-002	1,466243229806425E-001	4,000000000000000E+000
7,6283619E-002	1,342431874967323E-001	4,000000000000000E+000
7,4924611E-002	1,306941383043996E-001	4,000000000000000E+000
7,3926054E-002	1,242477449920479E-001	4,000000000000000E+000
7,2575524E-002	1,138899626417292E-001	4,000000000000000E+000
7,1357816E-002	1,043306589126587E-001	4,000000000000000E+000
7,0176706E-002	1,008120398554537E-001	4,000000000000000E+000
6,9091961E-002	9,164476830132884E-002	4,000000000000000E+000
6,7741431E-002	8,273771415783662E-002	4,000000000000000E+000
6,6623889E-002	7,353512441666177E-002	4,000000000000000E+000
6,5183572E-002	6,861136201984741E-002	4,000000000000000E+000
6,4471804E-002	5,933434096988521E-002	4,000000000000000E+000
6,2814742E-002	5,139628543919472E-002	4,000000000000000E+000
6,2147874E-002	4,267787998078698E-002	4,000000000000000E+000
6,0716897E-002	3,531636367713675E-002	4,000000000000000E+000
5,9572499E-002	2,846574713637695E-002	4,000000000000000E+000
5,8285024E-002	1,866445894874813E-002	4,000000000000000E+000
5,7050336E-002	9,850829541661610E-003	4,000000000000000E+000
5,5796411E-002	3,937821309692571E-003	4,000000000000000E+000
5,4558177E-002	-4,288453118011529E-003	4,000000000000000E+000
5,3402953E-002	-1,241186813476140E-002	4,000000000000000E+000
5,2306261E-002	-2,279499807035018E-002	4,000000000000000E+000
5,0992463E-002	-2,792352383807573E-002	4,000000000000000E+000
4,9863983E-002	-3,585320470705899E-002	4,000000000000000E+000
4,8586771E-002	-4,751104442294923E-002	4,000000000000000E+000
4,7564935E-002	-5,365882664207500E-002	4,000000000000000E+000
4,6254318E-002	-6,011009475224904E-002	4,000000000000000E+000
4,5047086E-002	-7,087984784609735E-002	4,000000000000000E+000
4,3902267E-002	-7,841590657200725E-002	4,000000000000000E+000
4,2600252E-002	-8,826395641167251E-002	4,000000000000000E+000
4,1505523E-002	-9,500885268681936E-002	4,000000000000000E+000
4,0122736E-002	-1,033638581219648E-001	4,000000000000000E+000
3,9195750E-002	-1,112520802395283E-001	4,000000000000000E+000
3,7927877E-002	-1,226973088665141E-001	4,000000000000000E+000
3,6465269E-002	-1,284063107579843E-001	4,000000000000000E+000
3,5479661E-002	-1,377230891893197E-001	4,000000000000000E+000
3,4273002E-002	-1,486817107716982E-001	4,000000000000000E+000
3,3072557E-002	-1,547123091316922E-001	4,000000000000000E+000
3,1883370E-002	-1,630547931396263E-001	4,000000000000000E+000
3,0720927E-002	-1,717974892321594E-001	4,000000000000000E+000
2,9359724E-002	-1,835052631709169E-001	4,000000000000000E+000
2,8341847E-002	-1,891679231948391E-001	4,000000000000000E+000
2,7021468E-002	-1,987001836812983E-001	4,000000000000000E+000
2,6023829E-002	-2,089532110710728E-001	4,000000000000000E+000
2,4630928E-002	-2,182225934531603E-001	4,000000000000000E+000
2,3477616E-002	-2,238572459340236E-001	4,000000000000000E+000
2,2232167E-002	-2,352989814804736E-001	4,000000000000000E+000
2,1067465E-002	-2,443091116017767E-001	4,000000000000000E+000
1,9872582E-002	-2,538052242576936E-001	4,000000000000000E+000
1,8516326E-002	-2,616673492723045E-001	4,000000000000000E+000
1,7602714E-002	-2,690432909746754E-001	4,000000000000000E+000
1,6148034E-002	-2,839110857910576E-001	4,000000000000000E+000
1,5132490E-002	-2,874915092898958E-001	4,000000000000000E+000
1,3909334E-002	-2,966444881598438E-001	4,000000000000000E+000
1,2815610E-002	-3,096319383130988E-001	4,000000000000000E+000
1,1405435E-002	-3,153155661119076E-001	4,000000000000000E+000
1,0470133E-002	-3,222792488005424E-001	4,000000000000000E+000
9,1118300E-003	-3,346728959758933E-001	4,000000000000000E+000
8,1436988E-003	-3,424068153361550E-001	4,000000000000000E+000
6,6793938E-003	-3,488220295058211E-001	4,000000000000000E+000
5,4778922E-003	-3,582805078433542E-001	4,000000000000000E+000
4,4122497E-003	-3,659302045901613E-001	4,000000000000000E+000
3,1603740E-003	-3,781966132163568E-001	4,000000000000000E+000
1,9505929E-003	-3,828924049933748E-001	4,000000000000000E+000
5,9858349E-004	-3,913495391262334E-001	4,000000000000000E+000
-4,5552084E-004	-4,018950180874930E-001	4,000000000000000E+000
-1,8096163E-003	-4,089164611995582E-001	4,000000000000000E+000
-2,9281168E-003	-4,149903174558709E-001	4,000000000000000E+000
-4,0710303E-003	-4,245145283553193E-001	4,000000000000000E+000
-5,2724201E-003	-4,342022645977091E-001	4,000000000000000E+000
-6,4938772E-003	-4,399936484707582E-001	4,000000000000000E+000
-7,8444025E-003	-4,475135720783374E-001	4,000000000000000E+000
-8,8593084E-003	-4,569175483279473E-001	4,000000000000000E+000
-1,0105103E-002	-4,645513573368234E-001	4,000000000000000E+000
-1,1253885E-002	-4,750904594116854E-001	4,000000000000000E+000
-1,2464939E-002	-4,792051435430960E-001	4,000000000000000E+000
-1,3707624E-002	-4,884400785538467E-001	4,000000000000000E+000
-1,4792647E-002	-5,009555092029681E-001	4,000000000000000E+000
-1,6229145E-002	-5,042604311559078E-001	4,000000000000000E+000
-1,7214334E-002	-5,122181102461001E-001	4,000000000000000E+000
-1,8457020E-002	-5,216805810557199E-001	4,000000000000000E+000
-1,9683493E-002	-5,293990853415016E-001	4,000000000000000E+000
-2,0869214E-002	-5,389674711041135E-001	4,000000000000000E+000
-2,2005122E-002	-5,453130073017540E-001	4,000000000000000E+000
-2,3244200E-002	-5,534645472222053E-001	4,000000000000000E+000
-2,4380669E-002	-5,636377922190270E-001	4,000000000000000E+000
-2,5678296E-002	-5,724545187420311E-001	4,000000000000000E+000
-2,6934355E-002	-5,757382711119696E-001	4,000000000000000E+000
-2,8000172E-002	-5,872967429545337E-001	4,000000000000000E+000
-2,9349135E-002	-5,964483134362277E-001	4,000000000000000E+000
-3,0599672E-002	-6,004086348176436E-001	4,000000000000000E+000
-3,1757876E-002	-6,104262450416744E-001	4,000000000000000E+000
-3,2925200E-002	-6,182742652535009E-001	4,000000000000000E+000
-3,4043554E-002	-6,277652415964334E-001	4,000000000000000E+000
-3,5286877E-002	-6,350794604341328E-001	4,000000000000000E+000
-3,6469270E-002	-6,415061292290258E-001	4,000000000000000E+000
-3,7664410E-002	-6,510517526745647E-001	4,000000000000000E+000
-3,8837310E-002	-6,600151508701604E-001	4,000000000000000E+000
-4,0052187E-002	-6,668633309589636E-001	4,000000000000000E+000
-4,1271307E-002	-6,748550107995808E-001	4,000000000000000E+000
-4,2481516E-002	-6,822651003625368E-001	4,000000000000000E+000
-4,3656196E-002	-6,913234748946575E-001	4,000000000000000E+000
-4,4865478E-002	-7,020632024354260E-001	4,000000000000000E+000
-4,6055734E-002	-7,040896324475323E-001	4,000000000000000E+000
-4,7322612E-002	-7,162857701381045E-001	4,000000000000000E+000
-4,8474330E-002	-7,256497007673932E-001	4,000000000000000E+000
-4,9589224E-002	-7,292777532021777E-001	4,000000000000000E+000
-5,0892826E-002	-7,395946192555112E-001	4,000000000000000E+000
-5,1947013E-002	-7,459817139811271E-001	4,000000000000000E+000
-5,3267282E-002	-7,552554801158138E-001	4,000000000000000E+000
-5,4478545E-002	-7,646592503879237E-001	4,000000000000000E+000
-5,5612542E-002	-7,688189480384757E-001	4,000000000000000E+000
-5,6900658E-002	-7,785079362974656E-001	4,000000000000000E+000
-5,7802055E-002	-7,883304642530646E-001	4,000000000000000E+000
-5,9265096E-002	-7,953054606224619E-001	4,000000000000000E+000
-6,0616676E-002	-8,001416192769426E-001	4,000000000000000E+000
-6,1591242E-002	-8,098005081044009E-001	4,000000000000000E+000
-6,2792391E-002	-8,210364406824979E-001	4,000000000000000E+000
-6,4087518E-002	-8,256941628297447E-001	4,000000000000000E+000
-6,5135747E-002	-8,315002545886845E-001	4,000000000000000E+000
-6,6422589E-002	-8,417211149957156E-001	4,000000000000000E+000
-6,7638874E-002	-8,495490816249323E-001	4,000000000000000E+000
-6,8749450E-002	-8,575562338034306E-001	4,000000000000000E+000
-6,9916137E-002	-8,638639822084819E-001	4,000000000000000E+000
-7,1164131E-002	-8,722444797383122E-001	4,000000000000000E+000
-7,2333992E-002	-8,782953926776074E-001	4,000000000000000E+000
-7,3674433E-002	-8,874780676603553E-001	4,000000000000000E+000
-7,4861713E-002	-8,944609405438388E-001	4,000000000000000E+000
-7,5909093E-002	-9,021239041143865E-001	4,000000000000000E+000
-7,7247731E-002	-9,084353322611616E-001	4,000000000000000E+000
-7,8393288E-002	-9,166145043585594E-001	4,000000000000000E+000
-7,9697534E-002	-9,241470951345505E-001	4,000000000000000E+000
-8,1028521E-002	-9,281377949820904E-001	4,000000000000000E+000
-8,1872337E-002	-9,358407813469229E-001	4,000000000000000E+000
-8,3266303E-002	-9,445425097623605E-001	4,000000000000000E+000
-8,4427610E-002	-9,517858831591361E-001	4,000000000000000E+000
-8,5584320E-002	-9,560664055558554E-001	4,000000000000000E+000
-8,7010629E-002	-9,629403824090046E-001	4,000000000000000E+000
-8,7971412E-002	-9,707046423831684E-001	4,000000000000000E+000
-8,9260288E-002	-9,772857643180970E-001	4,000000000000000E+000
-9,0378299E-002	-9,831023191239809E-001	4,000000000000000E+000
-9,1567695E-002	-9,854865347863111E-001	4,000000000000000E+000
-9,2838190E-002	-9,926478208594567E-001	4,000000000000000E+000
-9,3961142E-002	-9,971185532674447E-001	4,000000000000000E+000
-9,5246717E-002	-1,001865415144023E+000	4,000000000000000E+000
-9,6243933E-002	-1,009732258023211E+000	4,000000000000000E+000
-9,7618796E-002	-1,013825440589615E+000	4,000000000000000E+000
-9,8789498E-002	-1,018377544116913E+000	4,000000000000000E+000
-1,0005279E-001	-1,024661280163045E+000	4,000000000000000E+000
-1,0121248E-001	-1,029173119131610E+000	4,000000000000000E+000
-1,0241335E-001	-1,037563458119553E+000	4,000000000000000E+000
-1,0362780E-001	-1,041120299845242E+000	4,000000000000000E+000
-1,0476974E-001	-1,051290514551240E+000	4,000000000000000E+000
-1,0600287E-001	-1,056526265952183E+000	4,000000000000000E+000
-1,0706916E-001	-1,064219975654312E+000	4,000000000000000E+000
-1,0833197E-001	-1,071632585488256E+000	4,000000000000000E+000
-1,0957140E-001	-1,081794384453029E+000	4,000000000000000E+000
-1,1094061E-001	-1,085944159094378E+000	4,000000000000000E+000
-1,1207014E-001	-1,094805513008463E+000	4,000000000000000E+000
-1,1623747E-001	-1,128284090432714E+000	4,000000000000000E+000
-1,2059250E-001	-1,151623143935232E+000	4,000000000000000E+000
-1,2178758E-001	-1,163691552183419E+000	4,000000000000000E+000
-1,2297761E-001	-1,169206577767095E+000	4,000000000000000E+000
-1,2418265E-001	-1,178186094647071E+000	4,000000000000000E+000
-1,2541388E-001	-1,184689650932947E+000	4,000000000000000E+000
-1,2657073E-001	-1,196948064698113E+000	4,000000000000000E+000
-1,2778814E-001	-1,204336421357260E+000	4,000000000000000E+000
-1,2896609E-001	-1,210546239330949E+000	4,000000000000000E+000
-1,3012403E-001	-1,217075342898840E+000	4,000000000000000E+000
-1,3134351E-001	-1,227688401868495E+000	4,000000000000000E+000
-1,3256177E-001	-1,233939631893815E+000	4,000000000000000E+000
-1,3372119E-001	-1,242363205334789E+000	4,000000000000000E+000
-1,3492307E-001	-1,251979204429379E+000	4,000000000000000E+000
-1,3621819E-001	-1,256657226994218E+000	4,000000000000000E+000
-1,3733520E-001	-1,263866295417146E+000	4,000000000000000E+000
-1,3860415E-001	-1,275926204932919E+000	4,000000000000000E+000
-1,3978866E-001	-1,280021905053957E+000	4,000000000000000E+000
-1,4095592E-001	-1,287265986980243E+000	4,000000000000000E+000
-1,4221941E-001	-1,294935428364958E+000	4,000000000000000E+000
-1,4335057E-001	-1,303019663543200E+000	4,000000000000000E+000
-1,4462848E-001	-1,310144878027060E+000	4,000000000000000E+000
-1,4576572E-001	-1,321046583337226E+000	4,000000000000000E+000
-1,4697069E-001	-1,326223122525129E+000	4,000000000000000E+000
-1,4819513E-001	-1,334011412260152E+000	4,000000000000000E+000
-1,4938149E-001	-1,342220702139592E+000	4,000000000000000E+000
-1,5057252E-001	-1,351286186112297E+000	4,000000000000000E+000
-1,5180458E-001	-1,358167416519589E+000	4,000000000000000E+000
-1,5292259E-001	-1,366149698729043E+000	4,000000000000000E+000
-1,5417312E-001	-1,373523338749589E+000	4,000000000000000E+000
-1,5538099E-001	-1,381481257525991E+000	4,000000000000000E+000
-1,5655316E-001	-1,389773411107150E+000	4,000000000000000E+000
-1,5781724E-001	-1,397223206840589E+000	4,000000000000000E+000
-1,5898329E-001	-1,402658596669356E+000	4,000000000000000E+000
-1,6022271E-001	-1,409615274087559E+000	4,000000000000000E+000
-1,6134717E-001	-1,418378341494604E+000	4,000000000000000E+000
-1,6260803E-001	-1,428681595388934E+000	4,000000000000000E+000
-1,6373715E-001	-1,434103329907412E+000	4,000000000000000E+000
-1,6500786E-001	-1,441453456033569E+000	4,000000000000000E+000
-1,6615516E-001	-1,448535160178807E+000	4,000000000000000E+000
-1,6729467E-001	-1,456373275240409E+000	4,000000000000000E+000
-1,6853176E-001	-1,463515473029545E+000	4,000000000000000E+000
-1,6981341E-001	-1,472978732686629E+000	4,000000000000000E+000
-1,7090242E-001	-1,480725651796629E+000	4,000000000000000E+000
-1,7210753E-001	-1,486606584585925E+000	4,000000000000000E+000
-1,7332573E-001	-1,496374194717237E+000	4,000000000000000E+000
-1,7453679E-001	-1,504913523896704E+000	4,000000000000000E+000
-1,7575094E-001	-1,512528860682828E+000	4,000000000000000E+000
-1,7696626E-001	-1,520528131130121E+000	4,000000000000000E+000
-1,7819273E-001	-1,529037766848447E+000	4,000000000000000E+000
-1,7938893E-001	-1,536180000286546E+000	4,000000000000000E+000
-1,8057702E-001	-1,541327923467311E+000	4,000000000000000E+000
-1,8178235E-001	-1,546543773746603E+000	4,000000000000000E+000
-1,8293990E-001	-1,553840814399774E+000	4,000000000000000E+000
-1,8418637E-001	-1,561130547706311E+000	4,000000000000000E+000
-1,8533821E-001	-1,563090837526097E+000	4,000000000000000E+000
-1,8661948E-001	-1,567477140868839E+000	4,000000000000000E+000
-1,8780112E-001	-1,577320080629928E+000	4,000000000000000E+000
-1,8900397E-001	-1,578853911892686E+000	4,000000000000000E+000
-1,9014221E-001	-1,583900078251540E+000	4,000000000000000E+000
-1,9133410E-001	-1,591400859204841E+000	4,000000000000000E+000
-1,9260842E-001	-1,592122146704547E+000	4,000000000000000E+000
-1,9358066E-001	-1,597135464419374E+000	4,000000000000000E+000
-1,9506533E-001	-1,599335489053004E+000	4,000000000000000E+000
-1,9618715E-001	-1,604057115019749E+000	4,000000000000000E+000
-1,9733837E-001	-1,607361330771474E+000	4,000000000000000E+000
-1,9859695E-001	-1,607539612489447E+000	4,000000000000000E+000
-1,9929433E-001	-1,608088999986649E+000	4,000000000000000E+000
-1,9956882E-001	-1,595009505748749E+000	4,000000000000000E+000
-1,9943100E-001	-1,624567031860352E+000	4,000000000000000E+000
-1,9884627E-001	-1,391778195018155E+000	4,000000000000000E+000
-1,9759172E-001	-1,329620797514771E+000	4,000000000000000E+000
-1,9633231E-001	-1,288949491214694E+000	4,000000000000000E+000
-1,9523893E-001	-1,256141629414977E+000	4,000000000000000E+000
-1,9396633E-001	-1,214898548934055E+000	4,000000000000000E+000
-1,9277357E-001	-1,183812496511054E+000	4,000000000000000E+000
-1,9159901E-001	-1,150601653623637E+000	4,000000000000000E+000
-1,9036239E-001	-1,120180567036623E+000	4,000000000000000E+000
-1,8917015E-001	-1,092359560248616E+000	4,000000000000000E+000
-1,8799569E-001	-1,069101891480383E+000	4,000000000000000E+000
-1,8673429E-001	-1,041996930156730E+000	4,000000000000000E+000
-1,8554558E-001	-1,021371023522482E+000	4,000000000000000E+000
-1,8439426E-001	-1,001072017613936E+000	4,000000000000000E+000
-1,8316528E-001	-9,835786852226707E-001	4,000000000000000E+000
-1,8200460E-001	-9,647063629494771E-001	4,000000000000000E+000
-1,8083455E-001	-9,484075191603196E-001	4,000000000000000E+000
-1,7957127E-001	-9,389071174276360E-001	4,000000000000000E+000
-1,7837691E-001	-9,222560715516668E-001	4,000000000000000E+000
-1,7715484E-001	-9,112770192463060E-001	4,000000000000000E+000
-1,7599331E-001	-9,019273205280900E-001	4,000000000000000E+000
-1,7473370E-001	-8,868133078363769E-001	4,000000000000000E+000
-1,7356701E-001	-8,788702371702684E-001	4,000000000000000E+000
-1,7235200E-001	-8,699649472686382E-001	4,000000000000000E+000
-1,7121279E-001	-8,577384261448895E-001	4,000000000000000E+000
-1,7000088E-001	-8,489456383890825E-001	4,000000000000000E+000
-1,6874763E-001	-8,391493203083957E-001	4,000000000000000E+000
-1,6757098E-001	-8,299566192069499E-001	4,000000000000000E+000
-1,6640097E-001	-8,212677468287044E-001	4,000000000000000E+000
-1,6515125E-001	-8,129205111569391E-001	4,000000000000000E+000
-1,6395895E-001	-8,064009890356960E-001	4,000000000000000E+000
-1,6277808E-001	-7,956997999852398E-001	4,000000000000000E+000
-1,6158995E-001	-7,894804716903536E-001	4,000000000000000E+000
-1,6039553E-001	-7,776750549846501E-001	4,000000000000000E+000
-1,5914966E-001	-7,727042142112062E-001	4,000000000000000E+000
-1,5795092E-001	-7,642583423983957E-001	4,000000000000000E+000
-1,5677920E-001	-7,559089470758238E-001	4,000000000000000E+000
-1,5553193E-001	-7,435805628472885E-001	4,000000000000000E+000
-1,5438350E-001	-7,370567826588665E-001	4,000000000000000E+000
-1,5313345E-001	-7,275129328395593E-001	4,000000000000000E+000
-1,5200689E-001	-7,201086903439335E-001	4,000000000000000E+000
-1,5079932E-001	-7,092357236305586E-001	4,000000000000000E+000
-1,4960226E-001	-7,001342318296713E-001	4,000000000000000E+000
-1,4838620E-001	-6,906646278738542E-001	4,000000000000000E+000
-1,4714924E-001	-6,824329979459023E-001	4,000000000000000E+000
-1,4592908E-001	-6,750786213238751E-001	4,000000000000000E+000
-1,4476693E-001	-6,656440678570004E-001	4,000000000000000E+000
-1,4350812E-001	-6,573424148373288E-001	4,000000000000000E+000
-1,4235701E-001	-6,478293508860340E-001	4,000000000000000E+000
-1,4117506E-001	-6,360599787181425E-001	4,000000000000000E+000
-1,3997419E-001	-6,302034184164178E-001	4,000000000000000E+000
-1,3878742E-001	-6,177562487535860E-001	4,000000000000000E+000
-1,3748679E-001	-6,127366812175321E-001	4,000000000000000E+000
-1,3637260E-001	-6,030188070058253E-001	4,000000000000000E+000
-1,3517024E-001	-5,934813709895108E-001	4,000000000000000E+000
-1,3388689E-001	-5,822212211701450E-001	4,000000000000000E+000
-1,3286623E-001	-5,735079529867662E-001	4,000000000000000E+000
-1,3151982E-001	-5,665290997173904E-001	4,000000000000000E+000
-1,3036120E-001	-5,557345921967034E-001	4,000000000000000E+000
-1,2914194E-001	-5,490220130973107E-001	4,000000000000000E+000
-1,2798715E-001	-5,387897098316223E-001	4,000000000000000E+000
-1,2671188E-001	-5,287971583591684E-001	4,000000000000000E+000
-1,2558471E-001	-5,201899971881923E-001	4,000000000000000E+000
-1,2439042E-001	-5,095005556768557E-001	4,000000000000000E+000
-1,2318283E-001	-5,023084878921509E-001	4,000000000000000E+000
-1,2199086E-001	-4,921705822322382E-001	4,000000000000000E+000
-1,2072957E-001	-4,851376103771901E-001	4,000000000000000E+000
-1,1958288E-001	-4,752670493218347E-001	4,000000000000000E+000
-1,1836799E-001	-4,693648765312002E-001	4,000000000000000E+000
-1,1721518E-001	-4,555461245019821E-001	4,000000000000000E+000
-1,1596697E-001	-4,520264454444671E-001	4,000000000000000E+000
-1,1476491E-001	-4,415766981309606E-001	4,000000000000000E+000
-1,1359844E-001	-4,329706128186505E-001	4,000000000000000E+000
-1,1235582E-001	-4,213359720177117E-001	4,000000000000000E+000
-1,1119509E-001	-4,147188344677146E-001	4,000000000000000E+000
-1,0997751E-001	-4,060034863737032E-001	4,000000000000000E+000
-1,0885306E-001	-3,973167443699719E-001	4,000000000000000E+000
-1,0752979E-001	-3,864681677056323E-001	4,000000000000000E+000
-1,0640712E-001	-3,758476544387150E-001	4,000000000000000E+000
-1,0519458E-001	-3,689377370066254E-001	4,000000000000000E+000
-1,0397758E-001	-3,583967754039570E-001	4,000000000000000E+000
-1,0278065E-001	-3,511824301374992E-001	4,000000000000000E+000
-1,0154603E-001	-3,411856225165701E-001	4,000000000000000E+000
-9,7541802E-002	-2,875977858084147E-001	4,000000000000000E+000
-9,3063548E-002	-2,170967621107895E-001	4,000000000000000E+000
-9,1855794E-002	-2,884373863365637E-001	4,000000000000000E+000
-9,0781234E-002	-2,569413706487795E-001	4,000000000000000E+000
-8,9634739E-002	-2,262554632292859E-001	4,000000000000000E+000
-8,8374138E-002	-2,410551512406922E-001	4,000000000000000E+000
-8,7185666E-002	-2,224254995041206E-001	4,000000000000000E+000
-8,5904770E-002	-2,093114136821692E-001	4,000000000000000E+000
-8,4801443E-002	-2,014803475661515E-001	4,000000000000000E+000
-8,3553880E-002	-1,923708580348085E-001	4,000000000000000E+000
-8,2461491E-002	-1,815494703693776E-001	4,000000000000000E+000
-8,1229322E-002	-1,678829035825201E-001	4,000000000000000E+000
-7,9964772E-002	-1,586930464082221E-001	4,000000000000000E+000
-7,8851365E-002	-1,487513733919941E-001	4,000000000000000E+000
-7,7494204E-002	-1,353629572981001E-001	4,000000000000000E+000
-7,6293118E-002	-1,256930426634093E-001	4,000000000000000E+000
-7,5290099E-002	-1,160263244334296E-001	4,000000000000000E+000
-7,4001707E-002	-1,038623543249235E-001	4,000000000000000E+000
-7,2840124E-002	-9,630116312204029E-002	4,000000000000000E+000
-7,1604013E-002	-8,602407021141900E-002	4,000000000000000E+000
-7,0184007E-002	-7,479781895677595E-002	4,000000000000000E+000
-6,9195859E-002	-6,968435406452023E-002	4,000000000000000E+000
-6,7900740E-002	-6,016163000431662E-002	4,000000000000000E+000
-6,6829152E-002	-5,121555388527810E-002	4,000000000000000E+000
-6,5624140E-002	-4,114291201349940E-002	4,000000000000000E+000
-6,4272568E-002	-3,659962003628059E-002	4,000000000000000E+000
-6,3228786E-002	-2,930734631108523E-002	4,000000000000000E+000
-6,2003333E-002	-1,913014641549018E-002	4,000000000000000E+000
-6,0841169E-002	-1,013465677708689E-002	4,000000000000000E+000
-5,9584908E-002	-6,631197401239413E-003	4,000000000000000E+000
-5,8360472E-002	2,386984715705073E-003	4,000000000000000E+000
-5,7196550E-002	9,173870261697137E-003	4,000000000000000E+000
-5,6089655E-002	1,909805844695298E-002	4,000000000000000E+000
-5,4742951E-002	2,595853526360814E-002	4,000000000000000E+000
-5,3616818E-002	3,045781753651156E-002	4,000000000000000E+000
-5,2334432E-002	4,024690884128834E-002	4,000000000000000E+000
-5,1234823E-002	4,496452838281617E-002	4,000000000000000E+000
-5,0007358E-002	5,772412066343580E-002	4,000000000000000E+000
-4,8839822E-002	6,295136910544175E-002	4,000000000000000E+000
-4,7449816E-002	6,835432407873082E-002	4,000000000000000E+000
-4,6540409E-002	7,721090078552217E-002	4,000000000000000E+000
-4,5110002E-002	8,703520133578298E-002	4,000000000000000E+000
-4,4072594E-002	9,244271637268264E-002	4,000000000000000E+000
-4,2778112E-002	9,889472789385545E-002	4,000000000000000E+000
-4,1628409E-002	1,082014397058331E-001	4,000000000000000E+000
-4,0415768E-002	1,178124931994483E-001	4,000000000000000E+000
-3,9131474E-002	1,214850873026692E-001	4,000000000000000E+000
-3,8002998E-002	1,302040248367664E-001	4,000000000000000E+000
-3,6918037E-002	1,396217664996926E-001	4,000000000000000E+000
-3,5628129E-002	1,466420408752231E-001	4,000000000000000E+000
-3,4414314E-002	1,544338709920536E-001	4,000000000000000E+000
-3,3226397E-002	1,613674123396369E-001	4,000000000000000E+000
-3,2116812E-002	1,695472396224629E-001	4,000000000000000E+000
-3,0955577E-002	1,792970928967141E-001	4,000000000000000E+000
-2,9493609E-002	1,856003331356790E-001	4,000000000000000E+000
-2,8468721E-002	1,913080447422413E-001	4,000000000000000E+000
-2,7181035E-002	2,014231083750798E-001	4,000000000000000E+000
-2,6003456E-002	2,120846913722199E-001	4,000000000000000E+000
-2,4781151E-002	2,175174438463596E-001	4,000000000000000E+000
-2,3629108E-002	2,256743674192374E-001	4,000000000000000E+000
-2,2390032E-002	2,334435095760488E-001	4,000000000000000E+000
-2,1214077E-002	2,422795074396875E-001	4,000000000000000E+000
-2,0003736E-002	2,503361045857200E-001	4,000000000000000E+000
-1,8778246E-002	2,566980920188744E-001	4,000000000000000E+000
-1,7595850E-002	2,646160044888441E-001	4,000000000000000E+000
-1,6436454E-002	2,747971392797177E-001	4,000000000000000E+000
-1,5153896E-002	2,837300640185960E-001	4,000000000000000E+000
-1,4057470E-002	2,885912631948790E-001	4,000000000000000E+000
-1,2886539E-002	2,970421254177831E-001	4,000000000000000E+000
-1,1553322E-002	3,081050777971674E-001	4,000000000000000E+000
-1,0430362E-002	3,149310936073403E-001	4,000000000000000E+000
-9,1980798E-003	3,203604614827791E-001	4,000000000000000E+000
-7,9914825E-003	3,309632034937833E-001	4,000000000000000E+000
-6,6852611E-003	3,401663965821551E-001	4,000000000000000E+000
-5,7378598E-003	3,461065488927826E-001	4,000000000000000E+000
-4,3202555E-003	3,537465544952143E-001	4,000000000000000E+000
-3,1794654E-003	3,627983482632162E-001	4,000000000000000E+000
-2,1216143E-003	3,728576277693114E-001	4,000000000000000E+000
-9,4133971E-004	3,777422464444058E-001	4,000000000000000E+000
6,4036918E-005	3,865167780757137E-001	4,000000000000000E+000
7,3071331E-004	3,935451060533524E-001	5,000000000000000E+000
1,3766619E-003	3,966929101454166E-001	5,000000000000000E+000
2,5232465E-003	4,035869927524960E-001	5,000000000000000E+000
3,8803504E-003	4,108189245409992E-001	5,000000000000000E+000
5,0935280E-003	4,191599115729336E-001	5,000000000000000E+000
6,2430212E-003	4,271347986672218E-001	5,000000000000000E+000
7,3392945E-003	4,388695976058798E-001	5,000000000000000E+000
8,7509556E-003	4,442478633589220E-001	5,000000000000000E+000
9,5873345E-003	4,502910827027851E-001	5,000000000000000E+000
1,1211063E-002	4,605427272531593E-001	5,000000000000000E+000
1,2261310E-002	4,717421482006712E-001	5,000000000000000E+000
1,3424176E-002	4,756491971029746E-001	5,000000000000000E+000
1,4605934E-002	4,848039506382698E-001	5,000000000000000E+000
1,5861105E-002	4,931496348645954E-001	5,000000000000000E+000
1,6992481E-002	5,046138974786221E-001	5,000000000000000E+000
1,8152378E-002	5,086624597682186E-001	5,000000000000000E+000
1,9464266E-002	5,178910307499951E-001	5,000000000000000E+000
2,0587362E-002	5,267435333053414E-001	5,000000000000000E+000
2,1783482E-002	5,359891698850969E-001	5,000000000000000E+000
2,3078173E-002	5,408137023224775E-001	5,000000000000000E+000
2,4023879E-002	5,498995317698103E-001	5,000000000000000E+000
2,5272643E-002	5,601746270139873E-001	5,000000000000000E+000
2,6529050E-002	5,704534604403850E-001	5,000000000000000E+000
2,7922031E-002	5,730147962027271E-001	5,000000000000000E+000
2,8969631E-002	5,818631053315850E-001	5,000000000000000E+000
3,0231768E-002	5,925744006117046E-001	5,000000000000000E+000
3,1391382E-002	6,006882087137821E-001	5,000000000000000E+000
3,2542568E-002	6,055452798976131E-001	5,000000000000000E+000
3,3758719E-002	6,149194957084827E-001	5,000000000000000E+000
3,5022635E-002	6,213147719132008E-001	5,000000000000000E+000
3,6230177E-002	6,331872509930427E-001	5,000000000000000E+000
3,7403021E-002	6,375200843904176E-001	5,000000000000000E+000
3,8726587E-002	6,442822329958702E-001	5,000000000000000E+000
3,9761547E-002	6,572401449256771E-001	5,000000000000000E+000
4,1030981E-002	6,623546688610507E-001	5,000000000000000E+000
4,2202126E-002	6,677676050716830E-001	5,000000000000000E+000
4,3406177E-002	6,789738739133586E-001	5,000000000000000E+000
4,4596568E-002	6,860830688383439E-001	5,000000000000000E+000
4,5763392E-002	6,958187214374834E-001	5,000000000000000E+000
4,7059365E-002	7,011483945038726E-001	5,000000000000000E+000
4,8114173E-002	7,101313276992478E-001	5,000000000000000E+000
4,9473748E-002	7,187066827814483E-001	5,000000000000000E+000
5,0572861E-002	7,281307280753531E-001	5,000000000000000E+000
5,1789220E-002	7,339404499054805E-001	5,000000000000000E+000
5,3043574E-002	7,427213055305870E-001	5,000000000000000E+000
5,4202549E-002	7,522440019011927E-001	5,000000000000000E+000
5,5321399E-002	7,612707089305095E-001	5,000000000000000E+000
5,6476843E-002	7,667032596482741E-001	5,000000000000000E+000
5,7848167E-002	7,751586672556705E-001	5,000000000000000E+000
5,9040036E-002	7,858231076108375E-001	5,000000000000000E+000
6,0227070E-002	7,925682138323928E-001	5,000000000000000E+000
6,1432816E-002	7,979403196282169E-001	5,000000000000000E+000
6,2597379E-002	8,086275392108497E-001	5,000000000000000E+000
6,3797496E-002	8,175365692694410E-001	5,000000000000000E+000
6,4938918E-002	8,235259759929727E-001	5,000000000000000E+000
6,6422552E-002	8,315196923601142E-001	5,000000000000000E+000
6,7374825E-002	8,401131042348304E-001	5,000000000000000E+000
6,8677723E-002	8,474754641453428E-001	5,000000000000000E+000
6,9712304E-002	8,572453483421754E-001	5,000000000000000E+000
7,0957534E-002	8,629644927741218E-001	5,000000000000000E+000
7,2193213E-002	8,707996838277694E-001	5,000000000000000E+000
7,3099785E-002	8,792401916105970E-001	5,000000000000000E+000
7,4819818E-002	8,893416383027750E-001	5,000000000000000E+000
7,5447939E-002	8,937127275254433E-001	5,000000000000000E+000
7,7134721E-002	9,037444327302637E-001	5,000000000000000E+000
7,7916682E-002	9,124157742976582E-001	5,000000000000000E+000
7,9555832E-002	9,188621424621441E-001	5,000000000000000E+000
8,0516607E-002	9,269071445386459E-001	5,000000000000000E+000
8,1710257E-002	9,333215976927278E-001	5,000000000000000E+000
8,2987539E-002	9,412312301531216E-001	5,000000000000000E+000
8,3935469E-002	9,503531977706783E-001	5,000000000000000E+000
8,5557714E-002	9,554795341014302E-001	5,000000000000000E+000
8,6389422E-002	9,650288496890802E-001	5,000000000000000E+000
8,7900639E-002	9,718953925874789E-001	5,000000000000000E+000
8,8896960E-002	9,795023476601514E-001	5,000000000000000E+000
9,0280399E-002	9,876704638030507E-001	5,000000000000000E+000
9,1213144E-002	9,936550424468713E-001	5,000000000000000E+000
9,2578955E-002	1,000982866501780E+000	5,000000000000000E+000
9,3749531E-002	1,011152386665347E+000	5,000000000000000E+000
9,4843835E-002	1,017757670815900E+000	5,000000000000000E+000
9,6282244E-002	1,022717811960590E+000	5,000000000000000E+000
9,7283341E-002	1,031357994527317E+000	5,000000000000000E+000
9,8655663E-002	1,041622845628471E+000	5,000000000000000E+000
9,9790007E-002	1,047932753184193E+000	5,000000000000000E+000
1,0098812E-001	1,053969511607044E+000	5,000000000000000E+000
1,0208537E-001	1,062144296881920E+000	5,000000000000000E+000
1,0331383E-001	1,069139217302478E+000	5,000000000000000E+000
1,0460648E-001	1,078550563073130E+000	5,000000000000000E+000
1,0562734E-001	1,084041372821151E+000	5,000000000000000E+000
1,0692668E-001	1,091060289957874E+000	5,000000000000000E+000
1,1112230E-001	1,118886993671794E+000	5,000000000000000E+000
1,1551898E-001	1,138799536524822E+000	5,000000000000000E+000
1,1670371E-001	1,146033044473301E+000	5,000000000000000E+000
1,1794978E-001	1,152201499358785E+000	5,000000000000000E+000
1,1907267E-001	1,161003906676477E+000	5,000000000000000E+000
1,2033693E-001	1,170910374209701E+000	5,000000000000000E+000
1,2147858E-001	1,173667464060365E+000	5,000000000000000E+000
1,2265008E-001	1,181596744357157E+000	5,000000000000000E+000
1,2396197E-001	1,186127334902135E+000	5,000000000000000E+000
1,2507430E-001	1,193745854051995E+000	5,000000000000000E+000
1,2631105E-001	1,199638491686160E+000	5,000000000000000E+000
1,2752713E-001	1,205741066106217E+000	5,000000000000000E+000
1,2873904E-001	1,211652890727340E+000	5,000000000000000E+000
1,2991582E-001	1,221056621194027E+000	5,000000000000000E+000
1,3111480E-001	1,224637775837135E+000	5,000000000000000E+000
1,3229847E-001	1,229017735372678E+000	5,000000000000000E+000
1,3355261E-001	1,234906213220075E+000	5,000000000000000E+000
1,3464281E-001	1,244015116710218E+000	5,000000000000000E+000
1,3593984E-001	1,247216486337564E+000	5,000000000000000E+000
1,3708656E-001	1,251910544949139E+000	5,000000000000000E+000
1,3827950E-001	1,256539660988857E+000	5,000000000000000E+000
1,3951261E-001	1,261007755149706E+000	5,000000000000000E+000
1,4078163E-001	1,263413567561658E+000	5,000000000000000E+000
1,4189334E-001	1,266151515939445E+000	5,000000000000000E+000
1,4311160E-001	1,270406223005720E+000	5,000000000000000E+000
1,4426996E-001	1,271051159352756E+000	5,000000000000000E+000
1,4550336E-001	1,273566255190723E+000	5,000000000000000E+000
1,4667596E-001	1,271721631357519E+000	5,000000000000000E+000
1,4790931E-001	1,273847459125577E+000	5,000000000000000E+000
1,4905754E-001	1,275488482581245E+000	5,000000000000000E+000
1,5033671E-001	1,277897482151513E+000	5,000000000000000E+000
1,5148410E-001	1,279987193661297E+000	5,000000000000000E+000
1,5268709E-001	1,283290471450460E+000	5,000000000000000E+000
1,5389191E-001	1,289173619683700E+000	5,000000000000000E+000
1,5506072E-001	1,292406826435283E+000	5,000000000000000E+000
1,5628877E-001	1,298934799912216E+000	5,000000000000000E+000
1,5746093E-001	1,306754938464753E+000	5,000000000000000E+000
1,5871571E-001	1,309764350419517E+000	5,000000000000000E+000
1,5987872E-001	1,320939644360571E+000	5,000000000000000E+000
1,6107745E-001	1,320661818091246E+000	5,000000000000000E+000
1,6223396E-001	1,332845773116720E+000	5,000000000000000E+000
1,6349545E-001	1,341709706518387E+000	5,000000000000000E+000
1,6467057E-001	1,353439781400894E+000	5,000000000000000E+000
1,6588904E-001	1,358797757127494E+000	5,000000000000000E+000
1,6706924E-001	1,371460338502574E+000	5,000000000000000E+000
1,6832361E-001	1,379481919127073E+000	5,000000000000000E+000
1,6948597E-001	1,387525823450202E+000	5,000000000000000E+000
1,7072676E-001	1,397135378620418E+000	5,000000000000000E+000
1,7192096E-001	1,407104588217207E+000	5,000000000000000E+000
1,7309570E-001	1,415124074504195E+000	5,000000000000000E+000
1,7424281E-001	1,424119444322530E+000	5,000000000000000E+000
1,7547043E-001	1,434637183133790E+000	5,000000000000000E+000
1,7672344E-001	1,442467885661038E+000	5,000000000000000E+000
1,7790663E-001	1,450800197906108E+000	5,000000000000000E+000
1,7913234E-001	1,460864963751561E+000	5,000000000000000E+000
1,8031359E-001	1,469306566614518E+000	5,000000000000000E+000
1,8152773E-001	1,481306143053288E+000	5,000000000000000E+000
1,8269618E-001	1,486689608216430E+000	5,000000000000000E+000
1,8384923E-001	1,498974501379532E+000	5,000000000000000E+000
1,8505596E-001	1,504692090882194E+000	5,000000000000000E+000
1,8625171E-001	1,514982620944032E+000	5,000000000000000E+000
1,8752328E-001	1,522408165761995E+000	5,000000000000000E+000
1,8867756E-001	1,535911909442536E+000	5,000000000000000E+000
1,8989386E-001	1,543487975149663E+000	5,000000000000000E+000
1,9103721E-001	1,551798028164299E+000	5,000000000000000E+000
1,9232553E-001	1,560928217273347E+000	5,000000000000000E+000
1,9344372E-001	1,569600129379314E+000	5,000000000000000E+000
1,9469267E-001	1,578840537272672E+000	5,000000000000000E+000
1,9589761E-001	1,587638685393536E+000	5,000000000000000E+000
1,9704065E-001	1,597700143112219E+000	5,000000000000000E+000
1,9828951E-001	1,604935713267587E+000	5,000000000000000E+000
1,9950221E-001	1,612460851669312E+000	5,000000000000000E+000
2,0030352E-001	1,626572478640211E+000	5,000000000000000E+000
2,0056416E-001	1,604900777339935E+000	5,000000000000000E+000
2,0042348E-001	1,597167730331421E+000	5,000000000000000E+000
1,9980450E-001	1,404467503298768E+000	5,000000000000000E+000
1,9868578E-001	1,354301171946439E+000	5,000000000000000E+000
1,9739561E-001	1,323726310515431E+000	5,000000000000000E+000
1,9618513E-001	1,294475284663751E+000	5,000000000000000E+000
1,9498627E-001	1,275979550382885E+000	5,000000000000000E+000
1,9379501E-001	1,253601397042747E+000	5,000000000000000E+000
1,9262423E-001	1,229505764113533E+000	5,000000000000000E+000
1,9139561E-001	1,211305988383379E+000	5,000000000000000E+000
1,9017510E-001	1,190957091024359E+000	5,000000000000000E+000
1,8900251E-001	1,172984257374926E+000	5,000000000000000E+000
1,8784463E-001	1,155731822933175E+000	5,000000000000000E+000
1,8657839E-001	1,143303612867992E+000	5,000000000000000E+000
1,8536152E-001	1,121553454203195E+000	5,000000000000000E+000
1,8419725E-001	1,105793474483554E+000	5,000000000000000E+000
1,8302548E-001	1,095090231927180E+000	5,000000000000000E+000
1,8180542E-001	1,074384788672131E+000	5,000000000000000E+000
1,8060032E-001	1,060877957381312E+000	5,000000000000000E+000
1,7945097E-001	1,043368715413468E+000	5,000000000000000E+000
1,7823271E-001	1,028293992116771E+000	5,000000000000000E+000
1,7703956E-001	1,015311112006509E+000	5,000000000000000E+000
1,7584342E-001	1,002871415715804E+000	5,000000000000000E+000
1,7460358E-001	9,869289646890973E-001	5,000000000000000E+000
1,7333226E-001	9,768982305950313E-001	5,000000000000000E+000
1,7222126E-001	9,644075474632832E-001	5,000000000000000E+000
1,7098883E-001	9,479145606013937E-001	5,000000000000000E+000
1,6981854E-001	9,356328605812223E-001	5,000000000000000E+000
1,6865200E-001	9,194825077084516E-001	5,000000000000000E+000
1,6745007E-001	9,075911847564058E-001	5,000000000000000E+000
1,6625501E-001	8,921249806536018E-001	5,000000000000000E+000
1,6501686E-001	8,778352422501747E-001	5,000000000000000E+000
1,6385153E-001	8,640398060799495E-001	5,000000000000000E+000
1,6255490E-001	8,506676239754860E-001	5,000000000000000E+000
1,6139318E-001	8,358718869103923E-001	5,000000000000000E+000
1,6021405E-001	8,233695725944905E-001	5,000000000000000E+000
1,5895185E-001	8,145672380579256E-001	5,000000000000000E+000
1,5793940E-001	7,936974271735275E-001	5,000000000000000E+000
1,5653963E-001	7,841864990208443E-001	5,000000000000000E+000
1,5542844E-001	7,694013379083025E-001	5,000000000000000E+000
1,5419282E-001	7,523016064100077E-001	5,000000000000000E+000
1,5303789E-001	7,400464050954696E-001	5,000000000000000E+000
1,5176640E-001	7,259751860207562E-001	5,000000000000000E+000
1,5061274E-001	7,105567327062445E-001	5,000000000000000E+000
1,4940889E-001	6,961503004206837E-001	5,000000000000000E+000
1,4819686E-001	6,811307465778320E-001	5,000000000000000E+000
1,4701687E-001	6,653314729531612E-001	5,000000000000000E+000
1,4582182E-001	6,523846338192625E-001	5,000000000000000E+000
1,4464799E-001	6,343609624438820E-001	5,000000000000000E+000
1,4344804E-001	6,206228521704240E-001	5,000000000000000E+000
1,4221916E-001	6,034296941943484E-001	5,000000000000000E+000
1,4104879E-001	5,850941369016827E-001	5,000000000000000E+000
1,3985005E-001	5,713199310832557E-001	5,000000000000000E+000
1,3869044E-001	5,570747351739591E-001	5,000000000000000E+000
1,3743280E-001	5,444875185515858E-001	5,000000000000000E+000
1,3625018E-001	5,307090352893011E-001	5,000000000000000E+000
1,3499483E-001	5,203866155438686E-001	5,000000000000000E+000
1,3384794E-001	5,059663553860174E-001	5,000000000000000E+000
1,3260016E-001	5,009022177007338E-001	5,000000000000000E+000
1,3146560E-001	4,893853502710233E-001	5,000000000000000E+000
1,3030769E-001	4,778334949838214E-001	5,000000000000000E+000
1,2906033E-001	4,724945690896778E-001	5,000000000000000E+000
1,2780428E-001	4,633252198842417E-001	5,000000000000000E+000
1,2660265E-001	4,564789231538919E-001	5,000000000000000E+000
1,2540311E-001	4,447488524105956E-001	5,000000000000000E+000
1,2424365E-001	4,417383464018796E-001	5,000000000000000E+000
1,2306826E-001	4,338206839575260E-001	5,000000000000000E+000
1,2182012E-001	4,244614570591327E-001	5,000000000000000E+000
1,2061437E-001	4,175080410765344E-001	5,000000000000000E+000
1,1948209E-001	4,117936043163644E-001	5,000000000000000E+000
1,1822800E-001	4,048338404390979E-001	5,000000000000000E+000
1,1702564E-001	3,979844030691302E-001	5,000000000000000E+000
1,1579321E-001	3,909206566167986E-001	5,000000000000000E+000
1,1463825E-001	3,867730194124984E-001	5,000000000000000E+000
1,1338921E-001	3,784077275302957E-001	5,000000000000000E+000
1,1225288E-001	3,708030014488575E-001	5,000000000000000E+000
1,1104041E-001	3,649559594320000E-001	5,000000000000000E+000
1,0980940E-001	3,569672509458757E-001	5,000000000000000E+000
1,0861583E-001	3,500085466894912E-001	5,000000000000000E+000
1,0744429E-001	3,410428162336494E-001	5,000000000000000E+000
1,0335391E-001	2,847061496514747E-001	5,000000000000000E+000
9,9022649E-002	2,756053559197538E-001	5,000000000000000E+000
9,7748086E-002	3,154890750388235E-001	5,000000000000000E+000
9,6648268E-002	2,626474849508935E-001	5,000000000000000E+000
9,5412038E-002	2,653611356271779E-001	5,000000000000000E+000
9,4209738E-002	2,729112230784578E-001	5,000000000000000E+000
9,3035124E-002	2,479981548428820E-001	5,000000000000000E+000
9,1662534E-002	2,462514595395926E-001	5,000000000000000E+000
9,0637013E-002	2,416210100227216E-001	5,000000000000000E+000
8,9416735E-002	2,262422243926538E-001	5,000000000000000E+000
8,8188484E-002	2,244984890567148E-001	5,000000000000000E+000
8,7005027E-002	2,162763551050046E-001	5,000000000000000E+000
8,5774973E-002	2,044053744024561E-001	5,000000000000000E+000
8,4672198E-002	1,990981768316553E-001	5,000000000000000E+000
8,3343104E-002	1,914463280376779E-001	5,000000000000000E+000
8,2314394E-002	1,832274736543353E-001	5,000000000000000E+000
8,0972649E-002	1,763583997057545E-001	5,000000000000000E+000
7,9985201E-002	1,657689230395831E-001	5,000000000000000E+000
7,8502223E-002	1,600054308914367E-001	5,000000000000000E+000
7,7537410E-002	1,522178369492330E-001	5,000000000000000E+000
7,6224111E-002	1,421776431530748E-001	5,000000000000000E+000
7,4953474E-002	1,348300161318752E-001	5,000000000000000E+000
7,3860027E-002	1,286826601545159E-001	5,000000000000000E+000
7,2496764E-002	1,208008100446833E-001	5,000000000000000E+000
7,1440540E-002	1,104464129527551E-001	5,000000000000000E+000
7,0254192E-002	1,031465057469041E-001	5,000000000000000E+000
6,8990476E-002	9,704507379663241E-002	5,000000000000000E+000
6,7884505E-002	8,747579918255953E-002	5,000000000000000E+000
6,6597037E-002	7,991110746149444E-002	5,000000000000000E+000
6,5461017E-002	6,893488992850694E-002	5,000000000000000E+000
6,4296886E-002	6,376883315129400E-002	5,000000000000000E+000
6,2806673E-002	5,675046208219769E-002	5,000000000000000E+000
6,1917264E-002	4,714672833722056E-002	5,000000000000000E+000
6,0687605E-002	3,640560746350313E-002	5,000000000000000E+000
5,9329432E-002	3,163740657004777E-002	5,000000000000000E+000
5,8297969E-002	2,301199819743899E-002	5,000000000000000E+000
5,7121385E-002	1,442253743031569E-002	5,000000000000000E+000
5,5693656E-002	4,106000656183523E-003	5,000000000000000E+000
5,4781925E-002	-9,446895940578137E-004	5,000000000000000E+000
5,3481076E-002	-1,083187112804063E-002	5,000000000000000E+000
5,2262958E-002	-2,125253912554065E-002	5,000000000000000E+000
5,0967831E-002	-2,803433559785368E-002	5,000000000000000E+000
4,9809217E-002	-3,426811838828674E-002	5,000000000000000E+000
4,8784547E-002	-4,473936508454945E-002	5,000000000000000E+000
4,7291089E-002	-5,587389966563516E-002	5,000000000000000E+000
4,6538778E-002	-6,244021979984132E-002	5,000000000000000E+000
4,4828866E-002	-6,953027973887171E-002	5,000000000000000E+000
4,4068981E-002	-8,252453596624365E-002	5,000000000000000E+000
4,2534016E-002	-8,923210001537685E-002	5,000000000000000E+000
4,1653909E-002	-9,496728206243066E-002	5,000000000000000E+000
4,0236309E-002	-1,066728408051723E-001	5,000000000000000E+000
3,9215568E-002	-1,171056052876842E-001	5,000000000000000E+000
3,7726212E-002	-1,230704641590515E-001	5,000000000000000E+000
3,6725953E-002	-1,314449898070760E-001	5,000000000000000E+000
3,5480369E-002	-1,423063529547544E-001	5,000000000000000E+000
3,4337107E-002	-1,539694955550927E-001	5,000000000000000E+000
3,3007175E-002	-1,605728238506272E-001	5,000000000000000E+000
3,1816714E-002	-1,673250356624417E-001	5,000000000000000E+000
3,0656470E-002	-1,788297555198097E-001	5,000000000000000E+000
2,9513629E-002	-1,896294015890874E-001	5,000000000000000E+000
2,8366685E-002	-1,962084493931833E-001	5,000000000000000E+000
2,7042275E-002	-2,065377189795035E-001	5,000000000000000E+000
2,5858536E-002	-2,196623138712583E-001	5,000000000000000E+000
2,4697583E-002	-2,249053455889223E-001	5,000000000000000E+000
2,3424964E-002	-2,329196563482068E-001	5,000000000000000E+000
2,2304632E-002	-2,442430460446134E-001	5,000000000000000E+000
2,1135645E-002	-2,531514786640869E-001	5,000000000000000E+000
1,9925650E-002	-2,592242006083119E-001	5,000000000000000E+000
1,8677274E-002	-2,696174931479614E-001	5,000000000000000E+000
1,7510446E-002	-2,795221701833510E-001	5,000000000000000E+000
1,6174357E-002	-2,851676396654783E-001	5,000000000000000E+000
1,5123149E-002	-2,921266452047133E-001	5,000000000000000E+000
1,3805180E-002	-3,028668208711736E-001	5,000000000000000E+000
1,2900522E-002	-3,146891001939627E-001	5,000000000000000E+000
1,1351091E-002	-3,157664572656225E-001	5,000000000000000E+000
1,0356564E-002	-3,263819323361137E-001	5,000000000000000E+000
8,9855231E-003	-3,354036176568571E-001	5,000000000000000E+000
8,0042304E-003	-3,444892155541169E-001	5,000000000000000E+000
6,6859745E-003	-3,494055900308819E-001	5,000000000000000E+000
5,5797868E-003	-3,579886615733376E-001	5,000000000000000E+000
4,3454557E-003	-3,680543172802695E-001	5,000000000000000E+000
3,1393578E-003	-3,768174722790714E-001	5,000000000000000E+000
1,8571891E-003	-3,815098597228310E-001	5,000000000000000E+000
7,4887852E-004	-3,912879124852919E-001	5,000000000000000E+000
-5,2472454E-004	-4,011467823293042E-001	5,000000000000000E+000
-1,7994269E-003	-4,068393405026715E-001	5,000000000000000E+000
-2,9030677E-003	-4,151081475946636E-001	5,000000000000000E+000
-4,2712111E-003	-4,230831956784069E-001	5,000000000000000E+000
-5,2255807E-003	-4,318554653630886E-001	5,000000000000000E+000
-6,5435511E-003	-4,416432115766735E-001	5,000000000000000E+000
-7,6972903E-003	-4,455369967380873E-001	5,000000000000000E+000
-8,8661015E-003	-4,558406993574273E-001	5,000000000000000E+000
-1,0091655E-002	-4,664500906149405E-001	5,000000000000000E+000
-1,1302922E-002	-4,706710377984020E-001	5,000000000000000E+000
-1,2515462E-002	-4,777187891563202E-001	5,000000000000000E+000
-1,3646277E-002	-4,882578965862869E-001	5,000000000000000E+000
-1,4930492E-002	-4,966838628795269E-001	5,000000000000000E+000
-1,5988419E-002	-5,045696484287144E-001	5,000000000000000E+000
-1,7334485E-002	-5,118122034257739E-001	5,000000000000000E+000
-1,8313304E-002	-5,183043012447257E-001	5,000000000000000E+000
-1,9704511E-002	-5,288587849828641E-001	5,000000000000000E+000
-2,0874096E-002	-5,376126919441901E-001	5,000000000000000E+000
-2,2098100E-002	-5,434698313129704E-001	5,000000000000000E+000
-2,3268396E-002	-5,520104057828163E-001	5,000000000000000E+000
-2,4495510E-002	-5,617022667580329E-001	5,000000000000000E+000
-2,5774671E-002	-5,713424645278047E-001	5,000000000000000E+000
-2,6899328E-002	-5,747274826884410E-001	5,000000000000000E+000
-2,8142650E-002	-5,851966568562013E-001	5,000000000000000E+000
-2,9268470E-002	-5,950057589345503E-001	5,000000000000000E+000
-3,0539811E-002	-6,009096415903112E-001	5,000000000000000E+000
-3,1697582E-002	-6,080730548990809E-001	5,000000000000000E+000
-3,2897390E-002	-6,173669496827081E-001	5,000000000000000E+000
-3,4053743E-002	-6,275237918814165E-001	5,000000000000000E+000
-3,5278812E-002	-6,338555411590878E-001	5,000000000000000E+000
-3,6504507E-002	-6,402665330873165E-001	5,000000000000000E+000
-3,7611123E-002	-6,504103028111983E-001	5,000000000000000E+000
-3,9021995E-002	-6,593629804836523E-001	5,000000000000000E+000
-3,9958358E-002	-6,651091625293093E-001	5,000000000000000E+000
-4,1370019E-002	-6,729115417520344E-001	5,000000000000000E+000
-4,2307444E-002	-6,818850454011987E-001	5,000000000000000E+000
-4,3710109E-002	-6,895365524105710E-001	5,000000000000000E+000
-4,4807099E-002	-7,001209470391707E-001	5,000000000000000E+000
-4,6211336E-002	-7,050385967293655E-001	5,000000000000000E+000
-4,7242798E-002	-7,143474995520815E-001	5,000000000000000E+000
-4,8454627E-002	-7,222200461956483E-001	5,000000000000000E+000
-4,9684960E-002	-7,315613449188980E-001	5,000000000000000E+000
-5,0820444E-002	-7,373064962491647E-001	5,000000000000000E+000
-5,2096676E-002	-7,435037522593986E-001	5,000000000000000E+000
-5,3179607E-002	-7,552410521613506E-001	5,000000000000000E+000
-5,4455195E-002	-7,620758682713600E-001	5,000000000000000E+000
-5,5617634E-002	-7,677967055890411E-001	5,000000000000000E+000
-5,6789421E-002	-7,769944356771674E-001	5,000000000000000E+000
-5,8125436E-002	-7,845226323007832E-001	5,000000000000000E+000
-5,9202682E-002	-7,939349996288187E-001	5,000000000000000E+000
-6,0460649E-002	-7,997436175053814E-001	5,000000000000000E+000
-6,1642200E-002	-8,084768781145257E-001	5,000000000000000E+000
-6,2940218E-002	-8,161423719246610E-001	5,000000000000000E+000
-6,3957594E-002	-8,244822174310649E-001	5,000000000000000E+000
-6,5261416E-002	-8,293350132492705E-001	5,000000000000000E+000
-6,6395201E-002	-8,378342381609520E-001	5,000000000000000E+000
-6,7668028E-002	-8,450517795324606E-001	5,000000000000000E+000
-6,8739042E-002	-8,545307855949620E-001	5,000000000000000E+000
-7,0123956E-002	-8,595252492189136E-001	5,000000000000000E+000
-7,1178131E-002	-8,670304623708383E-001	5,000000000000000E+000
-7,2365619E-002	-8,753992368777563E-001	5,000000000000000E+000
-7,3682748E-002	-8,820323720056926E-001	5,000000000000000E+000
-7,4750692E-002	-8,890502246407195E-001	5,000000000000000E+000
-7,6198436E-002	-8,967835315227216E-001	5,000000000000000E+000
-7,7162609E-002	-9,022311370267957E-001	5,000000000000000E+000
-7,8539632E-002	-9,086926802130471E-001	5,000000000000000E+000
-7,9586513E-002	-9,177150362412707E-001	5,000000000000000E+000
-8,1012398E-002	-9,198472218725975E-001	5,000000000000000E+000
-8,2216449E-002	-9,253834998924955E-001	5,000000000000000E+000
-8,3210126E-002	-9,323118221256186E-001	5,000000000000000E+000
-8,4428400E-002	-9,378520333104658E-001	5,000000000000000E+000
-8,5607111E-002	-9,447942492034693E-001	5,000000000000000E+000
-8,6887933E-002	-9,519327390352563E-001	5,000000000000000E+000
-8,8029996E-002	-9,530337444437584E-001	5,000000000000000E+000
-8,9283511E-002	-9,614121126942319E-001	5,000000000000000E+000
-9,0286098E-002	-9,688528386220554E-001	5,000000000000000E+000
-9,1685243E-002	-9,745174133115340E-001	5,000000000000000E+000
-9,2834167E-002	-9,849967783213529E-001	5,000000000000000E+000
-9,4071329E-002	-9,879074212577574E-001	5,000000000000000E+000
-9,5134430E-002	-9,957816385215619E-001	5,000000000000000E+000
-9,6360765E-002	-1,003226964751740E+000	5,000000000000000E+000
-9,7640313E-002	-1,012222194009356E+000	5,000000000000000E+000
-9,8804794E-002	-1,022948154110320E+000	5,000000000000000E+000
-1,0006212E-001	-1,025808677887889E+000	5,000000000000000E+000
-1,0125536E-001	-1,035851935476613E+000	5,000000000000000E+000
-1,0243298E-001	-1,046889180903907E+000	5,000000000000000E+000
-1,0357185E-001	-1,050923820153844E+000	5,000000000000000E+000
-1,0477888E-001	-1,060279698731993E+000	5,000000000000000E+000
-1,0599142E-001	-1,067617432938681E+000	5,000000000000000E+000
-1,0715989E-001	-1,078024994961364E+000	5,000000000000000E+000
-1,0847051E-001	-1,084862694109749E+000	5,000000000000000E+000
-1,0967967E-001	-1,089942295431950E+000	5,000000000000000E+000
-1,1379869E-001	-1,128270041836834E+000	5,000000000000000E+000
-1,1815364E-001	-1,149049671194344E+000	5,000000000000000E+000
-1,1939497E-001	-1,156307482902237E+000	5,000000000000000E+000
-1,2053789E-001	-1,165165065873965E+000	5,000000000000000E+000
-1,2177774E-001	-1,174349295544538E+000	5,000000000000000E+000
-1,2298136E-001	-1,182731548169009E+000	5,000000000000000E+000
-1,2419319E-001	-1,190999255394908E+000	5,000000000000000E+000
-1,2538834E-001	-1,197774401089794E+000	5,000000000000000E+000
-1,2656499E-001	-1,207378780728003E+000	5,000000000000000E+000
-1,2778981E-001	-1,212303865252544E+000	5,000000000000000E+000
-1,2902015E-001	-1,220411435580225E+000	5,000000000000000E+000
-1,3010655E-001	-1,225016360447083E+000	5,000000000000000E+000
-1,3142857E-001	-1,235566828762076E+000	5,000000000000000E+000
-1,3251013E-001	-1,243202331148224E+000	5,000000000000000E+000
-1,3379565E-001	-1,252557313328406E+000	5,000000000000000E+000
-1,3500077E-001	-1,256430229258338E+000	5,000000000000000E+000
-1,3617700E-001	-1,263604284108923E+000	5,000000000000000E+000
-1,3736781E-001	-1,274287440676103E+000	5,000000000000000E+000
-1,3865635E-001	-1,278259001586033E+000	5,000000000000000E+000
-1,3979876E-001	-1,285726759875944E+000	5,000000000000000E+000
-1,4101216E-001	-1,294621473367979E+000	5,000000000000000E+000
-1,4216879E-001	-1,304677642123018E+000	5,000000000000000E+000
-1,4328539E-001	-1,310231886717869E+000	5,000000000000000E+000
-1,4460230E-001	-1,316334586124865E+000	5,000000000000000E+000
-1,4576474E-001	-1,326742924767100E+000	5,000000000000000E+000
-1,4709319E-001	-1,331363586950356E+000	5,000000000000000E+000
-1,4811885E-001	-1,341375321925922E+000	5,000000000000000E+000
-1,4935939E-001	-1,347224439080385E+000	5,000000000000000E+000
-1,5054701E-001	-1,356517948227488E+000	5,000000000000000E+000
-1,5173474E-001	-1,365189814750382E+000	5,000000000000000E+000
-1,5296124E-001	-1,369741553181985E+000	5,000000000000000E+000
-1,5414874E-001	-1,377238123694916E+000	5,000000000000000E+000
-1,5541853E-001	-1,385920525373265E+000	5,000000000000000E+000
-1,5659051E-001	-1,393364056065263E+000	5,000000000000000E+000
-1,5779258E-001	-1,400244338575884E+000	5,000000000000000E+000
-1,5898792E-001	-1,409124016761779E+000	5,000000000000000E+000
-1,6017064E-001	-1,416781882376027E+000	5,000000000000000E+000
-1,6135141E-001	-1,422070826834961E+000	5,000000000000000E+000
-1,6258955E-001	-1,432657490173970E+000	5,000000000000000E+000
-1,6378830E-001	-1,436506987394139E+000	5,000000000000000E+000
-1,6490866E-001	-1,444037545023967E+000	5,000000000000000E+000
-1,6621140E-001	-1,451840484394111E+000	5,000000000000000E+000
-1,6736743E-001	-1,461925457628372E+000	5,000000000000000E+000
-1,6859522E-001	-1,465692211408172E+000	5,000000000000000E+000
-1,6972710E-001	-1,472693373621603E+000	5,000000000000000E+000
-1,7099647E-001	-1,479801644812574E+000	5,000000000000000E+000
-1,7210667E-001	-1,485552117263001E+000	5,000000000000000E+000
-1,7336529E-001	-1,490694815810357E+000	5,000000000000000E+000
-1,7456056E-001	-1,498112867982986E+000	5,000000000000000E+000
-1,7573807E-001	-1,503782702747866E+000	5,000000000000000E+000
-1,7698558E-001	-1,508302757223312E+000	5,000000000000000E+000
-1,7817688E-001	-1,515542542613623E+000	5,000000000000000E+000
-1,7937988E-001	-1,518885047933846E+000	5,000000000000000E+000
-1,8054104E-001	-1,523081380356512E+000	5,000000000000000E+000
-1,8177439E-001	-1,526868411132849E+000	5,000000000000000E+000
-1,8296522E-001	-1,530359428824376E+000	5,000000000000000E+000
-1,8409777E-001	-1,535113873632838E+000	5,000000000000000E+000
-1,8543534E-001	-1,537600359241310E+000	5,000000000000000E+000
-1,8654142E-001	-1,540296819474960E+000	5,000000000000000E+000
-1,8779962E-001	-1,543485509024728E+000	5,000000000000000E+000
-1,8898626E-001	-1,546099324176017E+000	5,000000000000000E+000
-1,9020879E-001	-1,547899440672524E+000	5,000000000000000E+000
-1,9134404E-001	-1,544577134980095E+000	5,000000000000000E+000
-1,9261029E-001	-1,543943765245514E+000	5,000000000000000E+000
-1,9380967E-001	-1,541893363775060E+000	5,000000000000000E+000
-1,9494142E-001	-1,537350051087775E+000	5,000000000000000E+000
-1,9626561E-001	-1,531935845001566E+000	5,000000000000000E+000
-1,9740853E-001	-1,530036983476887E+000	5,000000000000000E+000
-1,9858052E-001	-1,527668285735505E+000	5,000000000000000E+000
-1,9938445E-001	-1,520752988600478E+000	5,000000000000000E+000
-1,9952679E-001	-1,538453102111816E+000	5,000000000000000E+000
-1,9943547E-001	-1,529650747776031E+000	5,000000000000000E+000
-1,9879697E-001	-1,300423898665166E+000	5,000000000000000E+000
-1,9757472E-001	-1,247202518068390E+000	5,000000000000000E+000
-1,9634022E-001	-1,212335712379879E+000	5,000000000000000E+000
-1,9516011E-001	-1,179154550915381E+000	5,000000000000000E+000
-1,9394532E-001	-1,154159389350010E+000	5,000000000000000E+000
-1,9273882E-001	-1,132177978754042E+000	5,000000000000000E+000
-1,9159435E-001	-1,107519130688157E+000	5,000000000000000E+000
-1,9036001E-001	-1,089566455878037E+000	5,000000000000000E+000
-1,8917917E-001	-1,075507978529286E+000	5,000000000000000E+000
-1,8794608E-001	-1,056768210432320E+000	5,000000000000000E+000
-1,8677141E-001	-1,042308791592301E+000	5,000000000000000E+000
-1,8558127E-001	-1,028764728042812E+000	5,000000000000000E+000
-1,8438505E-001	-1,015745751542487E+000	5,000000000000000E+000
-1,8316726E-001	-1,003414279884762E+000	5,000000000000000E+000
-1,8195017E-001	-9,901194199057350E-001	5,000000000000000E+000
-1,8080001E-001	-9,781697574588950E-001	5,000000000000000E+000
-1,7963019E-001	-9,683405632601545E-001	5,000000000000000E+000
-1,7838369E-001	-9,576511160056640E-001	5,000000000000000E+000
-1,7712198E-001	-9,479502703718516E-001	5,000000000000000E+000
-1,7594157E-001	-9,334017352235513E-001	5,000000000000000E+000
-1,7482564E-001	-9,269786708194871E-001	5,000000000000000E+000
-1,7352462E-001	-9,174135906828776E-001	5,000000000000000E+000
-1,7235632E-001	-9,028894677240800E-001	5,000000000000000E+000
-1,7118326E-001	-8,943713770627406E-001	5,000000000000000E+000
-1,6995339E-001	-8,835917321309665E-001	5,000000000000000E+000
-1,6875444E-001	-8,751330748717834E-001	5,000000000000000E+000
-1,6754685E-001	-8,654566853893559E-001	5,000000000000000E+000
-1,6636433E-001	-8,537042909991648E-001	5,000000000000000E+000
-1,6515306E-001	-8,443874567402165E-001	5,000000000000000E+000
-1,6396691E-001	-8,364496420620462E-001	5,000000000000000E+000
-1,6280957E-001	-8,244023559425333E-001	5,000000000000000E+000
-1,6156393E-001	-8,164995656848966E-001	5,000000000000000E+000
-1,6041087E-001	-8,058769503884307E-001	5,000000000000000E+000
-1,5915693E-001	-7,987283260768461E-001	5,000000000000000E+000
-1,5794806E-001	-7,886519746992882E-001	5,000000000000000E+000
-1,5683636E-001	-7,781799849191735E-001	5,000000000000000E+000
-1,5553653E-001	-7,666811703497380E-001	5,000000000000000E+000
-1,5435199E-001	-7,587751452724874E-001	5,000000000000000E+000
-1,5317830E-001	-7,499261209223889E-001	5,000000000000000E+000
-1,5197732E-001	-7,385959649906926E-001	5,000000000000000E+000
-1,5083243E-001	-7,235413698514019E-001	5,000000000000000E+000
-1,4942347E-001	-7,182375134520775E-001	5,000000000000000E+000
-1,4840606E-001	-7,057415114163783E-001	5,000000000000000E+000
-1,4722812E-001	-6,968924945341075E-001	5,000000000000000E+000
-1,4592804E-001	-6,868829838845310E-001	5,000000000000000E+000
-1,4476958E-001	-6,768564673106168E-001	5,000000000000000E+000
-1,4350450E-001	-6,676595322701511E-001	5,000000000000000E+000
-1,4236881E-001	-6,569807144761484E-001	5,000000000000000E+000
-1,4119197E-001	-6,484011022753471E-001	5,000000000000000E+000
-1,3996500E-001	-6,408387836137823E-001	5,000000000000000E+000
-1,3875167E-001	-6,322857170382987E-001	5,000000000000000E+000
-1,3755661E-001	-6,184468294010916E-001	5,000000000000000E+000
-1,3635957E-001	-6,128299823893151E-001	5,000000000000000E+000
-1,3516323E-001	-6,046195812609607E-001	5,000000000000000E+000
-1,3390952E-001	-5,948105649246536E-001	5,000000000000000E+000
-1,3277304E-001	-5,799564685741485E-001	5,000000000000000E+000
-1,3163693E-001	-5,744700948966450E-001	5,000000000000000E+000
-1,3037564E-001	-5,642982741766081E-001	5,000000000000000E+000
-1,2916182E-001	-5,556052239801410E-001	5,000000000000000E+000
-1,2801857E-001	-5,459149562650252E-001	5,000000000000000E+000
-1,2678339E-001	-5,324886896371552E-001	5,000000000000000E+000
-1,2561712E-001	-5,255363612452995E-001	5,000000000000000E+000
-1,2434287E-001	-5,156318690127639E-001	5,000000000000000E+000
-1,2323902E-001	-5,069716129952120E-001	5,000000000000000E+000
-1,2195817E-001	-4,997360441419809E-001	5,000000000000000E+000
-1,2079240E-001	-4,900946339713068E-001	5,000000000000000E+000
-1,1953170E-001	-4,791590397729095E-001	5,000000000000000E+000
-1,1844973E-001	-4,729545600971008E-001	5,000000000000000E+000
-1,1718707E-001	-4,639336884935839E-001	5,000000000000000E+000
-1,1603300E-001	-4,552183241962826E-001	5,000000000000000E+000
-1,1478274E-001	-4,415714103142134E-001	5,000000000000000E+000
-1,1355407E-001	-4,340027285032656E-001	5,000000000000000E+000
-1,1235370E-001	-4,264669831911139E-001	5,000000000000000E+000
-1,1121915E-001	-4,125209061980808E-001	5,000000000000000E+000
-1,0998729E-001	-4,033462336692191E-001	5,000000000000000E+000
-1,0875040E-001	-3,916967353542091E-001	5,000000000000000E+000
-1,0756566E-001	-3,831871911253835E-001	5,000000000000000E+000
-1,0640118E-001	-3,728986793947922E-001	5,000000000000000E+000
-1,0522854E-001	-3,633760590606405E-001	5,000000000000000E+000
-1,0393453E-001	-3,537505556682674E-001	5,000000000000000E+000
-1,0280146E-001	-3,436254231750751E-001	5,000000000000000E+000
-9,8682605E-002	-2,720853954522025E-001	5,000000000000000E+000
-9,4176300E-002	-2,656131142629659E-001	5,000000000000000E+000
-9,3296543E-002	-2,766721532119574E-001	5,000000000000000E+000
-9,1920897E-002	-2,273213708109247E-001	5,000000000000000E+000
-9,0668961E-002	-2,325567903160976E-001	5,000000000000000E+000
-8,9660197E-002	-2,251084198381887E-001	5,000000000000000E+000
-8,8373229E-002	-2,046270916773074E-001	5,000000000000000E+000
-8,7203182E-002	-1,979835570371637E-001	5,000000000000000E+000
-8,5985973E-002	-1,884201223707622E-001	5,000000000000000E+000
-8,4678791E-002	-1,762538236561568E-001	5,000000000000000E+000
-8,3561845E-002	-1,669658713185017E-001	5,000000000000000E+000
-8,2711458E-002	-1,586427856193574E-001	5,000000000000000E+000
-8,1231229E-002	-1,486564561039102E-001	5,000000000000000E+000
-8,0073178E-002	-1,390320480611451E-001	5,000000000000000E+000
-7,8829646E-002	-1,299979707433117E-001	5,000000000000000E+000
-7,7496536E-002	-1,251723948495322E-001	5,000000000000000E+000
-7,6482765E-002	-1,145035827282328E-001	5,000000000000000E+000
-7,5184330E-002	-1,031501928508214E-001	5,000000000000000E+000
-7,4033991E-002	-1,011150649951387E-001	5,000000000000000E+000
-7,2818257E-002	-9,194174227498775E-002	5,000000000000000E+000
-7,1558587E-002	-8,433210104703903E-002	5,000000000000000E+000
-7,0432596E-002	-7,530490562634506E-002	5,000000000000000E+000
-6,9122612E-002	-7,026990554597279E-002	5,000000000000000E+000
-6,7910925E-002	-6,279535379144341E-002	5,000000000000000E+000
-6,6976480E-002	-5,525472889011884E-002	5,000000000000000E+000
-6,5539196E-002	-4,749152930485723E-002	5,000000000000000E+000
-6,4480387E-002	-3,863718383999426E-002	5,000000000000000E+000
-6,3206285E-002	-3,433895442005303E-002	5,000000000000000E+000
-6,2038533E-002	-2,560018357352989E-002	5,000000000000000E+000
-6,0677014E-002	-1,933544086312861E-002	5,000000000000000E+000
-5,9635423E-002	-7,384187929683643E-003	5,000000000000000E+000
-5,8326513E-002	-4,872839774718682E-003	5,000000000000000E+000
-5,7323065E-002	1,869402981954912E-003	5,000000000000000E+000
-5,5980682E-002	1,211308947259333E-002	5,000000000000000E+000
-5,4641481E-002	2,138237448202240E-002	5,000000000000000E+000
-5,3684957E-002	2,462836723646402E-002	5,000000000000000E+000
-5,2338462E-002	3,359829957857818E-002	5,000000000000000E+000
-5,1342666E-002	4,162150593011005E-002	5,000000000000000E+000
-4,9964827E-002	4,801869666509984E-002	5,000000000000000E+000
-4,8831753E-002	5,815602337005887E-002	5,000000000000000E+000
-4,7666766E-002	6,343374365220653E-002	5,000000000000000E+000
-4,6360396E-002	7,267376294799388E-002	5,000000000000000E+000
-4,5249961E-002	7,851763726621691E-002	5,000000000000000E+000
-4,3979831E-002	8,955301515676140E-002	5,000000000000000E+000
-4,2854115E-002	9,512902806832094E-002	5,000000000000000E+000
-4,1614402E-002	1,018861198433483E-001	5,000000000000000E+000
-4,0448420E-002	1,132122604111725E-001	5,000000000000000E+000
-3,9099421E-002	1,190559164603693E-001	5,000000000000000E+000
-3,8071353E-002	1,258050543838185E-001	5,000000000000000E+000
-3,6866453E-002	1,343079819904505E-001	5,000000000000000E+000
-3,5604913E-002	1,429454847799478E-001	5,000000000000000E+000
-3,4412827E-002	1,528816485941340E-001	5,000000000000000E+000
-3,3164833E-002	1,572281267166284E-001	5,000000000000000E+000
-3,2039329E-002	1,656622432400820E-001	5,000000000000000E+000
-3,0802023E-002	1,746661099152538E-001	5,000000000000000E+000
-2,9645178E-002	1,845822402457182E-001	5,000000000000000E+000
-2,8373197E-002	1,895408830993492E-001	5,000000000000000E+000
-2,7351286E-002	1,973368453198221E-001	5,000000000000000E+000
-2,6057940E-002	2,074948509905004E-001	5,000000000000000E+000
-2,4937388E-002	2,170975204143260E-001	5,000000000000000E+000
-2,3352295E-002	2,209189937976026E-001	5,000000000000000E+000
-2,2564102E-002	2,311511385228693E-001	5,000000000000000E+000
-2,1242099E-002	2,397041263024295E-001	5,000000000000000E+000
-2,0090133E-002	2,470555655114968E-001	5,000000000000000E+000
-1,8927481E-002	2,535656651231912E-001	5,000000000000000E+000
-1,7593725E-002	2,632909396542589E-001	5,000000000000000E+000
-1,6503459E-002	2,703730418364074E-001	5,000000000000000E+000
-1,5194227E-002	2,815615170531807E-001	5,000000000000000E+000
-1,4104387E-002	2,877767702857796E-001	5,000000000000000E+000
-1,2767450E-002	2,934639052298191E-001	5,000000000000000E+000
-1,1667666E-002	3,038010042747148E-001	5,000000000000000E+000
-1,0377506E-002	3,149743732194326E-001	5,000000000000000E+000
-9,2309834E-003	3,194716225067777E-001	5,000000000000000E+000
-8,0931652E-003	3,270790653725815E-001	5,000000000000000E+000
-6,7906901E-003	3,366044076694239E-001	5,000000000000000E+000
-5,7531442E-003	3,466366721808694E-001	5,000000000000000E+000
-4,3342658E-003	3,519481207563171E-001	5,000000000000000E+000
-3,2856059E-003	3,590534381370110E-001	5,000000000000000E+000
-1,9065732E-003	3,730487109256755E-001	5,000000000000000E+000
-9,2032395E-004	3,776328348623661E-001	5,000000000000000E+000
2,6418534E-004	3,826865063488691E-001	5,000000000000000E+000
2,0635172E-004	3,880537301301956E-001	5,000000000000000E+000