Ewe/V	<I>/mA	cycle number	
1,1160621E-002	1,915202438831329E-001	1,000000000000000E+000
8,4855594E-003	8,587707425855762E-002	1,000000000000000E+000
9,5519479E-003	1,323908060957972E-001	1,000000000000000E+000
1,0698368E-002	1,467305838208026E-001	1,000000000000000E+000
1,1738349E-002	1,540486658147224E-001	1,000000000000000E+000
1,2733975E-002	1,613826709023374E-001	1,000000000000000E+000
1,3654878E-002	1,687633224193834E-001	1,000000000000000E+000
1,4574294E-002	1,752670312222713E-001	1,000000000000000E+000
1,5673514E-002	1,819117243996733E-001	1,000000000000000E+000
1,6657675E-002	1,890826807228023E-001	1,000000000000000E+000
1,7727178E-002	1,950039657790006E-001	1,000000000000000E+000
1,8732144E-002	2,022058373938005E-001	1,000000000000000E+000
1,9607197E-002	2,088688648461055E-001	1,000000000000000E+000
2,0697923E-002	2,154709258013298E-001	1,000000000000000E+000
2,1677203E-002	2,223834640656914E-001	1,000000000000000E+000
2,2660306E-002	2,288483064621690E-001	1,000000000000000E+000
2,3668457E-002	2,356400668439971E-001	1,000000000000000E+000
2,4711845E-002	2,417883318590199E-001	1,000000000000000E+000
2,5506228E-002	2,479285219580771E-001	1,000000000000000E+000
2,6753409E-002	2,552039277118956E-001	1,000000000000000E+000
2,7681530E-002	2,610177994550518E-001	1,000000000000000E+000
2,8724493E-002	2,668310231011777E-001	1,000000000000000E+000
2,9659409E-002	2,735802930417588E-001	1,000000000000000E+000
3,0611733E-002	2,795615405516907E-001	1,000000000000000E+000
3,1573176E-002	2,855682911920465E-001	1,000000000000000E+000
3,2768346E-002	2,916300345677900E-001	1,000000000000000E+000
3,3670574E-002	2,972850480841285E-001	1,000000000000000E+000
3,4719702E-002	3,070322098986571E-001	1,000000000000000E+000
3,5599377E-002	3,107842025864462E-001	1,000000000000000E+000
3,6628548E-002	3,165742388098605E-001	1,000000000000000E+000
3,7714817E-002	3,217878860628440E-001	1,000000000000000E+000
3,8699824E-002	3,272402709763922E-001	1,000000000000000E+000
3,9678261E-002	3,321413900961891E-001	1,000000000000000E+000
4,0674735E-002	3,373232523703753E-001	1,000000000000000E+000
4,1692011E-002	3,417208389016917E-001	1,000000000000000E+000
4,2623319E-002	3,465587524955893E-001	1,000000000000000E+000
4,3718934E-002	3,501100463068330E-001	1,000000000000000E+000
4,4686750E-002	3,528086563779249E-001	1,000000000000000E+000
4,5707848E-002	3,576015564354362E-001	1,000000000000000E+000
4,6659321E-002	3,622465371154253E-001	1,000000000000000E+000
4,7728181E-002	3,683372175631430E-001	1,000000000000000E+000
4,8626583E-002	3,749633459633024E-001	1,000000000000000E+000
4,9658719E-002	3,810954508112969E-001	1,000000000000000E+000
5,0656259E-002	3,874824014751033E-001	1,000000000000000E+000
5,1696256E-002	3,944179358529984E-001	1,000000000000000E+000
5,2566633E-002	4,005379845491719E-001	1,000000000000000E+000
5,3608537E-002	4,072119995382524E-001	1,000000000000000E+000
5,4675706E-002	4,131345104736592E-001	1,000000000000000E+000
5,5549052E-002	4,198179603554313E-001	1,000000000000000E+000
5,6680750E-002	4,253521359836077E-001	1,000000000000000E+000
5,7660665E-002	4,310672657512553E-001	1,000000000000000E+000
5,8668394E-002	4,371883337799876E-001	1,000000000000000E+000
5,9643004E-002	4,432226053904760E-001	1,000000000000000E+000
6,0705286E-002	4,491676191747613E-001	1,000000000000000E+000
6,1667584E-002	4,546568015745560E-001	1,000000000000000E+000
6,2745750E-002	4,605682717843216E-001	1,000000000000000E+000
6,3550964E-002	4,687216782218062E-001	1,000000000000000E+000
6,4575881E-002	4,727630312295852E-001	1,000000000000000E+000
6,5589771E-002	4,774905535547678E-001	1,000000000000000E+000
6,6607043E-002	4,826181167477972E-001	1,000000000000000E+000
6,7679517E-002	4,865965058561432E-001	1,000000000000000E+000
6,8675563E-002	4,907321592585898E-001	1,000000000000000E+000
6,9621727E-002	4,940801492581759E-001	1,000000000000000E+000
7,0637308E-002	4,961890203671331E-001	1,000000000000000E+000
7,1568824E-002	4,975060547391585E-001	1,000000000000000E+000
7,2630480E-002	4,974455083202987E-001	1,000000000000000E+000
7,3674932E-002	4,992813574046728E-001	1,000000000000000E+000
7,4679255E-002	5,029611119276138E-001	1,000000000000000E+000
7,5589120E-002	5,081675710260063E-001	1,000000000000000E+000
7,6557994E-002	5,150959311156651E-001	1,000000000000000E+000
7,7681422E-002	5,224897514304381E-001	1,000000000000000E+000
7,8656673E-002	5,298522268939365E-001	1,000000000000000E+000
7,9665668E-002	5,369897883695884E-001	1,000000000000000E+000
8,0629028E-002	5,445589366782895E-001	1,000000000000000E+000
8,1595786E-002	5,508881910290162E-001	1,000000000000000E+000
8,2566775E-002	5,581680358801471E-001	1,000000000000000E+000
8,3690837E-002	5,644517741683490E-001	1,000000000000000E+000
8,4586695E-002	5,709028992698464E-001	1,000000000000000E+000
8,5546017E-002	5,772436775991494E-001	1,000000000000000E+000
8,6594500E-002	5,834985455084203E-001	1,000000000000000E+000
8,7671436E-002	5,892198884135329E-001	1,000000000000000E+000
8,8582568E-002	5,962841625118447E-001	1,000000000000000E+000
8,9629993E-002	6,014666663379318E-001	1,000000000000000E+000
9,0544105E-002	6,078645208229627E-001	1,000000000000000E+000
9,1661371E-002	6,141477718742356E-001	1,000000000000000E+000
9,2574410E-002	6,191283398204401E-001	1,000000000000000E+000
9,3645491E-002	6,290177686346925E-001	1,000000000000000E+000
9,4639510E-002	6,309029581025252E-001	1,000000000000000E+000
9,5609449E-002	6,337995022638809E-001	1,000000000000000E+000
9,6699759E-002	6,369537903616873E-001	1,000000000000000E+000
9,7562283E-002	6,392097456587698E-001	1,000000000000000E+000
9,8570645E-002	6,393849170870274E-001	1,000000000000000E+000
9,9675171E-002	6,377179564701190E-001	1,000000000000000E+000
1,0056657E-001	6,339629476683015E-001	1,000000000000000E+000
1,0182011E-001	6,323823153765673E-001	1,000000000000000E+000
1,0263021E-001	6,343252152308008E-001	1,000000000000000E+000
1,0360079E-001	6,393727313002788E-001	1,000000000000000E+000
1,0459916E-001	6,469077894774564E-001	1,000000000000000E+000
1,0571239E-001	6,551251305370700E-001	1,000000000000000E+000
1,0653671E-001	6,639282001285922E-001	1,000000000000000E+000
1,0762257E-001	6,728769481285597E-001	1,000000000000000E+000
1,0853709E-001	6,808413684161163E-001	1,000000000000000E+000
1,0955140E-001	6,892674015834945E-001	1,000000000000000E+000
1,1061580E-001	6,978888132919874E-001	1,000000000000000E+000
1,1159487E-001	7,054344510349182E-001	1,000000000000000E+000
1,1264867E-001	7,134061656478412E-001	1,000000000000000E+000
1,1351883E-001	7,199350515794425E-001	1,000000000000000E+000
1,1462973E-001	7,268410227261475E-001	1,000000000000000E+000
1,1554278E-001	7,340501153117263E-001	1,000000000000000E+000
1,1652863E-001	7,416980047710240E-001	1,000000000000000E+000
1,1768305E-001	7,482724638345362E-001	1,000000000000000E+000
1,1864047E-001	7,549710378257792E-001	1,000000000000000E+000
1,1970827E-001	7,610026654373452E-001	1,000000000000000E+000
1,2070070E-001	7,676582804674075E-001	1,000000000000000E+000
1,2162162E-001	7,735552761393314E-001	1,000000000000000E+000
1,2258688E-001	7,772826545664843E-001	1,000000000000000E+000
1,2352583E-001	7,805299194426183E-001	1,000000000000000E+000
1,2456986E-001	7,822483625366452E-001	1,000000000000000E+000
1,2559012E-001	7,835376380632377E-001	1,000000000000000E+000
1,2664370E-001	7,825173356880750E-001	1,000000000000000E+000
1,2755229E-001	7,771383426152187E-001	1,000000000000000E+000
1,2872772E-001	7,696941847292109E-001	1,000000000000000E+000
1,2964076E-001	7,626188789597830E-001	1,000000000000000E+000
1,3055106E-001	7,612176399884971E-001	1,000000000000000E+000
1,3164347E-001	7,652058425462869E-001	1,000000000000000E+000
1,3255759E-001	7,741579486367627E-001	1,000000000000000E+000
1,3353336E-001	7,866869431195989E-001	1,000000000000000E+000
1,3458128E-001	7,968117440533327E-001	1,000000000000000E+000
1,3555652E-001	8,073567988661452E-001	1,000000000000000E+000
1,3656765E-001	8,183038991668994E-001	1,000000000000000E+000
1,3769257E-001	8,290346191885587E-001	1,000000000000000E+000
1,3861641E-001	8,398022241373067E-001	1,000000000000000E+000
1,3963094E-001	8,487165391238189E-001	1,000000000000000E+000
1,4064461E-001	8,580642294449117E-001	1,000000000000000E+000
1,4156488E-001	8,660450770209280E-001	1,000000000000000E+000
1,4261167E-001	8,747334672759006E-001	1,000000000000000E+000
1,4354487E-001	8,832917468001433E-001	1,000000000000000E+000
1,4461334E-001	8,922549592227593E-001	1,000000000000000E+000
1,4571720E-001	8,994750226330464E-001	1,000000000000000E+000
1,4647721E-001	9,074057991512978E-001	1,000000000000000E+000
1,4753440E-001	9,154347206155478E-001	1,000000000000000E+000
1,4855911E-001	9,220761471014054E-001	1,000000000000000E+000
1,4951567E-001	9,284116851372897E-001	1,000000000000000E+000
1,5065119E-001	9,331534461946132E-001	1,000000000000000E+000
1,5149823E-001	9,354302325389461E-001	1,000000000000000E+000
1,5254395E-001	9,361333838767536E-001	1,000000000000000E+000
1,5346378E-001	9,348710341793005E-001	1,000000000000000E+000
1,5469484E-001	9,321319740265608E-001	1,000000000000000E+000
1,5561618E-001	9,228450823575294E-001	1,000000000000000E+000
1,5653813E-001	9,083180874586132E-001	1,000000000000000E+000
1,5757728E-001	8,955040439032018E-001	1,000000000000000E+000
1,5859519E-001	8,896143609761396E-001	1,000000000000000E+000
1,5958977E-001	8,925279037406035E-001	1,000000000000000E+000
1,6055757E-001	9,030294657891780E-001	1,000000000000000E+000
1,6164725E-001	9,161036710979218E-001	1,000000000000000E+000
1,6245671E-001	9,311823327508222E-001	1,000000000000000E+000
1,6351366E-001	9,452702259748413E-001	1,000000000000000E+000
1,6454916E-001	9,619868093480708E-001	1,000000000000000E+000
1,6550338E-001	9,740825135571285E-001	1,000000000000000E+000
1,6657460E-001	9,873751368787607E-001	1,000000000000000E+000
1,6755940E-001	1,000018906365668E+000	1,000000000000000E+000
1,6859281E-001	1,011665059046614E+000	1,000000000000000E+000
1,6958779E-001	1,021303170257149E+000	1,000000000000000E+000
1,7056900E-001	1,031099467538303E+000	1,000000000000000E+000
1,7167988E-001	1,041413766125011E+000	1,000000000000000E+000
1,7247960E-001	1,051719272405734E+000	1,000000000000000E+000
1,7350067E-001	1,061974475367201E+000	1,000000000000000E+000
1,7460458E-001	1,069886708011234E+000	1,000000000000000E+000
1,7556855E-001	1,078639903726682E+000	1,000000000000000E+000
1,7647929E-001	1,087240463847089E+000	1,000000000000000E+000
1,7755388E-001	1,094594793497688E+000	1,000000000000000E+000
1,7939873E-001	1,097561612847223E+000	1,000000000000000E+000
1,8117771E-001	1,090708007415140E+000	1,000000000000000E+000
1,8219203E-001	1,085949876863095E+000	1,000000000000000E+000
1,8319826E-001	1,077895376727815E+000	1,000000000000000E+000
1,8418901E-001	1,057936901847527E+000	1,000000000000000E+000
1,8519843E-001	1,034897787703411E+000	1,000000000000000E+000
1,8617348E-001	1,017716881612112E+000	1,000000000000000E+000
1,8716590E-001	1,013611123690175E+000	1,000000000000000E+000
1,8817173E-001	1,021039746598246E+000	1,000000000000000E+000
1,8920194E-001	1,035002803429963E+000	1,000000000000000E+000
1,9016743E-001	1,052259597927339E+000	1,000000000000000E+000
1,9118704E-001	1,071710501487061E+000	1,000000000000000E+000
1,9217673E-001	1,090517134095233E+000	1,000000000000000E+000
1,9320734E-001	1,109675321417555E+000	1,000000000000000E+000
1,9422273E-001	1,126897054206996E+000	1,000000000000000E+000
1,9514871E-001	1,143224548238020E+000	1,000000000000000E+000
1,9617192E-001	1,159359061676597E+000	1,000000000000000E+000
1,9719750E-001	1,172661227381070E+000	1,000000000000000E+000
1,9820480E-001	1,184786904499765E+000	1,000000000000000E+000
1,9916242E-001	1,196243435868787E+000	1,000000000000000E+000
2,0010214E-001	1,207299524652107E+000	1,000000000000000E+000
2,0053527E-001	1,220518827438354E+000	1,000000000000000E+000
2,0037195E-001	1,222323298454285E+000	1,000000000000000E+000
1,9995569E-001	1,165820204859809E+000	1,000000000000000E+000
1,9893478E-001	1,151105567916400E+000	1,000000000000000E+000
1,9786997E-001	1,137981130948500E+000	1,000000000000000E+000
1,9690248E-001	1,125616123382418E+000	1,000000000000000E+000
1,9596472E-001	1,118266497117784E+000	1,000000000000000E+000
1,9491433E-001	1,109152866010039E+000	1,000000000000000E+000
1,9391361E-001	1,094631330213618E+000	1,000000000000000E+000
1,9290696E-001	1,077981869793607E+000	1,000000000000000E+000
1,9195081E-001	1,059403403248226E+000	1,000000000000000E+000
1,9093417E-001	1,038420626790156E+000	1,000000000000000E+000
1,8990010E-001	1,014187200512326E+000	1,000000000000000E+000
1,8893412E-001	9,767894349578405E-001	1,000000000000000E+000
1,8796748E-001	9,374112261252279E-001	1,000000000000000E+000
1,8686913E-001	9,049010181592578E-001	1,000000000000000E+000
1,8592295E-001	8,840079049890264E-001	1,000000000000000E+000
1,8490291E-001	8,757492270734606E-001	1,000000000000000E+000
1,8393722E-001	8,763703131116927E-001	1,000000000000000E+000
1,8293311E-001	8,806568762391009E-001	1,000000000000000E+000
1,8194173E-001	8,862158993466025E-001	1,000000000000000E+000
1,8096350E-001	8,911835368101784E-001	1,000000000000000E+000
1,7996174E-001	8,959161889635840E-001	1,000000000000000E+000
1,7890710E-001	8,989022857406086E-001	1,000000000000000E+000
1,7794372E-001	9,010774208129302E-001	1,000000000000000E+000
1,7695318E-001	9,029836377853329E-001	1,000000000000000E+000
1,7594780E-001	9,028759870885157E-001	1,000000000000000E+000
1,7494623E-001	9,008101111588438E-001	1,000000000000000E+000
1,7391726E-001	8,982180969582663E-001	1,000000000000000E+000
1,7295711E-001	8,965600985102355E-001	1,000000000000000E+000
1,7190669E-001	8,941966761421050E-001	1,000000000000000E+000
1,7089833E-001	8,911697349718049E-001	1,000000000000000E+000
1,6997276E-001	8,865680814099841E-001	1,000000000000000E+000
1,6901661E-001	8,826092763596947E-001	1,000000000000000E+000
1,6795668E-001	8,777795307234797E-001	1,000000000000000E+000
1,6691478E-001	8,716455625059729E-001	1,000000000000000E+000
1,6594844E-001	8,639533455069706E-001	1,000000000000000E+000
1,6492882E-001	8,528162264265160E-001	1,000000000000000E+000
1,6390198E-001	8,391788398019138E-001	1,000000000000000E+000
1,6291974E-001	8,243056784590923E-001	1,000000000000000E+000
1,6193782E-001	8,051607123990046E-001	1,000000000000000E+000
1,6095802E-001	7,831113472994868E-001	1,000000000000000E+000
1,5991272E-001	7,554106670949210E-001	1,000000000000000E+000
1,5892306E-001	7,289447791150083E-001	1,000000000000000E+000
1,5789558E-001	7,112530981604435E-001	1,000000000000000E+000
1,5693265E-001	7,013401478632506E-001	1,000000000000000E+000
1,5588076E-001	6,999043676381316E-001	1,000000000000000E+000
1,5489978E-001	7,025966053414702E-001	1,000000000000000E+000
1,5391901E-001	7,045686316366018E-001	1,000000000000000E+000
1,5294610E-001	7,078119604330935E-001	1,000000000000000E+000
1,5193139E-001	7,097102320856550E-001	1,000000000000000E+000
1,5094446E-001	7,117856053842466E-001	1,000000000000000E+000
1,4995456E-001	7,125106551684457E-001	1,000000000000000E+000
1,4890099E-001	7,127031698926478E-001	1,000000000000000E+000
1,4794824E-001	7,117596101015824E-001	1,000000000000000E+000
1,4689954E-001	7,092307007664633E-001	1,000000000000000E+000
1,4598861E-001	7,058749384660725E-001	1,000000000000000E+000
1,4495392E-001	7,049796169416780E-001	1,000000000000000E+000
1,4392944E-001	7,011655961266818E-001	1,000000000000000E+000
1,4295736E-001	6,978596897485367E-001	1,000000000000000E+000
1,4194283E-001	6,939878824373906E-001	1,000000000000000E+000
1,4092708E-001	6,899229630620916E-001	1,000000000000000E+000
1,3999447E-001	6,858644298174337E-001	1,000000000000000E+000
1,3898039E-001	6,800847795481504E-001	1,000000000000000E+000
1,3796076E-001	6,739046766112260E-001	1,000000000000000E+000
1,3695559E-001	6,651447670948176E-001	1,000000000000000E+000
1,3597991E-001	6,549082282516698E-001	1,000000000000000E+000
1,3497762E-001	6,395099710983532E-001	1,000000000000000E+000
1,3392587E-001	6,292055674518178E-001	1,000000000000000E+000
1,3293003E-001	6,131230567892418E-001	1,000000000000000E+000
1,3189618E-001	5,925731160677969E-001	1,000000000000000E+000
1,3095130E-001	5,712970744094115E-001	1,000000000000000E+000
1,2994230E-001	5,562642465552550E-001	1,000000000000000E+000
1,2896237E-001	5,474571029448687E-001	1,000000000000000E+000
1,2793405E-001	5,429774670240795E-001	1,000000000000000E+000
1,2699702E-001	5,425924007884331E-001	1,000000000000000E+000
1,2594450E-001	5,430230931896318E-001	1,000000000000000E+000
1,2495483E-001	5,429578327263407E-001	1,000000000000000E+000
1,2392099E-001	5,428825140309863E-001	1,000000000000000E+000
1,2292599E-001	5,421368069429402E-001	1,000000000000000E+000
1,2189621E-001	5,416785124689341E-001	1,000000000000000E+000
1,2094770E-001	5,400470551620766E-001	1,000000000000000E+000
1,1995038E-001	5,386759821429035E-001	1,000000000000000E+000
1,1891548E-001	5,345840323199011E-001	1,000000000000000E+000
1,1794256E-001	5,316143678501266E-001	1,000000000000000E+000
1,1696178E-001	5,277913613244873E-001	1,000000000000000E+000
1,1592393E-001	5,248392031838485E-001	1,000000000000000E+000
1,1493382E-001	5,211020572007543E-001	1,000000000000000E+000
1,1397916E-001	5,170493491718364E-001	1,000000000000000E+000
1,1296126E-001	5,127219353905996E-001	1,000000000000000E+000
1,1190024E-001	5,081276998130821E-001	1,000000000000000E+000
1,1090036E-001	5,032841624795572E-001	1,000000000000000E+000
1,0991748E-001	4,973316263510963E-001	1,000000000000000E+000
1,0892487E-001	4,881723184500721E-001	1,000000000000000E+000
1,0791714E-001	4,791339865575246E-001	1,000000000000000E+000
1,0688797E-001	4,703947498928773E-001	1,000000000000000E+000
1,0593034E-001	4,607273230018727E-001	1,000000000000000E+000
1,0497589E-001	4,483660679155346E-001	1,000000000000000E+000
1,0391786E-001	4,333252825567282E-001	1,000000000000000E+000
1,0292415E-001	4,181179689088218E-001	1,000000000000000E+000
1,0195102E-001	4,055058283006989E-001	1,000000000000000E+000
1,0004881E-001	3,651133792727100E-001	1,000000000000000E+000
9,8427877E-002	3,819537482306283E-001	1,000000000000000E+000
9,7322844E-002	3,815569263469022E-001	1,000000000000000E+000
9,6407056E-002	3,785576856850343E-001	1,000000000000000E+000
9,5376432E-002	3,767683126756713E-001	1,000000000000000E+000
9,4388694E-002	3,743283977059439E-001	1,000000000000000E+000
9,3333021E-002	3,713298926595598E-001	1,000000000000000E+000
9,2418522E-002	3,688127087273945E-001	1,000000000000000E+000
9,1366030E-002	3,654013448912234E-001	1,000000000000000E+000
9,0406932E-002	3,610608057222446E-001	1,000000000000000E+000
8,9325145E-002	3,570050226214034E-001	1,000000000000000E+000
8,8396631E-002	3,531660244851897E-001	1,000000000000000E+000
8,7409526E-002	3,491614057630716E-001	1,000000000000000E+000
8,6491399E-002	3,449024083868926E-001	1,000000000000000E+000
8,5349023E-002	3,398489654064186E-001	1,000000000000000E+000
8,4340662E-002	3,352595941267094E-001	1,000000000000000E+000
8,3355434E-002	3,303894968444678E-001	1,000000000000000E+000
8,2448967E-002	3,248969440917593E-001	1,000000000000000E+000
8,1359521E-002	3,192332268485600E-001	1,000000000000000E+000
8,0326527E-002	3,126308518047969E-001	1,000000000000000E+000
7,9421110E-002	3,046181398029955E-001	1,000000000000000E+000
7,8376658E-002	2,968142229494530E-001	1,000000000000000E+000
7,7380404E-002	2,882830190161870E-001	1,000000000000000E+000
7,6343805E-002	2,773850790173236E-001	1,000000000000000E+000
7,5315066E-002	2,660105170475120E-001	1,000000000000000E+000
7,4263819E-002	2,540336519790196E-001	1,000000000000000E+000
7,3319137E-002	2,446548533625910E-001	1,000000000000000E+000
7,2416916E-002	2,377475653257639E-001	1,000000000000000E+000
7,1314305E-002	2,331528386954833E-001	1,000000000000000E+000
7,0357315E-002	2,293719776983680E-001	1,000000000000000E+000
6,9434285E-002	2,257548508286060E-001	1,000000000000000E+000
6,8462864E-002	2,227718293951408E-001	1,000000000000000E+000
6,7448132E-002	2,193831720570527E-001	1,000000000000000E+000
6,6411108E-002	2,153422409513344E-001	1,000000000000000E+000
6,5304458E-002	2,118509274441757E-001	1,000000000000000E+000
6,4463794E-002	2,079449448760402E-001	1,000000000000000E+000
6,3528880E-002	2,039636129435780E-001	1,000000000000000E+000
6,2377017E-002	1,997046611375281E-001	1,000000000000000E+000
6,1361223E-002	1,947931061602306E-001	1,000000000000000E+000
6,0326114E-002	1,904029352719792E-001	1,000000000000000E+000
5,9426013E-002	1,857199846482323E-001	1,000000000000000E+000
5,8483906E-002	1,775146581672344E-001	1,000000000000000E+000
5,7340756E-002	1,743959572890574E-001	1,000000000000000E+000
5,6327082E-002	1,701125798151938E-001	1,000000000000000E+000
5,5308953E-002	1,646892166463665E-001	1,000000000000000E+000
5,4443669E-002	1,594091080155020E-001	1,000000000000000E+000
5,3312186E-002	1,537080157625801E-001	1,000000000000000E+000
5,2307852E-002	1,476277878714933E-001	1,000000000000000E+000
5,1464222E-002	1,410886068802537E-001	1,000000000000000E+000
5,0469868E-002	1,341745816947275E-001	1,000000000000000E+000
4,9387630E-002	1,268781714089628E-001	1,000000000000000E+000
4,8490718E-002	1,180335876868212E-001	1,000000000000000E+000
4,7354136E-002	1,097848812868407E-001	1,000000000000000E+000
4,6430472E-002	1,003153931362453E-001	1,000000000000000E+000
4,5445886E-002	9,208392444998037E-002	1,000000000000000E+000
4,4422451E-002	8,509964554105021E-002	1,000000000000000E+000
4,3362074E-002	8,017434630568854E-002	1,000000000000000E+000
4,2401053E-002	7,481109901305527E-002	1,000000000000000E+000
4,1359577E-002	7,055396553672266E-002	1,000000000000000E+000
4,0394306E-002	6,598199048959175E-002	1,000000000000000E+000
3,9355163E-002	6,149930713258467E-002	1,000000000000000E+000
3,8492423E-002	5,695792875162142E-002	1,000000000000000E+000
3,7424404E-002	5,244295343679065E-002	1,000000000000000E+000
3,6419865E-002	4,829673166063436E-002	1,000000000000000E+000
3,5370957E-002	4,329540279448146E-002	1,000000000000000E+000
3,4457061E-002	3,846713120260084E-002	1,000000000000000E+000
3,1882551E-002	3,635582819913041E-002	1,000000000000000E+000
3,1167557E-002	1,176101505067589E-002	1,000000000000000E+000
2,9889423E-002	1,664934888685825E-002	1,000000000000000E+000
2,9002484E-002	9,870742463438886E-003	1,000000000000000E+000
2,7941475E-002	3,822951416117985E-003	1,000000000000000E+000
2,6912523E-002	-1,972549964790445E-004	1,000000000000000E+000
2,6046390E-002	-6,644272203832045E-003	1,000000000000000E+000
2,5083877E-002	-1,215471504999890E-002	1,000000000000000E+000
2,3775350E-002	-1,761934045902713E-002	1,000000000000000E+000
2,3033611E-002	-2,429435188888515E-002	1,000000000000000E+000
2,2058152E-002	-3,005087793280831E-002	1,000000000000000E+000
2,0941099E-002	-3,633855892500526E-002	1,000000000000000E+000
2,0116361E-002	-4,390031815273673E-002	1,000000000000000E+000
1,9012684E-002	-5,031639700690807E-002	1,000000000000000E+000
1,8023849E-002	-5,762414549179867E-002	1,000000000000000E+000
1,6857972E-002	-6,437485078479055E-002	1,000000000000000E+000
1,6046183E-002	-6,986973289814213E-002	1,000000000000000E+000
1,5053529E-002	-7,602941072804592E-002	1,000000000000000E+000
1,4036674E-002	-8,115832036128268E-002	1,000000000000000E+000
1,3146128E-002	-8,628379123466501E-002	1,000000000000000E+000
1,1934823E-002	-9,152772287941643E-002	1,000000000000000E+000
1,1031328E-002	-9,602134595883777E-002	1,000000000000000E+000
1,0015322E-002	-1,018041969380443E-001	1,000000000000000E+000
8,9434860E-003	-1,067460630308940E-001	1,000000000000000E+000
6,4366199E-003	-1,285020979289337E-001	1,000000000000000E+000
5,3943796E-003	-1,272049137365276E-001	1,000000000000000E+000
4,3732789E-003	-1,325442017728664E-001	1,000000000000000E+000
3,4230815E-003	-1,372442565884231E-001	1,000000000000000E+000
2,3559164E-003	-1,426399483397184E-001	1,000000000000000E+000
1,4906308E-003	-1,484117151444977E-001	1,000000000000000E+000
3,3706753E-004	-1,540766483327995E-001	1,000000000000000E+000
-6,1164465E-004	-1,589567651713470E-001	1,000000000000000E+000
-1,5626922E-003	-1,646583768953049E-001	1,000000000000000E+000
-2,6362259E-003	-1,697035022079942E-001	1,000000000000000E+000
-3,5991613E-003	-1,758510778761567E-001	1,000000000000000E+000
-4,6166531E-003	-1,806838597145135E-001	1,000000000000000E+000
-5,5723707E-003	-1,870922303448118E-001	1,000000000000000E+000
-6,5992018E-003	-1,917490828782311E-001	1,000000000000000E+000
-7,4967542E-003	-1,974150667924217E-001	1,000000000000000E+000
-8,5804779E-003	-2,026424853312258E-001	1,000000000000000E+000
-9,5729204E-003	-2,081749131256294E-001	1,000000000000000E+000
-1,0564938E-002	-2,126095131841591E-001	1,000000000000000E+000
-1,1591134E-002	-2,185645176796234E-001	1,000000000000000E+000
-1,2566168E-002	-2,240184202091777E-001	1,000000000000000E+000
-1,3542689E-002	-2,303565393279614E-001	1,000000000000000E+000
-1,4588839E-002	-2,357132667158215E-001	1,000000000000000E+000
-1,5576612E-002	-2,417764181866209E-001	1,000000000000000E+000
-1,6567567E-002	-2,474645833588304E-001	1,000000000000000E+000
-1,7569136E-002	-2,530695597848123E-001	1,000000000000000E+000
-1,8507024E-002	-2,584938399441943E-001	1,000000000000000E+000
-1,9506471E-002	-2,642896241611905E-001	1,000000000000000E+000
-2,0572787E-002	-2,693258696753098E-001	1,000000000000000E+000
-2,1659696E-002	-2,757906615734093E-001	1,000000000000000E+000
-2,2465704E-002	-2,851999804584517E-001	1,000000000000000E+000
-2,3573028E-002	-2,860847679225507E-001	1,000000000000000E+000
-2,4499217E-002	-2,925788873754840E-001	1,000000000000000E+000
-2,5627732E-002	-2,984321291765397E-001	1,000000000000000E+000
-2,6575169E-002	-3,032993859507975E-001	1,000000000000000E+000
-2,7569734E-002	-3,092349170862389E-001	1,000000000000000E+000
-2,8571304E-002	-3,144690934827334E-001	1,000000000000000E+000
-2,9538698E-002	-3,200063689663587E-001	1,000000000000000E+000
-3,0486986E-002	-3,252049269568582E-001	1,000000000000000E+000
-3,1583451E-002	-3,302715175733377E-001	1,000000000000000E+000
-3,2447249E-002	-3,354109548963604E-001	1,000000000000000E+000
-3,3539888E-002	-3,400818327855717E-001	1,000000000000000E+000
-3,4495611E-002	-3,447520378459648E-001	1,000000000000000E+000
-3,5500996E-002	-3,491097628915059E-001	1,000000000000000E+000
-3,6470514E-002	-3,523563810675916E-001	1,000000000000000E+000
-3,7677787E-002	-3,551816670482766E-001	1,000000000000000E+000
-3,8516961E-002	-3,586677322681546E-001	1,000000000000000E+000
-3,9548457E-002	-3,626513524343156E-001	1,000000000000000E+000
-4,0622413E-002	-3,686695933962847E-001	1,000000000000000E+000
-4,1496620E-002	-3,747314294386248E-001	1,000000000000000E+000
-4,2537041E-002	-3,808818230301969E-001	1,000000000000000E+000
-4,3625433E-002	-3,873137293590427E-001	1,000000000000000E+000
-4,4524681E-002	-3,932844887021911E-001	1,000000000000000E+000
-4,5476153E-002	-4,000563549343470E-001	1,000000000000000E+000
-4,6640120E-002	-4,059224309813638E-001	1,000000000000000E+000
-4,7537882E-002	-4,115279345876637E-001	1,000000000000000E+000
-4,8654299E-002	-4,179458611437830E-001	1,000000000000000E+000
-4,9480740E-002	-4,235056309132934E-001	1,000000000000000E+000
-5,0690766E-002	-4,289068548112254E-001	1,000000000000000E+000
-5,1449269E-002	-4,345211037175929E-001	1,000000000000000E+000
-5,2465916E-002	-4,402589789695205E-001	1,000000000000000E+000
-5,3513564E-002	-4,508233367620659E-001	1,000000000000000E+000
-5,4476671E-002	-4,529010466972565E-001	1,000000000000000E+000
-5,5557843E-002	-4,582478340922105E-001	1,000000000000000E+000
-5,6498908E-002	-4,641571323025147E-001	1,000000000000000E+000
-5,7443593E-002	-4,691255398146381E-001	1,000000000000000E+000
-5,8424778E-002	-4,743802373349215E-001	1,000000000000000E+000
-5,9529100E-002	-4,793799661306863E-001	1,000000000000000E+000
-6,0672048E-002	-4,836571232363989E-001	1,000000000000000E+000
-6,1401688E-002	-4,879698213965913E-001	1,000000000000000E+000
-6,2524259E-002	-4,912831719136914E-001	1,000000000000000E+000
-6,3452594E-002	-4,942186781101751E-001	1,000000000000000E+000
-6,4492367E-002	-4,962233090773225E-001	1,000000000000000E+000
-6,5540224E-002	-4,965492678392280E-001	1,000000000000000E+000
-6,6633925E-002	-4,968792652297349E-001	1,000000000000000E+000
-6,7397736E-002	-4,994220118452262E-001	1,000000000000000E+000
-6,8374686E-002	-5,040783486846436E-001	1,000000000000000E+000
-6,9509991E-002	-5,105001782067093E-001	1,000000000000000E+000
-7,0509441E-002	-5,176065089181066E-001	1,000000000000000E+000
-7,1581483E-002	-5,245371975729025E-001	1,000000000000000E+000
-7,2467782E-002	-5,322590219891730E-001	1,000000000000000E+000
-7,3498644E-002	-5,391393161068319E-001	1,000000000000000E+000
-7,4493639E-002	-5,454375849933237E-001	1,000000000000000E+000
-7,5489692E-002	-5,530168018821229E-001	1,000000000000000E+000
-7,6561749E-002	-5,600677867833914E-001	1,000000000000000E+000
-7,7489220E-002	-5,651954623042723E-001	1,000000000000000E+000
-7,8523912E-002	-5,715759798573909E-001	1,000000000000000E+000
-7,9214066E-002	-5,775495588572479E-001	1,000000000000000E+000
-8,0490321E-002	-5,836836940919365E-001	1,000000000000000E+000
-8,1582323E-002	-5,896074854665319E-001	1,000000000000000E+000
-8,2577951E-002	-5,953956616835434E-001	1,000000000000000E+000
-8,3463833E-002	-6,014838968921055E-001	1,000000000000000E+000
-8,4549412E-002	-6,116329803545426E-001	1,000000000000000E+000
-8,5483074E-002	-6,132466075941894E-001	1,000000000000000E+000
-8,6593539E-002	-6,196773397839728E-001	1,000000000000000E+000
-8,7616548E-002	-6,242390251718457E-001	1,000000000000000E+000
-8,8562503E-002	-6,283679636091815E-001	1,000000000000000E+000
-8,9532226E-002	-6,312965390065486E-001	1,000000000000000E+000
-9,0469271E-002	-6,337285680799840E-001	1,000000000000000E+000
-9,1627069E-002	-6,358987674013585E-001	1,000000000000000E+000
-9,2460945E-002	-6,354819006390033E-001	1,000000000000000E+000
-9,3576938E-002	-6,325276897599288E-001	1,000000000000000E+000
-9,4567686E-002	-6,292878022003503E-001	1,000000000000000E+000
-9,5473088E-002	-6,303192039744729E-001	1,000000000000000E+000
-9,6489094E-002	-6,331452083153022E-001	1,000000000000000E+000
-9,7462855E-002	-6,399701956349100E-001	1,000000000000000E+000
-9,8533206E-002	-6,478296135966151E-001	1,000000000000000E+000
-9,9507168E-002	-6,569290376889203E-001	1,000000000000000E+000
-1,0050578E-001	-6,656622491363020E-001	1,000000000000000E+000
-1,0149291E-001	-6,732941900586873E-001	1,000000000000000E+000
-1,0250764E-001	-6,818808340467504E-001	1,000000000000000E+000
-1,0361090E-001	-6,904017289376054E-001	1,000000000000000E+000
-1,0453732E-001	-6,975064052061875E-001	1,000000000000000E+000
-1,0557285E-001	-7,051977684410886E-001	1,000000000000000E+000
-1,0646510E-001	-7,119813690789876E-001	1,000000000000000E+000
-1,0749320E-001	-7,190161606089926E-001	1,000000000000000E+000
-1,0853513E-001	-7,251217325424970E-001	1,000000000000000E+000
-1,0954072E-001	-7,322279616879896E-001	1,000000000000000E+000
-1,1043445E-001	-7,396673788833912E-001	1,000000000000000E+000
-1,1141819E-001	-7,458063815720326E-001	1,000000000000000E+000
-1,1251253E-001	-7,517911268708581E-001	1,000000000000000E+000
-1,1343958E-001	-7,583485712400737E-001	1,000000000000000E+000
-1,1443839E-001	-7,645462221569455E-001	1,000000000000000E+000
-1,1542590E-001	-7,736841852052336E-001	1,000000000000000E+000
-1,1652301E-001	-7,735990777404780E-001	1,000000000000000E+000
-1,1749317E-001	-7,759201968502634E-001	1,000000000000000E+000
-1,1844784E-001	-7,779045579954964E-001	1,000000000000000E+000
-1,1955002E-001	-7,776378545806608E-001	1,000000000000000E+000
-1,2049002E-001	-7,758366389510512E-001	1,000000000000000E+000
-1,2156096E-001	-7,682247031275340E-001	1,000000000000000E+000
-1,2249574E-001	-7,604937146210826E-001	1,000000000000000E+000
-1,2356948E-001	-7,579850507900070E-001	1,000000000000000E+000
-1,2441991E-001	-7,600487962158144E-001	1,000000000000000E+000
-1,2559725E-001	-7,674902501619503E-001	1,000000000000000E+000
-1,2657101E-001	-7,767879181127579E-001	1,000000000000000E+000
-1,2754604E-001	-7,875857730396056E-001	1,000000000000000E+000
-1,2852576E-001	-7,981499054779615E-001	1,000000000000000E+000
-1,2940165E-001	-8,090738107760744E-001	1,000000000000000E+000
-1,3046309E-001	-8,189574668908275E-001	1,000000000000000E+000
-1,3152327E-001	-8,296039556153092E-001	1,000000000000000E+000
-1,3241273E-001	-8,391927118516627E-001	1,000000000000000E+000
-1,3350537E-001	-8,484705842307019E-001	1,000000000000000E+000
-1,3455917E-001	-8,561870296382210E-001	1,000000000000000E+000
-1,3542466E-001	-8,638333565452037E-001	1,000000000000000E+000
-1,3653089E-001	-8,720846598864433E-001	1,000000000000000E+000
-1,3749276E-001	-8,801739715660579E-001	1,000000000000000E+000
-1,3851662E-001	-8,885090820387838E-001	1,000000000000000E+000
-1,3948721E-001	-8,960711351699298E-001	1,000000000000000E+000
-1,4042084E-001	-9,034890960901958E-001	1,000000000000000E+000
-1,4152198E-001	-9,102526589607187E-001	1,000000000000000E+000
-1,4247873E-001	-9,212025686477610E-001	1,000000000000000E+000
-1,4353484E-001	-9,242308358661830E-001	1,000000000000000E+000
-1,4447315E-001	-9,273817177034100E-001	1,000000000000000E+000
-1,4556304E-001	-9,298577012701195E-001	1,000000000000000E+000
-1,4672509E-001	-9,286550527128075E-001	1,000000000000000E+000
-1,4744200E-001	-9,274991285573266E-001	1,000000000000000E+000
-1,4837733E-001	-9,231253025742863E-001	1,000000000000000E+000
-1,4946105E-001	-9,097729318089538E-001	1,000000000000000E+000
-1,5063870E-001	-8,959081052280533E-001	1,000000000000000E+000
-1,5149820E-001	-8,884117279926080E-001	1,000000000000000E+000
-1,5249108E-001	-8,883071148043715E-001	1,000000000000000E+000
-1,5343064E-001	-8,952701862694461E-001	1,000000000000000E+000
-1,5445048E-001	-9,065635433006598E-001	1,000000000000000E+000
-1,5545991E-001	-9,206719478695753E-001	1,000000000000000E+000
-1,5647125E-001	-9,346797758092453E-001	1,000000000000000E+000
-1,5744840E-001	-9,482944969915668E-001	1,000000000000000E+000
-1,5851533E-001	-9,619077365431501E-001	1,000000000000000E+000
-1,5954259E-001	-9,746767297490602E-001	1,000000000000000E+000
-1,6051127E-001	-9,868912879998426E-001	1,000000000000000E+000
-1,6154023E-001	-9,994718454157281E-001	1,000000000000000E+000
-1,6247261E-001	-1,008960271254180E+000	1,000000000000000E+000
-1,6354613E-001	-1,019170755106539E+000	1,000000000000000E+000
-1,6442946E-001	-1,028029779903585E+000	1,000000000000000E+000
-1,6538793E-001	-1,038304712726841E+000	1,000000000000000E+000
-1,6650902E-001	-1,052552864679857E+000	1,000000000000000E+000
-1,6738807E-001	-1,059861823295556E+000	1,000000000000000E+000
-1,6844930E-001	-1,066861916954316E+000	1,000000000000000E+000
-1,6945066E-001	-1,075593186024985E+000	1,000000000000000E+000
-1,7043035E-001	-1,083451142224170E+000	1,000000000000000E+000
-1,7143786E-001	-1,089844695706329E+000	1,000000000000000E+000
-1,7255725E-001	-1,092484071126414E+000	1,000000000000000E+000
-1,7341447E-001	-1,092972627944415E+000	1,000000000000000E+000
-1,7448440E-001	-1,091032712616851E+000	1,000000000000000E+000
-1,7548767E-001	-1,087007628857261E+000	1,000000000000000E+000
-1,7643744E-001	-1,079145503954752E+000	1,000000000000000E+000
-1,7739974E-001	-1,061449318503337E+000	1,000000000000000E+000
-1,7854457E-001	-1,038294223798339E+000	1,000000000000000E+000
-1,7947295E-001	-1,021180020104883E+000	1,000000000000000E+000
-1,8046968E-001	-1,018377792504097E+000	1,000000000000000E+000
-1,8157463E-001	-1,025208962356875E+000	1,000000000000000E+000
-1,8249212E-001	-1,039408915158770E+000	1,000000000000000E+000
-1,8335932E-001	-1,056294948897428E+000	1,000000000000000E+000
-1,8437788E-001	-1,074537042114467E+000	1,000000000000000E+000
-1,8628837E-001	-1,106103787250403E+000	1,000000000000000E+000
-1,8810830E-001	-1,133641807155474E+000	1,000000000000000E+000
-1,8917799E-001	-1,149114855151208E+000	1,000000000000000E+000
-1,9012818E-001	-1,162126932603616E+000	1,000000000000000E+000
-1,9116509E-001	-1,178008360374303E+000	1,000000000000000E+000
-1,9211899E-001	-1,188110737026564E+000	1,000000000000000E+000
-1,9312885E-001	-1,200828420412202E+000	1,000000000000000E+000
-1,9411089E-001	-1,212796577148966E+000	1,000000000000000E+000
-1,9509056E-001	-1,222928623979287E+000	1,000000000000000E+000
-1,9614437E-001	-1,233367173829009E+000	1,000000000000000E+000
-1,9713512E-001	-1,245214065847293E+000	1,000000000000000E+000
-1,9815281E-001	-1,254546732952189E+000	1,000000000000000E+000
-1,9908758E-001	-1,261669525477500E+000	1,000000000000000E+000
-1,9926594E-001	-1,268858194351196E+000	1,000000000000000E+000
-1,9955967E-001	-1,264587461948395E+000	1,000000000000000E+000
-1,9883806E-001	-1,210895178736082E+000	1,000000000000000E+000
-1,9789551E-001	-1,184613306592734E+000	1,000000000000000E+000
-1,9691007E-001	-1,155560693703592E+000	1,000000000000000E+000
-1,9590302E-001	-1,132148171154157E+000	1,000000000000000E+000
-1,9484687E-001	-1,103806298019158E+000	1,000000000000000E+000
-1,9388734E-001	-1,070651676298843E+000	1,000000000000000E+000
-1,9288343E-001	-1,025022217072546E+000	1,000000000000000E+000
-1,9189890E-001	-9,821874247346454E-001	1,000000000000000E+000
-1,9087377E-001	-9,532392964077481E-001	1,000000000000000E+000
-1,8986604E-001	-9,377248046609239E-001	1,000000000000000E+000
-1,8892007E-001	-9,345976380217422E-001	1,000000000000000E+000
-1,8789238E-001	-9,381284323107053E-001	1,000000000000000E+000
-1,8690144E-001	-9,438673036379974E-001	1,000000000000000E+000
-1,8584977E-001	-9,510667840432783E-001	1,000000000000000E+000
-1,8486391E-001	-9,559659635544637E-001	1,000000000000000E+000
-1,8389525E-001	-9,592389932626633E-001	1,000000000000000E+000
-1,8286373E-001	-9,637616619778200E-001	1,000000000000000E+000
-1,8189400E-001	-9,665806633420289E-001	1,000000000000000E+000
-1,8087991E-001	-9,665620851640848E-001	1,000000000000000E+000
-1,7993246E-001	-9,642793109847396E-001	1,000000000000000E+000
-1,7889482E-001	-9,614433203306447E-001	1,000000000000000E+000
-1,7789006E-001	-9,586492625272136E-001	1,000000000000000E+000
-1,7682651E-001	-9,565372110551387E-001	1,000000000000000E+000
-1,7586316E-001	-9,535866686556886E-001	1,000000000000000E+000
-1,7487834E-001	-9,492825553752411E-001	1,000000000000000E+000
-1,7389439E-001	-9,446861840163674E-001	1,000000000000000E+000
-1,7284060E-001	-9,405661386230761E-001	1,000000000000000E+000
-1,7182119E-001	-9,337288941153190E-001	1,000000000000000E+000
-1,7090370E-001	-9,256054543269148E-001	1,000000000000000E+000
-1,6986923E-001	-9,144990652178713E-001	1,000000000000000E+000
-1,6884196E-001	-9,014742601559398E-001	1,000000000000000E+000
-1,6786799E-001	-8,854347862717180E-001	1,000000000000000E+000
-1,6683862E-001	-8,682952224690865E-001	1,000000000000000E+000
-1,6583186E-001	-8,433637514503429E-001	1,000000000000000E+000
-1,6489898E-001	-8,168819038611241E-001	1,000000000000000E+000
-1,6392480E-001	-7,855661642323755E-001	1,000000000000000E+000
-1,6288543E-001	-7,622640205857647E-001	1,000000000000000E+000
-1,6190423E-001	-7,495442572463693E-001	1,000000000000000E+000
-1,6089101E-001	-7,449006633833051E-001	1,000000000000000E+000
-1,5991895E-001	-7,460187183589539E-001	1,000000000000000E+000
-1,5884943E-001	-7,487804537328593E-001	1,000000000000000E+000
-1,5785231E-001	-7,533852917970014E-001	1,000000000000000E+000
-1,5691720E-001	-7,569835040097432E-001	1,000000000000000E+000
-1,5588102E-001	-7,588112151974595E-001	1,000000000000000E+000
-1,5490748E-001	-7,600104415064894E-001	1,000000000000000E+000
-1,5387194E-001	-7,611703422541405E-001	1,000000000000000E+000
-1,5287124E-001	-7,612849306315184E-001	1,000000000000000E+000
-1,5187941E-001	-7,585534468396663E-001	1,000000000000000E+000
-1,5093176E-001	-7,565607814014790E-001	1,000000000000000E+000
-1,4986779E-001	-7,533630205628792E-001	1,000000000000000E+000
-1,4889637E-001	-7,502751174486306E-001	1,000000000000000E+000
-1,4788948E-001	-7,477292433484554E-001	1,000000000000000E+000
-1,4689788E-001	-7,450815399384316E-001	1,000000000000000E+000
-1,4585090E-001	-7,402634971464650E-001	1,000000000000000E+000
-1,4491364E-001	-7,360988446614787E-001	1,000000000000000E+000
-1,4382693E-001	-7,315406843812902E-001	1,000000000000000E+000
-1,4287846E-001	-7,252905925011444E-001	1,000000000000000E+000
-1,4186415E-001	-7,175961893776233E-001	1,000000000000000E+000
-1,4090991E-001	-7,071205120430211E-001	1,000000000000000E+000
-1,3987951E-001	-6,931182228856603E-001	1,000000000000000E+000
-1,3890511E-001	-6,813266101396724E-001	1,000000000000000E+000
-1,3786787E-001	-6,657134754479754E-001	1,000000000000000E+000
-1,3691723E-001	-6,450001991146976E-001	1,000000000000000E+000
-1,3588977E-001	-6,212016375631919E-001	1,000000000000000E+000
-1,3483214E-001	-6,037115014365160E-001	1,000000000000000E+000
-1,3387580E-001	-5,923590409672883E-001	1,000000000000000E+000
-1,3289694E-001	-5,854920981865774E-001	1,000000000000000E+000
-1,3186884E-001	-5,836553584991208E-001	1,000000000000000E+000
-1,3089891E-001	-5,839884111968168E-001	1,000000000000000E+000
-1,2990752E-001	-5,849086836290862E-001	1,000000000000000E+000
-1,2884523E-001	-5,851420582686035E-001	1,000000000000000E+000
-1,2786278E-001	-5,858299225672230E-001	1,000000000000000E+000
-1,2688901E-001	-5,847654543403120E-001	1,000000000000000E+000
-1,2588872E-001	-5,832246928993179E-001	1,000000000000000E+000
-1,2487801E-001	-5,823224943855561E-001	1,000000000000000E+000
-1,2389088E-001	-5,795294821469312E-001	1,000000000000000E+000
-1,2287170E-001	-5,760601984543925E-001	1,000000000000000E+000
-1,2190240E-001	-5,729738304701932E-001	1,000000000000000E+000
-1,2088044E-001	-5,694822863054778E-001	1,000000000000000E+000
-1,1993597E-001	-5,657282047905010E-001	1,000000000000000E+000
-1,1887878E-001	-5,622451313667798E-001	1,000000000000000E+000
-1,1788889E-001	-5,578518887050432E-001	1,000000000000000E+000
-1,1690218E-001	-5,524233727095007E-001	1,000000000000000E+000
-1,1585455E-001	-5,479872302773083E-001	1,000000000000000E+000
-1,1489650E-001	-5,430333783539627E-001	1,000000000000000E+000
-1,1386362E-001	-5,326005590872605E-001	1,000000000000000E+000
-1,1286685E-001	-5,260417608854659E-001	1,000000000000000E+000
-1,1185424E-001	-5,170331419859480E-001	1,000000000000000E+000
-1,1090213E-001	-5,070596461494743E-001	1,000000000000000E+000
-1,0990565E-001	-4,957814326820262E-001	1,000000000000000E+000
-1,0890473E-001	-4,806701017854107E-001	1,000000000000000E+000
-1,0791163E-001	-4,638970614048752E-001	1,000000000000000E+000
-1,0684384E-001	-4,476936667019285E-001	1,000000000000000E+000
-1,0419316E-001	-4,071085263893091E-001	1,000000000000000E+000
-1,0340854E-001	-4,158807703966466E-001	1,000000000000000E+000
-1,0237367E-001	-4,141281969172672E-001	1,000000000000000E+000
-1,0132055E-001	-4,124816729066270E-001	1,000000000000000E+000
-1,0034214E-001	-4,108272706313665E-001	1,000000000000000E+000
-9,9407464E-002	-4,088958470254267E-001	1,000000000000000E+000
-9,8358370E-002	-4,073980572478222E-001	1,000000000000000E+000
-9,7375512E-002	-4,047351606293663E-001	1,000000000000000E+000
-9,6389256E-002	-4,010758691260363E-001	1,000000000000000E+000
-9,5269889E-002	-3,980034247765092E-001	1,000000000000000E+000
-9,4252080E-002	-3,937479338039545E-001	1,000000000000000E+000
-9,3312353E-002	-3,899738584231160E-001	1,000000000000000E+000
-9,2280649E-002	-3,860032434006104E-001	1,000000000000000E+000
-9,1297753E-002	-3,815578303506797E-001	1,000000000000000E+000
-9,0313800E-002	-3,768736495015514E-001	1,000000000000000E+000
-8,9205451E-002	-3,727687207154089E-001	1,000000000000000E+000
-8,8305347E-002	-3,676228205311203E-001	1,000000000000000E+000
-8,7332442E-002	-3,628796988115122E-001	1,000000000000000E+000
-8,6281620E-002	-3,564609498458164E-001	1,000000000000000E+000
-8,5332692E-002	-3,504747985862173E-001	1,000000000000000E+000
-8,4282093E-002	-3,426761433689123E-001	1,000000000000000E+000
-8,3313003E-002	-3,342218898857618E-001	1,000000000000000E+000
-8,2365565E-002	-3,257306242982536E-001	1,000000000000000E+000
-8,1234917E-002	-3,163362484063117E-001	1,000000000000000E+000
-8,0335885E-002	-3,031624778070361E-001	1,000000000000000E+000
-7,9368487E-002	-2,902035455788581E-001	1,000000000000000E+000
-7,8304090E-002	-2,793030272134480E-001	1,000000000000000E+000
-7,7282555E-002	-2,709599647981422E-001	1,000000000000000E+000
-7,6439567E-002	-2,649416453463749E-001	1,000000000000000E+000
-7,5289607E-002	-2,606604941861903E-001	1,000000000000000E+000
-7,4372739E-002	-2,579106680997122E-001	1,000000000000000E+000
-7,3301122E-002	-2,550999640694096E-001	1,000000000000000E+000
-7,2408445E-002	-2,516879524725182E-001	1,000000000000000E+000
-7,1341068E-002	-2,484305596703447E-001	1,000000000000000E+000
-7,0263922E-002	-2,445662431160196E-001	1,000000000000000E+000
-6,9365099E-002	-2,417334278321097E-001	1,000000000000000E+000
-6,8199866E-002	-2,374900642446138E-001	1,000000000000000E+000
-6,7285389E-002	-2,290828456170866E-001	1,000000000000000E+000
-6,6319868E-002	-2,273856211557153E-001	1,000000000000000E+000
-6,5313421E-002	-2,233958051591696E-001	1,000000000000000E+000
-6,4447291E-002	-2,189982076460077E-001	1,000000000000000E+000
-6,3304134E-002	-2,145256092513184E-001	1,000000000000000E+000
-6,2349468E-002	-2,092337298672634E-001	1,000000000000000E+000
-6,1392900E-002	-2,044716224126102E-001	1,000000000000000E+000
-6,0290288E-002	-1,992699814339480E-001	1,000000000000000E+000
-5,9385516E-002	-1,942748550661937E-001	1,000000000000000E+000
-5,8454420E-002	-1,891001948517639E-001	1,000000000000000E+000
-5,7178158E-002	-1,824152256336267E-001	1,000000000000000E+000
-5,6290161E-002	-1,757715461103035E-001	1,000000000000000E+000
-5,5354182E-002	-1,690562855478159E-001	1,000000000000000E+000
-5,4229703E-002	-1,617622172149518E-001	1,000000000000000E+000
-5,3436592E-002	-1,538500916988894E-001	1,000000000000000E+000
-5,2374095E-002	-1,444808659402443E-001	1,000000000000000E+000
-5,1433451E-002	-1,339322673415562E-001	1,000000000000000E+000
-5,0321493E-002	-1,252682481491418E-001	1,000000000000000E+000
-4,9436893E-002	-1,170651363273567E-001	1,000000000000000E+000
-4,8318144E-002	-1,112559957416827E-001	1,000000000000000E+000
-4,7405727E-002	-1,061909379075385E-001	1,000000000000000E+000
-4,6265114E-002	-1,020548442805496E-001	1,000000000000000E+000
-4,5285199E-002	-9,779027700036103E-002	1,000000000000000E+000
-4,4387855E-002	-9,375418048067424E-002	1,000000000000000E+000
-4,3294158E-002	-8,941204765061295E-002	1,000000000000000E+000
-4,2316578E-002	-8,513428471956597E-002	1,000000000000000E+000
-4,1415624E-002	-8,019133356477415E-002	1,000000000000000E+000
-4,0293902E-002	-7,616096236354997E-002	1,000000000000000E+000
-3,9420113E-002	-6,688059856080325E-002	1,000000000000000E+000
-3,8349178E-002	-6,584654690232111E-002	1,000000000000000E+000
-3,7439946E-002	-6,008230697544714E-002	1,000000000000000E+000
-3,6402926E-002	-5,539210066005268E-002	1,000000000000000E+000
-3,5414729E-002	-5,099164658329547E-002	1,000000000000000E+000
-3,4310203E-002	-4,530773950197409E-002	1,000000000000000E+000
-3,3245582E-002	-4,068534544138747E-002	1,000000000000000E+000
-3,2343362E-002	-3,519162063538606E-002	1,000000000000000E+000
-3,1454086E-002	-2,961936870512238E-002	1,000000000000000E+000
-3,0391166E-002	-2,463272634647884E-002	1,000000000000000E+000
-2,8442858E-002	-1,790151941168003E-002	1,000000000000000E+000
-2,6907217E-002	-1,774445281480677E-003	1,000000000000000E+000
-2,5947679E-002	2,860768529798302E-003	1,000000000000000E+000
-2,4981774E-002	9,666924541104724E-003	1,000000000000000E+000
-2,3879578E-002	1,787327062144570E-002	1,000000000000000E+000
-2,2964833E-002	2,534471124818086E-002	1,000000000000000E+000
-2,1822095E-002	3,233140850594907E-002	1,000000000000000E+000
-2,0894609E-002	3,921523031183649E-002	1,000000000000000E+000
-1,9872447E-002	4,476544869248766E-002	1,000000000000000E+000
-1,9012474E-002	5,003658912674946E-002	1,000000000000000E+000
-1,8079681E-002	5,505841542617440E-002	1,000000000000000E+000
-1,7018247E-002	6,012787138913867E-002	1,000000000000000E+000
-1,5836664E-002	6,483347643451359E-002	1,000000000000000E+000
-1,4815985E-002	7,006738577426130E-002	1,000000000000000E+000
-1,3858994E-002	7,460316189745858E-002	1,000000000000000E+000
-1,2973328E-002	7,986945032219761E-002	1,000000000000000E+000
-1,2087877E-002	8,484478215945684E-002	1,000000000000000E+000
-1,0732282E-002	9,343879398268951E-002	1,000000000000000E+000
-9,8618753E-003	9,696321770833405E-002	1,000000000000000E+000
-8,8813212E-003	1,003114203599076E-001	1,000000000000000E+000
-7,9521379E-003	1,073438804984718E-001	1,000000000000000E+000
-5,9422641E-003	1,220001022375068E-001	1,000000000000000E+000
-4,4431384E-003	1,260924133498018E-001	1,000000000000000E+000
-3,4186412E-003	1,307238223315734E-001	1,000000000000000E+000
-2,3211199E-003	1,362538066201124E-001	1,000000000000000E+000
-1,3526652E-003	1,416474280283894E-001	1,000000000000000E+000
-3,9482472E-004	1,469033664713308E-001	1,000000000000000E+000
4,7814005E-004	1,523268029792235E-001	1,000000000000000E+000
3,2141208E-004	1,547954753041267E-001	2,000000000000000E+000
1,3684932E-003	1,571711834856417E-001	2,000000000000000E+000
2,2129754E-003	1,625553701952518E-001	2,000000000000000E+000
3,4268266E-003	1,676351141650232E-001	2,000000000000000E+000
4,3494273E-003	1,741521742531207E-001	2,000000000000000E+000
5,3185192E-003	1,796766039786040E-001	2,000000000000000E+000
6,2018489E-003	1,851975870991334E-001	2,000000000000000E+000
7,3409770E-003	1,914718104655746E-001	2,000000000000000E+000
8,2937218E-003	1,963619113796296E-001	2,000000000000000E+000
9,2751253E-003	2,026257460626466E-001	2,000000000000000E+000
1,0384959E-002	2,083991572209123E-001	2,000000000000000E+000
1,1369972E-002	2,136554552061074E-001	2,000000000000000E+000
1,2408265E-002	2,193797168761700E-001	2,000000000000000E+000
1,3391580E-002	2,248167073121299E-001	2,000000000000000E+000
1,4330526E-002	2,300678787157983E-001	2,000000000000000E+000
1,5175856E-002	2,355852511763166E-001	2,000000000000000E+000
1,6348949E-002	2,411793417995796E-001	2,000000000000000E+000
1,7275797E-002	2,462682083197349E-001	2,000000000000000E+000
1,8277518E-002	2,558286101298624E-001	2,000000000000000E+000
1,9244093E-002	2,585849991171725E-001	2,000000000000000E+000
2,0270923E-002	2,638915426149557E-001	2,000000000000000E+000
2,1445077E-002	2,688335723295396E-001	2,000000000000000E+000
2,2381475E-002	2,740449292792219E-001	2,000000000000000E+000
2,3141896E-002	2,796852269158183E-001	2,000000000000000E+000
2,4213092E-002	2,848544946043865E-001	2,000000000000000E+000
2,5299579E-002	2,904263725762985E-001	2,000000000000000E+000
2,6323646E-002	2,962504536586099E-001	2,000000000000000E+000
2,7348779E-002	3,007777340761922E-001	2,000000000000000E+000
2,8262679E-002	3,055803066171290E-001	2,000000000000000E+000
2,9381003E-002	3,102239551436572E-001	2,000000000000000E+000
3,0356463E-002	3,152451104381013E-001	2,000000000000000E+000
3,1309631E-002	3,187224292972448E-001	2,000000000000000E+000
3,2262377E-002	3,234623634101215E-001	2,000000000000000E+000
3,3439718E-002	3,270255342229388E-001	2,000000000000000E+000
3,4395218E-002	3,306054565796837E-001	2,000000000000000E+000
3,5336502E-002	3,351428405019563E-001	2,000000000000000E+000
3,6228329E-002	3,414280172954838E-001	2,000000000000000E+000
3,7262801E-002	3,472339902590544E-001	2,000000000000000E+000
3,8344398E-002	3,530422702379927E-001	2,000000000000000E+000
3,9299268E-002	3,593989496326282E-001	2,000000000000000E+000
4,0314425E-002	3,653706919867550E-001	2,000000000000000E+000
4,1268013E-002	3,714181188131793E-001	2,000000000000000E+000
4,2326905E-002	3,774380760215639E-001	2,000000000000000E+000
4,3367956E-002	3,833468281663965E-001	2,000000000000000E+000
4,4313271E-002	3,886923120977981E-001	2,000000000000000E+000
4,5345198E-002	3,945840565591219E-001	2,000000000000000E+000
4,6378404E-002	3,998839136523520E-001	2,000000000000000E+000
4,7197200E-002	4,054515255718600E-001	2,000000000000000E+000
4,8295382E-002	4,145707782720117E-001	2,000000000000000E+000
4,9207736E-002	4,174422225914904E-001	2,000000000000000E+000
5,0286576E-002	4,227206380003046E-001	2,000000000000000E+000
5,1291965E-002	4,281282721397797E-001	2,000000000000000E+000
5,2178264E-002	4,342098094833400E-001	2,000000000000000E+000
5,3265389E-002	4,389628450024046E-001	2,000000000000000E+000
5,4180346E-002	4,442828897024615E-001	2,000000000000000E+000
5,5191677E-002	4,492873490736300E-001	2,000000000000000E+000
5,6251198E-002	4,528886225695414E-001	2,000000000000000E+000
5,7310093E-002	4,573035964794059E-001	2,000000000000000E+000
5,8334798E-002	4,610758259271588E-001	2,000000000000000E+000
5,9277136E-002	4,635540718316200E-001	2,000000000000000E+000
6,0325198E-002	4,656419679005133E-001	2,000000000000000E+000
6,1267968E-002	4,665257592116396E-001	2,000000000000000E+000
6,2384378E-002	4,682585158540551E-001	2,000000000000000E+000
6,3256666E-002	4,717848673204141E-001	2,000000000000000E+000
6,4120688E-002	4,767682080208839E-001	2,000000000000000E+000
6,5249406E-002	4,833610169330811E-001	2,000000000000000E+000
6,6390231E-002	4,900218565534387E-001	2,000000000000000E+000
6,7364849E-002	4,970695141495951E-001	2,000000000000000E+000
6,8301454E-002	5,036477655586253E-001	2,000000000000000E+000
6,9244012E-002	5,102535024699248E-001	2,000000000000000E+000
7,0321582E-002	5,166092309583412E-001	2,000000000000000E+000
7,1289390E-002	5,232998293617541E-001	2,000000000000000E+000
7,2273135E-002	5,297363039830501E-001	2,000000000000000E+000
7,3189788E-002	5,358702709587906E-001	2,000000000000000E+000
7,4267581E-002	5,413247911363046E-001	2,000000000000000E+000
7,5151533E-002	5,469768226353668E-001	2,000000000000000E+000
7,6273479E-002	5,528842331841597E-001	2,000000000000000E+000
7,7238746E-002	5,599390178815380E-001	2,000000000000000E+000
7,8354098E-002	5,651348923953918E-001	2,000000000000000E+000
7,9258867E-002	5,706474779484177E-001	2,000000000000000E+000
8,0241345E-002	5,804234854359640E-001	2,000000000000000E+000
8,1173033E-002	5,825785194627127E-001	2,000000000000000E+000
8,2266092E-002	5,882841605796596E-001	2,000000000000000E+000
8,3281249E-002	5,922198911818397E-001	2,000000000000000E+000
8,4316358E-002	5,963367190625932E-001	2,000000000000000E+000
8,5321739E-002	5,992397172893931E-001	2,000000000000000E+000
8,6222902E-002	6,019375854068350E-001	2,000000000000000E+000
8,7246768E-002	6,035863169365476E-001	2,000000000000000E+000
8,8372737E-002	6,023271550527900E-001	2,000000000000000E+000
8,9235686E-002	6,003306677254550E-001	2,000000000000000E+000
9,0329595E-002	5,996569360399404E-001	2,000000000000000E+000
9,1261335E-002	6,010148606470063E-001	2,000000000000000E+000
9,2122361E-002	6,056423421121337E-001	2,000000000000000E+000
9,3274012E-002	6,124966515021200E-001	2,000000000000000E+000
9,4287053E-002	6,203613714832397E-001	2,000000000000000E+000
9,5294997E-002	6,282963867092342E-001	2,000000000000000E+000
9,6172802E-002	6,362629031452052E-001	2,000000000000000E+000
9,7259074E-002	6,439832043834031E-001	2,000000000000000E+000
9,8218404E-002	6,522737869268509E-001	2,000000000000000E+000
9,9289380E-002	6,596123373860276E-001	2,000000000000000E+000
1,0027397E-001	6,667336610973749E-001	2,000000000000000E+000
1,0128764E-001	6,738281738426970E-001	2,000000000000000E+000
1,0224590E-001	6,803374739053361E-001	2,000000000000000E+000
1,0318295E-001	6,867006233789876E-001	2,000000000000000E+000
1,0426114E-001	6,932018375955558E-001	2,000000000000000E+000
1,0518862E-001	7,001391287065228E-001	2,000000000000000E+000
1,0625855E-001	7,065107329334674E-001	2,000000000000000E+000
1,0719071E-001	7,125795377521911E-001	2,000000000000000E+000
1,0821733E-001	7,184478670565648E-001	2,000000000000000E+000
1,0925201E-001	7,247908824226945E-001	2,000000000000000E+000
1,1024721E-001	7,302494113747446E-001	2,000000000000000E+000
1,1131426E-001	7,368938253882065E-001	2,000000000000000E+000
1,1219450E-001	7,391338525857396E-001	2,000000000000000E+000
1,1316146E-001	7,414372447464190E-001	2,000000000000000E+000
1,1420273E-001	7,428654005440603E-001	2,000000000000000E+000
1,1530937E-001	7,429617239783219E-001	2,000000000000000E+000
1,1622263E-001	7,392340332476643E-001	2,000000000000000E+000
1,1729829E-001	7,329385923856244E-001	2,000000000000000E+000
1,1828565E-001	7,272950256657271E-001	2,000000000000000E+000
1,1928086E-001	7,256682264722052E-001	2,000000000000000E+000
1,2023893E-001	7,294602278206099E-001	2,000000000000000E+000
1,2115090E-001	7,371609732508682E-001	2,000000000000000E+000
1,2226562E-001	7,471281313337410E-001	2,000000000000000E+000
1,2320817E-001	7,563270275584548E-001	2,000000000000000E+000
1,2420253E-001	7,667825907572290E-001	2,000000000000000E+000
1,2527245E-001	7,763075795438563E-001	2,000000000000000E+000
1,2635405E-001	7,869183283506205E-001	2,000000000000000E+000
1,2725733E-001	7,962109841820268E-001	2,000000000000000E+000
1,2820306E-001	8,055539944519605E-001	2,000000000000000E+000
1,2922652E-001	8,133541199689116E-001	2,000000000000000E+000
1,3014381E-001	8,208071091212350E-001	2,000000000000000E+000
1,3127975E-001	8,287555364788410E-001	2,000000000000000E+000
1,3233185E-001	8,366714560219801E-001	2,000000000000000E+000
1,3326040E-001	8,442277360397084E-001	2,000000000000000E+000
1,3425687E-001	8,513192519442092E-001	2,000000000000000E+000
1,3522257E-001	8,587898128769487E-001	2,000000000000000E+000
1,3616002E-001	8,658250464229953E-001	2,000000000000000E+000
1,3723080E-001	8,730330934955042E-001	2,000000000000000E+000
1,3830709E-001	8,788580040757843E-001	2,000000000000000E+000
1,3924749E-001	8,874137560940483E-001	2,000000000000000E+000
1,4029959E-001	8,877886106881032E-001	2,000000000000000E+000
1,4120626E-001	8,887906470853437E-001	2,000000000000000E+000
1,4224923E-001	8,883332889527047E-001	2,000000000000000E+000
1,4314125E-001	8,867197453768725E-001	2,000000000000000E+000
1,4431410E-001	8,794347187586071E-001	2,000000000000000E+000
1,4527585E-001	8,681844992873593E-001	2,000000000000000E+000
1,4633802E-001	8,560674442715239E-001	2,000000000000000E+000
1,4734606E-001	8,508387795618748E-001	2,000000000000000E+000
1,4817657E-001	8,528754113552476E-001	2,000000000000000E+000
1,4931612E-001	8,620080424783145E-001	2,000000000000000E+000
1,5019202E-001	8,741003195237793E-001	2,000000000000000E+000
1,5124963E-001	8,872470599599218E-001	2,000000000000000E+000
1,5223804E-001	9,003276552280610E-001	2,000000000000000E+000
1,5328057E-001	9,124443885973790E-001	2,000000000000000E+000
1,5423289E-001	9,248790934992339E-001	2,000000000000000E+000
1,5519606E-001	9,371456945728944E-001	2,000000000000000E+000
1,5625705E-001	9,489508013551493E-001	2,000000000000000E+000
1,5722169E-001	9,593506704291563E-001	2,000000000000000E+000
1,5818231E-001	9,692588211554618E-001	2,000000000000000E+000
1,5928386E-001	9,775817481180020E-001	2,000000000000000E+000
1,6011092E-001	9,872603191890654E-001	2,000000000000000E+000
1,6122840E-001	1,001499730990165E+000	2,000000000000000E+000
1,6221444E-001	1,007596954703331E+000	2,000000000000000E+000
1,6315444E-001	1,015393236238095E+000	2,000000000000000E+000
1,6427404E-001	1,022950246205763E+000	2,000000000000000E+000
1,6517499E-001	1,031197856801249E+000	2,000000000000000E+000
1,6635403E-001	1,038984855636958E+000	2,000000000000000E+000
1,6724776E-001	1,043566987021933E+000	2,000000000000000E+000
1,6825527E-001	1,045617818832397E+000	2,000000000000000E+000
1,6923900E-001	1,045938892600439E+000	2,000000000000000E+000
1,7025034E-001	1,044142081609209E+000	2,000000000000000E+000
1,7125936E-001	1,039435430740323E+000	2,000000000000000E+000
1,7228767E-001	1,028437097142966E+000	2,000000000000000E+000
1,7326483E-001	1,011033194657006E+000	2,000000000000000E+000
1,7430136E-001	9,902127765323776E-001	2,000000000000000E+000
1,7532967E-001	9,794237672668582E-001	2,000000000000000E+000
1,7626129E-001	9,806057714546732E-001	2,000000000000000E+000
1,7712744E-001	9,903574423450543E-001	2,000000000000000E+000
1,7833811E-001	1,005557140335437E+000	2,000000000000000E+000
1,7929383E-001	1,022652825340625E+000	2,000000000000000E+000
1,8022555E-001	1,039867619983857E+000	2,000000000000000E+000
1,8126088E-001	1,056555304676294E+000	2,000000000000000E+000
1,8217942E-001	1,072540115875501E+000	2,000000000000000E+000
1,8334341E-001	1,087690119631589E+000	2,000000000000000E+000
1,8520795E-001	1,110293127130722E+000	2,000000000000000E+000
1,8689975E-001	1,128114273564684E+000	2,000000000000000E+000
1,8786158E-001	1,137977479232683E+000	2,000000000000000E+000
1,8887821E-001	1,149973234472174E+000	2,000000000000000E+000
1,8985836E-001	1,161334776940450E+000	2,000000000000000E+000
1,9087861E-001	1,172331853769723E+000	2,000000000000000E+000
1,9192837E-001	1,181910176761450E+000	2,000000000000000E+000
1,9289128E-001	1,191076804262902E+000	2,000000000000000E+000
1,9388248E-001	1,200572943314910E+000	2,000000000000000E+000
1,9484179E-001	1,208242343324763E+000	2,000000000000000E+000
1,9590959E-001	1,211245923303069E+000	2,000000000000000E+000
1,9688548E-001	1,211753522459841E+000	2,000000000000000E+000
1,9783378E-001	1,208507574991227E+000	2,000000000000000E+000
1,9888458E-001	1,202976117221017E+000	2,000000000000000E+000
1,9989081E-001	1,192726342835361E+000	2,000000000000000E+000
2,0050618E-001	1,181939452886581E+000	2,000000000000000E+000
2,0050235E-001	1,183896541595459E+000	2,000000000000000E+000
2,0047276E-001	1,180669665336609E+000	2,000000000000000E+000
1,9985206E-001	1,103643167660470E+000	2,000000000000000E+000
1,9886073E-001	1,051705369725827E+000	2,000000000000000E+000
1,9796063E-001	1,010229375523831E+000	2,000000000000000E+000
1,9692761E-001	9,834712873109543E-001	2,000000000000000E+000
1,9592249E-001	9,756618825097938E-001	2,000000000000000E+000
1,9492689E-001	9,762871979942744E-001	2,000000000000000E+000
1,9391172E-001	9,801727699943719E-001	2,000000000000000E+000
1,9292372E-001	9,858543472364598E-001	2,000000000000000E+000
1,9189633E-001	9,902930250575636E-001	2,000000000000000E+000
1,9093417E-001	9,941129934870538E-001	2,000000000000000E+000
1,8987951E-001	9,970412727238411E-001	2,000000000000000E+000
1,8895966E-001	9,994402720282469E-001	2,000000000000000E+000
1,8789546E-001	9,995839733423475E-001	2,000000000000000E+000
1,8689331E-001	1,000153078409013E+000	2,000000000000000E+000
1,8591991E-001	9,960722585933066E-001	2,000000000000000E+000
1,8493807E-001	9,930315876586562E-001	2,000000000000000E+000
1,8394330E-001	9,897951346097740E-001	2,000000000000000E+000
1,8290564E-001	9,881885885778381E-001	2,000000000000000E+000
1,8188582E-001	9,840244471819855E-001	2,000000000000000E+000
1,8094008E-001	9,790510375363155E-001	2,000000000000000E+000
1,7990455E-001	9,746148985189702E-001	2,000000000000000E+000
1,7891954E-001	9,677304202794197E-001	2,000000000000000E+000
1,7789908E-001	9,623793082622178E-001	2,000000000000000E+000
1,7691535E-001	9,515476879249873E-001	2,000000000000000E+000
1,7586875E-001	9,383765063766027E-001	2,000000000000000E+000
1,7490667E-001	9,234380874679342E-001	2,000000000000000E+000
1,7390233E-001	9,057703366399643E-001	2,000000000000000E+000
1,7290565E-001	8,854760253905418E-001	2,000000000000000E+000
1,7187831E-001	8,553021438937272E-001	2,000000000000000E+000
1,7088704E-001	8,243921013652464E-001	2,000000000000000E+000
1,6990733E-001	7,956291025297535E-001	2,000000000000000E+000
1,6888519E-001	7,774329725135560E-001	2,000000000000000E+000
1,6791843E-001	7,695625414554461E-001	2,000000000000000E+000
1,6691856E-001	7,702207736050095E-001	2,000000000000000E+000
1,6591126E-001	7,728578891708633E-001	2,000000000000000E+000
1,6492115E-001	7,768405546537718E-001	2,000000000000000E+000
1,6391830E-001	7,816193917145320E-001	2,000000000000000E+000
1,6284201E-001	7,850255249068123E-001	2,000000000000000E+000
1,6189946E-001	7,876334665343192E-001	2,000000000000000E+000
1,6087517E-001	7,890809226470701E-001	2,000000000000000E+000
1,5989654E-001	7,892055607711326E-001	2,000000000000000E+000
1,5889943E-001	7,884688440503380E-001	2,000000000000000E+000
1,5788808E-001	7,862008584456337E-001	2,000000000000000E+000
1,5689692E-001	7,833023029896946E-001	2,000000000000000E+000
1,5587667E-001	7,817763613226529E-001	2,000000000000000E+000
1,5486257E-001	7,790984043127143E-001	2,000000000000000E+000
1,5389454E-001	7,749895209756996E-001	2,000000000000000E+000
1,5287513E-001	7,718246456546130E-001	2,000000000000000E+000
1,5192749E-001	7,671715178940897E-001	2,000000000000000E+000
1,5087497E-001	7,644596687621554E-001	2,000000000000000E+000
1,4990482E-001	7,570215091626729E-001	2,000000000000000E+000
1,4889178E-001	7,500346766577843E-001	2,000000000000000E+000
1,4790167E-001	7,398008129869937E-001	2,000000000000000E+000
1,4686678E-001	7,278829570859653E-001	2,000000000000000E+000
1,4588030E-001	7,145967066494965E-001	2,000000000000000E+000
1,4490578E-001	6,980750487806899E-001	2,000000000000000E+000
1,4385532E-001	6,793114736986681E-001	2,000000000000000E+000
1,4293334E-001	6,555579457328538E-001	2,000000000000000E+000
1,4193814E-001	6,329834941360701E-001	2,000000000000000E+000
1,4091916E-001	6,171885235752512E-001	2,000000000000000E+000
1,3996704E-001	6,093392411971270E-001	2,000000000000000E+000
1,3895784E-001	6,077448909895296E-001	2,000000000000000E+000
1,3793206E-001	6,079814867633928E-001	2,000000000000000E+000
1,3689888E-001	6,097641095726036E-001	2,000000000000000E+000
1,3589922E-001	6,105809122220522E-001	2,000000000000000E+000
1,3490975E-001	6,107203854351422E-001	2,000000000000000E+000
1,3388059E-001	6,109240755645775E-001	2,000000000000000E+000
1,3291721E-001	6,109373215585965E-001	2,000000000000000E+000
1,3194305E-001	6,101566063136712E-001	2,000000000000000E+000
1,3089837E-001	6,091849295836385E-001	2,000000000000000E+000
1,2990889E-001	6,061590370308205E-001	2,000000000000000E+000
1,2892516E-001	6,030530913008610E-001	2,000000000000000E+000
1,2791806E-001	5,982079962785871E-001	2,000000000000000E+000
1,2690207E-001	5,960662426530541E-001	2,000000000000000E+000
1,2592724E-001	5,926818419247883E-001	2,000000000000000E+000
1,2490232E-001	5,886402556983139E-001	2,000000000000000E+000
1,2389310E-001	5,837246302204848E-001	2,000000000000000E+000
1,2289492E-001	5,796867575910380E-001	2,000000000000000E+000
1,2187470E-001	5,739617701619881E-001	2,000000000000000E+000
1,2091621E-001	5,668932133250788E-001	2,000000000000000E+000
1,1989214E-001	5,595595278880694E-001	2,000000000000000E+000
1,1887359E-001	5,496423380552917E-001	2,000000000000000E+000
1,1790517E-001	5,381535988094104E-001	2,000000000000000E+000
1,1696070E-001	5,271066327889784E-001	2,000000000000000E+000
1,1587549E-001	5,123734135284224E-001	2,000000000000000E+000
1,1489282E-001	4,952731820133831E-001	2,000000000000000E+000
1,1388700E-001	4,773555881240314E-001	2,000000000000000E+000
1,1292576E-001	4,645042351912707E-001	2,000000000000000E+000
1,1190911E-001	4,569451417256571E-001	2,000000000000000E+000
1,1089353E-001	4,535246445900878E-001	2,000000000000000E+000
1,0911417E-001	4,144282767788754E-001	2,000000000000000E+000
1,0740327E-001	4,396669659763575E-001	2,000000000000000E+000
1,0629368E-001	4,405696760966524E-001	2,000000000000000E+000
1,0539170E-001	4,391642788994237E-001	2,000000000000000E+000
1,0437870E-001	4,368114629760385E-001	2,000000000000000E+000
1,0341175E-001	4,343286922149776E-001	2,000000000000000E+000
1,0231002E-001	4,311560774998133E-001	2,000000000000000E+000
1,0128576E-001	4,269313212070210E-001	2,000000000000000E+000
1,0035002E-001	4,237065883094657E-001	2,000000000000000E+000
9,9279270E-002	4,198055734030079E-001	2,000000000000000E+000
9,8355852E-002	4,161822999465388E-001	2,000000000000000E+000
9,7313337E-002	4,116046783100420E-001	2,000000000000000E+000
9,6423879E-002	4,070303016083523E-001	2,000000000000000E+000
9,5298581E-002	4,024490686650908E-001	2,000000000000000E+000
9,4271988E-002	3,979196645474685E-001	2,000000000000000E+000
9,3343541E-002	3,923518665962754E-001	2,000000000000000E+000
9,2405796E-002	3,865430839101052E-001	2,000000000000000E+000
9,1406137E-002	3,791872450771443E-001	2,000000000000000E+000
9,0251513E-002	3,707313850625540E-001	2,000000000000000E+000
8,9283481E-002	3,623696169039858E-001	2,000000000000000E+000
8,8306747E-002	3,529842193755838E-001	2,000000000000000E+000
8,7182261E-002	3,404276619354896E-001	2,000000000000000E+000
8,6287268E-002	3,267138917516517E-001	2,000000000000000E+000
8,5250445E-002	3,146728002466270E-001	2,000000000000000E+000
8,4403843E-002	3,054040710234811E-001	2,000000000000000E+000
8,3457045E-002	2,992680471959632E-001	2,000000000000000E+000
8,2361430E-002	2,945899334218776E-001	2,000000000000000E+000
8,1392348E-002	2,919341892831857E-001	2,000000000000000E+000
8,0507316E-002	2,889944495271068E-001	2,000000000000000E+000
7,9325952E-002	2,858751166301481E-001	2,000000000000000E+000
7,8337751E-002	2,832802178131213E-001	2,000000000000000E+000
7,7284165E-002	2,794179231601062E-001	2,000000000000000E+000
7,6271988E-002	2,763184131278358E-001	2,000000000000000E+000
7,5344071E-002	2,731794823581986E-001	2,000000000000000E+000
7,4253984E-002	2,688491540547044E-001	2,000000000000000E+000
7,3292956E-002	2,644164737624424E-001	2,000000000000000E+000
7,2330244E-002	2,601527531062158E-001	2,000000000000000E+000
7,1248844E-002	2,558733006525378E-001	2,000000000000000E+000
7,0379108E-002	2,513633031760247E-001	2,000000000000000E+000
6,9420844E-002	2,465541895815275E-001	2,000000000000000E+000
6,8344548E-002	2,422405367768885E-001	2,000000000000000E+000
6,7276321E-002	2,363442814417382E-001	2,000000000000000E+000
6,6349246E-002	2,274492178241623E-001	2,000000000000000E+000
6,5383822E-002	2,257816708879545E-001	2,000000000000000E+000
6,4254023E-002	2,196336801474290E-001	2,000000000000000E+000
6,3442029E-002	2,132686849347210E-001	2,000000000000000E+000
6,2404789E-002	2,059510166808558E-001	2,000000000000000E+000
6,1267145E-002	1,989622816391705E-001	2,000000000000000E+000
6,0451113E-002	1,907281553139915E-001	2,000000000000000E+000
5,9490301E-002	1,816036716983137E-001	2,000000000000000E+000
5,8406364E-002	1,710835980872318E-001	2,000000000000000E+000
5,7433452E-002	1,613711720565328E-001	2,000000000000000E+000
5,6319159E-002	1,526001069643019E-001	2,000000000000000E+000
5,5293605E-002	1,462299100692490E-001	2,000000000000000E+000
5,4353170E-002	1,411702527871568E-001	2,000000000000000E+000
5,3411677E-002	1,366453173234027E-001	2,000000000000000E+000
5,2445136E-002	1,324055079474225E-001	2,000000000000000E+000
5,1377762E-002	1,291411212748951E-001	2,000000000000000E+000
5,0332882E-002	1,245190978127844E-001	2,000000000000000E+000
4,9300957E-002	1,208774171795493E-001	2,000000000000000E+000
4,8367739E-002	1,167504437099627E-001	2,000000000000000E+000
4,7408625E-002	1,114917577619459E-001	2,000000000000000E+000
4,6330635E-002	1,080010244428803E-001	2,000000000000000E+000
4,5416951E-002	1,026813077623956E-001	2,000000000000000E+000
4,4388209E-002	9,837639983743429E-002	2,000000000000000E+000
4,3337174E-002	9,334580016891614E-002	2,000000000000000E+000
4,2435162E-002	8,830476239220131E-002	2,000000000000000E+000
4,1389860E-002	8,309830191622813E-002	2,000000000000000E+000
4,0499102E-002	7,831276175177984E-002	2,000000000000000E+000
3,9449181E-002	6,844212347964973E-002	2,000000000000000E+000
3,8336564E-002	6,771001954459499E-002	2,000000000000000E+000
3,7449215E-002	6,152258174067071E-002	2,000000000000000E+000
3,6459956E-002	5,576964153765895E-002	2,000000000000000E+000
3,5395339E-002	4,986999540900207E-002	2,000000000000000E+000
3,4478039E-002	4,328872130847428E-002	2,000000000000000E+000
3,2516196E-002	3,845840304105279E-002	2,000000000000000E+000
3,0771201E-002	1,756834987706192E-002	2,000000000000000E+000
3,0083809E-002	1,065675264706241E-002	2,000000000000000E+000
2,8921964E-002	4,079710029751965E-003	2,000000000000000E+000
2,7907019E-002	-3,919970671227530E-003	2,000000000000000E+000
2,6947692E-002	-9,666516677195106E-003	2,000000000000000E+000
2,5821304E-002	-1,480583995160284E-002	2,000000000000000E+000
2,4880867E-002	-2,023283954056542E-002	2,000000000000000E+000
2,3924090E-002	-2,414611472340761E-002	2,000000000000000E+000
2,2947993E-002	-2,978956933980537E-002	2,000000000000000E+000
2,1939632E-002	-3,412489981080089E-002	2,000000000000000E+000
2,0973938E-002	-3,937766827423028E-002	2,000000000000000E+000
2,0048151E-002	-4,413467806362970E-002	2,000000000000000E+000
1,9086065E-002	-4,863455797183414E-002	2,000000000000000E+000
1,7892379E-002	-5,408844060083440E-002	2,000000000000000E+000
1,6998859E-002	-5,910292317599253E-002	2,000000000000000E+000
1,5949737E-002	-6,405286594397475E-002	2,000000000000000E+000
1,5010579E-002	-6,916366273071617E-002	2,000000000000000E+000
1,3937471E-002	-7,457456316074551E-002	2,000000000000000E+000
1,3091291E-002	-8,005291061838016E-002	2,000000000000000E+000
1,1999502E-002	-8,493538665869771E-002	2,000000000000000E+000
1,1101860E-002	-9,221022679573943E-002	2,000000000000000E+000
9,9955471E-003	-9,935778852862565E-002	2,000000000000000E+000
9,0323985E-003	-1,005175315399860E-001	2,000000000000000E+000
7,1385107E-003	-1,184244453931266E-001	2,000000000000000E+000
5,3370176E-003	-1,211795506985961E-001	2,000000000000000E+000
4,3950984E-003	-1,282652654012462E-001	2,000000000000000E+000
3,3729372E-003	-1,346676020960633E-001	2,000000000000000E+000
2,4942781E-003	-1,405487830440200E-001	2,000000000000000E+000
1,4379397E-003	-1,466110058956678E-001	2,000000000000000E+000
3,5718866E-004	-1,526850896965085E-001	2,000000000000000E+000
-5,6159188E-004	-1,584728512033397E-001	2,000000000000000E+000
-1,5287728E-003	-1,643767387528585E-001	2,000000000000000E+000
-2,6827611E-003	-1,699417219367908E-001	2,000000000000000E+000
-3,6038770E-003	-1,755126506840390E-001	2,000000000000000E+000
-4,5867674E-003	-1,808465265979373E-001	2,000000000000000E+000
-5,6853490E-003	-1,864861536305388E-001	2,000000000000000E+000
-6,5771705E-003	-1,913815438747407E-001	2,000000000000000E+000
-7,4942522E-003	-1,971876756546803E-001	2,000000000000000E+000
-8,6609786E-003	-2,024948803138815E-001	2,000000000000000E+000
-9,6576670E-003	-2,080577956771266E-001	2,000000000000000E+000
-1,0534416E-002	-2,130599108317659E-001	2,000000000000000E+000
-1,1726402E-002	-2,188375598440565E-001	2,000000000000000E+000
-1,2430142E-002	-2,237964819004343E-001	2,000000000000000E+000
-1,3516624E-002	-2,293502169583612E-001	2,000000000000000E+000
-1,4685472E-002	-2,347594241792743E-001	2,000000000000000E+000
-1,5585149E-002	-2,405501207750689E-001	2,000000000000000E+000
-1,6549569E-002	-2,455541600938886E-001	2,000000000000000E+000
-1,7718371E-002	-2,555725933828708E-001	2,000000000000000E+000
-1,8643115E-002	-2,566676691122765E-001	2,000000000000000E+000
-1,9537264E-002	-2,624824325191888E-001	2,000000000000000E+000
-2,0582775E-002	-2,678878315620942E-001	2,000000000000000E+000
-2,1533826E-002	-2,731850090850556E-001	2,000000000000000E+000
-2,2609906E-002	-2,783740763035079E-001	2,000000000000000E+000
-2,3593429E-002	-2,825407648148630E-001	2,000000000000000E+000
-2,4483766E-002	-2,882207072495153E-001	2,000000000000000E+000
-2,5564728E-002	-2,915519350725742E-001	2,000000000000000E+000
-2,6671801E-002	-2,955393284662717E-001	2,000000000000000E+000
-2,7609263E-002	-3,001149591420663E-001	2,000000000000000E+000
-2,8606586E-002	-3,053738536157953E-001	2,000000000000000E+000
-2,9523881E-002	-3,103916763534968E-001	2,000000000000000E+000
-3,0590624E-002	-3,170733435286406E-001	2,000000000000000E+000
-3,1572033E-002	-3,223205249394394E-001	2,000000000000000E+000
-3,2629434E-002	-3,291761328000566E-001	2,000000000000000E+000
-3,3563074E-002	-3,341877397356745E-001	2,000000000000000E+000
-3,4556787E-002	-3,406335095512778E-001	2,000000000000000E+000
-3,5516966E-002	-3,462107721974865E-001	2,000000000000000E+000
-3,6554411E-002	-3,521869307797809E-001	2,000000000000000E+000
-3,7525199E-002	-3,577865563953901E-001	2,000000000000000E+000
-3,8524225E-002	-3,634430380124174E-001	2,000000000000000E+000
-3,9617073E-002	-3,689893206788430E-001	2,000000000000000E+000
-4,0528424E-002	-3,746206696507413E-001	2,000000000000000E+000
-4,1584972E-002	-3,798554475781395E-001	2,000000000000000E+000
-4,2616263E-002	-3,853012061833090E-001	2,000000000000000E+000
-4,3567311E-002	-3,909575749809537E-001	2,000000000000000E+000
-4,4632353E-002	-3,965431549586365E-001	2,000000000000000E+000
-4,5465797E-002	-4,018448212753132E-001	2,000000000000000E+000
-4,6595581E-002	-4,073203798745648E-001	2,000000000000000E+000
-4,7598798E-002	-4,165682388573053E-001	2,000000000000000E+000
-4,8518877E-002	-4,191014222904190E-001	2,000000000000000E+000
-4,9510043E-002	-4,232086209683772E-001	2,000000000000000E+000
-5,0589945E-002	-4,273117007687688E-001	2,000000000000000E+000
-5,1543750E-002	-4,312781635154450E-001	2,000000000000000E+000
-5,2616015E-002	-4,343249122612178E-001	2,000000000000000E+000
-5,3472806E-002	-4,371745844578561E-001	2,000000000000000E+000
-5,4592192E-002	-4,380468094410976E-001	2,000000000000000E+000
-5,5559799E-002	-4,403051055398670E-001	2,000000000000000E+000
-5,6507450E-002	-4,436822526105143E-001	2,000000000000000E+000
-5,7597753E-002	-4,491455709147782E-001	2,000000000000000E+000
-5,8554742E-002	-4,546679754017129E-001	2,000000000000000E+000
-5,9509400E-002	-4,622970325354885E-001	2,000000000000000E+000
-6,0568076E-002	-4,681437539402378E-001	2,000000000000000E+000
-6,1480060E-002	-4,749249135299261E-001	2,000000000000000E+000
-6,2530033E-002	-4,816881616392887E-001	2,000000000000000E+000
-6,3512288E-002	-4,881357108242801E-001	2,000000000000000E+000
-6,4667970E-002	-4,950830427308848E-001	2,000000000000000E+000
-6,5492928E-002	-5,003029670980244E-001	2,000000000000000E+000
-6,6500224E-002	-5,062741686900432E-001	2,000000000000000E+000
-6,7513473E-002	-5,123625028774956E-001	2,000000000000000E+000
-6,8459854E-002	-5,181000476392601E-001	2,000000000000000E+000
-6,9531903E-002	-5,243062999409920E-001	2,000000000000000E+000
-7,0559576E-002	-5,300629703431481E-001	2,000000000000000E+000
-7,1529739E-002	-5,353276770975843E-001	2,000000000000000E+000
-7,2497763E-002	-5,413966099214198E-001	2,000000000000000E+000
-7,3472373E-002	-5,470669608459673E-001	2,000000000000000E+000
-7,4468426E-002	-5,526384027260853E-001	2,000000000000000E+000
-7,5678028E-002	-5,579159912239335E-001	2,000000000000000E+000
-7,6467320E-002	-5,623966261434052E-001	2,000000000000000E+000
-7,7512406E-002	-5,661930604320418E-001	2,000000000000000E+000
-7,8467280E-002	-5,700868193784494E-001	2,000000000000000E+000
-7,9463750E-002	-5,726559349439224E-001	2,000000000000000E+000
-8,0543458E-002	-5,790393126921476E-001	2,000000000000000E+000
-8,1633292E-002	-5,767458935992593E-001	2,000000000000000E+000
-8,2560174E-002	-5,742402509591695E-001	2,000000000000000E+000
-8,3580613E-002	-5,734249378244072E-001	2,000000000000000E+000
-8,4574550E-002	-5,750717135249737E-001	2,000000000000000E+000
-8,5629612E-002	-5,793625844849446E-001	2,000000000000000E+000
-8,6514637E-002	-5,858752013494559E-001	2,000000000000000E+000
-8,7591790E-002	-5,938729865786918E-001	2,000000000000000E+000
-8,8564903E-002	-6,014516547632702E-001	2,000000000000000E+000
-8,9551412E-002	-6,095220102514638E-001	2,000000000000000E+000
-9,0534925E-002	-6,167544305531507E-001	2,000000000000000E+000
-9,1529496E-002	-6,247115989940024E-001	2,000000000000000E+000
-9,2566937E-002	-6,318145420712704E-001	2,000000000000000E+000
-9,3495272E-002	-6,391623382353107E-001	2,000000000000000E+000
-9,4504707E-002	-6,461993811341582E-001	2,000000000000000E+000
-9,5412016E-002	-6,522944753782607E-001	2,000000000000000E+000
-9,6498922E-002	-6,586585407041827E-001	2,000000000000000E+000
-9,7451456E-002	-6,650609222965063E-001	2,000000000000000E+000
-9,8510131E-002	-6,712842770955607E-001	2,000000000000000E+000
-9,9494077E-002	-6,784329754817815E-001	2,000000000000000E+000
-1,0052665E-001	-6,835869707994977E-001	2,000000000000000E+000
-1,0151846E-001	-6,900918664307234E-001	2,000000000000000E+000
-1,0256694E-001	-6,962005087277934E-001	2,000000000000000E+000
-1,0348275E-001	-7,012795347513388E-001	2,000000000000000E+000
-1,0460341E-001	-7,059869389049691E-001	2,000000000000000E+000
-1,0553216E-001	-7,094228717808875E-001	2,000000000000000E+000
-1,0649553E-001	-7,122711282119969E-001	2,000000000000000E+000
-1,0755461E-001	-7,143970360565497E-001	2,000000000000000E+000
-1,0849866E-001	-7,144443505547091E-001	2,000000000000000E+000
-1,0939133E-001	-7,127717731830951E-001	2,000000000000000E+000
-1,1062642E-001	-7,069816743541075E-001	2,000000000000000E+000
-1,1161823E-001	-7,019678525005784E-001	2,000000000000000E+000
-1,1255164E-001	-7,014459799975139E-001	2,000000000000000E+000
-1,1356977E-001	-7,049739263020456E-001	2,000000000000000E+000
-1,1455288E-001	-7,120396833763341E-001	2,000000000000000E+000
-1,1555511E-001	-7,245407036712592E-001	2,000000000000000E+000
-1,1652754E-001	-7,314143094441121E-001	2,000000000000000E+000
-1,1754736E-001	-7,412808065613117E-001	2,000000000000000E+000
-1,1856549E-001	-7,504324840071286E-001	2,000000000000000E+000
-1,1955263E-001	-7,599546266719681E-001	2,000000000000000E+000
-1,2047460E-001	-7,690178939244756E-001	2,000000000000000E+000
-1,2151458E-001	-7,776415275099331E-001	2,000000000000000E+000
-1,2259959E-001	-7,856872483777462E-001	2,000000000000000E+000
-1,2356464E-001	-7,933568487771661E-001	2,000000000000000E+000
-1,2453502E-001	-8,002278241846308E-001	2,000000000000000E+000
-1,2551706E-001	-8,071218841812682E-001	2,000000000000000E+000
-1,2658402E-001	-8,158964105985227E-001	2,000000000000000E+000
-1,2750322E-001	-8,231677894687470E-001	2,000000000000000E+000
-1,2849227E-001	-8,298542032846141E-001	2,000000000000000E+000
-1,2966111E-001	-8,365007228631942E-001	2,000000000000000E+000
-1,3050899E-001	-8,433564517440040E-001	2,000000000000000E+000
-1,3146152E-001	-8,503491717597651E-001	2,000000000000000E+000
-1,3246161E-001	-8,550806226105312E-001	2,000000000000000E+000
-1,3345490E-001	-8,581072214680407E-001	2,000000000000000E+000
-1,3453205E-001	-8,608225054211069E-001	2,000000000000000E+000
-1,3546591E-001	-8,604216703420677E-001	2,000000000000000E+000
-1,3641568E-001	-8,598104031342562E-001	2,000000000000000E+000
-1,3754015E-001	-8,551126221815748E-001	2,000000000000000E+000
-1,3847995E-001	-8,446519005940196E-001	2,000000000000000E+000
-1,3949786E-001	-8,346389379455808E-001	2,000000000000000E+000
-1,4058477E-001	-8,306441395026098E-001	2,000000000000000E+000
-1,4158380E-001	-8,323336276743123E-001	2,000000000000000E+000
-1,4257368E-001	-8,398904961326874E-001	2,000000000000000E+000
-1,4349185E-001	-8,505856950974287E-001	2,000000000000000E+000
-1,4444628E-001	-8,625885330968393E-001	2,000000000000000E+000
-1,4541963E-001	-8,752169690301832E-001	2,000000000000000E+000
-1,4647503E-001	-8,915903246444117E-001	2,000000000000000E+000
-1,4749023E-001	-9,003557668895352E-001	2,000000000000000E+000
-1,4845209E-001	-9,116653607019956E-001	2,000000000000000E+000
-1,4941609E-001	-9,223954662577150E-001	2,000000000000000E+000
-1,5041831E-001	-9,330424858878050E-001	2,000000000000000E+000
-1,5143113E-001	-9,419753762582950E-001	2,000000000000000E+000
-1,5251018E-001	-9,502624636515939E-001	2,000000000000000E+000
-1,5345378E-001	-9,592216350655587E-001	2,000000000000000E+000
-1,5446745E-001	-9,681782924777096E-001	2,000000000000000E+000
-1,5550065E-001	-9,775582618183560E-001	2,000000000000000E+000
-1,5648353E-001	-9,858688269224416E-001	2,000000000000000E+000
-1,5744881E-001	-9,937533010832125E-001	2,000000000000000E+000
-1,5846419E-001	-1,001430075098245E+000	2,000000000000000E+000
-1,5959887E-001	-1,008940005674960E+000	2,000000000000000E+000
-1,6044526E-001	-1,014157820492986E+000	2,000000000000000E+000
-1,6146784E-001	-1,016846690637369E+000	2,000000000000000E+000
-1,6255198E-001	-1,017805222007958E+000	2,000000000000000E+000
-1,6348054E-001	-1,016427721207339E+000	2,000000000000000E+000
-1,6453113E-001	-1,013430577495857E+000	2,000000000000000E+000
-1,6548391E-001	-1,006107126362622E+000	2,000000000000000E+000
-1,6653492E-001	-9,899601206804327E-001	2,000000000000000E+000
-1,6747047E-001	-9,716884366029639E-001	2,000000000000000E+000
-1,6838288E-001	-9,594993190839904E-001	2,000000000000000E+000
-1,6946745E-001	-9,588879652631732E-001	2,000000000000000E+000
-1,7043805E-001	-9,670176036759344E-001	2,000000000000000E+000
-1,7144234E-001	-9,809054868916682E-001	2,000000000000000E+000
-1,7240232E-001	-9,960322544599514E-001	2,000000000000000E+000
-1,7354719E-001	-1,012195980590253E+000	2,000000000000000E+000
-1,7443582E-001	-1,028847388509249E+000	2,000000000000000E+000
-1,7546226E-001	-1,048047073702842E+000	2,000000000000000E+000
-1,7646737E-001	-1,060905543569891E+000	2,000000000000000E+000
-1,7753029E-001	-1,075763145461675E+000	2,000000000000000E+000
-1,7851233E-001	-1,088805482826299E+000	2,000000000000000E+000
-1,8024208E-001	-1,104567644768398E+000	2,000000000000000E+000
-1,8210962E-001	-1,122882318062082E+000	2,000000000000000E+000
-1,8306111E-001	-1,134597023949024E+000	2,000000000000000E+000
-1,8409556E-001	-1,143539436678918E+000	2,000000000000000E+000
-1,8509778E-001	-1,153426379896695E+000	2,000000000000000E+000
-1,8610531E-001	-1,163331905069441E+000	2,000000000000000E+000
-1,8707992E-001	-1,172500275282395E+000	2,000000000000000E+000
-1,8810144E-001	-1,179774608152606E+000	2,000000000000000E+000
-1,8908009E-001	-1,184160912616381E+000	2,000000000000000E+000
-1,9014408E-001	-1,184244186410478E+000	2,000000000000000E+000
-1,9114627E-001	-1,182213753047915E+000	2,000000000000000E+000
-1,9212024E-001	-1,176862672902640E+000	2,000000000000000E+000
-1,9309974E-001	-1,168415232561529E+000	2,000000000000000E+000
-1,9412975E-001	-1,151336666920945E+000	2,000000000000000E+000
-1,9512156E-001	-1,124766237516368E+000	2,000000000000000E+000
-1,9612761E-001	-1,097574267846845E+000	2,000000000000000E+000
-1,9709074E-001	-1,085909394133418E+000	2,000000000000000E+000
-1,9814579E-001	-1,086685884330006E+000	2,000000000000000E+000
-1,9904067E-001	-1,097704414810452E+000	2,000000000000000E+000
-1,9957906E-001	-1,104054480791092E+000	2,000000000000000E+000
-1,9950065E-001	-1,117608229319256E+000	2,000000000000000E+000
-1,9894336E-001	-1,063030493238729E+000	2,000000000000000E+000
-1,9793130E-001	-1,057787075638768E+000	2,000000000000000E+000
-1,9695628E-001	-1,059470499451788E+000	2,000000000000000E+000
-1,9593136E-001	-1,060207210584647E+000	2,000000000000000E+000
-1,9493023E-001	-1,060057711166635E+000	2,000000000000000E+000
-1,9393925E-001	-1,061814292230537E+000	2,000000000000000E+000
-1,9291201E-001	-1,062615258101783E+000	2,000000000000000E+000
-1,9194014E-001	-1,060585932495687E+000	2,000000000000000E+000
-1,9091523E-001	-1,057057773487436E+000	2,000000000000000E+000
-1,8992746E-001	-1,052425414013364E+000	2,000000000000000E+000
-1,8894330E-001	-1,047927616681492E+000	2,000000000000000E+000
-1,8793875E-001	-1,045309114166429E+000	2,000000000000000E+000
-1,8693207E-001	-1,040745687050116E+000	2,000000000000000E+000
-1,8590757E-001	-1,034916141587820E+000	2,000000000000000E+000
-1,8494125E-001	-1,029761343883973E+000	2,000000000000000E+000
-1,8392780E-001	-1,023007865374283E+000	2,000000000000000E+000
-1,8295063E-001	-1,017073829554850E+000	2,000000000000000E+000
-1,8189155E-001	-1,007552282056876E+000	2,000000000000000E+000
-1,8092243E-001	-9,948101705975017E-001	2,000000000000000E+000
-1,7992872E-001	-9,789403499000606E-001	2,000000000000000E+000
-1,7894733E-001	-9,613643160814158E-001	2,000000000000000E+000
-1,7791595E-001	-9,387797588068558E-001	2,000000000000000E+000
-1,7696121E-001	-9,145733207567686E-001	2,000000000000000E+000
-1,7587705E-001	-8,802597575510500E-001	2,000000000000000E+000
-1,7490034E-001	-8,472997924933825E-001	2,000000000000000E+000
-1,7390789E-001	-8,230832559573944E-001	2,000000000000000E+000
-1,7288975E-001	-8,108243691838410E-001	2,000000000000000E+000
-1,7193721E-001	-8,073948737647809E-001	2,000000000000000E+000
-1,7089574E-001	-8,094341844423756E-001	2,000000000000000E+000
-1,6983983E-001	-8,140273900806072E-001	2,000000000000000E+000
-1,6891216E-001	-8,188385415511799E-001	2,000000000000000E+000
-1,6789272E-001	-8,221312067471427E-001	2,000000000000000E+000
-1,6692385E-001	-8,258667354368487E-001	2,000000000000000E+000
-1,6589595E-001	-8,293943544332345E-001	2,000000000000000E+000
-1,6493642E-001	-8,297184511708711E-001	2,000000000000000E+000
-1,6390342E-001	-8,303527815474386E-001	2,000000000000000E+000
-1,6294390E-001	-8,282603808782145E-001	2,000000000000000E+000
-1,6196525E-001	-8,256593847957738E-001	2,000000000000000E+000
-1,6096729E-001	-8,232062653017529E-001	2,000000000000000E+000
-1,5993068E-001	-8,206476929804474E-001	2,000000000000000E+000
-1,5891871E-001	-8,179591362778509E-001	2,000000000000000E+000
-1,5796618E-001	-8,142405967228115E-001	2,000000000000000E+000
-1,5693764E-001	-8,093270603049931E-001	2,000000000000000E+000
-1,5588281E-001	-8,051852754627653E-001	2,000000000000000E+000
-1,5491605E-001	-7,998145053473600E-001	2,000000000000000E+000
-1,5395120E-001	-7,934588381192764E-001	2,000000000000000E+000
-1,5291271E-001	-7,855561016541390E-001	2,000000000000000E+000
-1,5192321E-001	-7,703651853630094E-001	2,000000000000000E+000
-1,5095927E-001	-7,600830753540815E-001	2,000000000000000E+000
-1,4988105E-001	-7,463348403366039E-001	2,000000000000000E+000
-1,4894721E-001	-7,275574761960231E-001	2,000000000000000E+000
-1,4795752E-001	-7,038230791480968E-001	2,000000000000000E+000
-1,4694281E-001	-6,788841261942302E-001	2,000000000000000E+000
-1,4598177E-001	-6,593414046801627E-001	2,000000000000000E+000
-1,4493285E-001	-6,470623373364397E-001	2,000000000000000E+000
-1,4391516E-001	-6,407337647138354E-001	2,000000000000000E+000
-1,4297919E-001	-6,406218788276110E-001	2,000000000000000E+000
-1,4191860E-001	-6,408551899819743E-001	2,000000000000000E+000
-1,4096139E-001	-6,444337618433771E-001	2,000000000000000E+000
-1,3990420E-001	-6,445477828383410E-001	2,000000000000000E+000
-1,3893214E-001	-6,456929203122836E-001	2,000000000000000E+000
-1,3792887E-001	-6,457889107987258E-001	2,000000000000000E+000
-1,3691945E-001	-6,458345312728628E-001	2,000000000000000E+000
-1,3588327E-001	-6,436821675548909E-001	2,000000000000000E+000
-1,3492714E-001	-6,422554699497063E-001	2,000000000000000E+000
-1,3393384E-001	-6,398225547745815E-001	2,000000000000000E+000
-1,3293122E-001	-6,360843820600866E-001	2,000000000000000E+000
-1,3191012E-001	-6,340529515097550E-001	2,000000000000000E+000
-1,3090026E-001	-6,300241187111375E-001	2,000000000000000E+000
-1,2993753E-001	-6,268423038741755E-001	2,000000000000000E+000
-1,2893851E-001	-6,225732131343751E-001	2,000000000000000E+000
-1,2798271E-001	-6,134494501683427E-001	2,000000000000000E+000
-1,2695111E-001	-6,113687376491708E-001	2,000000000000000E+000
-1,2592769E-001	-6,056750182890234E-001	2,000000000000000E+000
-1,2490191E-001	-5,979509434869668E-001	2,000000000000000E+000
-1,2393472E-001	-5,895023693123616E-001	2,000000000000000E+000
-1,2293380E-001	-5,794414024696533E-001	2,000000000000000E+000
-1,2193731E-001	-5,686511979955754E-001	2,000000000000000E+000
-1,2096166E-001	-5,554874419855569E-001	2,000000000000000E+000
-1,1993907E-001	-5,383298600920359E-001	2,000000000000000E+000
-1,1895320E-001	-5,204032031922694E-001	2,000000000000000E+000
-1,1796500E-001	-5,037309408912236E-001	2,000000000000000E+000
-1,1690972E-001	-4,912741913770589E-001	2,000000000000000E+000
-1,1593617E-001	-4,853932189806898E-001	2,000000000000000E+000
-1,1489534E-001	-4,824633525374034E-001	2,000000000000000E+000
-1,1394767E-001	-4,805502449679704E-001	2,000000000000000E+000
-1,1291341E-001	-4,807035186741881E-001	2,000000000000000E+000
-1,1191396E-001	-4,795790789648891E-001	2,000000000000000E+000
-1,1094382E-001	-4,776877209078503E-001	2,000000000000000E+000
-1,0995732E-001	-4,775991528036290E-001	2,000000000000000E+000
-1,0891625E-001	-4,761315657136338E-001	2,000000000000000E+000
-1,0791469E-001	-4,737023579784569E-001	2,000000000000000E+000
-1,0691440E-001	-4,702601550509113E-001	2,000000000000000E+000
-1,0594233E-001	-4,658181309544775E-001	2,000000000000000E+000
-1,0490701E-001	-4,621345747986592E-001	2,000000000000000E+000
-1,0394653E-001	-4,554919740961250E-001	2,000000000000000E+000
-1,0215312E-001	-4,163905130990311E-001	2,000000000000000E+000
-1,0044040E-001	-4,389661763949926E-001	2,000000000000000E+000
-9,9359661E-002	-4,318071358009346E-001	2,000000000000000E+000
-9,8330721E-002	-4,249842078942381E-001	2,000000000000000E+000
-9,7310245E-002	-4,185849207246477E-001	2,000000000000000E+000
-9,6322052E-002	-4,117714574870961E-001	2,000000000000000E+000
-9,5317513E-002	-4,042141905002685E-001	2,000000000000000E+000
-9,4461776E-002	-3,949522364418938E-001	2,000000000000000E+000
-9,3346849E-002	-3,860416755908056E-001	2,000000000000000E+000
-9,2333809E-002	-3,757935847776617E-001	2,000000000000000E+000
-9,1432236E-002	-3,609044821674197E-001	2,000000000000000E+000
-9,0410069E-002	-3,470437276797993E-001	2,000000000000000E+000
-8,9323796E-002	-3,351321872841146E-001	2,000000000000000E+000
-8,8284224E-002	-3,267717284357374E-001	2,000000000000000E+000
-8,7376267E-002	-3,209910880153357E-001	2,000000000000000E+000
-8,6341798E-002	-3,177940157345596E-001	2,000000000000000E+000
-8,5400738E-002	-3,150649940750245E-001	2,000000000000000E+000
-8,4417835E-002	-3,127725716266366E-001	2,000000000000000E+000
-8,3476767E-002	-3,100890195152406E-001	2,000000000000000E+000
-8,2359508E-002	-3,075537175043586E-001	2,000000000000000E+000
-8,1254557E-002	-3,043673655225165E-001	2,000000000000000E+000
-8,0485001E-002	-3,014165932674784E-001	2,000000000000000E+000
-7,9348691E-002	-2,939739050343642E-001	2,000000000000000E+000
-7,8413323E-002	-2,920887592093395E-001	2,000000000000000E+000
-7,7403270E-002	-2,886658524318273E-001	2,000000000000000E+000
-7,6379620E-002	-2,847073597885252E-001	2,000000000000000E+000
-7,5330719E-002	-2,796345056655494E-001	2,000000000000000E+000
-7,4363753E-002	-2,753119054509101E-001	2,000000000000000E+000
-7,3371947E-002	-2,707351965105360E-001	2,000000000000000E+000
-7,2355099E-002	-2,656542562569175E-001	2,000000000000000E+000
-7,1475156E-002	-2,609381622686562E-001	2,000000000000000E+000
-7,0302062E-002	-2,560017905974128E-001	2,000000000000000E+000
-6,9473080E-002	-2,501523893895667E-001	2,000000000000000E+000
-6,8464503E-002	-2,436767784852734E-001	2,000000000000000E+000
-6,7313477E-002	-2,371326616137384E-001	2,000000000000000E+000
-6,6456899E-002	-2,293900372201780E-001	2,000000000000000E+000
-6,5324359E-002	-2,218859970388518E-001	2,000000000000000E+000
-6,4506829E-002	-2,131414018674858E-001	2,000000000000000E+000
-6,3365370E-002	-2,026518635943324E-001	2,000000000000000E+000
-6,2375896E-002	-1,914911379701350E-001	2,000000000000000E+000
-6,1402775E-002	-1,814276695173846E-001	2,000000000000000E+000
-6,0435589E-002	-1,741963158387485E-001	2,000000000000000E+000
-5,9458643E-002	-1,679994954029085E-001	2,000000000000000E+000
-5,8384046E-002	-1,639304179698226E-001	2,000000000000000E+000
-5,7413474E-002	-1,595789522786313E-001	2,000000000000000E+000
-5,6294929E-002	-1,559970805990609E-001	2,000000000000000E+000
-5,5306736E-002	-1,520036164697053E-001	2,000000000000000E+000
-5,4382011E-002	-1,480237659868886E-001	2,000000000000000E+000
-5,3415041E-002	-1,440657206629916E-001	2,000000000000000E+000
-5,2404340E-002	-1,402863962705143E-001	2,000000000000000E+000
-5,1412743E-002	-1,319524388398143E-001	2,000000000000000E+000
-5,0368972E-002	-1,301265314557689E-001	2,000000000000000E+000
-4,9404126E-002	-1,254426862061440E-001	2,000000000000000E+000
-4,8442245E-002	-1,208495521956745E-001	2,000000000000000E+000
-4,7434527E-002	-1,161218560365440E-001	2,000000000000000E+000
-4,6402808E-002	-1,112213701902269E-001	2,000000000000000E+000
-4,5459405E-002	-1,065620765051180E-001	2,000000000000000E+000
-4,4410069E-002	-1,011414605891329E-001	2,000000000000000E+000
-4,3415505E-002	-9,609162645776637E-002	2,000000000000000E+000
-4,2399924E-002	-9,099989274464948E-002	2,000000000000000E+000
-4,1397080E-002	-8,572720767309255E-002	2,000000000000000E+000
-4,0443484E-002	-7,970529836085127E-002	2,000000000000000E+000
-3,9443187E-002	-7,352543897771557E-002	2,000000000000000E+000
-3,8381547E-002	-6,711043577201459E-002	2,000000000000000E+000
-3,7557654E-002	-6,024253596357676E-002	2,000000000000000E+000
-3,6461830E-002	-5,335676605722656E-002	2,000000000000000E+000
-3,5400823E-002	-4,535710011583005E-002	2,000000000000000E+000
-3,4420267E-002	-3,641139814216210E-002	2,000000000000000E+000
-3,3460516E-002	-2,853038849005113E-002	2,000000000000000E+000
-3,2358747E-002	-2,147739553927548E-002	2,000000000000000E+000
-3,0577043E-002	-1,313157435227674E-002	2,000000000000000E+000
-2,9054599E-002	-5,716553962985101E-003	2,000000000000000E+000
-2,8043052E-002	3,636760829269621E-003	2,000000000000000E+000
-2,7028322E-002	5,616654811698665E-003	2,000000000000000E+000
-2,5798550E-002	1,121282654316424E-002	2,000000000000000E+000
-2,4830518E-002	1,630589553517194E-002	2,000000000000000E+000
-2,3943793E-002	2,142940619928096E-002	2,000000000000000E+000
-2,3018992E-002	2,940048667046050E-002	2,000000000000000E+000
-2,2099897E-002	3,220918889726632E-002	2,000000000000000E+000
-2,0851020E-002	3,635051901478120E-002	2,000000000000000E+000
-1,9925021E-002	4,228223609970883E-002	2,000000000000000E+000
-1,8787591E-002	4,666562343158551E-002	2,000000000000000E+000
-1,7957117E-002	5,252305723519790E-002	2,000000000000000E+000
-1,6976140E-002	5,709694285501934E-002	2,000000000000000E+000
-1,6083894E-002	6,267346617985625E-002	2,000000000000000E+000
-1,5000382E-002	6,779831112362467E-002	2,000000000000000E+000
-1,4061222E-002	7,289306065973132E-002	2,000000000000000E+000
-1,3114422E-002	7,863619650015607E-002	2,000000000000000E+000
-1,2033032E-002	8,428396071152156E-002	2,000000000000000E+000
-1,1150765E-002	9,009189638567916E-002	2,000000000000000E+000
-1,0145585E-002	9,577846043329297E-002	2,000000000000000E+000
-8,8877911E-003	1,016319171434995E-001	2,000000000000000E+000
-7,9980930E-003	1,075273235845898E-001	2,000000000000000E+000
-5,4452354E-003	1,276745337175124E-001	2,000000000000000E+000
-4,3489877E-003	1,305073980733547E-001	2,000000000000000E+000
-3,5072649E-003	1,364655245173103E-001	2,000000000000000E+000
-2,5031476E-003	1,422337317684050E-001	2,000000000000000E+000
-1,4519033E-003	1,476088608744458E-001	2,000000000000000E+000
-5,1996106E-004	1,532101048829242E-001	2,000000000000000E+000
4,1848325E-004	1,575918187736539E-001	2,000000000000000E+000
8,5050793E-004	1,608194112777710E-001	3,000000000000000E+000
1,3579703E-003	1,625528725433267E-001	3,000000000000000E+000
2,3177208E-003	1,684304683650324E-001	3,000000000000000E+000
3,3400948E-003	1,732606398096936E-001	3,000000000000000E+000
4,2274576E-003	1,788968351643740E-001	3,000000000000000E+000
5,2810628E-003	1,872739550631706E-001	3,000000000000000E+000
6,4076125E-003	1,897730579496266E-001	3,000000000000000E+000
7,3747868E-003	1,954326240682160E-001	3,000000000000000E+000
8,2899584E-003	2,006150240777065E-001	3,000000000000000E+000
9,3823839E-003	2,063212032015951E-001	3,000000000000000E+000
1,0316449E-002	2,115934045804261E-001	3,000000000000000E+000
1,1422462E-002	2,167378323307880E-001	3,000000000000000E+000
1,2373297E-002	2,222820299729293E-001	3,000000000000000E+000
1,3312456E-002	2,275455988710746E-001	3,000000000000000E+000
1,4472388E-002	2,327309678851937E-001	3,000000000000000E+000
1,5284177E-002	2,384719240556789E-001	3,000000000000000E+000
1,6431583E-002	2,434463709877379E-001	3,000000000000000E+000
1,7363526E-002	2,486504394457576E-001	3,000000000000000E+000
1,8364673E-002	2,534308720431815E-001	3,000000000000000E+000
1,9375797E-002	2,588399870372893E-001	3,000000000000000E+000
2,0326633E-002	2,632448414288882E-001	3,000000000000000E+000
2,1391248E-002	2,679090080006672E-001	3,000000000000000E+000
2,2284131E-002	2,723889044589473E-001	3,000000000000000E+000
2,3343017E-002	2,773754219007154E-001	3,000000000000000E+000
2,4421643E-002	2,822843838948756E-001	3,000000000000000E+000
2,5385216E-002	2,877922669932673E-001	3,000000000000000E+000
2,6352821E-002	2,947854611556977E-001	3,000000000000000E+000
2,7368825E-002	3,000736285466701E-001	3,000000000000000E+000
2,8381221E-002	3,061748255665107E-001	3,000000000000000E+000
2,9224854E-002	3,121880115941167E-001	3,000000000000000E+000
3,0334687E-002	3,173404806034856E-001	3,000000000000000E+000
3,1226505E-002	3,236242584211562E-001	3,000000000000000E+000
3,2382835E-002	3,291666523501704E-001	3,000000000000000E+000
3,3353627E-002	3,342454514673197E-001	3,000000000000000E+000
3,4323137E-002	3,403713159366624E-001	3,000000000000000E+000
3,5273928E-002	3,457617517302043E-001	3,000000000000000E+000
3,6350872E-002	3,534532662791507E-001	3,000000000000000E+000
3,7471317E-002	3,576843936203256E-001	3,000000000000000E+000
3,8264852E-002	3,625021926386087E-001	3,000000000000000E+000
3,9364494E-002	3,688396493542112E-001	3,000000000000000E+000
4,0334437E-002	3,739823703912817E-001	3,000000000000000E+000
4,1282300E-002	3,786783124734123E-001	3,000000000000000E+000
4,2384278E-002	3,848563670180742E-001	3,000000000000000E+000
4,3306243E-002	3,892035197932285E-001	3,000000000000000E+000
4,4350483E-002	3,947520797503090E-001	3,000000000000000E+000
4,5273721E-002	3,989688266689591E-001	3,000000000000000E+000
4,6269771E-002	4,033077092737798E-001	3,000000000000000E+000
4,7262639E-002	4,073626966112183E-001	3,000000000000000E+000
4,8379052E-002	4,101697821687504E-001	3,000000000000000E+000
4,9260043E-002	4,134594205404738E-001	3,000000000000000E+000
5,0296646E-002	4,150414812999479E-001	3,000000000000000E+000
5,1313497E-002	4,173844338187749E-001	3,000000000000000E+000
5,2357309E-002	4,219113764508320E-001	3,000000000000000E+000
5,3371191E-002	4,272653685572241E-001	3,000000000000000E+000
5,4337095E-002	4,337754124361606E-001	3,000000000000000E+000
5,5269890E-002	4,403944526954247E-001	3,000000000000000E+000
5,6289505E-002	4,469116112838165E-001	3,000000000000000E+000
5,7596970E-002	4,533267761839355E-001	3,000000000000000E+000
5,8171216E-002	4,598500002951695E-001	3,000000000000000E+000
5,9293576E-002	4,660605069560306E-001	3,000000000000000E+000
6,0296211E-002	4,726012530736625E-001	3,000000000000000E+000
6,1387144E-002	4,782980619671076E-001	3,000000000000000E+000
6,2357932E-002	4,835565251349996E-001	3,000000000000000E+000
6,3334025E-002	4,897711736719224E-001	3,000000000000000E+000
6,4226493E-002	4,949160680795703E-001	3,000000000000000E+000
6,5381110E-002	5,008307659688152E-001	3,000000000000000E+000
6,6311151E-002	5,067412126291968E-001	3,000000000000000E+000
6,7309499E-002	5,157998952911171E-001	3,000000000000000E+000
6,8189219E-002	5,192686574947505E-001	3,000000000000000E+000
6,9326647E-002	5,240317551522604E-001	3,000000000000000E+000
7,0341162E-002	5,299938546700638E-001	3,000000000000000E+000
7,1221523E-002	5,348187548936254E-001	3,000000000000000E+000
7,2373599E-002	5,398287857986208E-001	3,000000000000000E+000
7,3287502E-002	5,430116152080409E-001	3,000000000000000E+000
7,4384816E-002	5,470188154011142E-001	3,000000000000000E+000
7,5326517E-002	5,495513210900986E-001	3,000000000000000E+000
7,6177150E-002	5,513944222281388E-001	3,000000000000000E+000
7,7344730E-002	5,522956743629450E-001	3,000000000000000E+000
7,8372627E-002	5,504200715675136E-001	3,000000000000000E+000
7,9246402E-002	5,512336909564013E-001	3,000000000000000E+000
8,0275573E-002	5,535817662667899E-001	3,000000000000000E+000
8,1334032E-002	5,581636667872498E-001	3,000000000000000E+000
8,2304612E-002	5,654909691980334E-001	3,000000000000000E+000
8,3172016E-002	5,729137465047334E-001	3,000000000000000E+000
8,4283546E-002	5,802816114284939E-001	3,000000000000000E+000
8,5171968E-002	5,876660499618307E-001	3,000000000000000E+000
8,6290725E-002	5,955251109682855E-001	3,000000000000000E+000
8,7260656E-002	6,023828845678105E-001	3,000000000000000E+000
8,8312969E-002	6,095737556202554E-001	3,000000000000000E+000
8,9330241E-002	6,161513151083575E-001	3,000000000000000E+000
9,0260908E-002	6,230891154458114E-001	3,000000000000000E+000
9,1304719E-002	6,289617826437794E-001	3,000000000000000E+000
9,2455529E-002	6,352834602196999E-001	3,000000000000000E+000
9,3270920E-002	6,415405495920119E-001	3,000000000000000E+000
9,4355077E-002	6,477988706384270E-001	3,000000000000000E+000
9,5276192E-002	6,542560014770302E-001	3,000000000000000E+000
9,6252494E-002	6,602824836865926E-001	3,000000000000000E+000
9,7309902E-002	6,658001035555392E-001	3,000000000000000E+000
9,8332502E-002	6,764660253603427E-001	3,000000000000000E+000
9,9234037E-002	6,777266657704271E-001	3,000000000000000E+000
1,0031691E-001	6,826839322845162E-001	3,000000000000000E+000
1,0127687E-001	6,856910513403540E-001	3,000000000000000E+000
1,0215129E-001	6,882610832754947E-001	3,000000000000000E+000
1,0334732E-001	6,902293692239505E-001	3,000000000000000E+000
1,0432043E-001	6,906479708333064E-001	3,000000000000000E+000
1,0531224E-001	6,880779306197344E-001	3,000000000000000E+000
1,0631147E-001	6,836022050637371E-001	3,000000000000000E+000
1,0730879E-001	6,795725903680783E-001	3,000000000000000E+000
1,0828977E-001	6,791341745087678E-001	3,000000000000000E+000
1,0922702E-001	6,842513564560155E-001	3,000000000000000E+000
1,1023029E-001	6,917676173874909E-001	3,000000000000000E+000
1,1133970E-001	7,004941225362353E-001	3,000000000000000E+000
1,1215043E-001	7,096670366202806E-001	3,000000000000000E+000
1,1325665E-001	7,188372176864934E-001	3,000000000000000E+000
1,1431065E-001	7,281945478688518E-001	3,000000000000000E+000
1,1532942E-001	7,366579779320295E-001	3,000000000000000E+000
1,1615861E-001	7,460059279886391E-001	3,000000000000000E+000
1,1723067E-001	7,536120575645775E-001	3,000000000000000E+000
1,1824901E-001	7,613118641699348E-001	3,000000000000000E+000
1,1938156E-001	7,684145910768923E-001	3,000000000000000E+000
1,2029652E-001	7,754926578555681E-001	3,000000000000000E+000
1,2135965E-001	7,832409181735596E-001	3,000000000000000E+000
1,2225337E-001	7,905676451304755E-001	3,000000000000000E+000
1,2347019E-001	7,971111150561967E-001	3,000000000000000E+000
1,2437115E-001	8,037640066920897E-001	3,000000000000000E+000
1,2535658E-001	8,107892143954016E-001	3,000000000000000E+000
1,2631209E-001	8,169514649651131E-001	3,000000000000000E+000
1,2722832E-001	8,231693645421823E-001	3,000000000000000E+000
1,2822926E-001	8,281624169709794E-001	3,000000000000000E+000
1,2921385E-001	8,309664047426635E-001	3,000000000000000E+000
1,3028695E-001	8,319381676200379E-001	3,000000000000000E+000
1,3122763E-001	8,362549721027985E-001	3,000000000000000E+000
1,3236077E-001	8,323722430504934E-001	3,000000000000000E+000
1,3319251E-001	8,260069633834091E-001	3,000000000000000E+000
1,3422529E-001	8,163538751284545E-001	3,000000000000000E+000
1,3527316E-001	8,078073736590676E-001	3,000000000000000E+000
1,3635635E-001	8,038228835849193E-001	3,000000000000000E+000
1,3722283E-001	8,075713319703954E-001	3,000000000000000E+000
1,3839848E-001	8,165322709828651E-001	3,000000000000000E+000
1,3925017E-001	8,283029915764937E-001	3,000000000000000E+000
1,4035322E-001	8,400090272124467E-001	3,000000000000000E+000
1,4131320E-001	8,522326317098421E-001	3,000000000000000E+000
1,4236654E-001	8,631707004581912E-001	3,000000000000000E+000
1,4327171E-001	8,740664197442447E-001	3,000000000000000E+000
1,4432617E-001	8,853527750923416E-001	3,000000000000000E+000
1,4533347E-001	8,961081883042255E-001	3,000000000000000E+000
1,4626287E-001	9,053541918595647E-001	3,000000000000000E+000
1,4728163E-001	9,145216732285952E-001	3,000000000000000E+000
1,4828108E-001	9,223729986180039E-001	3,000000000000000E+000
1,4926821E-001	9,315627587234836E-001	3,000000000000000E+000
1,5025258E-001	9,398144311271626E-001	3,000000000000000E+000
1,5125161E-001	9,524703942653208E-001	3,000000000000000E+000
1,5228795E-001	9,576867389389214E-001	3,000000000000000E+000
1,5321247E-001	9,643688807781376E-001	3,000000000000000E+000
1,5432082E-001	9,726652234482316E-001	3,000000000000000E+000
1,5532835E-001	9,789458334238983E-001	3,000000000000000E+000
1,5617897E-001	9,837337353577187E-001	3,000000000000000E+000
1,5721832E-001	9,857057588588898E-001	3,000000000000000E+000
1,5828231E-001	9,856352515311713E-001	3,000000000000000E+000
1,5931168E-001	9,846112544958814E-001	3,000000000000000E+000
1,6018271E-001	9,810736008609364E-001	3,000000000000000E+000
1,6138998E-001	9,704068899154684E-001	3,000000000000000E+000
1,6235992E-001	9,551497320644557E-001	3,000000000000000E+000
1,6331416E-001	9,383304865252988E-001	3,000000000000000E+000
1,6432160E-001	9,316616163803957E-001	3,000000000000000E+000
1,6535193E-001	9,342589277463658E-001	3,000000000000000E+000
1,6634884E-001	9,441318503684497E-001	3,000000000000000E+000
1,6727208E-001	9,588659584729200E-001	3,000000000000000E+000
1,6837510E-001	9,744187247835931E-001	3,000000000000000E+000
1,6935991E-001	9,898571000537935E-001	3,000000000000000E+000
1,7031583E-001	1,004910255678826E+000	3,000000000000000E+000
1,7135012E-001	1,018932498577573E+000	3,000000000000000E+000
1,7224255E-001	1,032943327186839E+000	3,000000000000000E+000
1,7331928E-001	1,046212342774703E+000	3,000000000000000E+000
1,7425931E-001	1,057884539787977E+000	3,000000000000000E+000
1,7530544E-001	1,068345423891316E+000	3,000000000000000E+000
1,7617825E-001	1,083359531333880E+000	3,000000000000000E+000
1,7723170E-001	1,089489831589168E+000	3,000000000000000E+000
1,7901614E-001	1,106520565304283E+000	3,000000000000000E+000
1,8091032E-001	1,117810893182959E+000	3,000000000000000E+000
1,8193141E-001	1,126901229843501E+000	3,000000000000000E+000
1,8291767E-001	1,136030306418737E+000	3,000000000000000E+000
1,8388677E-001	1,143291360181245E+000	3,000000000000000E+000
1,8493782E-001	1,146655101639530E+000	3,000000000000000E+000
1,8591179E-001	1,147492568732968E+000	3,000000000000000E+000
1,8691294E-001	1,144098663392173E+000	3,000000000000000E+000
1,8789604E-001	1,139321405337096E+000	3,000000000000000E+000
1,8890037E-001	1,129402562044572E+000	3,000000000000000E+000
1,8991084E-001	1,108978427843095E+000	3,000000000000000E+000
1,9088507E-001	1,082956397181590E+000	3,000000000000000E+000
1,9190291E-001	1,063325089560106E+000	3,000000000000000E+000
1,9293578E-001	1,057515137414969E+000	3,000000000000000E+000
1,9391166E-001	1,063790802533434E+000	3,000000000000000E+000
1,9494444E-001	1,078861781913371E+000	3,000000000000000E+000
1,9590545E-001	1,098312302803006E+000	3,000000000000000E+000
1,9696987E-001	1,117837410834104E+000	3,000000000000000E+000
1,9795720E-001	1,138635591293376E+000	3,000000000000000E+000
1,9893585E-001	1,157186598206557E+000	3,000000000000000E+000
1,9988798E-001	1,175885954561334E+000	3,000000000000000E+000
2,0039189E-001	1,185328632593155E+000	3,000000000000000E+000
2,0047466E-001	1,184345304965973E+000	3,000000000000000E+000
1,9988239E-001	1,140591179745069E+000	3,000000000000000E+000
1,9889547E-001	1,130706337797982E+000	3,000000000000000E+000
1,9789177E-001	1,122602507575522E+000	3,000000000000000E+000
1,9690232E-001	1,115343010156522E+000	3,000000000000000E+000
1,9594574E-001	1,108131273235715E+000	3,000000000000000E+000
1,9489832E-001	1,102589293383065E+000	3,000000000000000E+000
1,9389443E-001	1,097673063166445E+000	3,000000000000000E+000
1,9290644E-001	1,092169853341249E+000	3,000000000000000E+000
1,9188426E-001	1,084554545063942E+000	3,000000000000000E+000
1,9087866E-001	1,077778232801296E+000	3,000000000000000E+000
1,8985204E-001	1,070640816974152E+000	3,000000000000000E+000
1,8886237E-001	1,061769467571546E+000	3,000000000000000E+000
1,8786016E-001	1,049389087802009E+000	3,000000000000000E+000
1,8686357E-001	1,031486793421205E+000	3,000000000000000E+000
1,8587829E-001	1,014688396826392E+000	3,000000000000000E+000
1,8488966E-001	9,944726392212822E-001	3,000000000000000E+000
1,8388173E-001	9,707669125766403E-001	3,000000000000000E+000
1,8287335E-001	9,376472384772363E-001	3,000000000000000E+000
1,8190044E-001	8,997286462949390E-001	3,000000000000000E+000
1,8089533E-001	8,653196258884375E-001	3,000000000000000E+000
1,7992622E-001	8,476650777997254E-001	3,000000000000000E+000
1,7889298E-001	8,408246513766526E-001	3,000000000000000E+000
1,7789654E-001	8,435566674193584E-001	3,000000000000000E+000
1,7691682E-001	8,488282335715152E-001	3,000000000000000E+000
1,7591146E-001	8,539958142985959E-001	3,000000000000000E+000
1,7490816E-001	8,594741869407407E-001	3,000000000000000E+000
1,7388090E-001	8,633545423443962E-001	3,000000000000000E+000
1,7286639E-001	8,682754957634558E-001	3,000000000000000E+000
1,7193593E-001	8,701350477834531E-001	3,000000000000000E+000
1,7084223E-001	8,707354193967234E-001	3,000000000000000E+000
1,6992261E-001	8,692010431550479E-001	3,000000000000000E+000
1,6891870E-001	8,667161343619219E-001	3,000000000000000E+000
1,6784219E-001	8,652029276515059E-001	3,000000000000000E+000
1,6688585E-001	8,630516747944110E-001	3,000000000000000E+000
1,6581190E-001	8,592281169258076E-001	3,000000000000000E+000
1,6492748E-001	8,565416545089768E-001	3,000000000000000E+000
1,6387646E-001	8,520185115954142E-001	3,000000000000000E+000
1,6288975E-001	8,492212753949886E-001	3,000000000000000E+000
1,6188054E-001	8,439984821404032E-001	3,000000000000000E+000
1,6087282E-001	8,372736506991934E-001	3,000000000000000E+000
1,5987550E-001	8,290632340746651E-001	3,000000000000000E+000
1,5888964E-001	8,177113066323960E-001	3,000000000000000E+000
1,5787318E-001	8,056210988304686E-001	3,000000000000000E+000
1,5694764E-001	7,909950388388491E-001	3,000000000000000E+000
1,5586433E-001	7,735611682033383E-001	3,000000000000000E+000
1,5483326E-001	7,503428301877442E-001	3,000000000000000E+000
1,5386343E-001	7,203551376652388E-001	3,000000000000000E+000
1,5285817E-001	6,962409517727810E-001	3,000000000000000E+000
1,5186593E-001	6,810282975331772E-001	3,000000000000000E+000
1,5093888E-001	6,729494670612937E-001	3,000000000000000E+000
1,4986151E-001	6,725882411313577E-001	3,000000000000000E+000
1,4889392E-001	6,740457536652729E-001	3,000000000000000E+000
1,4787747E-001	6,774800352027861E-001	3,000000000000000E+000
1,4689247E-001	6,799320055482303E-001	3,000000000000000E+000
1,4589302E-001	6,802205072922867E-001	3,000000000000000E+000
1,4488953E-001	6,816420153093841E-001	3,000000000000000E+000
1,4393955E-001	6,818546646067667E-001	3,000000000000000E+000
1,4288746E-001	6,816350840963448E-001	3,000000000000000E+000
1,4186977E-001	6,801637924379751E-001	3,000000000000000E+000
1,4089176E-001	6,771580712973266E-001	3,000000000000000E+000
1,3993518E-001	6,743745634642764E-001	3,000000000000000E+000
1,3891941E-001	6,716881482344563E-001	3,000000000000000E+000
1,3789257E-001	6,692881783367053E-001	3,000000000000000E+000
1,3688590E-001	6,659233568546707E-001	3,000000000000000E+000
1,3591470E-001	6,606868328009217E-001	3,000000000000000E+000
1,3489486E-001	6,567879430432306E-001	3,000000000000000E+000
1,3389690E-001	6,521236853570600E-001	3,000000000000000E+000
1,3291486E-001	6,477283448394822E-001	3,000000000000000E+000
1,3194215E-001	6,402402760771437E-001	3,000000000000000E+000
1,3089876E-001	6,309049242279619E-001	3,000000000000000E+000
1,2990463E-001	6,213685096655475E-001	3,000000000000000E+000
1,2891114E-001	6,100998562243256E-001	3,000000000000000E+000
1,2787347E-001	5,974049470387408E-001	3,000000000000000E+000
1,2693091E-001	5,808281513034483E-001	3,000000000000000E+000
1,2586229E-001	5,598995184215418E-001	3,000000000000000E+000
1,2492526E-001	5,399298522000500E-001	3,000000000000000E+000
1,2393048E-001	5,266902284282775E-001	3,000000000000000E+000
1,2290090E-001	5,193326839038921E-001	3,000000000000000E+000
1,2188192E-001	5,153526541156097E-001	3,000000000000000E+000
1,2088841E-001	5,154693022163386E-001	3,000000000000000E+000
1,1992994E-001	5,144191382763299E-001	3,000000000000000E+000
1,1889737E-001	5,148588548310959E-001	3,000000000000000E+000
1,1788668E-001	5,142929029340566E-001	3,000000000000000E+000
1,1688829E-001	5,132300221982111E-001	3,000000000000000E+000
1,1585764E-001	5,113837350056407E-001	3,000000000000000E+000
1,1485882E-001	5,099241308247073E-001	3,000000000000000E+000
1,1384410E-001	5,079595204442757E-001	3,000000000000000E+000
1,1282343E-001	5,042749559506765E-001	3,000000000000000E+000
1,1186175E-001	4,997639866131864E-001	3,000000000000000E+000
1,1088333E-001	4,959499533805590E-001	3,000000000000000E+000
1,0988133E-001	4,936735416865989E-001	3,000000000000000E+000
1,0892732E-001	4,900085317591831E-001	3,000000000000000E+000
1,0788500E-001	4,850727436650146E-001	3,000000000000000E+000
1,0687258E-001	4,804063942542083E-001	3,000000000000000E+000
1,0588821E-001	4,759277725437034E-001	3,000000000000000E+000
1,0487518E-001	4,712497293173050E-001	3,000000000000000E+000
1,0390078E-001	4,652123281266540E-001	3,000000000000000E+000
1,0286249E-001	4,575874354017699E-001	3,000000000000000E+000
1,0182334E-001	4,490205879426679E-001	3,000000000000000E+000
1,0004235E-001	3,951176829162115E-001	3,000000000000000E+000
9,8348998E-002	4,038942449234928E-001	3,000000000000000E+000
9,7279459E-002	3,885504799481065E-001	3,000000000000000E+000
9,6305281E-002	3,756235012681128E-001	3,000000000000000E+000
9,5413886E-002	3,663057582970293E-001	3,000000000000000E+000
9,4433330E-002	3,597689274336322E-001	3,000000000000000E+000
9,3301632E-002	3,561689059198345E-001	3,000000000000000E+000
9,2225119E-002	3,539364981309849E-001	3,000000000000000E+000
9,1312073E-002	3,516968677286059E-001	3,000000000000000E+000
9,0337247E-002	3,492317307585244E-001	3,000000000000000E+000
8,9207470E-002	3,467741325601122E-001	3,000000000000000E+000
8,8292293E-002	3,445755070489316E-001	3,000000000000000E+000
8,7274797E-002	3,413624780045625E-001	3,000000000000000E+000
8,6202532E-002	3,387644882055223E-001	3,000000000000000E+000
8,5372061E-002	3,343617504514338E-001	3,000000000000000E+000
8,4312335E-002	3,306129703349976E-001	3,000000000000000E+000
8,3361700E-002	3,263527487870304E-001	3,000000000000000E+000
8,2363747E-002	3,221712212026553E-001	3,000000000000000E+000
8,1310384E-002	3,177866250173080E-001	3,000000000000000E+000
8,0413461E-002	3,137915082172387E-001	3,000000000000000E+000
7,9317227E-002	3,089569919070030E-001	3,000000000000000E+000
7,8332424E-002	3,038839350920179E-001	3,000000000000000E+000
7,7380314E-002	2,985818777750762E-001	3,000000000000000E+000
7,6204240E-002	2,934901995791337E-001	3,000000000000000E+000
7,5313911E-002	2,879491632856030E-001	3,000000000000000E+000
7,4288771E-002	2,802956639012950E-001	3,000000000000000E+000
7,3229678E-002	2,730286313324344E-001	3,000000000000000E+000
7,2355054E-002	2,652870049027518E-001	3,000000000000000E+000
7,1286611E-002	2,566908617090027E-001	3,000000000000000E+000
7,0296071E-002	2,418598995104233E-001	3,000000000000000E+000
6,9196053E-002	2,339318745976531E-001	3,000000000000000E+000
6,8366423E-002	2,227013251847696E-001	3,000000000000000E+000
6,7442767E-002	2,138332393822366E-001	3,000000000000000E+000
6,6314250E-002	2,069417425405446E-001	3,000000000000000E+000
6,5285079E-002	2,028193780505616E-001	3,000000000000000E+000
6,4245090E-002	1,983599161030729E-001	3,000000000000000E+000
6,3317396E-002	1,952489744871855E-001	3,000000000000000E+000
6,2313907E-002	1,918893454001395E-001	3,000000000000000E+000
6,1317857E-002	1,874880450001606E-001	3,000000000000000E+000
6,0310341E-002	1,842245073445765E-001	3,000000000000000E+000
5,9388172E-002	1,808345505398599E-001	3,000000000000000E+000
5,8329284E-002	1,762209741346958E-001	3,000000000000000E+000
5,7361677E-002	1,722234216932623E-001	3,000000000000000E+000
5,6362651E-002	1,675839488420441E-001	3,000000000000000E+000
5,5288270E-002	1,627469865941555E-001	3,000000000000000E+000
5,4289252E-002	1,585674013994223E-001	3,000000000000000E+000
5,3314213E-002	1,533752093738362E-001	3,000000000000000E+000
5,2301183E-002	1,487793183575082E-001	3,000000000000000E+000
5,1278383E-002	1,436810658261599E-001	3,000000000000000E+000
5,0450884E-002	1,383073879535206E-001	3,000000000000000E+000
4,9324919E-002	1,342459475466366E-001	3,000000000000000E+000
4,8277076E-002	1,281020777920884E-001	3,000000000000000E+000
4,7230285E-002	1,219464101531136E-001	3,000000000000000E+000
4,6349719E-002	1,164559214375913E-001	3,000000000000000E+000
4,5406736E-002	1,095038219290374E-001	3,000000000000000E+000
4,4337235E-002	1,026498661053160E-001	3,000000000000000E+000
4,3298941E-002	9,581791334009448E-002	3,000000000000000E+000
4,2366844E-002	8,275191587421871E-002	3,000000000000000E+000
4,1304111E-002	7,695745786703723E-002	3,000000000000000E+000
4,0462177E-002	6,861629104888478E-002	3,000000000000000E+000
3,9364655E-002	6,087154928374947E-002	3,000000000000000E+000
3,8401719E-002	5,434011451304999E-002	3,000000000000000E+000
3,7392292E-002	4,881325075661574E-002	3,000000000000000E+000
3,6413226E-002	4,446640161525767E-002	3,000000000000000E+000
3,5450932E-002	3,967068490520542E-002	3,000000000000000E+000
3,3415027E-002	3,705482065844179E-002	3,000000000000000E+000
3,1918585E-002	2,632272387725404E-002	3,000000000000000E+000
3,0850781E-002	1,611940720209126E-002	3,000000000000000E+000
2,9753050E-002	1,671321919356064E-002	3,000000000000000E+000
2,8863136E-002	8,391781418645744E-003	3,000000000000000E+000
2,7917186E-002	4,769309797565166E-003	3,000000000000000E+000
2,6762772E-002	-3,700660244400425E-004	3,000000000000000E+000
2,5845269E-002	-6,032155311711685E-003	3,000000000000000E+000
2,4957694E-002	-1,067410971073615E-002	3,000000000000000E+000
2,3970131E-002	-1,552716797919457E-002	3,000000000000000E+000
2,2961769E-002	-2,135057199403583E-002	3,000000000000000E+000
2,1923898E-002	-2,651019030114787E-002	3,000000000000000E+000
2,0889213E-002	-3,144549590878233E-002	3,000000000000000E+000
1,9978074E-002	-3,766641660088976E-002	3,000000000000000E+000
1,9028725E-002	-4,248125015874377E-002	3,000000000000000E+000
1,8068338E-002	-4,861544590352829E-002	3,000000000000000E+000
1,6886964E-002	-5,475313015307992E-002	3,000000000000000E+000
1,6015735E-002	-6,059219078290146E-002	3,000000000000000E+000
1,5003975E-002	-6,734300172603125E-002	3,000000000000000E+000
1,3998920E-002	-7,591031313252927E-002	3,000000000000000E+000
1,2939733E-002	-8,400560398068668E-002	3,000000000000000E+000
1,1892311E-002	-8,681309345411115E-002	3,000000000000000E+000
1,0989239E-002	-9,506897458211616E-002	3,000000000000000E+000
9,9895783E-003	-1,002972121027087E-001	3,000000000000000E+000
8,9260237E-003	-1,057179371968637E-001	3,000000000000000E+000
7,3886598E-003	-1,204594769869196E-001	3,000000000000000E+000
5,3159795E-003	-1,255567826511747E-001	3,000000000000000E+000
4,3859482E-003	-1,308987156436262E-001	3,000000000000000E+000
3,3680322E-003	-1,352436634737781E-001	3,000000000000000E+000
2,3469322E-003	-1,409480313951561E-001	3,000000000000000E+000
1,4115940E-003	-1,458663844063670E-001	3,000000000000000E+000
4,3995547E-004	-1,517260534067948E-001	3,000000000000000E+000
-6,5416930E-004	-1,564270298177792E-001	3,000000000000000E+000
-1,7128434E-003	-1,620667593346694E-001	3,000000000000000E+000
-2,6717454E-003	-1,669613028643648E-001	3,000000000000000E+000
-3,6155751E-003	-1,723834085278204E-001	3,000000000000000E+000
-4,5250156E-003	-1,778527488285261E-001	3,000000000000000E+000
-5,6826132E-003	-1,834410000592470E-001	3,000000000000000E+000
-6,5701879E-003	-1,887159043690184E-001	3,000000000000000E+000
-7,5951093E-003	-1,937923765896512E-001	3,000000000000000E+000
-8,6438060E-003	-1,995303587237776E-001	3,000000000000000E+000
-9,6088639E-003	-2,046608439672535E-001	3,000000000000000E+000
-1,0645674E-002	-2,100562719343635E-001	3,000000000000000E+000
-1,1675051E-002	-2,155036022627922E-001	3,000000000000000E+000
-1,2583219E-002	-2,206997787191840E-001	3,000000000000000E+000
-1,3483107E-002	-2,262365141780012E-001	3,000000000000000E+000
-1,4509300E-002	-2,308517982924558E-001	3,000000000000000E+000
-1,5516268E-002	-2,400690346128405E-001	3,000000000000000E+000
-1,6549351E-002	-2,413430840372000E-001	3,000000000000000E+000
-1,7568961E-002	-2,472108236720993E-001	3,000000000000000E+000
-1,8594306E-002	-2,526334773283447E-001	3,000000000000000E+000
-1,9572524E-002	-2,587750476991957E-001	3,000000000000000E+000
-2,0718234E-002	-2,642774215847647E-001	3,000000000000000E+000
-2,1544460E-002	-2,703318543628681E-001	3,000000000000000E+000
-2,2668304E-002	-2,760910302297104E-001	3,000000000000000E+000
-2,3554821E-002	-2,811766525006130E-001	3,000000000000000E+000
-2,4631325E-002	-2,875641984347670E-001	3,000000000000000E+000
-2,5589379E-002	-2,929985999750580E-001	3,000000000000000E+000
-2,6534906E-002	-2,985727485631471E-001	3,000000000000000E+000
-2,7689317E-002	-3,039172280890237E-001	3,000000000000000E+000
-2,8614467E-002	-3,092262519833935E-001	3,000000000000000E+000
-2,9722389E-002	-3,148230620556409E-001	3,000000000000000E+000
-3,0556893E-002	-3,201138341488932E-001	3,000000000000000E+000
-3,1625971E-002	-3,255243241631729E-001	3,000000000000000E+000
-3,2575533E-002	-3,312795465139441E-001	3,000000000000000E+000
-3,3593029E-002	-3,367324209927274E-001	3,000000000000000E+000
-3,4586951E-002	-3,421583079422490E-001	3,000000000000000E+000
-3,5628647E-002	-3,474907933009992E-001	3,000000000000000E+000
-3,6525566E-002	-3,523799408382424E-001	3,000000000000000E+000
-3,7499961E-002	-3,579145356133153E-001	3,000000000000000E+000
-3,8664564E-002	-3,624492339893339E-001	3,000000000000000E+000
-3,9611146E-002	-3,667929717856953E-001	3,000000000000000E+000
-4,0657725E-002	-3,713344507591998E-001	3,000000000000000E+000
-4,1618112E-002	-3,752760082586777E-001	3,000000000000000E+000
-4,2596120E-002	-3,784620871301740E-001	3,000000000000000E+000
-4,3561395E-002	-3,805989132314505E-001	3,000000000000000E+000
-4,4681836E-002	-3,834763549319975E-001	3,000000000000000E+000
-4,5645200E-002	-3,880366591684927E-001	3,000000000000000E+000
-4,6629574E-002	-3,932199599221358E-001	3,000000000000000E+000
-4,7512978E-002	-4,035686589777452E-001	3,000000000000000E+000
-4,8554134E-002	-4,077630961934700E-001	3,000000000000000E+000
-4,9582243E-002	-4,135510378465472E-001	3,000000000000000E+000
-5,0622664E-002	-4,193752333263125E-001	3,000000000000000E+000
-5,1598329E-002	-4,262151771173288E-001	3,000000000000000E+000
-5,2571028E-002	-4,319396704538807E-001	3,000000000000000E+000
-5,3513799E-002	-4,386242167092860E-001	3,000000000000000E+000
-5,4650381E-002	-4,437144508119673E-001	3,000000000000000E+000
-5,5500381E-002	-4,494932737046238E-001	3,000000000000000E+000
-5,6473929E-002	-4,551678847831986E-001	3,000000000000000E+000
-5,7570394E-002	-4,613683104204638E-001	3,000000000000000E+000
-5,8491509E-002	-4,667993422028482E-001	3,000000000000000E+000
-5,9430037E-002	-4,724923061827812E-001	3,000000000000000E+000
-6,0560878E-002	-4,776126045164553E-001	3,000000000000000E+000
-6,1516602E-002	-4,834012188431274E-001	3,000000000000000E+000
-6,2530063E-002	-4,895464181900024E-001	3,000000000000000E+000
-6,3626729E-002	-4,940415187221436E-001	3,000000000000000E+000
-6,4553365E-002	-4,993188762519907E-001	3,000000000000000E+000
-6,5506957E-002	-5,042694767212690E-001	3,000000000000000E+000
-6,6553749E-002	-5,083544479889994E-001	3,000000000000000E+000
-6,7568690E-002	-5,123669269701647E-001	3,000000000000000E+000
-6,8634577E-002	-5,150341423124885E-001	3,000000000000000E+000
-6,9513664E-002	-5,180986958762830E-001	3,000000000000000E+000
-7,0526920E-002	-5,195087089927624E-001	3,000000000000000E+000
-7,1601078E-002	-5,187038908609090E-001	3,000000000000000E+000
-7,2495446E-002	-5,190260572772853E-001	3,000000000000000E+000
-7,3572800E-002	-5,216285490120400E-001	3,000000000000000E+000
-7,4591354E-002	-5,266143593212789E-001	3,000000000000000E+000
-7,5538151E-002	-5,329123889613498E-001	3,000000000000000E+000
-7,6503426E-002	-5,406632914932201E-001	3,000000000000000E+000
-7,7503510E-002	-5,474267714760357E-001	3,000000000000000E+000
-7,8598917E-002	-5,550268840355179E-001	3,000000000000000E+000
-7,9592071E-002	-5,658238450479152E-001	3,000000000000000E+000
-8,0573350E-002	-5,707419602614303E-001	3,000000000000000E+000
-8,1492774E-002	-5,773510343602125E-001	3,000000000000000E+000
-8,2603879E-002	-5,834172263534523E-001	3,000000000000000E+000
-8,3515443E-002	-5,901107836204273E-001	3,000000000000000E+000
-8,4650539E-002	-5,958019670926866E-001	3,000000000000000E+000
-8,5601166E-002	-6,019199950517029E-001	3,000000000000000E+000
-8,6629063E-002	-6,083408434771780E-001	3,000000000000000E+000
-8,7516844E-002	-6,144067444321184E-001	3,000000000000000E+000
-8,8459395E-002	-6,209370971967765E-001	3,000000000000000E+000
-8,9496836E-002	-6,261673112813790E-001	3,000000000000000E+000
-9,0635762E-002	-6,315346166181044E-001	3,000000000000000E+000
-9,1483846E-002	-6,378956581465900E-001	3,000000000000000E+000
-9,2527032E-002	-6,431675043681420E-001	3,000000000000000E+000
-9,3638562E-002	-6,476172856055182E-001	3,000000000000000E+000
-9,4480492E-002	-6,512038104960483E-001	3,000000000000000E+000
-9,5553607E-002	-6,542337520254949E-001	3,000000000000000E+000
-9,6519306E-002	-6,566231825078499E-001	3,000000000000000E+000
-9,7603872E-002	-6,579798511229433E-001	3,000000000000000E+000
-9,8594405E-002	-6,566410233887510E-001	3,000000000000000E+000
-9,9547580E-002	-6,527130530836667E-001	3,000000000000000E+000
-1,0047188E-001	-6,494790193003865E-001	3,000000000000000E+000
-1,0148237E-001	-6,503476606578458E-001	3,000000000000000E+000
-1,0263148E-001	-6,545512837150866E-001	3,000000000000000E+000
-1,0347085E-001	-6,611627439657806E-001	3,000000000000000E+000
-1,0459131E-001	-6,699232574966203E-001	3,000000000000000E+000
-1,0547103E-001	-6,780282157576698E-001	3,000000000000000E+000
-1,0656749E-001	-6,872503017075351E-001	3,000000000000000E+000
-1,0760833E-001	-6,959150690688869E-001	3,000000000000000E+000
-1,0855279E-001	-7,039700304675414E-001	3,000000000000000E+000
-1,0942955E-001	-7,124039113728546E-001	3,000000000000000E+000
-1,1050232E-001	-7,222511721774896E-001	3,000000000000000E+000
-1,1154283E-001	-7,295234456865298E-001	3,000000000000000E+000
-1,1253293E-001	-7,356669905905898E-001	3,000000000000000E+000
-1,1348377E-001	-7,426737080224681E-001	3,000000000000000E+000
-1,1446518E-001	-7,492242390807302E-001	3,000000000000000E+000
-1,1559113E-001	-7,568396819858867E-001	3,000000000000000E+000
-1,1659674E-001	-7,637471750689038E-001	3,000000000000000E+000
-1,1757413E-001	-7,701979311079596E-001	3,000000000000000E+000
-1,1850797E-001	-7,765229991637148E-001	3,000000000000000E+000
-1,1960103E-001	-7,826920362292888E-001	3,000000000000000E+000
-1,2047438E-001	-7,890378816260214E-001	3,000000000000000E+000
-1,2155939E-001	-7,940748367044668E-001	3,000000000000000E+000
-1,2251468E-001	-7,969402664134051E-001	3,000000000000000E+000
-1,2350902E-001	-7,995096363851557E-001	3,000000000000000E+000
-1,2449086E-001	-8,004992105998081E-001	3,000000000000000E+000
-1,2557225E-001	-7,999819639759753E-001	3,000000000000000E+000
-1,2646896E-001	-7,964013672123329E-001	3,000000000000000E+000
-1,2756860E-001	-7,887825296881297E-001	3,000000000000000E+000
-1,2848569E-001	-7,798546142358767E-001	3,000000000000000E+000
-1,2961313E-001	-7,779467784696141E-001	3,000000000000000E+000
-1,3048925E-001	-7,807861538086467E-001	3,000000000000000E+000
-1,3148975E-001	-7,877817703410952E-001	3,000000000000000E+000
-1,3249940E-001	-7,972990403779665E-001	3,000000000000000E+000
-1,3353813E-001	-8,087126162524010E-001	3,000000000000000E+000
-1,3450041E-001	-8,194656584204889E-001	3,000000000000000E+000
-1,3557735E-001	-8,305893371192106E-001	3,000000000000000E+000
-1,3647893E-001	-8,417678475379913E-001	3,000000000000000E+000
-1,3747372E-001	-8,519541990115371E-001	3,000000000000000E+000
-1,3841794E-001	-8,619937521095071E-001	3,000000000000000E+000
-1,3961676E-001	-8,715024718807740E-001	3,000000000000000E+000
-1,4061004E-001	-8,799604411340454E-001	3,000000000000000E+000
-1,4141250E-001	-8,916506641026984E-001	3,000000000000000E+000
-1,4249085E-001	-8,981133016964602E-001	3,000000000000000E+000
-1,4347629E-001	-9,056651027769687E-001	3,000000000000000E+000
-1,4452945E-001	-9,140211295646914E-001	3,000000000000000E+000
-1,4547923E-001	-9,218828548780715E-001	3,000000000000000E+000
-1,4651647E-001	-9,290609168302701E-001	3,000000000000000E+000
-1,4748725E-001	-9,363666568986240E-001	3,000000000000000E+000
-1,4858626E-001	-9,435284855361559E-001	3,000000000000000E+000
-1,4941610E-001	-9,484587464895498E-001	3,000000000000000E+000
-1,5054609E-001	-9,517911553072427E-001	3,000000000000000E+000
-1,5150096E-001	-9,525953749091265E-001	3,000000000000000E+000
-1,5253225E-001	-9,517410160559745E-001	3,000000000000000E+000
-1,5351005E-001	-9,492802923648718E-001	3,000000000000000E+000
-1,5443732E-001	-9,434409366092744E-001	3,000000000000000E+000
-1,5552188E-001	-9,302570741209699E-001	3,000000000000000E+000
-1,5655828E-001	-9,151751529942755E-001	3,000000000000000E+000
-1,5755814E-001	-9,063769709836249E-001	3,000000000000000E+000
-1,5847458E-001	-9,067645226087819E-001	3,000000000000000E+000
-1,5942416E-001	-9,144560663132990E-001	3,000000000000000E+000
-1,6044781E-001	-9,265452714429934E-001	3,000000000000000E+000
-1,6146041E-001	-9,400954874128902E-001	3,000000000000000E+000
-1,6250698E-001	-9,552279350140864E-001	3,000000000000000E+000
-1,6349520E-001	-9,697955943540535E-001	3,000000000000000E+000
-1,6440143E-001	-9,844279722827949E-001	3,000000000000000E+000
-1,6546117E-001	-9,985158546931174E-001	3,000000000000000E+000
-1,6650414E-001	-1,011416694873736E+000	3,000000000000000E+000
-1,6750635E-001	-1,022647139409345E+000	3,000000000000000E+000
-1,6838966E-001	-1,032424077391625E+000	3,000000000000000E+000
-1,6947654E-001	-1,047452829674716E+000	3,000000000000000E+000
-1,7039216E-001	-1,053784055221410E+000	3,000000000000000E+000
-1,7136866E-001	-1,064913415970899E+000	3,000000000000000E+000
-1,7242287E-001	-1,073904443842668E+000	3,000000000000000E+000
-1,7345268E-001	-1,083049983407060E+000	3,000000000000000E+000
-1,7442368E-001	-1,092747229047944E+000	3,000000000000000E+000
-1,7651403E-001	-1,105285561108033E+000	3,000000000000000E+000
-1,7807598E-001	-1,112612386544544E+000	3,000000000000000E+000
-1,7907988E-001	-1,113149201911359E+000	3,000000000000000E+000
-1,8008824E-001	-1,112345106071891E+000	3,000000000000000E+000
-1,8112633E-001	-1,108339545420472E+000	3,000000000000000E+000
-1,8209754E-001	-1,100567198048031E+000	3,000000000000000E+000
-1,8312457E-001	-1,085891358347400E+000	3,000000000000000E+000
-1,8407732E-001	-1,062709579554694E+000	3,000000000000000E+000
-1,8511552E-001	-1,039305380342920E+000	3,000000000000000E+000
-1,8603361E-001	-1,031816481704726E+000	3,000000000000000E+000
-1,8714324E-001	-1,033643172226014E+000	3,000000000000000E+000
-1,8816304E-001	-1,046621797813306E+000	3,000000000000000E+000
-1,8914275E-001	-1,064297666773196E+000	3,000000000000000E+000
-1,9012502E-001	-1,083007647862864E+000	3,000000000000000E+000
-1,9112213E-001	-1,103569786478250E+000	3,000000000000000E+000
-1,9214088E-001	-1,121539331455191E+000	3,000000000000000E+000
-1,9315031E-001	-1,139491453456377E+000	3,000000000000000E+000
-1,9414975E-001	-1,157244092577858E+000	3,000000000000000E+000
-1,9512710E-001	-1,174778265464631E+000	3,000000000000000E+000
-1,9608769E-001	-1,190243331198065E+000	3,000000000000000E+000
-1,9715168E-001	-1,201998919869457E+000	3,000000000000000E+000
-1,9815642E-001	-1,213896704941156E+000	3,000000000000000E+000
-1,9901635E-001	-1,224119885026342E+000	3,000000000000000E+000
-1,9935766E-001	-1,233292460441589E+000	3,000000000000000E+000
-1,9939154E-001	-1,229091703891754E+000	3,000000000000000E+000
-1,9893019E-001	-1,182305527954455E+000	3,000000000000000E+000
-1,9788355E-001	-1,162168788309728E+000	3,000000000000000E+000
-1,9684771E-001	-1,152972927006578E+000	3,000000000000000E+000
-1,9588816E-001	-1,143005289344323E+000	3,000000000000000E+000
-1,9484985E-001	-1,133491651258533E+000	3,000000000000000E+000
-1,9386163E-001	-1,122464394196866E+000	3,000000000000000E+000
-1,9286858E-001	-1,109024284924891E+000	3,000000000000000E+000
-1,9182901E-001	-1,092635223848951E+000	3,000000000000000E+000
-1,9089876E-001	-1,073848825982873E+000	3,000000000000000E+000
-1,8988447E-001	-1,052306550761889E+000	3,000000000000000E+000
-1,8890436E-001	-1,026460136079955E+000	3,000000000000000E+000
-1,8791808E-001	-9,961573969986608E-001	3,000000000000000E+000
-1,8690844E-001	-9,559192941006689E-001	3,000000000000000E+000
-1,8586974E-001	-9,191389311518883E-001	3,000000000000000E+000
-1,8490700E-001	-8,943012785166466E-001	3,000000000000000E+000
-1,8380715E-001	-8,834410784766069E-001	3,000000000000000E+000
-1,8297072E-001	-8,805043141150630E-001	3,000000000000000E+000
-1,8188000E-001	-8,836112908708564E-001	3,000000000000000E+000
-1,8091790E-001	-8,889305397557710E-001	3,000000000000000E+000
-1,7985775E-001	-8,949971906840801E-001	3,000000000000000E+000
-1,7887594E-001	-9,001944821017460E-001	3,000000000000000E+000
-1,7788582E-001	-9,036361530112709E-001	3,000000000000000E+000
-1,7685154E-001	-9,074231517087243E-001	3,000000000000000E+000
-1,7587566E-001	-9,080548553934484E-001	3,000000000000000E+000
-1,7485288E-001	-9,081699044650620E-001	3,000000000000000E+000
-1,7383516E-001	-9,063618073446866E-001	3,000000000000000E+000
-1,7289686E-001	-9,033630219184694E-001	3,000000000000000E+000
-1,7185217E-001	-9,017781963468394E-001	3,000000000000000E+000
-1,7088097E-001	-8,984993569449422E-001	3,000000000000000E+000
-1,6987686E-001	-8,970635653369925E-001	3,000000000000000E+000
-1,6888207E-001	-8,920959177840917E-001	3,000000000000000E+000
-1,6785079E-001	-8,878698186534972E-001	3,000000000000000E+000
-1,6690761E-001	-8,835211251862320E-001	3,000000000000000E+000
-1,6588143E-001	-8,783572792696424E-001	3,000000000000000E+000
-1,6488643E-001	-8,702348817864216E-001	3,000000000000000E+000
-1,6388084E-001	-8,607414500891348E-001	3,000000000000000E+000
-1,6286993E-001	-8,454089553302317E-001	3,000000000000000E+000
-1,6187219E-001	-8,321412690501218E-001	3,000000000000000E+000
-1,6086595E-001	-8,169376134561981E-001	3,000000000000000E+000
-1,5990238E-001	-7,957284098180626E-001	3,000000000000000E+000
-1,5887406E-001	-7,674496191967677E-001	3,000000000000000E+000
-1,5790007E-001	-7,395840254094830E-001	3,000000000000000E+000
-1,5691465E-001	-7,202200392881988E-001	3,000000000000000E+000
-1,5591265E-001	-7,095226077362864E-001	3,000000000000000E+000
-1,5491851E-001	-7,056858034597475E-001	3,000000000000000E+000
-1,5387216E-001	-7,063068879975178E-001	3,000000000000000E+000
-1,5286422E-001	-7,082051465598234E-001	3,000000000000000E+000
-1,5190023E-001	-7,105553095332442E-001	3,000000000000000E+000
-1,5089376E-001	-7,125294428939597E-001	3,000000000000000E+000
-1,4991258E-001	-7,142059681937090E-001	3,000000000000000E+000
-1,4895283E-001	-7,145024698951996E-001	3,000000000000000E+000
-1,4787780E-001	-7,158491186176743E-001	3,000000000000000E+000
-1,4690275E-001	-7,144722173300853E-001	3,000000000000000E+000
-1,4588317E-001	-7,130513280733597E-001	3,000000000000000E+000
-1,4490049E-001	-7,094749043074717E-001	3,000000000000000E+000
-1,4386834E-001	-7,059817395379966E-001	3,000000000000000E+000
-1,4290859E-001	-7,038310412317497E-001	3,000000000000000E+000
-1,4189173E-001	-7,006592961131695E-001	3,000000000000000E+000
-1,4090365E-001	-6,948271395328109E-001	3,000000000000000E+000
-1,3994446E-001	-6,920728441327810E-001	3,000000000000000E+000
-1,3887708E-001	-6,869609455267573E-001	3,000000000000000E+000
-1,3788167E-001	-6,824971648036620E-001	3,000000000000000E+000
-1,3685760E-001	-6,760030825518886E-001	3,000000000000000E+000
-1,3586515E-001	-6,675698569872299E-001	3,000000000000000E+000
-1,3490476E-001	-6,577942977245450E-001	3,000000000000000E+000
-1,3384779E-001	-6,470019292707225E-001	3,000000000000000E+000
-1,3287848E-001	-6,342004031046393E-001	3,000000000000000E+000
-1,3194355E-001	-6,202267963025307E-001	3,000000000000000E+000
-1,3092184E-001	-6,008442289506366E-001	3,000000000000000E+000
-1,2986273E-001	-5,788165961599172E-001	3,000000000000000E+000
-1,2888069E-001	-5,608252934180178E-001	3,000000000000000E+000
-1,2792327E-001	-5,509022240423480E-001	3,000000000000000E+000
-1,2690192E-001	-5,412337411091546E-001	3,000000000000000E+000
-1,2592304E-001	-5,414979820139685E-001	3,000000000000000E+000
-1,2489607E-001	-5,413546353164627E-001	3,000000000000000E+000
-1,2388454E-001	-5,414527815559680E-001	3,000000000000000E+000
-1,2282481E-001	-5,422950305769003E-001	3,000000000000000E+000
-1,2190643E-001	-5,416851126485387E-001	3,000000000000000E+000
-1,2089171E-001	-5,415132585395535E-001	3,000000000000000E+000
-1,1987252E-001	-5,397995663806765E-001	3,000000000000000E+000
-1,1888388E-001	-5,377294520537053E-001	3,000000000000000E+000
-1,1783689E-001	-5,347014708547930E-001	3,000000000000000E+000
-1,1688584E-001	-5,311732928061650E-001	3,000000000000000E+000
-1,1585499E-001	-5,285181660308638E-001	3,000000000000000E+000
-1,1486169E-001	-5,259823896922171E-001	3,000000000000000E+000
-1,1387157E-001	-5,209352271113969E-001	3,000000000000000E+000
-1,1287553E-001	-5,163982593350926E-001	3,000000000000000E+000
-1,1190645E-001	-5,127114865721918E-001	3,000000000000000E+000
-1,1093778E-001	-5,080621125590437E-001	3,000000000000000E+000
-1,0990904E-001	-5,029570873723213E-001	3,000000000000000E+000
-1,0880939E-001	-4,969981764960618E-001	3,000000000000000E+000
-1,0794239E-001	-4,907820022975411E-001	3,000000000000000E+000
-1,0688988E-001	-4,823901425633168E-001	3,000000000000000E+000
-1,0588619E-001	-4,740969931137649E-001	3,000000000000000E+000
-1,0486276E-001	-4,633751590736228E-001	3,000000000000000E+000
-1,0383274E-001	-4,523621393729815E-001	3,000000000000000E+000
-1,0286237E-001	-4,377599887084216E-001	3,000000000000000E+000
-1,0109269E-001	-3,749348100488223E-001	3,000000000000000E+000
-9,9473968E-002	-3,876159909026082E-001	3,000000000000000E+000
-9,8350987E-002	-3,792085006781325E-001	3,000000000000000E+000
-9,7232230E-002	-3,771444894373406E-001	3,000000000000000E+000
-9,6378416E-002	-3,745010004430593E-001	3,000000000000000E+000
-9,5344163E-002	-3,733557422852338E-001	3,000000000000000E+000
-9,4302885E-002	-3,714578096082217E-001	3,000000000000000E+000
-9,3298346E-002	-3,689525671199787E-001	3,000000000000000E+000
-9,2296563E-002	-3,670403563107039E-001	3,000000000000000E+000
-9,1328315E-002	-3,634029054859018E-001	3,000000000000000E+000
-9,0388104E-002	-3,613227087642157E-001	3,000000000000000E+000
-8,9154303E-002	-3,569155883354447E-001	3,000000000000000E+000
-8,8338263E-002	-3,526115820018783E-001	3,000000000000000E+000
-8,7349422E-002	-3,486004134691840E-001	3,000000000000000E+000
-8,6442530E-002	-3,446600374041311E-001	3,000000000000000E+000
-8,5385554E-002	-3,403761798464169E-001	3,000000000000000E+000
-8,4356390E-002	-3,358418770237908E-001	3,000000000000000E+000
-8,3348654E-002	-3,309973711665299E-001	3,000000000000000E+000
-8,2238615E-002	-3,258997495803567E-001	3,000000000000000E+000
-8,1304550E-002	-3,211066923104209E-001	3,000000000000000E+000
-8,0372594E-002	-3,152159360340887E-001	3,000000000000000E+000
-7,9286970E-002	-3,084008625656760E-001	3,000000000000000E+000
-7,8431450E-002	-3,015343357498441E-001	3,000000000000000E+000
-7,7284895E-002	-2,935716807066147E-001	3,000000000000000E+000
-7,6344468E-002	-2,851090545559076E-001	3,000000000000000E+000
-7,5295128E-002	-2,752036871388563E-001	3,000000000000000E+000
-7,4459136E-002	-2,633195511168895E-001	3,000000000000000E+000
-7,3393248E-002	-2,513771743979314E-001	3,000000000000000E+000
-7,2378099E-002	-2,411613933767913E-001	3,000000000000000E+000
-7,1308710E-002	-2,286795202590937E-001	3,000000000000000E+000
-7,0345268E-002	-2,273599529613008E-001	3,000000000000000E+000
-6,9392309E-002	-2,224886844891845E-001	3,000000000000000E+000
-6,8341702E-002	-2,195683429664411E-001	3,000000000000000E+000
-6,7322925E-002	-2,159669555258001E-001	3,000000000000000E+000
-6,6288888E-002	-2,127872792253673E-001	3,000000000000000E+000
-6,5257810E-002	-2,092896573659440E-001	3,000000000000000E+000
-6,4334787E-002	-2,058584635766829E-001	3,000000000000000E+000
-6,3392222E-002	-2,019267074323979E-001	3,000000000000000E+000
-6,2273897E-002	-1,978375863594311E-001	3,000000000000000E+000
-6,1312240E-002	-1,938106150288756E-001	3,000000000000000E+000
-6,0307052E-002	-1,890337224661676E-001	3,000000000000000E+000
-5,9331808E-002	-1,847623159539782E-001	3,000000000000000E+000
-5,8399227E-002	-1,793858088915123E-001	3,000000000000000E+000
-5,7419311E-002	-1,754476470329487E-001	3,000000000000000E+000
-5,6347050E-002	-1,702041227060063E-001	3,000000000000000E+000
-5,5292413E-002	-1,654645515761017E-001	3,000000000000000E+000
-5,4382540E-002	-1,602036373094756E-001	3,000000000000000E+000
-5,3199474E-002	-1,547871660829208E-001	3,000000000000000E+000
-5,2337162E-002	-1,497089033428995E-001	3,000000000000000E+000
-5,1331982E-002	-1,438807312062838E-001	3,000000000000000E+000
-5,0324041E-002	-1,371206257155988E-001	3,000000000000000E+000
-4,9368117E-002	-1,302899369685391E-001	3,000000000000000E+000
-4,8389040E-002	-1,230934707434951E-001	3,000000000000000E+000
-4,7346078E-002	-1,157979011768474E-001	3,000000000000000E+000
-4,6414349E-002	-1,062641571560459E-001	3,000000000000000E+000
-4,5370746E-002	-9,732561270033702E-002	3,000000000000000E+000
-4,4432011E-002	-8,838499762997398E-002	3,000000000000000E+000
-4,3424923E-002	-8,097582223126593E-002	3,000000000000000E+000
-4,2418156E-002	-7,320233716422520E-002	3,000000000000000E+000
-4,1351330E-002	-6,894731748616301E-002	3,000000000000000E+000
-4,0351253E-002	-6,480327097233352E-002	3,000000000000000E+000
-3,9408486E-002	-6,038621732861671E-002	3,000000000000000E+000
-3,8365945E-002	-5,604917757187255E-002	3,000000000000000E+000
-3,7433367E-002	-5,116406902864873E-002	3,000000000000000E+000
-3,6425218E-002	-4,714292385162666E-002	3,000000000000000E+000
-3,4492638E-002	-4,404345333265769E-002	3,000000000000000E+000
-3,2863569E-002	-3,672552957464681E-002	3,000000000000000E+000
-3,1871337E-002	-2,092757229628556E-002	3,000000000000000E+000
-3,0848332E-002	-2,307573889104072E-002	3,000000000000000E+000
-2,9963724E-002	-1,435189264722991E-002	3,000000000000000E+000
-2,8820349E-002	-1,120841526183840E-002	3,000000000000000E+000
-2,7904755E-002	-5,188055720484239E-003	3,000000000000000E+000
-2,6893206E-002	-4,518605367201806E-004	3,000000000000000E+000
-2,5836868E-002	4,708600509022484E-003	3,000000000000000E+000
-2,4921484E-002	1,077753545460941E-002	3,000000000000000E+000
-2,3869604E-002	1,604075935028966E-002	3,000000000000000E+000
-2,2951460E-002	2,156504809196732E-002	3,000000000000000E+000
-2,2013361E-002	2,746343486554303E-002	3,000000000000000E+000
-2,0940466E-002	3,397888807942062E-002	3,000000000000000E+000
-1,9900469E-002	3,986979920430000E-002	3,000000000000000E+000
-1,8849865E-002	4,647937935725288E-002	3,000000000000000E+000
-1,7934904E-002	5,336565503643638E-002	3,000000000000000E+000
-1,6894698E-002	6,088386576933136E-002	3,000000000000000E+000
-1,5830506E-002	6,799570386323878E-002	3,000000000000000E+000
-1,5146296E-002	7,408696280456051E-002	3,000000000000000E+000
-1,4022450E-002	7,976806051899787E-002	3,000000000000000E+000
-1,3066095E-002	8,482985709431667E-002	3,000000000000000E+000
-1,2048241E-002	9,376920105811848E-002	3,000000000000000E+000
-1,1165520E-002	9,756345440918168E-002	3,000000000000000E+000
-1,0007500E-002	1,006522818093392E-001	3,000000000000000E+000
-8,9749368E-003	1,072098914559727E-001	3,000000000000000E+000
-7,2618579E-003	1,221006479536297E-001	3,000000000000000E+000
-5,3740186E-003	1,256458808396324E-001	3,000000000000000E+000
-4,4425018E-003	1,301612240107108E-001	3,000000000000000E+000
-3,4487850E-003	1,352463823665561E-001	3,000000000000000E+000
-2,3777990E-003	1,405498141733310E-001	3,000000000000000E+000
-1,4484040E-003	1,453783971567948E-001	3,000000000000000E+000
-3,9949489E-004	1,513457563576399E-001	3,000000000000000E+000
5,3545588E-004	1,557510597165672E-001	3,000000000000000E+000
4,6279133E-004	1,575669422745705E-001	4,000000000000000E+000
1,2867650E-003	1,604743771280888E-001	4,000000000000000E+000
2,3290929E-003	1,656593182382902E-001	4,000000000000000E+000
3,2771684E-003	1,706902849643184E-001	4,000000000000000E+000
4,3390263E-003	1,765853660051815E-001	4,000000000000000E+000
5,2155633E-003	1,818120471305320E-001	4,000000000000000E+000
6,3447142E-003	1,871298430358166E-001	4,000000000000000E+000
7,2057545E-003	1,924336050481852E-001	4,000000000000000E+000
8,2905367E-003	1,982289560967023E-001	4,000000000000000E+000
9,3209781E-003	2,029404184496446E-001	4,000000000000000E+000
1,0281579E-002	2,084998427502196E-001	4,000000000000000E+000
1,1253641E-002	2,141136099946586E-001	4,000000000000000E+000
1,2190040E-002	2,191203406934319E-001	4,000000000000000E+000
1,3374173E-002	2,245150319197116E-001	4,000000000000000E+000
1,4378078E-002	2,307951949381577E-001	4,000000000000000E+000
1,5338466E-002	2,365276278643353E-001	4,000000000000000E+000
1,6217548E-002	2,418598021613425E-001	4,000000000000000E+000
1,7438503E-002	2,498518275097013E-001	4,000000000000000E+000
1,8372016E-002	2,551352579353585E-001	4,000000000000000E+000
1,9345773E-002	2,595048622331690E-001	4,000000000000000E+000
2,0322718E-002	2,657054469972433E-001	4,000000000000000E+000
2,1203291E-002	2,708810390904546E-001	4,000000000000000E+000
2,2357276E-002	2,762658089502823E-001	4,000000000000000E+000
2,3388777E-002	2,818690497790368E-001	4,000000000000000E+000
2,4288028E-002	2,867636458896516E-001	4,000000000000000E+000
2,5220184E-002	2,921567811734151E-001	4,000000000000000E+000
2,6234489E-002	2,987935119049840E-001	4,000000000000000E+000
2,7308874E-002	3,034286728232272E-001	4,000000000000000E+000
2,8254610E-002	3,089429765111875E-001	4,000000000000000E+000
2,9236654E-002	3,140331301579460E-001	4,000000000000000E+000
3,0275159E-002	3,196140181583660E-001	4,000000000000000E+000
3,1310901E-002	3,246756965656648E-001	4,000000000000000E+000
3,2236483E-002	3,298201157659708E-001	4,000000000000000E+000
3,3238899E-002	3,354105422169815E-001	4,000000000000000E+000
3,4371022E-002	3,397744096970809E-001	4,000000000000000E+000
3,5284285E-002	3,445258757306489E-001	4,000000000000000E+000
3,6362909E-002	3,486474751650052E-001	4,000000000000000E+000
3,7245814E-002	3,526364339049919E-001	4,000000000000000E+000
3,8228281E-002	3,556519728671377E-001	4,000000000000000E+000
3,9333440E-002	3,588576711093392E-001	4,000000000000000E+000
4,0323973E-002	3,623181089965835E-001	4,000000000000000E+000
4,1238725E-002	3,672087546955392E-001	4,000000000000000E+000
4,2354923E-002	3,730227770283827E-001	4,000000000000000E+000
4,3276463E-002	3,789103369797688E-001	4,000000000000000E+000
4,4274852E-002	3,854088830606397E-001	4,000000000000000E+000
4,5343291E-002	3,915135154966265E-001	4,000000000000000E+000
4,6220034E-002	3,978132008730126E-001	4,000000000000000E+000
4,7379758E-002	4,039451120576509E-001	4,000000000000000E+000
4,8306607E-002	4,095919177764005E-001	4,000000000000000E+000
4,9217712E-002	4,196466272179467E-001	4,000000000000000E+000
5,0286572E-002	4,223452407297570E-001	4,000000000000000E+000
5,1222973E-002	4,278659269265424E-001	4,000000000000000E+000
5,2287590E-002	4,335502507165083E-001	4,000000000000000E+000
5,3264961E-002	4,389039524313478E-001	4,000000000000000E+000
5,4273106E-002	4,449004096548173E-001	4,000000000000000E+000
5,5373602E-002	4,505306228270980E-001	4,000000000000000E+000
5,6275193E-002	4,557858395079777E-001	4,000000000000000E+000
5,7220299E-002	4,608297549550304E-001	4,000000000000000E+000
5,8302321E-002	4,667210311680634E-001	4,000000000000000E+000
5,9299216E-002	4,721485247525088E-001	4,000000000000000E+000
6,0337510E-002	4,773703586413625E-001	4,000000000000000E+000
6,1216597E-002	4,814461283644471E-001	4,000000000000000E+000
6,2285669E-002	4,855994582176216E-001	4,000000000000000E+000
6,3322052E-002	4,896832984458257E-001	4,000000000000000E+000
6,4308554E-002	4,926980800616239E-001	4,000000000000000E+000
6,5217994E-002	4,956314072219890E-001	4,000000000000000E+000
6,6229329E-002	4,963686591428207E-001	4,000000000000000E+000
6,7246184E-002	4,967087434294331E-001	4,000000000000000E+000
6,8271525E-002	4,984576049674714E-001	4,000000000000000E+000
6,9264613E-002	5,016864159454926E-001	4,000000000000000E+000
7,0271060E-002	5,067791698190067E-001	4,000000000000000E+000
7,1220830E-002	5,133674184584796E-001	4,000000000000000E+000
7,2173998E-002	5,205893988410644E-001	4,000000000000000E+000
7,3323749E-002	5,273496533433599E-001	4,000000000000000E+000
7,4246980E-002	5,350552770930046E-001	4,000000000000000E+000
7,5297803E-002	5,409624053475759E-001	4,000000000000000E+000
7,6219767E-002	5,485594116875703E-001	4,000000000000000E+000
7,7230677E-002	5,553657547053392E-001	4,000000000000000E+000
7,8254960E-002	5,615758152368189E-001	4,000000000000000E+000
7,9208553E-002	5,674673489605411E-001	4,000000000000000E+000
8,0365412E-002	5,749545449701454E-001	4,000000000000000E+000
8,1339672E-002	5,806469563394803E-001	4,000000000000000E+000
8,2234673E-002	5,861955411318345E-001	4,000000000000000E+000
8,3212249E-002	5,924653048730590E-001	4,000000000000000E+000
8,4188774E-002	5,981624521729003E-001	4,000000000000000E+000
8,5220702E-002	6,038324299992794E-001	4,000000000000000E+000
8,6308040E-002	6,091644560090383E-001	4,000000000000000E+000
8,7199219E-002	6,155426993759141E-001	4,000000000000000E+000
8,8217765E-002	6,200785562396054E-001	4,000000000000000E+000
8,9304887E-002	6,245488290571490E-001	4,000000000000000E+000
9,0249360E-002	6,282042618840951E-001	4,000000000000000E+000
9,1287866E-002	6,307998985155594E-001	4,000000000000000E+000
9,2299625E-002	6,331143450612813E-001	4,000000000000000E+000
9,3229860E-002	6,343585736014772E-001	4,000000000000000E+000
9,4252661E-002	6,322951959446104E-001	4,000000000000000E+000
9,5256783E-002	6,295331278298484E-001	4,000000000000000E+000
9,6228838E-002	6,271310819105960E-001	4,000000000000000E+000
9,7263746E-002	6,289083223996892E-001	4,000000000000000E+000
9,8312438E-002	6,337622629685562E-001	4,000000000000000E+000
9,9389583E-002	6,410759018423660E-001	4,000000000000000E+000
1,0030094E-001	6,494736660064937E-001	4,000000000000000E+000
1,0120656E-001	6,573427728273789E-001	4,000000000000000E+000
1,0219581E-001	6,661967190189504E-001	4,000000000000000E+000
1,0328059E-001	6,745202445114673E-001	4,000000000000000E+000
1,0423780E-001	6,824526005010672E-001	4,000000000000000E+000
1,0529540E-001	6,907250985710158E-001	4,000000000000000E+000
1,0625707E-001	6,984050053482260E-001	4,000000000000000E+000
1,0729154E-001	7,048203807531106E-001	4,000000000000000E+000
1,0822540E-001	7,115501544127874E-001	4,000000000000000E+000
1,0917029E-001	7,187814568169433E-001	4,000000000000000E+000
1,1024169E-001	7,253528589693214E-001	4,000000000000000E+000
1,1118531E-001	7,327040094985744E-001	4,000000000000000E+000
1,1223869E-001	7,430245652277456E-001	4,000000000000000E+000
1,1310542E-001	7,462792346874876E-001	4,000000000000000E+000
1,1423436E-001	7,525468540067535E-001	4,000000000000000E+000
1,1526819E-001	7,585488137685612E-001	4,000000000000000E+000
1,1625851E-001	7,645085444156516E-001	4,000000000000000E+000
1,1731911E-001	7,686153125638802E-001	4,000000000000000E+000
1,1819415E-001	7,711691185832059E-001	4,000000000000000E+000
1,1920634E-001	7,735848368869922E-001	4,000000000000000E+000
1,2028454E-001	7,736171369647797E-001	4,000000000000000E+000
1,2118252E-001	7,733297563778887E-001	4,000000000000000E+000
1,2219873E-001	7,692796040015928E-001	4,000000000000000E+000
1,2313598E-001	7,607021525812669E-001	4,000000000000000E+000
1,2415813E-001	7,550774151976740E-001	4,000000000000000E+000
1,2526394E-001	7,534695631410511E-001	4,000000000000000E+000
1,2621796E-001	7,568578605747076E-001	4,000000000000000E+000
1,2719575E-001	7,654914510332880E-001	4,000000000000000E+000
1,2816952E-001	7,761900628813461E-001	4,000000000000000E+000
1,2926239E-001	7,864454992943342E-001	4,000000000000000E+000
1,3035035E-001	7,972180898197845E-001	4,000000000000000E+000
1,3124470E-001	8,077704108113242E-001	4,000000000000000E+000
1,3223098E-001	8,170771454460919E-001	4,000000000000000E+000
1,3316931E-001	8,276042529485306E-001	4,000000000000000E+000
1,3418698E-001	8,372565385264661E-001	4,000000000000000E+000
1,3515800E-001	8,461778308264938E-001	4,000000000000000E+000
1,3630033E-001	8,536371980897268E-001	4,000000000000000E+000
1,3720614E-001	8,612493857637891E-001	4,000000000000000E+000
1,3821027E-001	8,698424802989608E-001	4,000000000000000E+000
1,3924664E-001	8,780791797778709E-001	4,000000000000000E+000
1,4028898E-001	8,857853240333533E-001	4,000000000000000E+000
1,4136165E-001	8,928374488217123E-001	4,000000000000000E+000
1,4227132E-001	9,047013068468246E-001	4,000000000000000E+000
1,4324929E-001	9,085234770965229E-001	4,000000000000000E+000
1,4433238E-001	9,148310532586459E-001	4,000000000000000E+000
1,4512782E-001	9,188115990513737E-001	4,000000000000000E+000
1,4622958E-001	9,217909862183866E-001	4,000000000000000E+000
1,4725450E-001	9,225634873016872E-001	4,000000000000000E+000
1,4824696E-001	9,214601102285052E-001	4,000000000000000E+000
1,4919566E-001	9,188754111010979E-001	4,000000000000000E+000
1,5020147E-001	9,104254189361307E-001	4,000000000000000E+000
1,5120016E-001	8,978785129264004E-001	4,000000000000000E+000
1,5228808E-001	8,845674611834973E-001	4,000000000000000E+000
1,5314551E-001	8,787161984081813E-001	4,000000000000000E+000
1,5429866E-001	8,822676723616016E-001	4,000000000000000E+000
1,5513995E-001	8,918439171587456E-001	4,000000000000000E+000
1,5625383E-001	9,044861180914807E-001	4,000000000000000E+000
1,5715413E-001	9,185660518188472E-001	4,000000000000000E+000
1,5810710E-001	9,320206866185732E-001	4,000000000000000E+000
1,5925811E-001	9,453920727181810E-001	4,000000000000000E+000
1,6020811E-001	9,585253840001950E-001	4,000000000000000E+000
1,6123027E-001	9,712359203129193E-001	4,000000000000000E+000
1,6224054E-001	9,835275604079179E-001	4,000000000000000E+000
1,6325483E-001	9,942740048799301E-001	4,000000000000000E+000
1,6409230E-001	1,003831517882650E+000	4,000000000000000E+000
1,6512977E-001	1,013311961976193E+000	4,000000000000000E+000
1,6616401E-001	1,022943124485514E+000	4,000000000000000E+000
1,6724175E-001	1,036983497647780E+000	4,000000000000000E+000
1,6821532E-001	1,044236519580917E+000	4,000000000000000E+000
1,6910672E-001	1,052140612465644E+000	4,000000000000000E+000
1,7016093E-001	1,061382849597269E+000	4,000000000000000E+000
1,7116505E-001	1,069428805882735E+000	4,000000000000000E+000
1,7219505E-001	1,076584461662511E+000	4,000000000000000E+000
1,7319833E-001	1,081858177358907E+000	4,000000000000000E+000
1,7422217E-001	1,084422566824490E+000	4,000000000000000E+000
1,7519531E-001	1,083676933931812E+000	4,000000000000000E+000
1,7621090E-001	1,080904479862928E+000	4,000000000000000E+000
1,7724857E-001	1,075287024904458E+000	4,000000000000000E+000
1,7822973E-001	1,063782819132839E+000	4,000000000000000E+000
1,7930326E-001	1,043768694106909E+000	4,000000000000000E+000
1,8019257E-001	1,021193075826865E+000	4,000000000000000E+000
1,8121231E-001	1,011089893152098E+000	4,000000000000000E+000
1,8219106E-001	1,010804319443807E+000	4,000000000000000E+000
1,8329264E-001	1,021172675200635E+000	4,000000000000000E+000
1,8422689E-001	1,036491526911657E+000	4,000000000000000E+000
1,8524629E-001	1,055227991297013E+000	4,000000000000000E+000
1,8625593E-001	1,073643276054000E+000	4,000000000000000E+000
1,8716942E-001	1,091218727847769E+000	4,000000000000000E+000
1,8984687E-001	1,124940295151815E+000	4,000000000000000E+000
1,9086331E-001	1,140763034733633E+000	4,000000000000000E+000
1,9184366E-001	1,154295356116364E+000	4,000000000000000E+000
1,9287832E-001	1,168203804228048E+000	4,000000000000000E+000
1,9385692E-001	1,178254618309445E+000	4,000000000000000E+000
1,9485533E-001	1,189894034734206E+000	4,000000000000000E+000
1,9588386E-001	1,202726252894442E+000	4,000000000000000E+000
1,9690071E-001	1,213253524982274E+000	4,000000000000000E+000
1,9783816E-001	1,223291127528586E+000	4,000000000000000E+000
1,9891532E-001	1,232781377724482E+000	4,000000000000000E+000
1,9983600E-001	1,242542171540366E+000	4,000000000000000E+000
2,0044798E-001	1,247221916913986E+000	4,000000000000000E+000
2,0050909E-001	1,248930772145588E+000	4,000000000000000E+000
2,0042983E-001	1,250582486391068E+000	4,000000000000000E+000
1,9984460E-001	1,195852445645468E+000	4,000000000000000E+000
1,9885300E-001	1,167023076986275E+000	4,000000000000000E+000
1,9787249E-001	1,144971721702157E+000	4,000000000000000E+000
1,9691445E-001	1,122127787313532E+000	4,000000000000000E+000
1,9587570E-001	1,096166291584574E+000	4,000000000000000E+000
1,9491768E-001	1,066657465779130E+000	4,000000000000000E+000
1,9386646E-001	1,025442487353254E+000	4,000000000000000E+000
1,9285512E-001	9,812691309489372E-001	4,000000000000000E+000
1,9187605E-001	9,466220027146299E-001	4,000000000000000E+000
1,9085155E-001	9,266941916301015E-001	4,000000000000000E+000
1,8988182E-001	9,203003255339937E-001	4,000000000000000E+000
1,8883015E-001	9,235410187910809E-001	4,000000000000000E+000
1,8787125E-001	9,286035776862676E-001	4,000000000000000E+000
1,8690938E-001	9,346356880333699E-001	4,000000000000000E+000
1,8584584E-001	9,404195813048197E-001	4,000000000000000E+000
1,8489286E-001	9,451135280024729E-001	4,000000000000000E+000
1,8389258E-001	9,484847051401957E-001	4,000000000000000E+000
1,8287975E-001	9,512792982471474E-001	4,000000000000000E+000
1,8185993E-001	9,518961493546740E-001	4,000000000000000E+000
1,8092352E-001	9,496218458645878E-001	4,000000000000000E+000
1,7989519E-001	9,470552818642740E-001	4,000000000000000E+000
1,7886372E-001	9,461780285669725E-001	4,000000000000000E+000
1,7792559E-001	9,436618508253698E-001	4,000000000000000E+000
1,7692298E-001	9,405802809115951E-001	4,000000000000000E+000
1,7588724E-001	9,363960750504496E-001	4,000000000000000E+000
1,7488332E-001	9,336438500839819E-001	4,000000000000000E+000
1,7389300E-001	9,289812427531542E-001	4,000000000000000E+000
1,7286892E-001	9,235330447037207E-001	4,000000000000000E+000
1,7181811E-001	9,165212787273891E-001	4,000000000000000E+000
1,7085008E-001	9,062932787670039E-001	4,000000000000000E+000
1,6989988E-001	8,950140209247639E-001	4,000000000000000E+000
1,6890320E-001	8,792900866828877E-001	4,000000000000000E+000
1,6786133E-001	8,622343186289090E-001	4,000000000000000E+000
1,6692005E-001	8,420137899099993E-001	4,000000000000000E+000
1,6590680E-001	8,161397785362290E-001	4,000000000000000E+000
1,6486277E-001	7,841965312448629E-001	4,000000000000000E+000
1,6388138E-001	7,579496338860032E-001	4,000000000000000E+000
1,6288021E-001	7,418443656836953E-001	4,000000000000000E+000
1,6188098E-001	7,358769829281511E-001	4,000000000000000E+000
1,6087602E-001	7,361294401602585E-001	4,000000000000000E+000
1,5984473E-001	7,392916068331242E-001	4,000000000000000E+000
1,5889199E-001	7,426198472061909E-001	4,000000000000000E+000
1,5786283E-001	7,463744275996256E-001	4,000000000000000E+000
1,5681221E-001	7,487569370100085E-001	4,000000000000000E+000
1,5586860E-001	7,500601256680177E-001	4,000000000000000E+000
1,5490057E-001	7,514178995043057E-001	4,000000000000000E+000
1,5386079E-001	7,516624379592636E-001	4,000000000000000E+000
1,5288916E-001	7,508308072574437E-001	4,000000000000000E+000
1,5188777E-001	7,480128254844907E-001	4,000000000000000E+000
1,5087517E-001	7,459193385309639E-001	4,000000000000000E+000
1,4991605E-001	7,431618408817400E-001	4,000000000000000E+000
1,4890453E-001	7,404584727353534E-001	4,000000000000000E+000
1,4792292E-001	7,365288329310733E-001	4,000000000000000E+000
1,4692219E-001	7,327312368692640E-001	4,000000000000000E+000
1,4594758E-001	7,278956594980421E-001	4,000000000000000E+000
1,4487679E-001	7,241892992104937E-001	4,000000000000000E+000
1,4385612E-001	7,179731506233438E-001	4,000000000000000E+000
1,4290635E-001	7,097213275006269E-001	4,000000000000000E+000
1,4191756E-001	6,990398367763415E-001	4,000000000000000E+000
1,4089580E-001	6,881541430743230E-001	4,000000000000000E+000
1,3991101E-001	6,760357776139347E-001	4,000000000000000E+000
1,3895316E-001	6,616399213671684E-001	4,000000000000000E+000
1,3792209E-001	6,424954998720862E-001	4,000000000000000E+000
1,3692477E-001	6,201146801209290E-001	4,000000000000000E+000
1,3589263E-001	5,996283307775050E-001	4,000000000000000E+000
1,3493755E-001	5,852887403323415E-001	4,000000000000000E+000
1,3388523E-001	5,782504837132194E-001	4,000000000000000E+000
1,3294248E-001	5,759804272092905E-001	4,000000000000000E+000
1,3190441E-001	5,759586336401625E-001	4,000000000000000E+000
1,3089328E-001	5,769255830285465E-001	4,000000000000000E+000
1,2991336E-001	5,773259898026781E-001	4,000000000000000E+000
1,2888992E-001	5,777073525823662E-001	4,000000000000000E+000
1,2790130E-001	5,761809284384891E-001	4,000000000000000E+000
1,2686874E-001	5,765129173588406E-001	4,000000000000000E+000
1,2592895E-001	5,746114899714798E-001	4,000000000000000E+000
1,2487134E-001	5,726081685990931E-001	4,000000000000000E+000
1,2391626E-001	5,697870616697607E-001	4,000000000000000E+000
1,2286608E-001	5,663644565372845E-001	4,000000000000000E+000
1,2193858E-001	5,629657168044826E-001	4,000000000000000E+000
1,2092705E-001	5,597027497262621E-001	4,000000000000000E+000
1,1992293E-001	5,560011862156297E-001	4,000000000000000E+000
1,1892942E-001	5,516233508889075E-001	4,000000000000000E+000
1,1788391E-001	5,475823097448380E-001	4,000000000000000E+000
1,1691841E-001	5,425372605419003E-001	4,000000000000000E+000
1,1585853E-001	5,343708241772323E-001	4,000000000000000E+000
1,1492083E-001	5,302826164600762E-001	4,000000000000000E+000
1,1385728E-001	5,221952294620369E-001	4,000000000000000E+000
1,1288777E-001	5,140987803849111E-001	4,000000000000000E+000
1,1188979E-001	5,041906116530308E-001	4,000000000000000E+000
1,1087358E-001	4,929813759194513E-001	4,000000000000000E+000
1,0989472E-001	4,790963388772482E-001	4,000000000000000E+000
1,0890737E-001	4,625057360778246E-001	4,000000000000000E+000
1,0785699E-001	4,469244850333776E-001	4,000000000000000E+000
1,0635486E-001	3,998986995177507E-001	4,000000000000000E+000
1,0425168E-001	4,117476239974440E-001	4,000000000000000E+000
1,0346001E-001	4,147002336879595E-001	4,000000000000000E+000
1,0234894E-001	4,123793916725047E-001	4,000000000000000E+000
1,0123127E-001	4,104186706503654E-001	4,000000000000000E+000
1,0035732E-001	4,088836690773165E-001	4,000000000000000E+000
9,9377848E-002	4,064755482961333E-001	4,000000000000000E+000
9,8282263E-002	4,034985958909001E-001	4,000000000000000E+000
9,7341426E-002	4,011663458465295E-001	4,000000000000000E+000
9,6282788E-002	3,977811074194819E-001	4,000000000000000E+000
9,5311999E-002	3,936994772197471E-001	4,000000000000000E+000
9,4388984E-002	3,898654797683569E-001	4,000000000000000E+000
9,3322456E-002	3,854006042238325E-001	4,000000000000000E+000
9,2303053E-002	3,817950805080033E-001	4,000000000000000E+000
9,1352418E-002	3,776206002415474E-001	4,000000000000000E+000
9,0327717E-002	3,723553825790678E-001	4,000000000000000E+000
8,9374334E-002	3,681997881891830E-001	4,000000000000000E+000
8,8314816E-002	3,632137252328298E-001	4,000000000000000E+000
8,7333828E-002	3,578471066430220E-001	4,000000000000000E+000
8,6428858E-002	3,514075363054889E-001	4,000000000000000E+000
8,5349590E-002	3,437381957968102E-001	4,000000000000000E+000
8,4342703E-002	3,361576980031602E-001	4,000000000000000E+000
8,3365127E-002	3,275161904489829E-001	4,000000000000000E+000
8,2297757E-002	3,185454622790648E-001	4,000000000000000E+000
8,1354342E-002	3,068743710820052E-001	4,000000000000000E+000
8,0297373E-002	2,938646727189838E-001	4,000000000000000E+000
7,9435900E-002	2,817008181526852E-001	4,000000000000000E+000
7,8425422E-002	2,724276430801389E-001	4,000000000000000E+000
7,7254035E-002	2,665419473261057E-001	4,000000000000000E+000
7,6254152E-002	2,625562121263805E-001	4,000000000000000E+000
7,5327098E-002	2,590485621088510E-001	4,000000000000000E+000
7,4349940E-002	2,558149698759543E-001	4,000000000000000E+000
7,3334567E-002	2,531725550070405E-001	4,000000000000000E+000
7,2303489E-002	2,495958885281451E-001	4,000000000000000E+000
7,1318895E-002	2,465550867426733E-001	4,000000000000000E+000
7,0352793E-002	2,430195619429778E-001	4,000000000000000E+000
6,9430605E-002	2,393648384475267E-001	4,000000000000000E+000
6,8336591E-002	2,327791101739014E-001	4,000000000000000E+000
6,7381442E-002	2,294555940380727E-001	4,000000000000000E+000
6,6386655E-002	2,253970118601711E-001	4,000000000000000E+000
6,5335415E-002	2,207691681493701E-001	4,000000000000000E+000
6,4366750E-002	2,162637240770797E-001	4,000000000000000E+000
6,3420154E-002	2,114053948058024E-001	4,000000000000000E+000
6,2303748E-002	2,067234568401348E-001	4,000000000000000E+000
6,1377522E-002	2,015647201591904E-001	4,000000000000000E+000
6,0368538E-002	1,968187896871116E-001	4,000000000000000E+000
5,9349768E-002	1,912730450405637E-001	4,000000000000000E+000
5,8473658E-002	1,850700174303110E-001	4,000000000000000E+000
5,7356395E-002	1,788983819876906E-001	4,000000000000000E+000
5,6422327E-002	1,720897071839629E-001	4,000000000000000E+000
5,5261552E-002	1,646994412876670E-001	4,000000000000000E+000
5,4216042E-002	1,568889613780712E-001	4,000000000000000E+000
5,3246949E-002	1,475797538878401E-001	4,000000000000000E+000
5,2405860E-002	1,382113632151034E-001	4,000000000000000E+000
5,1450565E-002	1,288880520991778E-001	4,000000000000000E+000
5,0446451E-002	1,203433509411598E-001	4,000000000000000E+000
4,9370576E-002	1,139622285069590E-001	4,000000000000000E+000
4,8307236E-002	1,086522706059948E-001	4,000000000000000E+000
4,7413722E-002	1,047295791860152E-001	4,000000000000000E+000
4,6440594E-002	1,007255561093594E-001	4,000000000000000E+000
4,5384470E-002	9,622966659824461E-002	4,000000000000000E+000
4,4259563E-002	9,196356779688775E-002	4,000000000000000E+000
4,3331657E-002	8,783023231404108E-002	4,000000000000000E+000
4,2439401E-002	8,303069946123320E-002	4,000000000000000E+000
4,1436139E-002	7,874116284721022E-002	4,000000000000000E+000
4,0385112E-002	7,377185459093516E-002	4,000000000000000E+000
3,9255805E-002	6,518923562705642E-002	4,000000000000000E+000
3,8315348E-002	6,313385792762172E-002	4,000000000000000E+000
3,7271533E-002	5,813836658166530E-002	4,000000000000000E+000
3,6375895E-002	5,373828444215986E-002	4,000000000000000E+000
3,5498295E-002	4,831528628387308E-002	4,000000000000000E+000
3,4428369E-002	4,281578207802453E-002	4,000000000000000E+000
3,3490058E-002	3,820526272951011E-002	4,000000000000000E+000
3,2434568E-002	3,290505988600978E-002	4,000000000000000E+000
3,1345323E-002	2,737485924121252E-002	4,000000000000000E+000
3,0342273E-002	2,167705864121688E-002	4,000000000000000E+000
2,7940346E-002	1,104145281028146E-002	4,000000000000000E+000
2,6832853E-002	-1,449643042488129E-003	4,000000000000000E+000
2,5957160E-002	-6,769636759903115E-003	4,000000000000000E+000
2,4732696E-002	-1,395533425562054E-002	4,000000000000000E+000
2,3917723E-002	-2,163287984795804E-002	4,000000000000000E+000
2,3023779E-002	-2,900751551917191E-002	4,000000000000000E+000
2,1949396E-002	-3,548666956097202E-002	4,000000000000000E+000
2,0996438E-002	-4,124673230560583E-002	4,000000000000000E+000
1,9906348E-002	-4,666027320975730E-002	4,000000000000000E+000
1,8850433E-002	-5,191397037965040E-002	4,000000000000000E+000
1,7953729E-002	-5,668144991310942E-002	4,000000000000000E+000
1,6958311E-002	-6,202668221602725E-002	4,000000000000000E+000
1,6029131E-002	-6,664158488597893E-002	4,000000000000000E+000
1,4949017E-002	-7,175622799614850E-002	4,000000000000000E+000
1,3953817E-002	-7,644881339122839E-002	4,000000000000000E+000
1,3025058E-002	-8,198666765302809E-002	4,000000000000000E+000
1,1924778E-002	-8,641439462856693E-002	4,000000000000000E+000
1,1089247E-002	-9,770827047112907E-002	4,000000000000000E+000
1,0079823E-002	-9,695936476216738E-002	4,000000000000000E+000
9,0243323E-003	-1,031671238015405E-001	4,000000000000000E+000
7,2857812E-003	-1,179409881694786E-001	4,000000000000000E+000
5,3675864E-003	-1,224189487014276E-001	4,000000000000000E+000
4,4456208E-003	-1,276884056989926E-001	4,000000000000000E+000
3,3911937E-003	-1,332467645794771E-001	4,000000000000000E+000
2,3732779E-003	-1,388060134292266E-001	4,000000000000000E+000
1,3413517E-003	-1,444196795734261E-001	4,000000000000000E+000
3,5655178E-004	-1,500605343478829E-001	4,000000000000000E+000
-5,4588309E-004	-1,556560646664971E-001	4,000000000000000E+000
-1,6856485E-003	-1,613893815212781E-001	4,000000000000000E+000
-2,6541031E-003	-1,672320790951034E-001	4,000000000000000E+000
-3,5565384E-003	-1,724654900996634E-001	4,000000000000000E+000
-4,6007778E-003	-1,778546012161917E-001	4,000000000000000E+000
-5,6721880E-003	-1,838383287734664E-001	4,000000000000000E+000
-6,5442673E-003	-1,895146064020484E-001	4,000000000000000E+000
-7,6265042E-003	-1,953211487658946E-001	4,000000000000000E+000
-8,6819939E-003	-2,007667891707061E-001	4,000000000000000E+000
-9,5585315E-003	-2,064896183631686E-001	4,000000000000000E+000
-1,0559464E-002	-2,120548624079669E-001	4,000000000000000E+000
-1,1606675E-002	-2,174868822848013E-001	4,000000000000000E+000
-1,2682332E-002	-2,232533883587982E-001	4,000000000000000E+000
-1,3703007E-002	-2,289311940290233E-001	4,000000000000000E+000
-1,4550249E-002	-2,342425896915500E-001	4,000000000000000E+000
-1,5561798E-002	-2,396695620069899E-001	4,000000000000000E+000
-1,6481001E-002	-2,450986096454368E-001	4,000000000000000E+000
-1,7446373E-002	-2,519404760872321E-001	4,000000000000000E+000
-1,8685350E-002	-2,570166802033764E-001	4,000000000000000E+000
-1,9567195E-002	-2,620917604201360E-001	4,000000000000000E+000
-2,0538623E-002	-2,677763705400532E-001	4,000000000000000E+000
-2,1668194E-002	-2,731236094194962E-001	4,000000000000000E+000
-2,2630071E-002	-2,786800286008249E-001	4,000000000000000E+000
-2,3576021E-002	-2,836541758539766E-001	4,000000000000000E+000
-2,4623021E-002	-2,893739640712730E-001	4,000000000000000E+000
-2,5611218E-002	-2,943643352223762E-001	4,000000000000000E+000
-2,6527027E-002	-2,997546099747215E-001	4,000000000000000E+000
-2,7609481E-002	-3,046871154672566E-001	4,000000000000000E+000
-2,8649047E-002	-3,094906383711420E-001	4,000000000000000E+000
-2,9626414E-002	-3,144399951108632E-001	4,000000000000000E+000
-3,0492123E-002	-3,184899929393485E-001	4,000000000000000E+000
-3,1511106E-002	-3,224559242630161E-001	4,000000000000000E+000
-3,2572750E-002	-3,256681533271633E-001	4,000000000000000E+000
-3,3610839E-002	-3,294916418639722E-001	4,000000000000000E+000
-3,4548935E-002	-3,343280227596142E-001	4,000000000000000E+000
-3,5608035E-002	-3,399317143484941E-001	4,000000000000000E+000
-3,6634021E-002	-3,462156151007445E-001	4,000000000000000E+000
-3,7549615E-002	-3,524302918101752E-001	4,000000000000000E+000
-3,8502358E-002	-3,582053953367783E-001	4,000000000000000E+000
-3,9727673E-002	-3,643377609292244E-001	4,000000000000000E+000
-4,0622249E-002	-3,706338308596360E-001	4,000000000000000E+000
-4,1641869E-002	-3,764450060100186E-001	4,000000000000000E+000
-4,2582728E-002	-3,820137804788004E-001	4,000000000000000E+000
-4,3435488E-002	-3,883856418025147E-001	4,000000000000000E+000
-4,4660803E-002	-3,930307312920263E-001	4,000000000000000E+000
-4,5547947E-002	-3,990833394022437E-001	4,000000000000000E+000
-4,6653539E-002	-4,046677231478180E-001	4,000000000000000E+000
-4,7541715E-002	-4,106870539382923E-001	4,000000000000000E+000
-4,8562817E-002	-4,188119458655510E-001	4,000000000000000E+000
-4,9556747E-002	-4,219523313093094E-001	4,000000000000000E+000
-5,0550673E-002	-4,279373676464378E-001	4,000000000000000E+000
-5,1629722E-002	-4,334648896474396E-001	4,000000000000000E+000
-5,2517936E-002	-4,381091159820114E-001	4,000000000000000E+000
-5,3525452E-002	-4,435489793670260E-001	4,000000000000000E+000
-5,4590918E-002	-4,486856214288206E-001	4,000000000000000E+000
-5,5504605E-002	-4,524702329912955E-001	4,000000000000000E+000
-5,6559674E-002	-4,569093774900672E-001	4,000000000000000E+000
-5,7663560E-002	-4,604159835726040E-001	4,000000000000000E+000
-5,8571726E-002	-4,633454819623797E-001	4,000000000000000E+000
-5,9614904E-002	-4,651603148215333E-001	4,000000000000000E+000
-6,0520314E-002	-4,657001773464591E-001	4,000000000000000E+000
-6,1591510E-002	-4,673138751596619E-001	4,000000000000000E+000
-6,2579282E-002	-4,716751759923570E-001	4,000000000000000E+000
-6,3611001E-002	-4,755280147979226E-001	4,000000000000000E+000
-6,4544432E-002	-4,828660492267867E-001	4,000000000000000E+000
-6,5482102E-002	-4,896077116589161E-001	4,000000000000000E+000
-6,6567726E-002	-4,962983825244009E-001	4,000000000000000E+000
-6,7518786E-002	-5,034853631837493E-001	4,000000000000000E+000
-6,8538606E-002	-5,097680101688515E-001	4,000000000000000E+000
-6,9713190E-002	-5,167746578550145E-001	4,000000000000000E+000
-7,0640467E-002	-5,234010591585587E-001	4,000000000000000E+000
-7,1502991E-002	-5,298085393280623E-001	4,000000000000000E+000
-7,2524719E-002	-5,356884828975641E-001	4,000000000000000E+000
-7,3544547E-002	-5,413473829523534E-001	4,000000000000000E+000
-7,4626796E-002	-5,476568165338680E-001	4,000000000000000E+000
-7,5458102E-002	-5,528759744225269E-001	4,000000000000000E+000
-7,6490879E-002	-5,596822086307736E-001	4,000000000000000E+000
-7,7530459E-002	-5,652554278882835E-001	4,000000000000000E+000
-7,8523949E-002	-5,706087402068039E-001	4,000000000000000E+000
-7,9569131E-002	-5,805160793372295E-001	4,000000000000000E+000
-8,0568880E-002	-5,837827769832451E-001	4,000000000000000E+000
-8,1542216E-002	-5,881679018235024E-001	4,000000000000000E+000
-8,2588792E-002	-5,925934975449367E-001	4,000000000000000E+000
-8,3588235E-002	-5,966773491559767E-001	4,000000000000000E+000
-8,4550753E-002	-5,994970436311426E-001	4,000000000000000E+000
-8,5550837E-002	-6,020529866218556E-001	4,000000000000000E+000
-8,6580426E-002	-6,039630915038288E-001	4,000000000000000E+000
-8,7495819E-002	-6,032972594516153E-001	4,000000000000000E+000
-8,8544503E-002	-6,009775496398415E-001	4,000000000000000E+000
-8,9522086E-002	-5,991732014550086E-001	4,000000000000000E+000
-9,0558052E-002	-6,010224279533669E-001	4,000000000000000E+000
-9,1492750E-002	-6,058517206046288E-001	4,000000000000000E+000
-9,2524037E-002	-6,125265738616381E-001	4,000000000000000E+000
-9,3612649E-002	-6,207706275809954E-001	4,000000000000000E+000
-9,4545439E-002	-6,286087263272027E-001	4,000000000000000E+000
-9,5576309E-002	-6,365814338334710E-001	4,000000000000000E+000
-9,6508875E-002	-6,447913436115584E-001	4,000000000000000E+000
-9,7545683E-002	-6,529558973076437E-001	4,000000000000000E+000
-9,8513715E-002	-6,604306231149364E-001	4,000000000000000E+000
-9,9464774E-002	-6,678364124252525E-001	4,000000000000000E+000
-1,0049585E-001	-6,741267934234569E-001	4,000000000000000E+000
-1,0157064E-001	-6,812032062249891E-001	4,000000000000000E+000
-1,0251596E-001	-6,873665354214547E-001	4,000000000000000E+000
-1,0349610E-001	-6,936599017741760E-001	4,000000000000000E+000
-1,0448918E-001	-7,012074715457848E-001	4,000000000000000E+000
-1,0548586E-001	-7,072644604163010E-001	4,000000000000000E+000
-1,0662521E-001	-7,130322199211356E-001	4,000000000000000E+000
-1,0749983E-001	-7,198091916119047E-001	4,000000000000000E+000
-1,0852773E-001	-7,256351460495747E-001	4,000000000000000E+000
-1,0942465E-001	-7,310526387559054E-001	4,000000000000000E+000
-1,1047797E-001	-7,406032668012689E-001	4,000000000000000E+000
-1,1150269E-001	-7,397950437540795E-001	4,000000000000000E+000
-1,1253186E-001	-7,431444542275523E-001	4,000000000000000E+000
-1,1356124E-001	-7,446828234112921E-001	4,000000000000000E+000
-1,1438470E-001	-7,444096265567670E-001	4,000000000000000E+000
-1,1551280E-001	-7,410844436639694E-001	4,000000000000000E+000
-1,1662961E-001	-7,343232556542967E-001	4,000000000000000E+000
-1,1760490E-001	-7,289962672318016E-001	4,000000000000000E+000
-1,1847740E-001	-7,286815628305875E-001	4,000000000000000E+000
-1,1947642E-001	-7,323639328177602E-001	4,000000000000000E+000
-1,2055548E-001	-7,400203423264111E-001	4,000000000000000E+000
-1,2154432E-001	-7,495325230993310E-001	4,000000000000000E+000
-1,2255248E-001	-7,588183059771012E-001	4,000000000000000E+000
-1,2348907E-001	-7,697208116555370E-001	4,000000000000000E+000
-1,2451760E-001	-7,795789771609809E-001	4,000000000000000E+000
-1,2552024E-001	-7,887453662438499E-001	4,000000000000000E+000
-1,2654814E-001	-7,984343252351707E-001	4,000000000000000E+000
-1,2751469E-001	-8,077492811717093E-001	4,000000000000000E+000
-1,2851433E-001	-8,159319212039291E-001	4,000000000000000E+000
-1,2955157E-001	-8,237295216984202E-001	4,000000000000000E+000
-1,3047439E-001	-8,312206897470678E-001	4,000000000000000E+000
-1,3150823E-001	-8,392657841452280E-001	4,000000000000000E+000
-1,3254374E-001	-8,469421357019904E-001	4,000000000000000E+000
-1,3345808E-001	-8,545152762283887E-001	4,000000000000000E+000
-1,3448279E-001	-8,617241928974764E-001	4,000000000000000E+000
-1,3553551E-001	-8,685451415884842E-001	4,000000000000000E+000
-1,3653412E-001	-8,754446820562904E-001	4,000000000000000E+000
-1,3743791E-001	-8,866639035339965E-001	4,000000000000000E+000
-1,3845274E-001	-8,873380052650113E-001	4,000000000000000E+000
-1,3953902E-001	-8,907672933613267E-001	4,000000000000000E+000
-1,4056522E-001	-8,920985665689756E-001	4,000000000000000E+000
-1,4154002E-001	-8,918993255744372E-001	4,000000000000000E+000
-1,4256792E-001	-8,905525989830458E-001	4,000000000000000E+000
-1,4351378E-001	-8,844069932556735E-001	4,000000000000000E+000
-1,4444414E-001	-8,723385683778240E-001	4,000000000000000E+000
-1,4552003E-001	-8,602230410879628E-001	4,000000000000000E+000
-1,4655153E-001	-8,546332357865243E-001	4,000000000000000E+000
-1,4750300E-001	-8,577051717374071E-001	4,000000000000000E+000
-1,4847381E-001	-8,653981089591949E-001	4,000000000000000E+000
-1,4949554E-001	-8,775238145867146E-001	4,000000000000000E+000
-1,5052980E-001	-8,902555365736262E-001	4,000000000000000E+000
-1,5154113E-001	-9,031345418964776E-001	4,000000000000000E+000
-1,5254292E-001	-9,160886696125914E-001	4,000000000000000E+000
-1,5349545E-001	-9,297660500742566E-001	4,000000000000000E+000
-1,5442485E-001	-9,423527869188959E-001	4,000000000000000E+000
-1,5558669E-001	-9,536572440216951E-001	4,000000000000000E+000
-1,5655938E-001	-9,636183440581760E-001	4,000000000000000E+000
-1,5744376E-001	-9,730905005190920E-001	4,000000000000000E+000
-1,5861918E-001	-9,826294854283311E-001	4,000000000000000E+000
-1,5955390E-001	-9,916987618845319E-001	4,000000000000000E+000
-1,6054083E-001	-1,002070989770189E+000	4,000000000000000E+000
-1,6143988E-001	-1,013480317261480E+000	4,000000000000000E+000
-1,6246241E-001	-1,019005810945401E+000	4,000000000000000E+000
-1,6331115E-001	-1,028598522767423E+000	4,000000000000000E+000
-1,6463199E-001	-1,036505352498758E+000	4,000000000000000E+000
-1,6555862E-001	-1,043755444284113E+000	4,000000000000000E+000
-1,6647676E-001	-1,048463596548470E+000	4,000000000000000E+000
-1,6759679E-001	-1,051193264520002E+000	4,000000000000000E+000
-1,6854297E-001	-1,051243377642493E+000	4,000000000000000E+000
-1,6946769E-001	-1,049204473383724E+000	4,000000000000000E+000
-1,7046161E-001	-1,045013226465223E+000	4,000000000000000E+000
-1,7152750E-001	-1,035232042583322E+000	4,000000000000000E+000
-1,7249383E-001	-1,017544902757642E+000	4,000000000000000E+000
-1,7352009E-001	-9,963842683026249E-001	4,000000000000000E+000
-1,7456707E-001	-9,864288418450293E-001	4,000000000000000E+000
-1,7552701E-001	-9,845285817080160E-001	4,000000000000000E+000
-1,7657129E-001	-9,931656379873566E-001	4,000000000000000E+000
-1,7754506E-001	-1,008964206816421E+000	4,000000000000000E+000
-1,7851925E-001	-1,025830631454784E+000	4,000000000000000E+000
-1,7951615E-001	-1,043051884302663E+000	4,000000000000000E+000
-1,8060197E-001	-1,059972424991425E+000	4,000000000000000E+000
-1,8139191E-001	-1,076120521976714E+000	4,000000000000000E+000
-1,8250217E-001	-1,092574577778574E+000	4,000000000000000E+000
-1,8523079E-001	-1,122261218312715E+000	4,000000000000000E+000
-1,8608972E-001	-1,137464306110308E+000	4,000000000000000E+000
-1,8716215E-001	-1,146506407815542E+000	4,000000000000000E+000
-1,8818218E-001	-1,158543039113283E+000	4,000000000000000E+000
-1,8919416E-001	-1,169640995665553E+000	4,000000000000000E+000
-1,9016898E-001	-1,180738301016385E+000	4,000000000000000E+000
-1,9115590E-001	-1,189388972810571E+000	4,000000000000000E+000
-1,9216916E-001	-1,199188446626065E+000	4,000000000000000E+000
-1,9317052E-001	-1,209899620463450E+000	4,000000000000000E+000
-1,9419798E-001	-1,216330576998494E+000	4,000000000000000E+000
-1,9516262E-001	-1,220095781505934E+000	4,000000000000000E+000
-1,9614975E-001	-1,219700685805742E+000	4,000000000000000E+000
-1,9715598E-001	-1,216223961777159E+000	4,000000000000000E+000
-1,9815205E-001	-1,210867564918267E+000	4,000000000000000E+000
-1,9910473E-001	-1,201399310092841E+000	4,000000000000000E+000
-1,9947171E-001	-1,207821011543274E+000	4,000000000000000E+000
-1,9962023E-001	-1,197892069816589E+000	4,000000000000000E+000
-1,9893076E-001	-1,122227264982126E+000	4,000000000000000E+000
-1,9791386E-001	-1,067988067554928E+000	4,000000000000000E+000
-1,9693033E-001	-1,022389988725378E+000	4,000000000000000E+000
-1,9588929E-001	-9,946165620866720E-001	4,000000000000000E+000
-1,9492804E-001	-9,806275696804079E-001	4,000000000000000E+000
-1,9385324E-001	-9,774743723165678E-001	4,000000000000000E+000
-1,9289264E-001	-9,805941485489384E-001	4,000000000000000E+000
-1,9190380E-001	-9,843434625201746E-001	4,000000000000000E+000
-1,9093324E-001	-9,894415486810964E-001	4,000000000000000E+000
-1,8994439E-001	-9,944478968779213E-001	4,000000000000000E+000
-1,8896447E-001	-9,975883068723874E-001	4,000000000000000E+000
-1,8792468E-001	-1,000702787190679E+000	4,000000000000000E+000
-1,8692248E-001	-1,001269271390310E+000	4,000000000000000E+000
-1,8592814E-001	-1,001315386138025E+000	4,000000000000000E+000
-1,8491170E-001	-9,985547040899576E-001	4,000000000000000E+000
-1,8390249E-001	-9,953495417204152E-001	4,000000000000000E+000
-1,8294401E-001	-9,921985505562692E-001	4,000000000000000E+000
-1,8188152E-001	-9,895826539852552E-001	4,000000000000000E+000
-1,8096042E-001	-9,864539036320288E-001	4,000000000000000E+000
-1,7994611E-001	-9,815854233586130E-001	4,000000000000000E+000
-1,7891140E-001	-9,762337601536650E-001	4,000000000000000E+000
-1,7788680E-001	-9,676313876795266E-001	4,000000000000000E+000
-1,7690173E-001	-9,635128622564171E-001	4,000000000000000E+000
-1,7591925E-001	-9,545058528375252E-001	4,000000000000000E+000
-1,7492683E-001	-9,428356434218568E-001	4,000000000000000E+000
-1,7391124E-001	-9,283512720527760E-001	4,000000000000000E+000
-1,7290689E-001	-9,128596084709777E-001	4,000000000000000E+000
-1,7187837E-001	-8,944975477643311E-001	4,000000000000000E+000
-1,7089082E-001	-8,687078762902978E-001	4,000000000000000E+000
-1,6992851E-001	-8,356640734192364E-001	4,000000000000000E+000
-1,6892613E-001	-8,023779320841027E-001	4,000000000000000E+000
-1,6794260E-001	-7,840009726997863E-001	4,000000000000000E+000
-1,6691726E-001	-7,742221694336155E-001	4,000000000000000E+000
-1,6599742E-001	-7,706882246355997E-001	4,000000000000000E+000
-1,6494022E-001	-7,724151831741146E-001	4,000000000000000E+000
-1,6392742E-001	-7,760928661769420E-001	4,000000000000000E+000
-1,6289166E-001	-7,801285900899932E-001	4,000000000000000E+000
-1,6194910E-001	-7,842216339065757E-001	4,000000000000000E+000
-1,6094074E-001	-7,857645160725515E-001	4,000000000000000E+000
-1,5996082E-001	-7,874888166681716E-001	4,000000000000000E+000
-1,5893292E-001	-7,885586154233240E-001	4,000000000000000E+000
-1,5796615E-001	-7,884774847059619E-001	4,000000000000000E+000
-1,5692978E-001	-7,854367562362699E-001	4,000000000000000E+000
-1,5592504E-001	-7,844088318136837E-001	4,000000000000000E+000
-1,5496273E-001	-7,807926494214250E-001	4,000000000000000E+000
-1,5394992E-001	-7,784668964126897E-001	4,000000000000000E+000
-1,5291862E-001	-7,765309820469006E-001	4,000000000000000E+000
-1,5193830E-001	-7,718725543365697E-001	4,000000000000000E+000
-1,5093206E-001	-7,676612912263288E-001	4,000000000000000E+000
-1,4993025E-001	-7,630405068500963E-001	4,000000000000000E+000
-1,4889918E-001	-7,579800688868605E-001	4,000000000000000E+000
-1,4790738E-001	-7,506517375715909E-001	4,000000000000000E+000
-1,4690964E-001	-7,417538536505521E-001	4,000000000000000E+000
-1,4598152E-001	-7,308331188331865E-001	4,000000000000000E+000
-1,4491223E-001	-7,184251948880611E-001	4,000000000000000E+000
-1,4391895E-001	-7,053007395524107E-001	4,000000000000000E+000
-1,4294286E-001	-6,878769309777342E-001	4,000000000000000E+000
-1,4192154E-001	-6,647773947980617E-001	4,000000000000000E+000
-1,4093474E-001	-6,382096394793018E-001	4,000000000000000E+000
-1,3995111E-001	-6,216005032054244E-001	4,000000000000000E+000
-1,3897671E-001	-6,116063586539693E-001	4,000000000000000E+000
-1,3791251E-001	-6,069442236071652E-001	4,000000000000000E+000
-1,3694258E-001	-6,057959150833390E-001	4,000000000000000E+000
-1,3595353E-001	-6,060749252533735E-001	4,000000000000000E+000
-1,3490081E-001	-6,074687477925558E-001	4,000000000000000E+000
-1,3390900E-001	-6,085873986594361E-001	4,000000000000000E+000
-1,3290170E-001	-6,091341964072634E-001	4,000000000000000E+000
-1,3194299E-001	-6,092795535611604E-001	4,000000000000000E+000
-1,3089621E-001	-6,087825420933441E-001	4,000000000000000E+000
-1,2991694E-001	-6,064615663037500E-001	4,000000000000000E+000
-1,2890156E-001	-6,040414091613542E-001	4,000000000000000E+000
-1,2794586E-001	-6,010149750444616E-001	4,000000000000000E+000
-1,2694491E-001	-5,976692906373886E-001	4,000000000000000E+000
-1,2598263E-001	-5,950423070333049E-001	4,000000000000000E+000
-1,2493730E-001	-5,905376833656586E-001	4,000000000000000E+000
-1,2391707E-001	-5,860977725953673E-001	4,000000000000000E+000
-1,2289491E-001	-5,828295499086353E-001	4,000000000000000E+000
-1,2192708E-001	-5,778603111911131E-001	4,000000000000000E+000
-1,2091193E-001	-5,730560600964552E-001	4,000000000000000E+000
-1,1991926E-001	-5,666744308546185E-001	4,000000000000000E+000
-1,1892939E-001	-5,597448736015274E-001	4,000000000000000E+000
-1,1792463E-001	-5,511647417830896E-001	4,000000000000000E+000
-1,1688994E-001	-5,407468146747996E-001	4,000000000000000E+000
-1,1596669E-001	-5,299215882809609E-001	4,000000000000000E+000
-1,1492820E-001	-5,178976558769719E-001	4,000000000000000E+000
-1,1388969E-001	-5,010349695674239E-001	4,000000000000000E+000
-1,1293113E-001	-4,793647970849033E-001	4,000000000000000E+000
-1,1194219E-001	-4,672528420730178E-001	4,000000000000000E+000
-1,1092852E-001	-4,569431108991715E-001	4,000000000000000E+000
-1,0993397E-001	-4,511788673957593E-001	4,000000000000000E+000
-1,0812400E-001	-4,109646379656616E-001	4,000000000000000E+000
-1,0634132E-001	-4,343658473290901E-001	4,000000000000000E+000
-1,0523255E-001	-4,355573525341825E-001	4,000000000000000E+000
-1,0436472E-001	-4,341688256762488E-001	4,000000000000000E+000
-1,0337587E-001	-4,325481029744769E-001	4,000000000000000E+000
-1,0238811E-001	-4,300212207664216E-001	4,000000000000000E+000
-1,0137740E-001	-4,266616670518280E-001	4,000000000000000E+000
-1,0032807E-001	-4,234603253296667E-001	4,000000000000000E+000
-9,9271953E-002	-4,194772254365182E-001	4,000000000000000E+000
-9,8275900E-002	-4,156695523868414E-001	4,000000000000000E+000
-9,7331636E-002	-4,117082543412423E-001	4,000000000000000E+000
-9,6423261E-002	-4,073785915194694E-001	4,000000000000000E+000
-9,5237426E-002	-4,033823735339332E-001	4,000000000000000E+000
-9,4384886E-002	-3,980160344702507E-001	4,000000000000000E+000
-9,3389474E-002	-3,937999855261296E-001	4,000000000000000E+000
-9,2339501E-002	-3,881134158259045E-001	4,000000000000000E+000
-9,1273181E-002	-3,819126216177307E-001	4,000000000000000E+000
-9,0302616E-002	-3,752577115471167E-001	4,000000000000000E+000
-8,9356653E-002	-3,678299269845908E-001	4,000000000000000E+000
-8,8437662E-002	-3,590933733568003E-001	4,000000000000000E+000
-8,7319337E-002	-3,497472075848918E-001	4,000000000000000E+000
-8,6419448E-002	-3,392329768070739E-001	4,000000000000000E+000
-8,5384689E-002	-3,217090490118908E-001	4,000000000000000E+000
-8,4400639E-002	-3,113866403647174E-001	4,000000000000000E+000
-8,3305657E-002	-3,009473497772381E-001	4,000000000000000E+000
-8,2465425E-002	-2,929244082058875E-001	4,000000000000000E+000
-8,1322685E-002	-2,883062620078096E-001	4,000000000000000E+000
-8,0433622E-002	-2,847895094245265E-001	4,000000000000000E+000
-7,9467714E-002	-2,821535870639815E-001	4,000000000000000E+000
-7,8412652E-002	-2,788815237581730E-001	4,000000000000000E+000
-7,7342518E-002	-2,761854415811182E-001	4,000000000000000E+000
-7,6408871E-002	-2,731189437262299E-001	4,000000000000000E+000
-7,5417496E-002	-2,700315163367315E-001	4,000000000000000E+000
-7,4388973E-002	-2,660576096063274E-001	4,000000000000000E+000
-7,3427096E-002	-2,627612061850305E-001	4,000000000000000E+000
-7,2399616E-002	-2,585600026779684E-001	4,000000000000000E+000
-7,1359634E-002	-2,539648675204558E-001	4,000000000000000E+000
-7,0383318E-002	-2,490244430696782E-001	4,000000000000000E+000
-6,9313191E-002	-2,452265533566891E-001	4,000000000000000E+000
-6,8347916E-002	-2,407367482212264E-001	4,000000000000000E+000
-6,7340180E-002	-2,357006999922691E-001	4,000000000000000E+000
-6,6392533E-002	-2,308163267767256E-001	4,000000000000000E+000
-6,5296076E-002	-2,258682881559544E-001	4,000000000000000E+000
-6,4319558E-002	-2,211899018924057E-001	4,000000000000000E+000
-6,3405447E-002	-2,152019282544240E-001	4,000000000000000E+000
-6,2374789E-002	-2,088565985775647E-001	4,000000000000000E+000
-6,1362185E-002	-2,021488678098345E-001	4,000000000000000E+000
-6,0363371E-002	-1,952732836232622E-001	4,000000000000000E+000
-5,9372835E-002	-1,874566849760917E-001	4,000000000000000E+000
-5,8413941E-002	-1,798006892204281E-001	4,000000000000000E+000
-5,7345051E-002	-1,639577787395359E-001	4,000000000000000E+000
-5,6463473E-002	-1,568977344237887E-001	4,000000000000000E+000
-5,5347484E-002	-1,487220534019994E-001	4,000000000000000E+000
-5,4452263E-002	-1,412750644376498E-001	4,000000000000000E+000
-5,3526692E-002	-1,359722550001190E-001	4,000000000000000E+000
-5,2345529E-002	-1,311915412208893E-001	4,000000000000000E+000
-5,1404029E-002	-1,271968523118026E-001	4,000000000000000E+000
-5,0361067E-002	-1,231664777086636E-001	4,000000000000000E+000
-4,9368627E-002	-1,187562607487456E-001	4,000000000000000E+000
-4,8478719E-002	-1,149532416602593E-001	4,000000000000000E+000
-4,7424719E-002	-1,105120162634798E-001	4,000000000000000E+000
-4,6435032E-002	-1,063643128339513E-001	4,000000000000000E+000
-4,5447260E-002	-1,019881419811604E-001	4,000000000000000E+000
-4,4344857E-002	-9,720833437879428E-002	4,000000000000000E+000
-4,3364514E-002	-9,225042396509631E-002	4,000000000000000E+000
-4,2379923E-002	-8,758311909494076E-002	4,000000000000000E+000
-4,1506995E-002	-8,299784140480271E-002	4,000000000000000E+000
-4,0358104E-002	-7,722867762074936E-002	4,000000000000000E+000
-3,9322998E-002	-7,351033553196518E-002	4,000000000000000E+000
-3,8375981E-002	-6,718127188893641E-002	4,000000000000000E+000
-3,7441701E-002	-6,248120015758718E-002	4,000000000000000E+000
-3,6409989E-002	-5,721461321162602E-002	4,000000000000000E+000
-3,5448965E-002	-5,094647372283759E-002	4,000000000000000E+000
-3,4424253E-002	-4,617673652440624E-002	4,000000000000000E+000
-3,3394877E-002	-4,006681230061480E-002	4,000000000000000E+000
-3,1514604E-002	-3,285865748774874E-002	4,000000000000000E+000
-2,9989464E-002	-1,645681222079368E-002	4,000000000000000E+000
-2,8949298E-002	-1,199226950430128E-003	4,000000000000000E+000
-2,7979994E-002	-1,171863131124457E-003	4,000000000000000E+000
-2,6948914E-002	8,798483600710644E-003	4,000000000000000E+000
-2,6073229E-002	1,482720007657511E-002	4,000000000000000E+000
-2,4689339E-002	1,985528008663096E-002	4,000000000000000E+000
-2,4039943E-002	2,591453681007909E-002	4,000000000000000E+000
-2,2894656E-002	2,991443268547300E-002	4,000000000000000E+000
-2,1764658E-002	3,490282328372518E-002	4,000000000000000E+000
-2,0888971E-002	3,974448762083849E-002	4,000000000000000E+000
-1,9948749E-002	4,458758591014619E-002	4,000000000000000E+000
-1,8968832E-002	4,927442973065728E-002	4,000000000000000E+000
-1,8010145E-002	5,437354048222520E-002	4,000000000000000E+000
-1,7022371E-002	5,894511283258913E-002	4,000000000000000E+000
-1,5957754E-002	6,434402800449712E-002	4,000000000000000E+000
-1,4887403E-002	6,931237714727301E-002	4,000000000000000E+000
-1,3939965E-002	7,424171519879663E-002	4,000000000000000E+000
-1,2891266E-002	7,966511930701237E-002	4,000000000000000E+000
-1,1873139E-002	8,454352071405324E-002	4,000000000000000E+000
-1,1061560E-002	9,020787919871509E-002	4,000000000000000E+000
-1,0102659E-002	9,533204318722721E-002	4,000000000000000E+000
-9,0354932E-003	1,006798143821975E-001	4,000000000000000E+000
-8,1532244E-003	1,057757707700757E-001	4,000000000000000E+000
-6,2822630E-003	1,219672348937223E-001	4,000000000000000E+000
-4,4603902E-003	1,267830020903300E-001	4,000000000000000E+000
-3,4352562E-003	1,317489605862660E-001	4,000000000000000E+000
-2,5360056E-003	1,377626501877485E-001	4,000000000000000E+000
-1,4040944E-003	1,433950319834469E-001	4,000000000000000E+000
-4,9805053E-004	1,498027777221682E-001	4,000000000000000E+000
4,8308424E-004	1,620820869381232E-001	4,000000000000000E+000
4,5334143E-004	1,536015644669533E-001	5,000000000000000E+000
1,5297171E-003	1,617708341477234E-001	5,000000000000000E+000
2,2570200E-003	1,676988446464144E-001	5,000000000000000E+000
3,3018957E-003	1,730001070407332E-001	5,000000000000000E+000
4,3512289E-003	1,786569803953175E-001	5,000000000000000E+000
5,3137396E-003	1,841829984914509E-001	5,000000000000000E+000
6,4418293E-003	1,894072209510749E-001	5,000000000000000E+000
7,2695408E-003	1,948180220658997E-001	5,000000000000000E+000
8,2982816E-003	2,005082372601874E-001	5,000000000000000E+000
9,3503762E-003	2,059434851528046E-001	5,000000000000000E+000
1,0329869E-002	2,107970548612587E-001	5,000000000000000E+000
1,1279642E-002	2,166197621651627E-001	5,000000000000000E+000
1,2328339E-002	2,216550757746312E-001	5,000000000000000E+000
1,3406117E-002	2,267070947370180E-001	5,000000000000000E+000
1,4406414E-002	2,321085040328200E-001	5,000000000000000E+000
1,5284860E-002	2,375129506043683E-001	5,000000000000000E+000
1,6383654E-002	2,431870483172434E-001	5,000000000000000E+000
1,7319843E-002	2,481241566905132E-001	5,000000000000000E+000
1,8387221E-002	2,537869013225045E-001	5,000000000000000E+000
1,9395795E-002	2,592265420696815E-001	5,000000000000000E+000
2,0347480E-002	2,645184200826209E-001	5,000000000000000E+000
2,1276664E-002	2,694831888915772E-001	5,000000000000000E+000
2,2362933E-002	2,742170912420585E-001	5,000000000000000E+000
2,3308460E-002	2,800308264947189E-001	5,000000000000000E+000
2,4390483E-002	2,849157709214429E-001	5,000000000000000E+000
2,5168521E-002	2,898350388794735E-001	5,000000000000000E+000
2,6455823E-002	2,940173188172701E-001	5,000000000000000E+000
2,7441472E-002	2,981514861134609E-001	5,000000000000000E+000
2,8272793E-002	3,019551614092459E-001	5,000000000000000E+000
2,9294953E-002	3,069529736983698E-001	5,000000000000000E+000
3,0418586E-002	3,117694833264171E-001	5,000000000000000E+000
3,1442948E-002	3,213136814689908E-001	5,000000000000000E+000
3,2321285E-002	3,255394741168458E-001	5,000000000000000E+000
3,3401188E-002	3,307565563461861E-001	5,000000000000000E+000
3,4225289E-002	3,368540784706271E-001	5,000000000000000E+000
3,5413451E-002	3,418117639763905E-001	5,000000000000000E+000
3,6412474E-002	3,484235776898772E-001	5,000000000000000E+000
3,7325095E-002	3,541453879119638E-001	5,000000000000000E+000
3,8331553E-002	3,596316406555067E-001	5,000000000000000E+000
3,9331637E-002	3,654948129422149E-001	5,000000000000000E+000
4,0374815E-002	3,704070684810494E-001	5,000000000000000E+000
4,1402917E-002	3,764397459777289E-001	5,000000000000000E+000
4,2374767E-002	3,817501752119936E-001	5,000000000000000E+000
4,3320294E-002	3,870326654933800E-001	5,000000000000000E+000
4,4436079E-002	3,930261711227816E-001	5,000000000000000E+000
4,5373537E-002	3,977489169273118E-001	5,000000000000000E+000
4,6444308E-002	4,036487417243837E-001	5,000000000000000E+000
4,7349080E-002	4,085900489654816E-001	5,000000000000000E+000
4,8365723E-002	4,140810108898851E-001	5,000000000000000E+000
4,9194708E-002	4,195741646819653E-001	5,000000000000000E+000
5,0285008E-002	4,238835940034025E-001	5,000000000000000E+000
5,1305261E-002	4,275644845587934E-001	5,000000000000000E+000
5,2343342E-002	4,323907601647088E-001	5,000000000000000E+000
5,3293120E-002	4,359357130662005E-001	5,000000000000000E+000
5,4394670E-002	4,381157892187026E-001	5,000000000000000E+000
5,5216439E-002	4,408929287197285E-001	5,000000000000000E+000
5,6243908E-002	4,421342434620250E-001	5,000000000000000E+000
5,7390250E-002	4,447230635883521E-001	5,000000000000000E+000
5,8287386E-002	4,491484230642944E-001	5,000000000000000E+000
5,9333745E-002	4,542731731457437E-001	5,000000000000000E+000
6,0280547E-002	4,611824399843414E-001	5,000000000000000E+000
6,1311830E-002	4,675406732130813E-001	5,000000000000000E+000
6,2356282E-002	4,746248205192387E-001	5,000000000000000E+000
6,3286915E-002	4,844598902855068E-001	5,000000000000000E+000
6,4326480E-002	4,889025985418503E-001	5,000000000000000E+000
6,5396830E-002	4,950941674307865E-001	5,000000000000000E+000
6,6446371E-002	5,009316448122281E-001	5,000000000000000E+000
6,7321010E-002	5,072677312936218E-001	5,000000000000000E+000
6,8280116E-002	5,134317989254198E-001	5,000000000000000E+000
6,9401838E-002	5,186450302393908E-001	5,000000000000000E+000
7,0311487E-002	5,242518659991537E-001	5,000000000000000E+000
7,1288645E-002	5,302376335279817E-001	5,000000000000000E+000
7,2319940E-002	5,362891747305802E-001	5,000000000000000E+000
7,3260158E-002	5,413260360558843E-001	5,000000000000000E+000
7,4209087E-002	5,472187479544042E-001	5,000000000000000E+000
7,5262666E-002	5,528700296870559E-001	5,000000000000000E+000
7,6278672E-002	5,583576028649202E-001	5,000000000000000E+000
7,7421837E-002	5,637356793094028E-001	5,000000000000000E+000
7,8269921E-002	5,675555645074297E-001	5,000000000000000E+000
7,9295054E-002	5,709908071698426E-001	5,000000000000000E+000
8,0316149E-002	5,747462855134557E-001	5,000000000000000E+000
8,1331529E-002	5,770247329750831E-001	5,000000000000000E+000
8,2239896E-002	5,781240715231348E-001	5,000000000000000E+000
8,3180971E-002	5,776130532224990E-001	5,000000000000000E+000
8,4383145E-002	5,760013426447093E-001	5,000000000000000E+000
8,5251413E-002	5,756471123960292E-001	5,000000000000000E+000
8,6425349E-002	5,783327668905258E-001	5,000000000000000E+000
8,7270044E-002	5,839194190274517E-001	5,000000000000000E+000
8,8288806E-002	5,910423185883307E-001	5,000000000000000E+000
8,9282945E-002	5,986613214222931E-001	5,000000000000000E+000
9,0280481E-002	6,065540239214910E-001	5,000000000000000E+000
9,1321334E-002	6,142586934794165E-001	5,000000000000000E+000
9,2331812E-002	6,221319968398258E-001	5,000000000000000E+000
9,3252294E-002	6,292699163572681E-001	5,000000000000000E+000
9,4225205E-002	6,369644620766248E-001	5,000000000000000E+000
9,5306806E-002	6,475519906832936E-001	5,000000000000000E+000
9,6188396E-002	6,517030482387396E-001	5,000000000000000E+000
9,7332835E-002	6,573130873859743E-001	5,000000000000000E+000
9,8370492E-002	6,633599327566717E-001	5,000000000000000E+000
9,9267833E-002	6,707804628337435E-001	5,000000000000000E+000
1,0034879E-001	6,765383536823939E-001	5,000000000000000E+000
1,0131597E-001	6,826031216316739E-001	5,000000000000000E+000
1,0228847E-001	6,886739239303621E-001	5,000000000000000E+000
1,0339490E-001	6,951818858376821E-001	5,000000000000000E+000
1,0425573E-001	7,008890660686653E-001	5,000000000000000E+000
1,0527641E-001	7,056379495706011E-001	5,000000000000000E+000
1,0630451E-001	7,098926392176939E-001	5,000000000000000E+000
1,0720313E-001	7,130018937815423E-001	5,000000000000000E+000
1,0832887E-001	7,150017746931203E-001	5,000000000000000E+000
1,0927802E-001	7,166522799266715E-001	5,000000000000000E+000
1,1037065E-001	7,157452780649898E-001	5,000000000000000E+000
1,1117396E-001	7,124705516940200E-001	5,000000000000000E+000
1,1231585E-001	7,057893733080105E-001	5,000000000000000E+000
1,1318856E-001	7,021593431838704E-001	5,000000000000000E+000
1,1432621E-001	7,030438062114008E-001	5,000000000000000E+000
1,1517408E-001	7,079363849221032E-001	5,000000000000000E+000
1,1626948E-001	7,164657808219399E-001	5,000000000000000E+000
1,1732092E-001	7,262239995826461E-001	5,000000000000000E+000
1,1822060E-001	7,356986745985026E-001	5,000000000000000E+000
1,1929244E-001	7,461661198176452E-001	5,000000000000000E+000
1,2040038E-001	7,545168752161135E-001	5,000000000000000E+000
1,2125484E-001	7,636683058614544E-001	5,000000000000000E+000
1,2221521E-001	7,733579229873944E-001	5,000000000000000E+000
1,2331676E-001	7,814701176248500E-001	5,000000000000000E+000
1,2436100E-001	7,893024047112314E-001	5,000000000000000E+000
1,2530717E-001	7,968682706252590E-001	5,000000000000000E+000
1,2627529E-001	8,075428146662000E-001	5,000000000000000E+000
1,2728396E-001	8,131836201064298E-001	5,000000000000000E+000
1,2837914E-001	8,208815922132819E-001	5,000000000000000E+000
1,2927626E-001	8,269231253200124E-001	5,000000000000000E+000
1,3025363E-001	8,341400459305319E-001	5,000000000000000E+000
1,3129087E-001	8,407473918050510E-001	5,000000000000000E+000
1,3210458E-001	8,469072155033572E-001	5,000000000000000E+000
1,3331842E-001	8,531361462858840E-001	5,000000000000000E+000
1,3422723E-001	8,567818032784640E-001	5,000000000000000E+000
1,3530649E-001	8,593718321580024E-001	5,000000000000000E+000
1,3629958E-001	8,605773874248079E-001	5,000000000000000E+000
1,3735168E-001	8,596882079727974E-001	5,000000000000000E+000
1,3814795E-001	8,583373032096357E-001	5,000000000000000E+000
1,3941744E-001	8,501264627298557E-001	5,000000000000000E+000
1,4035445E-001	8,382780802332714E-001	5,000000000000000E+000
1,4130720E-001	8,302354689997911E-001	5,000000000000000E+000
1,4234082E-001	8,282700172729007E-001	5,000000000000000E+000
1,4325897E-001	8,326451326720452E-001	5,000000000000000E+000
1,4418519E-001	8,422961791252934E-001	5,000000000000000E+000
1,4526126E-001	8,539562917624934E-001	5,000000000000000E+000
1,4620595E-001	8,667885312396635E-001	5,000000000000000E+000
1,4724085E-001	8,790481663309067E-001	5,000000000000000E+000
1,4835048E-001	8,911396677916272E-001	5,000000000000000E+000
1,4923911E-001	9,027631034971080E-001	5,000000000000000E+000
1,5024681E-001	9,141925158910418E-001	5,000000000000000E+000
1,5132079E-001	9,249615076825897E-001	5,000000000000000E+000
1,5230685E-001	9,345099659015705E-001	5,000000000000000E+000
1,5325662E-001	9,427866087709038E-001	5,000000000000000E+000
1,5420811E-001	9,517762451432645E-001	5,000000000000000E+000
1,5518719E-001	9,603847658468645E-001	5,000000000000000E+000
1,5622948E-001	9,735089814704310E-001	5,000000000000000E+000
1,5734482E-001	9,807662189834687E-001	5,000000000000000E+000
1,5819992E-001	9,872623186351568E-001	5,000000000000000E+000
1,5920998E-001	9,955819875208929E-001	5,000000000000000E+000
1,6016443E-001	1,002991389483210E+000	5,000000000000000E+000
1,6113138E-001	1,010534636158912E+000	5,000000000000000E+000
1,6226819E-001	1,015048911588060E+000	5,000000000000000E+000
1,6324979E-001	1,016305491742166E+000	5,000000000000000E+000
1,6422524E-001	1,016657137932878E+000	5,000000000000000E+000
1,6515020E-001	1,014434179291126E+000	5,000000000000000E+000
1,6626343E-001	1,009702118631044E+000	5,000000000000000E+000
1,6724949E-001	9,971717674699079E-001	5,000000000000000E+000
1,6818760E-001	9,789903911554987E-001	5,000000000000000E+000
1,6936088E-001	9,631013445883685E-001	5,000000000000000E+000
1,7029010E-001	9,576263371337617E-001	5,000000000000000E+000
1,7131354E-001	9,599739728598937E-001	5,000000000000000E+000
1,7217883E-001	9,715241701342201E-001	5,000000000000000E+000
1,7328590E-001	9,867346512360751E-001	5,000000000000000E+000
1,7429851E-001	1,002464384461444E+000	5,000000000000000E+000
1,7520139E-001	1,019248927943416E+000	5,000000000000000E+000
1,7631821E-001	1,034983180359838E+000	5,000000000000000E+000
1,7731236E-001	1,049433281127779E+000	5,000000000000000E+000
1,7824067E-001	1,064196075312793E+000	5,000000000000000E+000
1,7938915E-001	1,078370190329025E+000	5,000000000000000E+000
1,8026909E-001	1,090504816629821E+000	5,000000000000000E+000
1,8210290E-001	1,107241542207909E+000	5,000000000000000E+000
1,8390138E-001	1,123056023588610E+000	5,000000000000000E+000
1,8484776E-001	1,133992649097419E+000	5,000000000000000E+000
1,8586463E-001	1,144067891149064E+000	5,000000000000000E+000
1,8683815E-001	1,153469551251167E+000	5,000000000000000E+000
1,8789026E-001	1,161113596624801E+000	5,000000000000000E+000
1,8885955E-001	1,170729561398428E+000	5,000000000000000E+000
1,8987918E-001	1,177310084924107E+000	5,000000000000000E+000
1,9084615E-001	1,178891653815909E+000	5,000000000000000E+000
1,9183074E-001	1,179159520090462E+000	5,000000000000000E+000
1,9283676E-001	1,175095117857893E+000	5,000000000000000E+000
1,9389375E-001	1,169407802426978E+000	5,000000000000000E+000
1,9490464E-001	1,157530268343788E+000	5,000000000000000E+000
1,9585356E-001	1,135243784429306E+000	5,000000000000000E+000
1,9683781E-001	1,105120303788850E+000	5,000000000000000E+000
1,9786404E-001	1,083282471176886E+000	5,000000000000000E+000
1,9884436E-001	1,076856364496057E+000	5,000000000000000E+000
1,9992381E-001	1,084510466187369E+000	5,000000000000000E+000
2,0045449E-001	1,092388451099396E+000	5,000000000000000E+000
2,0043534E-001	1,103625297546387E+000	5,000000000000000E+000
2,0047453E-001	1,107033550739288E+000	5,000000000000000E+000
1,9994026E-001	1,049466059025793E+000	5,000000000000000E+000
1,9892983E-001	1,046842127107089E+000	5,000000000000000E+000
1,9794756E-001	1,049137664751875E+000	5,000000000000000E+000
1,9695385E-001	1,049959773508214E+000	5,000000000000000E+000
1,9586629E-001	1,052166255708368E+000	5,000000000000000E+000
1,9496599E-001	1,054258633404970E+000	5,000000000000000E+000
1,9390517E-001	1,054144574122297E+000	5,000000000000000E+000
1,9292890E-001	1,052212378734517E+000	5,000000000000000E+000
1,9194387E-001	1,049486156656510E+000	5,000000000000000E+000
1,9090536E-001	1,044959277845924E+000	5,000000000000000E+000
1,8991546E-001	1,042360856094295E+000	5,000000000000000E+000
1,8891452E-001	1,038426492259740E+000	5,000000000000000E+000
1,8794459E-001	1,034741857296064E+000	5,000000000000000E+000
1,8691097E-001	1,029463397442467E+000	5,000000000000000E+000
1,8594061E-001	1,024497436256052E+000	5,000000000000000E+000
1,8493609E-001	1,019165883461636E+000	5,000000000000000E+000
1,8394957E-001	1,012214642742444E+000	5,000000000000000E+000
1,8295649E-001	1,003093050171930E+000	5,000000000000000E+000
1,8191160E-001	9,923027863519103E-001	5,000000000000000E+000
1,8097585E-001	9,764760279407145E-001	5,000000000000000E+000
1,7998321E-001	9,600233264888338E-001	5,000000000000000E+000
1,7896229E-001	9,405829663802372E-001	5,000000000000000E+000
1,7791392E-001	9,142936547804217E-001	5,000000000000000E+000
1,7696683E-001	8,839808596401584E-001	5,000000000000000E+000
1,7598905E-001	8,488589646294757E-001	5,000000000000000E+000
1,7492889E-001	8,208490964025259E-001	5,000000000000000E+000
1,7395915E-001	8,059992744173461E-001	5,000000000000000E+000
1,7295781E-001	8,004827087538136E-001	5,000000000000000E+000
1,7193650E-001	8,033733130950065E-001	5,000000000000000E+000
1,7093873E-001	8,076413290368204E-001	5,000000000000000E+000
1,6996413E-001	8,131886528184005E-001	5,000000000000000E+000
1,6895106E-001	8,174079500863147E-001	5,000000000000000E+000
1,6794592E-001	8,199517064624380E-001	5,000000000000000E+000
1,6693097E-001	8,227627469847612E-001	5,000000000000000E+000
1,6594301E-001	8,249989030882734E-001	5,000000000000000E+000
1,6496964E-001	8,251595706161527E-001	5,000000000000000E+000
1,6392562E-001	8,241035684736246E-001	5,000000000000000E+000
1,6292641E-001	8,216802346934093E-001	5,000000000000000E+000
1,6194881E-001	8,185938490658193E-001	5,000000000000000E+000
1,6090626E-001	8,167073354642476E-001	5,000000000000000E+000
1,5993080E-001	8,147427212550404E-001	5,000000000000000E+000
1,5894963E-001	8,108411873173402E-001	5,000000000000000E+000
1,5790242E-001	8,064999643506301E-001	5,000000000000000E+000
1,5689106E-001	8,021597829129985E-001	5,000000000000000E+000
1,5592453E-001	7,977803540416097E-001	5,000000000000000E+000
1,5493931E-001	7,915631411597150E-001	5,000000000000000E+000
1,5393519E-001	7,832407772334076E-001	5,000000000000000E+000
1,5292595E-001	7,721853593571311E-001	5,000000000000000E+000
1,5188766E-001	7,560667829174132E-001	5,000000000000000E+000
1,5091607E-001	7,444639888385112E-001	5,000000000000000E+000
1,4993615E-001	7,280553104355993E-001	5,000000000000000E+000
1,4894497E-001	7,055678392450022E-001	5,000000000000000E+000
1,4790267E-001	6,793061398590599E-001	5,000000000000000E+000
1,4694503E-001	6,577522012715544E-001	5,000000000000000E+000
1,4593750E-001	6,447263285517693E-001	5,000000000000000E+000
1,4491196E-001	6,381919246373906E-001	5,000000000000000E+000
1,4393780E-001	6,375767024130490E-001	5,000000000000000E+000
1,4299351E-001	6,390819172374904E-001	5,000000000000000E+000
1,4200044E-001	6,399862331131310E-001	5,000000000000000E+000
1,4095344E-001	6,421772975267652E-001	5,000000000000000E+000
1,3999794E-001	6,432911365086014E-001	5,000000000000000E+000
1,3894203E-001	6,439227872114213E-001	5,000000000000000E+000
1,3796169E-001	6,430004795288866E-001	5,000000000000000E+000
1,3694461E-001	6,425613181458613E-001	5,000000000000000E+000
1,3600248E-001	6,404206615148320E-001	5,000000000000000E+000
1,3496014E-001	6,376313429532781E-001	5,000000000000000E+000
1,3401294E-001	6,342680942681120E-001	5,000000000000000E+000
1,3295510E-001	6,316119245150009E-001	5,000000000000000E+000
1,3198793E-001	6,289090851528769E-001	5,000000000000000E+000
1,3096024E-001	6,253209725125803E-001	5,000000000000000E+000
1,2997991E-001	6,211569120383107E-001	5,000000000000000E+000
1,2896369E-001	6,170431552972229E-001	5,000000000000000E+000
1,2795512E-001	6,118777264944404E-001	5,000000000000000E+000
1,2694633E-001	6,059346715402274E-001	5,000000000000000E+000
1,2593885E-001	5,971779418177920E-001	5,000000000000000E+000
1,2492963E-001	5,898235968521086E-001	5,000000000000000E+000
1,2396329E-001	5,806796638709004E-001	5,000000000000000E+000
1,2295663E-001	5,700570150899402E-001	5,000000000000000E+000
1,2198287E-001	5,569967150998627E-001	5,000000000000000E+000
1,2092993E-001	5,408235771788522E-001	5,000000000000000E+000
1,1993474E-001	5,221909340988442E-001	5,000000000000000E+000
1,1898560E-001	5,043725467597469E-001	5,000000000000000E+000
1,1792523E-001	4,925443263620992E-001	5,000000000000000E+000
1,1696802E-001	4,848123221761653E-001	5,000000000000000E+000
1,1594798E-001	4,825289988010724E-001	5,000000000000000E+000
1,1494895E-001	4,814751031808573E-001	5,000000000000000E+000
1,1393486E-001	4,810497547344630E-001	5,000000000000000E+000
1,1292353E-001	4,798844898533474E-001	5,000000000000000E+000
1,1191835E-001	4,789064388153044E-001	5,000000000000000E+000
1,1093970E-001	4,770415880096461E-001	5,000000000000000E+000
1,0992116E-001	4,750828522050536E-001	5,000000000000000E+000
1,0894485E-001	4,729453853797168E-001	5,000000000000000E+000
1,0793478E-001	4,703910275000265E-001	5,000000000000000E+000
1,0696527E-001	4,671662603246300E-001	5,000000000000000E+000
1,0595033E-001	4,629549799073089E-001	5,000000000000000E+000
1,0493623E-001	4,603205258285463E-001	5,000000000000000E+000
1,0392915E-001	4,557724494694009E-001	5,000000000000000E+000
1,0224176E-001	4,128258964881173E-001	5,000000000000000E+000
1,0030405E-001	4,312669272896730E-001	5,000000000000000E+000
9,9346437E-002	4,285531048921664E-001	5,000000000000000E+000
9,8414063E-002	4,235980715085237E-001	5,000000000000000E+000
9,7512908E-002	4,165342172814750E-001	5,000000000000000E+000
9,6421748E-002	4,090850952650534E-001	5,000000000000000E+000
9,5452666E-002	4,001272103180069E-001	5,000000000000000E+000
9,4371915E-002	3,915145768163115E-001	5,000000000000000E+000
9,3346991E-002	3,807423375546954E-001	5,000000000000000E+000
9,2365801E-002	3,677473193448453E-001	5,000000000000000E+000
9,1306277E-002	3,531904554304983E-001	5,000000000000000E+000
9,0409361E-002	3,407214029122976E-001	5,000000000000000E+000
8,9335613E-002	3,316019498743141E-001	5,000000000000000E+000
8,8404953E-002	3,259033515221543E-001	5,000000000000000E+000
8,7338850E-002	3,221075490065335E-001	5,000000000000000E+000
8,6420067E-002	3,197367678706842E-001	5,000000000000000E+000
8,5430160E-002	3,169599968370873E-001	5,000000000000000E+000
8,4467873E-002	3,148077488876897E-001	5,000000000000000E+000
8,3350599E-002	3,117215037345902E-001	5,000000000000000E+000
8,2386605E-002	3,090566479756198E-001	5,000000000000000E+000
8,1493102E-002	3,065065454381225E-001	5,000000000000000E+000
8,0412336E-002	3,021911079736646E-001	5,000000000000000E+000
7,9267912E-002	2,986657788149181E-001	5,000000000000000E+000
7,8330450E-002	2,942704878902698E-001	5,000000000000000E+000
7,7401258E-002	2,902689020718561E-001	5,000000000000000E+000
7,6473780E-002	2,853136330894714E-001	5,000000000000000E+000
7,5421385E-002	2,765466829037497E-001	5,000000000000000E+000
7,4379593E-002	2,761551190633331E-001	5,000000000000000E+000
7,3419645E-002	2,705596922896798E-001	5,000000000000000E+000
7,2302803E-002	2,662457316441262E-001	5,000000000000000E+000
7,1372129E-002	2,612903501527999E-001	5,000000000000000E+000
7,0347212E-002	2,557657356115266E-001	5,000000000000000E+000
6,9432043E-002	2,494162687928321E-001	5,000000000000000E+000
6,8314567E-002	2,429249168684093E-001	5,000000000000000E+000
6,7347176E-002	2,355500499252230E-001	5,000000000000000E+000
6,6322245E-002	2,279340876395710E-001	5,000000000000000E+000
6,5476283E-002	2,195021413111444E-001	5,000000000000000E+000
6,4513348E-002	2,089392269263053E-001	5,000000000000000E+000
6,3445553E-002	1,983844082052308E-001	5,000000000000000E+000
6,2378168E-002	1,879047347077480E-001	5,000000000000000E+000
6,1341781E-002	1,800622670238636E-001	5,000000000000000E+000
6,0390525E-002	1,739355971933243E-001	5,000000000000000E+000
5,9573427E-002	1,689315105064046E-001	5,000000000000000E+000
5,8320519E-002	1,651254686552828E-001	5,000000000000000E+000
5,7428908E-002	1,613239770522341E-001	5,000000000000000E+000
5,6456417E-002	1,578680297178736E-001	5,000000000000000E+000
5,5289913E-002	1,536856380084326E-001	5,000000000000000E+000
5,4344166E-002	1,496862301784054E-001	5,000000000000000E+000
5,3358093E-002	1,455285006151019E-001	5,000000000000000E+000
5,2422121E-002	1,418088273559182E-001	5,000000000000000E+000
5,1436894E-002	1,374496213263939E-001	5,000000000000000E+000
5,0486058E-002	1,320248838100171E-001	5,000000000000000E+000
4,9345870E-002	1,277968032777106E-001	5,000000000000000E+000
4,8477300E-002	1,210559880451507E-001	5,000000000000000E+000
4,7492843E-002	1,167357621468708E-001	5,000000000000000E+000
4,6357118E-002	1,122451727795933E-001	5,000000000000000E+000
4,5486946E-002	1,067697904137375E-001	5,000000000000000E+000
4,4412564E-002	1,018433296703738E-001	5,000000000000000E+000
4,3439016E-002	9,666989488889377E-002	5,000000000000000E+000
4,2465679E-002	9,137928589350641E-002	5,000000000000000E+000
4,1514840E-002	8,572193998972810E-002	5,000000000000000E+000
4,0436432E-002	7,921335551913633E-002	5,000000000000000E+000
3,9397709E-002	7,301229197118048E-002	5,000000000000000E+000
3,8397409E-002	6,602854128383739E-002	5,000000000000000E+000
3,7477996E-002	5,886993737658519E-002	5,000000000000000E+000
3,6381319E-002	5,124941885393747E-002	5,000000000000000E+000
3,5354704E-002	4,320161074671600E-002	5,000000000000000E+000
3,4426160E-002	3,464915321092144E-002	5,000000000000000E+000
3,3489760E-002	2,741324465670114E-002	5,000000000000000E+000
3,2408584E-002	2,131074340043901E-002	5,000000000000000E+000
3,0512884E-002	1,469524816877221E-002	5,000000000000000E+000
2,9019736E-002	3,079424587730906E-003	5,000000000000000E+000
2,7936436E-002	-7,343177444454323E-004	5,000000000000000E+000
2,6983270E-002	-5,136600169660395E-003	5,000000000000000E+000
2,5840959E-002	-1,094756240167447E-002	5,000000000000000E+000
2,4997747E-002	-1,503001638290395E-002	5,000000000000000E+000
2,4242850E-002	-1,968761460415808E-002	5,000000000000000E+000
2,3102025E-002	-2,477194617838702E-002	5,000000000000000E+000
2,2076676E-002	-2,991283423034469E-002	5,000000000000000E+000
2,1040084E-002	-3,512148987566543E-002	5,000000000000000E+000
2,0019805E-002	-4,114731436453029E-002	5,000000000000000E+000
1,9199584E-002	-4,962189610685330E-002	5,000000000000000E+000
1,8106090E-002	-4,971056866149115E-002	5,000000000000000E+000
1,7038504E-002	-5,773070338505526E-002	5,000000000000000E+000
1,6150290E-002	-6,154522018429504E-002	5,000000000000000E+000
1,5074636E-002	-6,665685284598211E-002	5,000000000000000E+000
1,4038251E-002	-7,283224146683756E-002	5,000000000000000E+000
1,3019700E-002	-7,815396140277775E-002	5,000000000000000E+000
1,1970791E-002	-8,379840757697787E-002	5,000000000000000E+000
1,0982169E-002	-8,990277459896667E-002	5,000000000000000E+000
9,9005699E-003	-9,539310787416355E-002	5,000000000000000E+000
9,1492776E-003	-1,017573637072926E-001	5,000000000000000E+000
7,3728627E-003	-1,170676096215693E-001	5,000000000000000E+000
5,4914718E-003	-1,267565696293289E-001	5,000000000000000E+000
4,3720854E-003	-1,300110096732774E-001	5,000000000000000E+000
3,4698630E-003	-1,359882222281558E-001	5,000000000000000E+000
2,4719017E-003	-1,419419385104748E-001	5,000000000000000E+000
1,4847667E-003	-1,473015843528422E-001	5,000000000000000E+000
3,5030887E-004	-1,525453830836341E-001	5,000000000000000E+000
-5,5806991E-004	-1,580821402345058E-001	5,000000000000000E+000
-1,4766384E-003	-1,626993965667980E-001	5,000000000000000E+000
-2,5223636E-003	-1,687690781222445E-001	5,000000000000000E+000
-3,6001424E-003	-1,737835018300560E-001	5,000000000000000E+000
-4,5127673E-003	-1,789135787273858E-001	5,000000000000000E+000
-5,6635719E-003	-1,844629677297138E-001	5,000000000000000E+000
-6,5795924E-003	-1,899386072764175E-001	5,000000000000000E+000
-7,5246957E-003	-1,950201046032207E-001	5,000000000000000E+000
-8,5383672E-003	-2,003821342433287E-001	5,000000000000000E+000
-9,5643215E-003	-2,093381718603059E-001	5,000000000000000E+000
-1,0498379E-002	-2,127307087648653E-001	5,000000000000000E+000
-1,1544743E-002	-2,175378874461691E-001	5,000000000000000E+000
-1,2431043E-002	-2,233394955983385E-001	5,000000000000000E+000
-1,3466367E-002	-2,281489938031878E-001	5,000000000000000E+000
-1,4546692E-002	-2,338964802523449E-001	5,000000000000000E+000
-1,5497953E-002	-2,389400680161398E-001	5,000000000000000E+000
-1,6487211E-002	-2,444501235279148E-001	5,000000000000000E+000
-1,7593225E-002	-2,489584266311580E-001	5,000000000000000E+000
-1,8521346E-002	-2,543881218363013E-001	5,000000000000000E+000
-1,9439915E-002	-2,596725253646988E-001	5,000000000000000E+000
-2,0542955E-002	-2,631924278361515E-001	5,000000000000000E+000
-2,1571059E-002	-2,680067424145007E-001	5,000000000000000E+000
-2,2617636E-002	-2,722425037581058E-001	5,000000000000000E+000
-2,3546178E-002	-2,778500584212849E-001	5,000000000000000E+000
-2,4581501E-002	-2,837576738351748E-001	5,000000000000000E+000
-2,5519386E-002	-2,898678186918692E-001	5,000000000000000E+000
-2,6443686E-002	-2,955937772316650E-001	5,000000000000000E+000
-2,7525075E-002	-3,015145614691486E-001	5,000000000000000E+000
-2,8462112E-002	-3,073964526411146E-001	5,000000000000000E+000
-2,9506141E-002	-3,132868642504829E-001	5,000000000000000E+000
-3,0458458E-002	-3,194629457106606E-001	5,000000000000000E+000
-3,1529445E-002	-3,246082256858545E-001	5,000000000000000E+000
-3,2562859E-002	-3,301825044262747E-001	5,000000000000000E+000
-3,3589907E-002	-3,352925735008379E-001	5,000000000000000E+000
-3,4601878E-002	-3,410300737660776E-001	5,000000000000000E+000
-3,5612579E-002	-3,465885000251632E-001	5,000000000000000E+000
-3,6507584E-002	-3,521007936085674E-001	5,000000000000000E+000
-3,7467334E-002	-3,576883666165578E-001	5,000000000000000E+000
-3,8454711E-002	-3,667586019210933E-001	5,000000000000000E+000
-3,9552595E-002	-3,686892089640916E-001	5,000000000000000E+000
-4,0564135E-002	-3,752312621153471E-001	5,000000000000000E+000
-4,1469548E-002	-3,799342855862835E-001	5,000000000000000E+000
-4,2588085E-002	-3,853490333486755E-001	5,000000000000000E+000
-4,3566726E-002	-3,901361569813968E-001	5,000000000000000E+000
-4,4494212E-002	-3,946045166295438E-001	5,000000000000000E+000
-4,5541637E-002	-3,994217112453420E-001	5,000000000000000E+000
-4,6614740E-002	-4,027202504480041E-001	5,000000000000000E+000
-4,7526311E-002	-4,069149680176931E-001	5,000000000000000E+000
-4,8565235E-002	-4,089310732928817E-001	5,000000000000000E+000
-4,9631555E-002	-4,110984308127721E-001	5,000000000000000E+000
-5,0630152E-002	-4,133706874886727E-001	5,000000000000000E+000
-5,1484611E-002	-4,174206861191312E-001	5,000000000000000E+000
-5,2580435E-002	-4,230660100519223E-001	5,000000000000000E+000
-5,3496242E-002	-4,298258617313362E-001	5,000000000000000E+000
-5,4369595E-002	-4,361094237926094E-001	5,000000000000000E+000
-5,5468179E-002	-4,428174048403477E-001	5,000000000000000E+000
-5,6520063E-002	-4,490367670336539E-001	5,000000000000000E+000
-5,7508253E-002	-4,552680076513855E-001	5,000000000000000E+000
-5,8477562E-002	-4,619778825435770E-001	5,000000000000000E+000
-5,9478499E-002	-4,679800414014608E-001	5,000000000000000E+000
-6,0510851E-002	-4,738841210233247E-001	5,000000000000000E+000
-6,1545536E-002	-4,802811092748818E-001	5,000000000000000E+000
-6,2526301E-002	-4,851701823321888E-001	5,000000000000000E+000
-6,3497089E-002	-4,910851418972008E-001	5,000000000000000E+000
-6,4546004E-002	-4,971385679414695E-001	5,000000000000000E+000
-6,5528892E-002	-5,025140171249687E-001	5,000000000000000E+000
-6,6549994E-002	-5,084068028049344E-001	5,000000000000000E+000
-6,7591041E-002	-5,141297668322098E-001	5,000000000000000E+000
-6,8515979E-002	-5,192052208715019E-001	5,000000000000000E+000
-6,9454320E-002	-5,284660427003245E-001	5,000000000000000E+000
-7,0425257E-002	-5,303740532965293E-001	5,000000000000000E+000
-7,1513228E-002	-5,354647202831160E-001	5,000000000000000E+000
-7,2454087E-002	-5,400080650837855E-001	5,000000000000000E+000
-7,3516160E-002	-5,429816425053620E-001	5,000000000000000E+000
-7,4482277E-002	-5,458935975717996E-001	5,000000000000000E+000
-7,5516537E-002	-5,484216352407296E-001	5,000000000000000E+000
-7,6534458E-002	-5,489608638712939E-001	5,000000000000000E+000
-7,7481680E-002	-5,470603770679898E-001	5,000000000000000E+000
-7,8460753E-002	-5,471848340498076E-001	5,000000000000000E+000
-7,9530671E-002	-5,503269081624840E-001	5,000000000000000E+000
-8,0523320E-002	-5,555348429414952E-001	5,000000000000000E+000
-8,1629343E-002	-5,617369356979096E-001	5,000000000000000E+000
-8,2494624E-002	-5,696548337841181E-001	5,000000000000000E+000
-8,3524853E-002	-5,773460625981279E-001	5,000000000000000E+000
-8,4483758E-002	-5,836461742615522E-001	5,000000000000000E+000
-8,5513137E-002	-5,917864450150021E-001	5,000000000000000E+000
-8,6559273E-002	-5,991509531935044E-001	5,000000000000000E+000
-8,7456629E-002	-6,063446975313118E-001	5,000000000000000E+000
-8,8479429E-002	-6,129182780989328E-001	5,000000000000000E+000
-8,9477807E-002	-6,192614212114762E-001	5,000000000000000E+000
-9,0499975E-002	-6,253207116905166E-001	5,000000000000000E+000
-9,1472462E-002	-6,316931483128805E-001	5,000000000000000E+000
-9,2497587E-002	-6,381738253662137E-001	5,000000000000000E+000
-9,3452677E-002	-6,442422050361838E-001	5,000000000000000E+000
-9,4401591E-002	-6,503508932267614E-001	5,000000000000000E+000
-9,5458783E-002	-6,564947359988254E-001	5,000000000000000E+000
-9,6500047E-002	-6,623669751505865E-001	5,000000000000000E+000
-9,7527735E-002	-6,683480354129436E-001	5,000000000000000E+000
-9,8443337E-002	-6,735909501504560E-001	5,000000000000000E+000
-9,9488199E-002	-6,781605980359018E-001	5,000000000000000E+000
-1,0048638E-001	-6,819374410228534E-001	5,000000000000000E+000
-1,0142171E-001	-6,845607604934916E-001	5,000000000000000E+000
-1,0246425E-001	-6,865829873519624E-001	5,000000000000000E+000
-1,0346670E-001	-6,908156317141314E-001	5,000000000000000E+000
-1,0444360E-001	-6,848127208302142E-001	5,000000000000000E+000
-1,0552690E-001	-6,803226611680406E-001	5,000000000000000E+000
-1,0654483E-001	-6,767858389454551E-001	5,000000000000000E+000
-1,0762621E-001	-6,783815469696286E-001	5,000000000000000E+000
-1,0842315E-001	-6,823813908526462E-001	5,000000000000000E+000
-1,0953001E-001	-6,893985158660323E-001	5,000000000000000E+000
-1,1053392E-001	-6,986995428904059E-001	5,000000000000000E+000
-1,1140366E-001	-7,075257988439638E-001	5,000000000000000E+000
-1,1235832E-001	-7,168858771522819E-001	5,000000000000000E+000
-1,1346582E-001	-7,258158392376348E-001	5,000000000000000E+000
-1,1446612E-001	-7,346460739564549E-001	5,000000000000000E+000
-1,1543159E-001	-7,438024103434522E-001	5,000000000000000E+000
-1,1648050E-001	-7,513400075646715E-001	5,000000000000000E+000
-1,1728125E-001	-7,589048012677173E-001	5,000000000000000E+000
-1,1846898E-001	-7,666528065585396E-001	5,000000000000000E+000
-1,1947162E-001	-7,733568710068006E-001	5,000000000000000E+000
-1,2053350E-001	-7,807285261030010E-001	5,000000000000000E+000
-1,2146351E-001	-7,883975039132753E-001	5,000000000000000E+000
-1,2242454E-001	-7,951869303877968E-001	5,000000000000000E+000
-1,2346433E-001	-8,020432617825746E-001	5,000000000000000E+000
-1,2444890E-001	-8,086057708909085E-001	5,000000000000000E+000
-1,2544008E-001	-8,149372145223115E-001	5,000000000000000E+000
-1,2653953E-001	-8,211240382968548E-001	5,000000000000000E+000
-1,2749079E-001	-8,260129225026374E-001	5,000000000000000E+000
-1,2846412E-001	-8,283115000877910E-001	5,000000000000000E+000
-1,2938246E-001	-8,304451778531075E-001	5,000000000000000E+000
-1,3053094E-001	-8,306429155377835E-001	5,000000000000000E+000
-1,3138391E-001	-8,297648971072498E-001	5,000000000000000E+000
-1,3249822E-001	-8,246485992955641E-001	5,000000000000000E+000
-1,3352269E-001	-8,149664740905944E-001	5,000000000000000E+000
-1,3441283E-001	-8,062267698761456E-001	5,000000000000000E+000
-1,3550738E-001	-8,033323988525387E-001	5,000000000000000E+000
-1,3651404E-001	-8,072630231682600E-001	5,000000000000000E+000
-1,3752517E-001	-8,152147081370140E-001	5,000000000000000E+000
-1,3849320E-001	-8,259045973213146E-001	5,000000000000000E+000
-1,3948560E-001	-8,417517763252036E-001	5,000000000000000E+000
-1,4047933E-001	-8,492994929353370E-001	5,000000000000000E+000
-1,4138027E-001	-8,618259534446722E-001	5,000000000000000E+000
-1,4236104E-001	-8,735760202527842E-001	5,000000000000000E+000
-1,4339805E-001	-8,846065308381306E-001	5,000000000000000E+000
-1,4448540E-001	-8,947208645339657E-001	5,000000000000000E+000
-1,4536533E-001	-9,039415863549536E-001	5,000000000000000E+000
-1,4646052E-001	-9,118420627589012E-001	5,000000000000000E+000
-1,4748883E-001	-9,208513198213417E-001	5,000000000000000E+000
-1,4851058E-001	-9,301492920041916E-001	5,000000000000000E+000
-1,4940368E-001	-9,383151908405125E-001	5,000000000000000E+000
-1,5050882E-001	-9,468596071108335E-001	5,000000000000000E+000
-1,5148132E-001	-9,543992151609721E-001	5,000000000000000E+000
-1,5251386E-001	-9,626461509615183E-001	5,000000000000000E+000
-1,5349209E-001	-9,700933271087671E-001	5,000000000000000E+000
-1,5448135E-001	-9,766220102190175E-001	5,000000000000000E+000
-1,5542582E-001	-9,820696243809302E-001	5,000000000000000E+000
-1,5645900E-001	-9,839566377922875E-001	5,000000000000000E+000
-1,5737227E-001	-9,846497631321309E-001	5,000000000000000E+000
-1,5843391E-001	-9,831786388531327E-001	5,000000000000000E+000
-1,5946373E-001	-9,795986713013676E-001	5,000000000000000E+000
-1,6036701E-001	-9,709704035065219E-001	5,000000000000000E+000
-1,6151038E-001	-9,550844056842234E-001	5,000000000000000E+000
-1,6239434E-001	-9,392876060576087E-001	5,000000000000000E+000
-1,6344325E-001	-9,320464688870627E-001	5,000000000000000E+000
-1,6445120E-001	-9,329781145271312E-001	5,000000000000000E+000
-1,6550009E-001	-9,425536473799099E-001	5,000000000000000E+000
-1,6650739E-001	-9,566491619269897E-001	5,000000000000000E+000
-1,6741452E-001	-9,716013559761194E-001	5,000000000000000E+000
-1,6845727E-001	-9,866226706653833E-001	5,000000000000000E+000
-1,6930684E-001	-1,006605494146544E+000	5,000000000000000E+000
-1,7044871E-001	-1,017546226994860E+000	5,000000000000000E+000
-1,7138383E-001	-1,032219424533346E+000	5,000000000000000E+000
-1,7241086E-001	-1,045810412925974E+000	5,000000000000000E+000
-1,7336467E-001	-1,057995565028650E+000	5,000000000000000E+000
-1,7440127E-001	-1,068856237973601E+000	5,000000000000000E+000
-1,7544168E-001	-1,078492427244782E+000	5,000000000000000E+000
-1,7644325E-001	-1,089402342525618E+000	5,000000000000000E+000
-1,7824660E-001	-1,104102130591246E+000	5,000000000000000E+000
-1,8009406E-001	-1,119351997661092E+000	5,000000000000000E+000
-1,8111728E-001	-1,128838552369002E+000	5,000000000000000E+000
-1,8207811E-001	-1,137569323182105E+000	5,000000000000000E+000
-1,8302554E-001	-1,144157301738028E+000	5,000000000000000E+000
-1,8402965E-001	-1,147086646511321E+000	5,000000000000000E+000
-1,8508197E-001	-1,147187383017606E+000	5,000000000000000E+000
-1,8605679E-001	-1,145105168947740E+000	5,000000000000000E+000
-1,8705983E-001	-1,139799096828526E+000	5,000000000000000E+000
-1,8803869E-001	-1,131119227036832E+000	5,000000000000000E+000
-1,8905281E-001	-1,112278722744019E+000	5,000000000000000E+000
-1,9004586E-001	-1,085752363316715E+000	5,000000000000000E+000
-1,9107926E-001	-1,064633877430524E+000	5,000000000000000E+000
-1,9203563E-001	-1,058728549836410E+000	5,000000000000000E+000
-1,9302468E-001	-1,063281940813692E+000	5,000000000000000E+000
-1,9408187E-001	-1,077754159768418E+000	5,000000000000000E+000
-1,9500576E-001	-1,095838771926033E+000	5,000000000000000E+000
-1,9606780E-001	-1,116194091840747E+000	5,000000000000000E+000
-1,9706960E-001	-1,136262520112918E+000	5,000000000000000E+000
-1,9808497E-001	-1,154929558850000E+000	5,000000000000000E+000
-1,9896394E-001	-1,176601124112494E+000	5,000000000000000E+000
-1,9944409E-001	-1,188383221626282E+000	5,000000000000000E+000
-1,9988681E-001	-1,183762490749359E+000	5,000000000000000E+000
-1,9893084E-001	-1,136603487552038E+000	5,000000000000000E+000
-1,9794588E-001	-1,128704461476040E+000	5,000000000000000E+000
-1,9688295E-001	-1,120581035502255E+000	5,000000000000000E+000
-1,9591132E-001	-1,112855912910565E+000	5,000000000000000E+000
-1,9491124E-001	-1,106061570139390E+000	5,000000000000000E+000
-1,9388229E-001	-1,101036178362034E+000	5,000000000000000E+000
-1,9288324E-001	-1,096029755452436E+000	5,000000000000000E+000
-1,9190927E-001	-1,089907415728599E+000	5,000000000000000E+000
-1,9088943E-001	-1,082226956780580E+000	5,000000000000000E+000
-1,8989554E-001	-1,076149185084635E+000	5,000000000000000E+000
-1,8889819E-001	-1,069100286604627E+000	5,000000000000000E+000
-1,8788093E-001	-1,059877880745460E+000	5,000000000000000E+000
-1,8689995E-001	-1,048811817852156E+000	5,000000000000000E+000
-1,8589772E-001	-1,034398991821540E+000	5,000000000000000E+000
-1,8489508E-001	-1,017539005105695E+000	5,000000000000000E+000
-1,8388514E-001	-9,945863422213277E-001	5,000000000000000E+000
-1,8285824E-001	-9,733351814664069E-001	5,000000000000000E+000
-1,8188617E-001	-9,428955706146844E-001	5,000000000000000E+000
-1,8095168E-001	-9,051196679679885E-001	5,000000000000000E+000
-1,7990766E-001	-8,726831779090896E-001	5,000000000000000E+000
-1,7887148E-001	-8,544425505937765E-001	5,000000000000000E+000
-1,7793521E-001	-8,409594838610919E-001	5,000000000000000E+000
-1,7690681E-001	-8,415498339778047E-001	5,000000000000000E+000
-1,7587826E-001	-8,458655958270844E-001	5,000000000000000E+000
-1,7488404E-001	-8,515554305759583E-001	5,000000000000000E+000
-1,7384410E-001	-8,558766777213247E-001	5,000000000000000E+000
-1,7284293E-001	-8,598991891162253E-001	5,000000000000000E+000
-1,7185488E-001	-8,635071114016064E-001	5,000000000000000E+000
-1,7087759E-001	-8,648546364468803E-001	5,000000000000000E+000
-1,6989577E-001	-8,664786431731457E-001	5,000000000000000E+000
-1,6886172E-001	-8,660702328197640E-001	5,000000000000000E+000
-1,6785781E-001	-8,641401506029054E-001	5,000000000000000E+000
-1,6693796E-001	-8,620700337924072E-001	5,000000000000000E+000
-1,6587526E-001	-8,588919639587381E-001	5,000000000000000E+000
-1,6488791E-001	-8,570191499570186E-001	5,000000000000000E+000
-1,6386938E-001	-8,528031233387674E-001	5,000000000000000E+000
-1,6289368E-001	-8,494096640497464E-001	5,000000000000000E+000
-1,6186792E-001	-8,446393472970311E-001	5,000000000000000E+000
-1,6086125E-001	-8,398780389171492E-001	5,000000000000000E+000
-1,5987137E-001	-8,344123462835942E-001	5,000000000000000E+000
-1,5884708E-001	-8,268660227250715E-001	5,000000000000000E+000
-1,5789029E-001	-8,153538849825646E-001	5,000000000000000E+000
-1,5682462E-001	-8,033575244868754E-001	5,000000000000000E+000
-1,5583345E-001	-7,895318883885096E-001	5,000000000000000E+000
-1,5485694E-001	-7,734732775328039E-001	5,000000000000000E+000
-1,5392542E-001	-7,526353468290603E-001	5,000000000000000E+000
-1,5285802E-001	-7,250482184398503E-001	5,000000000000000E+000
-1,5184632E-001	-6,972945131775408E-001	5,000000000000000E+000
-1,5088274E-001	-6,803915469079356E-001	5,000000000000000E+000
-1,4986970E-001	-6,718867197115372E-001	5,000000000000000E+000
-1,4888130E-001	-6,690199737333540E-001	5,000000000000000E+000
-1,4788926E-001	-6,703788171418843E-001	5,000000000000000E+000
-1,4686437E-001	-6,710990572658666E-001	5,000000000000000E+000
-1,4585982E-001	-6,729925945401192E-001	5,000000000000000E+000
-1,4487608E-001	-6,758482070743206E-001	5,000000000000000E+000
-1,4390084E-001	-6,769572057657758E-001	5,000000000000000E+000
-1,4287251E-001	-6,785637656640624E-001	5,000000000000000E+000
-1,4189515E-001	-6,777703160833963E-001	5,000000000000000E+000
-1,4088148E-001	-6,757012590662466E-001	5,000000000000000E+000
-1,3989560E-001	-6,730705483092200E-001	5,000000000000000E+000
-1,3885878E-001	-6,708036687535548E-001	5,000000000000000E+000
-1,3788609E-001	-6,686157923088256E-001	5,000000000000000E+000
-1,3691361E-001	-6,644050327853996E-001	5,000000000000000E+000
-1,3587426E-001	-6,607135406488327E-001	5,000000000000000E+000
-1,3489476E-001	-6,575645862354143E-001	5,000000000000000E+000
-1,3384904E-001	-6,538047002007552E-001	5,000000000000000E+000
-1,3286467E-001	-6,477052145637554E-001	5,000000000000000E+000
-1,3190852E-001	-6,435681659107395E-001	5,000000000000000E+000
-1,3084942E-001	-6,373573325884827E-001	5,000000000000000E+000
-1,2988733E-001	-6,283374680723561E-001	5,000000000000000E+000
-1,2890317E-001	-6,184748846313166E-001	5,000000000000000E+000
-1,2785850E-001	-6,076772569989135E-001	5,000000000000000E+000
-1,2692741E-001	-5,954416570150158E-001	5,000000000000000E+000
-1,2590545E-001	-5,800572230170182E-001	5,000000000000000E+000
-1,2491845E-001	-5,589832123886382E-001	5,000000000000000E+000
-1,2390363E-001	-5,390379043399456E-001	5,000000000000000E+000
-1,2290207E-001	-5,257989008807460E-001	5,000000000000000E+000
-1,2192491E-001	-5,153226483509759E-001	5,000000000000000E+000
-1,2091739E-001	-5,112471148475155E-001	5,000000000000000E+000
-1,1990796E-001	-5,088805158415592E-001	5,000000000000000E+000
-1,1891425E-001	-5,089362069653962E-001	5,000000000000000E+000
-1,1784985E-001	-5,096357945456260E-001	5,000000000000000E+000
-1,1689200E-001	-5,083898910217801E-001	5,000000000000000E+000
-1,1591695E-001	-5,073391601132826E-001	5,000000000000000E+000
-1,1489205E-001	-5,056493873190523E-001	5,000000000000000E+000
-1,1385481E-001	-5,040879189036764E-001	5,000000000000000E+000
-1,1283923E-001	-5,021556786571946E-001	5,000000000000000E+000
-1,1188055E-001	-4,989309117404952E-001	5,000000000000000E+000
-1,1086008E-001	-4,956610444933194E-001	5,000000000000000E+000
-1,0982262E-001	-4,918836180327659E-001	5,000000000000000E+000
-1,0888348E-001	-4,882827670986019E-001	5,000000000000000E+000
-1,0786746E-001	-4,848888105609337E-001	5,000000000000000E+000
-1,0684785E-001	-4,801100250850947E-001	5,000000000000000E+000
-1,0589574E-001	-4,757719616819571E-001	5,000000000000000E+000
-1,0483622E-001	-4,707645472501291E-001	5,000000000000000E+000
-1,0389981E-001	-4,656521252666934E-001	5,000000000000000E+000
-1,0287490E-001	-4,606155411650725E-001	5,000000000000000E+000
-1,0186462E-001	-4,531280288162343E-001	5,000000000000000E+000
-1,0089532E-001	-4,443357708967373E-001	5,000000000000000E+000
-9,9203505E-002	-3,913512463526181E-001	5,000000000000000E+000
-9,7355150E-002	-4,002414449189722E-001	5,000000000000000E+000
-9,6345268E-002	-3,836089385052517E-001	5,000000000000000E+000
-9,5372163E-002	-3,700832085321757E-001	5,000000000000000E+000
-9,4206490E-002	-3,596649867120307E-001	5,000000000000000E+000
-9,3302570E-002	-3,525575382841956E-001	5,000000000000000E+000
-9,2278503E-002	-3,485709747506509E-001	5,000000000000000E+000
-9,1268003E-002	-3,448641647119066E-001	5,000000000000000E+000
-9,0417378E-002	-3,431459935899401E-001	5,000000000000000E+000
-8,9286737E-002	-3,410302095839541E-001	5,000000000000000E+000
-8,8354364E-002	-3,384484258583846E-001	5,000000000000000E+000
-8,7277226E-002	-3,360804892145104E-001	5,000000000000000E+000
-8,6300060E-002	-3,331978986712367E-001	5,000000000000000E+000
-8,5209981E-002	-3,297651399237408E-001	5,000000000000000E+000
-8,4366135E-002	-3,267463180753911E-001	5,000000000000000E+000
-8,3399169E-002	-3,221830379528297E-001	5,000000000000000E+000
-8,2197197E-002	-3,182307119067329E-001	5,000000000000000E+000
-8,1369065E-002	-3,134924668249575E-001	5,000000000000000E+000
-8,0287039E-002	-3,095588728837249E-001	5,000000000000000E+000
-7,9413682E-002	-3,054083054367864E-001	5,000000000000000E+000
-7,8248017E-002	-3,008933434159391E-001	5,000000000000000E+000
-7,7326268E-002	-2,958368554504371E-001	5,000000000000000E+000
-7,6357394E-002	-2,908239767162346E-001	5,000000000000000E+000
-7,5260714E-002	-2,855576568076174E-001	5,000000000000000E+000
-7,4411355E-002	-2,802117060249048E-001	5,000000000000000E+000
-7,3293246E-002	-2,733537684091267E-001	5,000000000000000E+000
-7,2370641E-002	-2,659891308285300E-001	5,000000000000000E+000
-7,1381807E-002	-2,586405235860076E-001	5,000000000000000E+000
-7,0306689E-002	-2,483437607815073E-001	5,000000000000000E+000
-6,9198683E-002	-2,392888957013686E-001	5,000000000000000E+000
-6,8373948E-002	-2,280342685990027E-001	5,000000000000000E+000
-6,7323543E-002	-2,169099058567849E-001	5,000000000000000E+000
-6,6431090E-002	-2,076257294199106E-001	5,000000000000000E+000
-6,5260537E-002	-2,009069156289713E-001	5,000000000000000E+000
-6,4276174E-002	-1,956992880699937E-001	5,000000000000000E+000
-6,3415982E-002	-1,915906555562592E-001	5,000000000000000E+000
-6,2392324E-002	-1,877164824917493E-001	5,000000000000000E+000
-6,1295867E-002	-1,845606799211552E-001	5,000000000000000E+000
-6,0307883E-002	-1,802907703547834E-001	5,000000000000000E+000
-5,9266403E-002	-1,770520269120528E-001	5,000000000000000E+000
-5,8328088E-002	-1,729564993357695E-001	5,000000000000000E+000
-5,7275999E-002	-1,691572352752291E-001	5,000000000000000E+000
-5,6372713E-002	-1,648270425179765E-001	5,000000000000000E+000
-5,5310644E-002	-1,602979151713134E-001	5,000000000000000E+000
-5,4375738E-002	-1,554490638663987E-001	5,000000000000000E+000
-5,3446762E-002	-1,510265076843398E-001	5,000000000000000E+000
-5,2256469E-002	-1,461870058491401E-001	5,000000000000000E+000
-5,1406898E-002	-1,415321500325160E-001	5,000000000000000E+000
-5,0282203E-002	-1,369901404121059E-001	5,000000000000000E+000
-4,9260247E-002	-1,314787021579424E-001	5,000000000000000E+000
-4,8349109E-002	-1,258733714801361E-001	5,000000000000000E+000
-4,7493801E-002	-1,212034587321491E-001	5,000000000000000E+000
-4,6387155E-002	-1,150887047406286E-001	5,000000000000000E+000
-4,5322958E-002	-1,093429285942369E-001	5,000000000000000E+000
-4,4339642E-002	-1,027649415838014E-001	5,000000000000000E+000
-4,3249555E-002	-9,577498334045997E-002	5,000000000000000E+000
-4,2333294E-002	-8,593239668213368E-002	5,000000000000000E+000
-4,1305039E-002	-8,120846820788230E-002	5,000000000000000E+000
-4,0363114E-002	-7,173171587702287E-002	5,000000000000000E+000
-3,9409950E-002	-6,298149844385792E-002	5,000000000000000E+000
-3,8382478E-002	-5,483904738017986E-002	5,000000000000000E+000
-3,7325718E-002	-4,834849281663367E-002	5,000000000000000E+000
-3,6447268E-002	-4,281139416141522E-002	5,000000000000000E+000
-3,5259955E-002	-3,744470720347523E-002	5,000000000000000E+000
-3,4322917E-002	-3,284908596348624E-002	5,000000000000000E+000
-3,2111958E-002	-2,807228611721557E-002	5,000000000000000E+000
-3,0958267E-002	-1,921230121418677E-002	5,000000000000000E+000
-2,9755455E-002	-9,611502668121857E-003	5,000000000000000E+000
-2,8856413E-002	-9,357485165108065E-003	5,000000000000000E+000
-2,7907917E-002	-2,129050729233001E-003	5,000000000000000E+000
-2,6950289E-002	2,292279811121668E-003	5,000000000000000E+000
-2,5974827E-002	7,256956997783504E-003	5,000000000000000E+000
-2,4879642E-002	1,221384441224568E-002	5,000000000000000E+000
-2,3921166E-002	1,780244283953730E-002	5,000000000000000E+000
-2,2808783E-002	2,275908569734195E-002	5,000000000000000E+000
-2,1878751E-002	2,748502549042731E-002	5,000000000000000E+000
-2,0960821E-002	3,331170732659927E-002	5,000000000000000E+000
-1,9942481E-002	3,769333992709614E-002	5,000000000000000E+000
-1,8945158E-002	4,425591593543594E-002	5,000000000000000E+000
-1,7877566E-002	4,885676120304425E-002	5,000000000000000E+000
-1,6921213E-002	5,505047894095916E-002	5,000000000000000E+000
-1,5939385E-002	6,028926341484006E-002	5,000000000000000E+000
-1,5005105E-002	6,709302295672026E-002	5,000000000000000E+000
-1,4034650E-002	7,496135416699379E-002	5,000000000000000E+000
-1,2987350E-002	8,211026762405216E-002	5,000000000000000E+000
-1,2172588E-002	8,609772324174025E-002	5,000000000000000E+000
-1,1076128E-002	9,439537500212380E-002	5,000000000000000E+000
-9,9361492E-003	1,001932680374015E-001	5,000000000000000E+000
-9,0740491E-003	1,065928245144376E-001	5,000000000000000E+000
-7,3267668E-003	1,215281593015076E-001	5,000000000000000E+000
-5,4954207E-003	1,266622706445765E-001	5,000000000000000E+000
-4,3514101E-003	1,307057425405627E-001	5,000000000000000E+000
-3,4687165E-003	1,360496322805473E-001	5,000000000000000E+000
-2,4463430E-003	1,413855162035267E-001	5,000000000000000E+000
-1,4086848E-003	1,462822864866928E-001	5,000000000000000E+000
-4,0223179E-004	1,514799466175552E-001	5,000000000000000E+000
4,1316097E-004	1,561159431876145E-001	5,000000000000000E+000
7,8995788E-004	1,585136726498604E-001	5,000000000000000E+000