Ewe/V	<I>/mA	cycle number	
4,5646157E-002	3,578890860080719E-001	1,000000000000000E+000
4,6049748E-002	1,967948827671843E-001	1,000000000000000E+000
4,7206432E-002	4,037465162432967E-001	1,000000000000000E+000
4,8203710E-002	4,844951579968133E-001	1,000000000000000E+000
4,9148776E-002	5,033006149007848E-001	1,000000000000000E+000
5,0139308E-002	5,321941283699640E-001	1,000000000000000E+000
5,1204320E-002	5,725567811750816E-001	1,000000000000000E+000
5,2184865E-002	5,836058431434346E-001	1,000000000000000E+000
5,3182412E-002	6,020082231455799E-001	1,000000000000000E+000
5,4246388E-002	6,222754455844139E-001	1,000000000000000E+000
5,5183422E-002	6,395788851142337E-001	1,000000000000000E+000
5,6133199E-002	6,539481760442456E-001	1,000000000000000E+000
5,7162791E-002	6,686145597034030E-001	1,000000000000000E+000
5,8218706E-002	6,835248772210125E-001	1,000000000000000E+000
5,9221335E-002	6,961311598618840E-001	1,000000000000000E+000
6,0197823E-002	7,251179986762750E-001	1,000000000000000E+000
6,1144836E-002	7,238344465408257E-001	1,000000000000000E+000
6,2234290E-002	7,344125439154201E-001	1,000000000000000E+000
6,3165173E-002	7,453279344287420E-001	1,000000000000000E+000
6,4172477E-002	7,579045920994953E-001	1,000000000000000E+000
6,5222658E-002	7,671927515572587E-001	1,000000000000000E+000
6,6206820E-002	7,773295364394386E-001	1,000000000000000E+000
6,7143425E-002	7,885101533029220E-001	1,000000000000000E+000
6,8219289E-002	7,995550419178059E-001	1,000000000000000E+000
6,9201976E-002	8,071119799925425E-001	1,000000000000000E+000
7,0153445E-002	8,172997298598754E-001	1,000000000000000E+000
7,1183041E-002	8,282915269050530E-001	1,000000000000000E+000
7,2128564E-002	8,366122790224240E-001	1,000000000000000E+000
7,3146053E-002	8,475531111730081E-001	1,000000000000000E+000
7,4222982E-002	8,517559957690555E-001	1,000000000000000E+000
7,5246491E-002	8,796225962513642E-001	1,000000000000000E+000
7,5978145E-002	8,759862342331974E-001	1,000000000000000E+000
7,7163972E-002	8,854335943857858E-001	1,000000000000000E+000
7,8172132E-002	8,919361358405009E-001	1,000000000000000E+000
7,9197899E-002	9,016952945126437E-001	1,000000000000000E+000
8,0202647E-002	9,091165322913870E-001	1,000000000000000E+000
8,1162609E-002	9,161600790038271E-001	1,000000000000000E+000
8,2141466E-002	9,247948203054754E-001	1,000000000000000E+000
8,3193138E-002	9,346834288703079E-001	1,000000000000000E+000
8,4199160E-002	9,398790995279978E-001	1,000000000000000E+000
8,5208587E-002	9,497719193782874E-001	1,000000000000000E+000
8,6137556E-002	9,578614617672034E-001	1,000000000000000E+000
8,7182663E-002	9,676842523945712E-001	1,000000000000000E+000
8,8149406E-002	9,725405360546198E-001	1,000000000000000E+000
8,9208290E-002	9,813619638767310E-001	1,000000000000000E+000
9,0188846E-002	9,883206773989102E-001	1,000000000000000E+000
9,1200389E-002	9,981222101099179E-001	1,000000000000000E+000
9,2171177E-002	1,004588748121428E+000	1,000000000000000E+000
9,3194611E-002	1,012814047875710E+000	1,000000000000000E+000
9,4236739E-002	1,035803199499951E+000	1,000000000000000E+000
9,5166095E-002	1,029249664421920E+000	1,000000000000000E+000
9,6301600E-002	1,037661680408444E+000	1,000000000000000E+000
9,7159043E-002	1,045836098349858E+000	1,000000000000000E+000
9,8215170E-002	1,053083322605946E+000	1,000000000000000E+000
9,9199124E-002	1,057939535265584E+000	1,000000000000000E+000
1,0018562E-001	1,067917249760484E+000	1,000000000000000E+000
1,0120821E-001	1,074850470125156E+000	1,000000000000000E+000
1,0216880E-001	1,079288712224098E+000	1,000000000000000E+000
1,0320901E-001	1,090560607573330E+000	1,000000000000000E+000
1,0416282E-001	1,097780271006442E+000	1,000000000000000E+000
1,0520006E-001	1,102500807325770E+000	1,000000000000000E+000
1,0612435E-001	1,112788136983806E+000	1,000000000000000E+000
1,0718217E-001	1,117207415259649E+000	1,000000000000000E+000
1,0812153E-001	1,125031652304134E+000	1,000000000000000E+000
1,0920124E-001	1,132841088899621E+000	1,000000000000000E+000
1,1019750E-001	1,139025527764005E+000	1,000000000000000E+000
1,1117317E-001	1,147528699030072E+000	1,000000000000000E+000
1,1212655E-001	1,152384966223813E+000	1,000000000000000E+000
1,1319564E-001	1,160118067675892E+000	1,000000000000000E+000
1,1426534E-001	1,166348951804036E+000	1,000000000000000E+000
1,1516905E-001	1,173566520990189E+000	1,000000000000000E+000
1,1616179E-001	1,196158962505354E+000	1,000000000000000E+000
1,1712397E-001	1,189834650541240E+000	1,000000000000000E+000
1,1818539E-001	1,195106716813626E+000	1,000000000000000E+000
1,1919609E-001	1,202239347828762E+000	1,000000000000000E+000
1,2017050E-001	1,206976897872263E+000	1,000000000000000E+000
1,2115869E-001	1,213704273208148E+000	1,000000000000000E+000
1,2217979E-001	1,218899954964098E+000	1,000000000000000E+000
1,2318094E-001	1,225436480612391E+000	1,000000000000000E+000
1,2413093E-001	1,229828061044422E+000	1,000000000000000E+000
1,2510341E-001	1,239519418657032E+000	1,000000000000000E+000
1,2614383E-001	1,242843933351754E+000	1,000000000000000E+000
1,2728593E-001	1,247258852313585E+000	1,000000000000000E+000
1,2811536E-001	1,258549866732206E+000	1,000000000000000E+000
1,2916489E-001	1,260792373834797E+000	1,000000000000000E+000
1,3014014E-001	1,265737684340113E+000	1,000000000000000E+000
1,3125952E-001	1,271542335653468E+000	1,000000000000000E+000
1,3215579E-001	1,276948026588393E+000	1,000000000000000E+000
1,3311301E-001	1,282413108093248E+000	1,000000000000000E+000
1,3420926E-001	1,285896661820717E+000	1,000000000000000E+000
1,3514820E-001	1,292849014590807E+000	1,000000000000000E+000
1,3618119E-001	1,296778146151663E+000	1,000000000000000E+000
1,3719974E-001	1,299850224672509E+000	1,000000000000000E+000
1,3822593E-001	1,305275023578552E+000	1,000000000000000E+000
1,3922900E-001	1,309297480620440E+000	1,000000000000000E+000
1,4017832E-001	1,312464997275832E+000	1,000000000000000E+000
1,4114149E-001	1,317005108188219E+000	1,000000000000000E+000
1,4219718E-001	1,318865775285908E+000	1,000000000000000E+000
1,4320852E-001	1,322115961436392E+000	1,000000000000000E+000
1,4418419E-001	1,324666003386183E+000	1,000000000000000E+000
1,4513758E-001	1,326293229280661E+000	1,000000000000000E+000
1,4622447E-001	1,330886443456016E+000	1,000000000000000E+000
1,4718041E-001	1,332647329455033E+000	1,000000000000000E+000
1,4818858E-001	1,352810656522500E+000	1,000000000000000E+000
1,4922303E-001	1,335586478198444E+000	1,000000000000000E+000
1,5015464E-001	1,345209159888324E+000	1,000000000000000E+000
1,5122476E-001	1,350209557735880E+000	1,000000000000000E+000
1,5219937E-001	1,353334709329321E+000	1,000000000000000E+000
1,5327038E-001	1,358182394230326E+000	1,000000000000000E+000
1,5418234E-001	1,361222624002649E+000	1,000000000000000E+000
1,5521088E-001	1,368232233268724E+000	1,000000000000000E+000
1,5624833E-001	1,372774558322917E+000	1,000000000000000E+000
1,5724733E-001	1,380293288268149E+000	1,000000000000000E+000
1,5822875E-001	1,383859679206378E+000	1,000000000000000E+000
1,5922651E-001	1,392099773381943E+000	1,000000000000000E+000
1,6021469E-001	1,398235320268826E+000	1,000000000000000E+000
1,6118059E-001	1,403844664882250E+000	1,000000000000000E+000
1,6221508E-001	1,411652094011918E+000	1,000000000000000E+000
1,6328137E-001	1,418880262412127E+000	1,000000000000000E+000
1,6424237E-001	1,435559842321608E+000	1,000000000000000E+000
1,6516860E-001	1,436622744684831E+000	1,000000000000000E+000
1,6623895E-001	1,443585811493293E+000	1,000000000000000E+000
1,6736513E-001	1,448388995111195E+000	1,000000000000000E+000
1,6818985E-001	1,456996108974431E+000	1,000000000000000E+000
1,6922647E-001	1,465630824082631E+000	1,000000000000000E+000
1,7029956E-001	1,470699229277667E+000	1,000000000000000E+000
1,7114002E-001	1,480863641093794E+000	1,000000000000000E+000
1,7217430E-001	1,487056476814260E+000	1,000000000000000E+000
1,7320938E-001	1,495812122528957E+000	1,000000000000000E+000
1,7423642E-001	1,501175525727578E+000	1,000000000000000E+000
1,7522442E-001	1,508231703166132E+000	1,000000000000000E+000
1,7628628E-001	1,519442084374733E+000	1,000000000000000E+000
1,7722352E-001	1,525000591296704E+000	1,000000000000000E+000
1,7817584E-001	1,532300893191461E+000	1,000000000000000E+000
1,7923771E-001	1,543369015057888E+000	1,000000000000000E+000
1,8016201E-001	1,549510900500330E+000	1,000000000000000E+000
1,8127969E-001	1,555924357354847E+000	1,000000000000000E+000
1,8223689E-001	1,565089576774177E+000	1,000000000000000E+000
1,8323591E-001	1,572440700786604E+000	1,000000000000000E+000
1,8424800E-001	1,583426130366410E+000	1,000000000000000E+000
1,8522862E-001	1,592099102110499E+000	1,000000000000000E+000
1,8625183E-001	1,597538873656752E+000	1,000000000000000E+000
1,8725722E-001	1,604395653690316E+000	1,000000000000000E+000
1,8822846E-001	1,611732018542373E+000	1,000000000000000E+000
1,8921474E-001	1,620318012493144E+000	1,000000000000000E+000
1,9021972E-001	1,626419682521371E+000	1,000000000000000E+000
1,9119474E-001	1,633772917040105E+000	1,000000000000000E+000
1,9220522E-001	1,644066674453724E+000	1,000000000000000E+000
1,9321805E-001	1,650204355233448E+000	1,000000000000000E+000
1,9423215E-001	1,657309451140460E+000	1,000000000000000E+000
1,9520865E-001	1,665944224482201E+000	1,000000000000000E+000
1,9620194E-001	1,674103681567225E+000	1,000000000000000E+000
1,9721752E-001	1,681414603410912E+000	1,000000000000000E+000
1,9815181E-001	1,690212700102071E+000	1,000000000000000E+000
1,9917248E-001	1,696666517294947E+000	1,000000000000000E+000
2,0014638E-001	1,704773412784569E+000	1,000000000000000E+000
2,0055000E-001	1,703827023506165E+000	1,000000000000000E+000
2,0051335E-001	1,699530720710754E+000	1,000000000000000E+000
2,0003071E-001	1,439088082587766E+000	1,000000000000000E+000
1,9900714E-001	1,415150538578420E+000	1,000000000000000E+000
1,9795296E-001	1,372638694993737E+000	1,000000000000000E+000
1,9698916E-001	1,347073914767758E+000	1,000000000000000E+000
1,9600414E-001	1,322190206627262E+000	1,000000000000000E+000
1,9498177E-001	1,301070090409160E+000	1,000000000000000E+000
1,9400267E-001	1,265241283612943E+000	1,000000000000000E+000
1,9296569E-001	1,262209537568398E+000	1,000000000000000E+000
1,9195224E-001	1,239336943900632E+000	1,000000000000000E+000
1,9099845E-001	1,223488869520626E+000	1,000000000000000E+000
1,8993276E-001	1,207572991364742E+000	1,000000000000000E+000
1,8893056E-001	1,190524224851591E+000	1,000000000000000E+000
1,8797801E-001	1,173447774425661E+000	1,000000000000000E+000
1,8701530E-001	1,159876123562249E+000	1,000000000000000E+000
1,8598379E-001	1,146272738774620E+000	1,000000000000000E+000
1,8498510E-001	1,125939750306619E+000	1,000000000000000E+000
1,8398431E-001	1,108258618934392E+000	1,000000000000000E+000
1,8296745E-001	1,098788049395404E+000	1,000000000000000E+000
1,8202214E-001	1,088129293690956E+000	1,000000000000000E+000
1,8095434E-001	1,073940300576698E+000	1,000000000000000E+000
1,8002366E-001	1,060996745829472E+000	1,000000000000000E+000
1,7897454E-001	1,046820394746547E+000	1,000000000000000E+000
1,7798103E-001	1,035196409508999E+000	1,000000000000000E+000
1,7695695E-001	1,022929543280044E+000	1,000000000000000E+000
1,7597790E-001	1,013253063351540E+000	1,000000000000000E+000
1,7503238E-001	9,985423392952519E-001	1,000000000000000E+000
1,7396265E-001	9,888255931178325E-001	1,000000000000000E+000
1,7301778E-001	9,754237238472978E-001	1,000000000000000E+000
1,7196338E-001	9,495363908483547E-001	1,000000000000000E+000
1,7090003E-001	9,489127007028504E-001	1,000000000000000E+000
1,7002201E-001	9,385488934219914E-001	1,000000000000000E+000
1,6901790E-001	9,271773692065226E-001	1,000000000000000E+000
1,6795093E-001	9,173333144281051E-001	1,000000000000000E+000
1,6699459E-001	9,035643916706456E-001	1,000000000000000E+000
1,6599342E-001	8,925450682872906E-001	1,000000000000000E+000
1,6495961E-001	8,837830100027482E-001	1,000000000000000E+000
1,6403021E-001	8,710854388514786E-001	1,000000000000000E+000
1,6300273E-001	8,601063986619311E-001	1,000000000000000E+000
1,6190502E-001	8,506294404182402E-001	1,000000000000000E+000
1,6098897E-001	8,414472885973181E-001	1,000000000000000E+000
1,6003306E-001	8,299017787212488E-001	1,000000000000000E+000
1,5898119E-001	8,199941158527508E-001	1,000000000000000E+000
1,5798455E-001	7,929654231476064E-001	1,000000000000000E+000
1,5712261E-001	7,967418347511224E-001	1,000000000000000E+000
1,5585677E-001	7,879861508521984E-001	1,000000000000000E+000
1,5490827E-001	7,792262364851528E-001	1,000000000000000E+000
1,5392624E-001	7,681283350878717E-001	1,000000000000000E+000
1,5296690E-001	7,566613068985220E-001	1,000000000000000E+000
1,5196173E-001	7,494246908075501E-001	1,000000000000000E+000
1,5097418E-001	7,371238789572878E-001	1,000000000000000E+000
1,4999765E-001	7,295605374707108E-001	1,000000000000000E+000
1,4896911E-001	7,183735513826823E-001	1,000000000000000E+000
1,4801317E-001	7,072841844573183E-001	1,000000000000000E+000
1,4694729E-001	6,989040209187394E-001	1,000000000000000E+000
1,4598331E-001	6,866541758127926E-001	1,000000000000000E+000
1,4499809E-001	6,790335321566099E-001	1,000000000000000E+000
1,4398272E-001	6,666797138491862E-001	1,000000000000000E+000
1,4300638E-001	6,489137101452780E-001	1,000000000000000E+000
1,4201123E-001	6,445921353685335E-001	1,000000000000000E+000
1,4101753E-001	6,335155106822246E-001	1,000000000000000E+000
1,3999176E-001	6,255935941848705E-001	1,000000000000000E+000
1,3903074E-001	6,158640976840021E-001	1,000000000000000E+000
1,3801749E-001	6,065356285867498E-001	1,000000000000000E+000
1,3697918E-001	5,958748382399799E-001	1,000000000000000E+000
1,3602072E-001	5,859310494528867E-001	1,000000000000000E+000
1,3497733E-001	5,750368910505337E-001	1,000000000000000E+000
1,3400631E-001	5,673165155781650E-001	1,000000000000000E+000
1,3300985E-001	5,562165530023382E-001	1,000000000000000E+000
1,3197495E-001	5,440599988020658E-001	1,000000000000000E+000
1,3101901E-001	5,377059114851166E-001	1,000000000000000E+000
1,3002020E-001	5,259100743181389E-001	1,000000000000000E+000
1,2899911E-001	5,153001495248959E-001	1,000000000000000E+000
1,2798141E-001	5,059228432817493E-001	1,000000000000000E+000
1,2699136E-001	4,782726095096828E-001	1,000000000000000E+000
1,2596110E-001	4,856259515573711E-001	1,000000000000000E+000
1,2500113E-001	4,754191353632548E-001	1,000000000000000E+000
1,2396794E-001	4,647901015834788E-001	1,000000000000000E+000
1,2293834E-001	4,536328313794614E-001	1,000000000000000E+000
1,2198433E-001	4,426771247979353E-001	1,000000000000000E+000
1,2103583E-001	4,330240027888479E-001	1,000000000000000E+000
1,2000814E-001	4,223440973696082E-001	1,000000000000000E+000
1,1905010E-001	4,112653358800662E-001	1,000000000000000E+000
1,1802156E-001	4,016822558025721E-001	1,000000000000000E+000
1,1700790E-001	3,877436051196925E-001	1,000000000000000E+000
1,1595792E-001	3,784002449893791E-001	1,000000000000000E+000
1,1502407E-001	3,687726120956025E-001	1,000000000000000E+000
1,1399640E-001	3,573925750808686E-001	1,000000000000000E+000
1,1303251E-001	3,441307301723606E-001	1,000000000000000E+000
1,1197822E-001	3,314098472797511E-001	1,000000000000000E+000
1,1102929E-001	3,261038304060815E-001	1,000000000000000E+000
1,0998356E-001	3,198664832161744E-001	1,000000000000000E+000
1,0897307E-001	3,085585365123622E-001	1,000000000000000E+000
1,0799719E-001	3,011203768611370E-001	1,000000000000000E+000
1,0696039E-001	2,924538114974800E-001	1,000000000000000E+000
1,0605944E-001	2,842858157625114E-001	1,000000000000000E+000
1,0118154E-001	2,277894997809891E-001	1,000000000000000E+000
9,6234508E-002	1,837010333935423E-001	1,000000000000000E+000
9,5348962E-002	2,339314866112545E-001	1,000000000000000E+000
9,4430603E-002	2,259790083173554E-001	1,000000000000000E+000
9,3501426E-002	1,881248136762421E-001	1,000000000000000E+000
9,2546329E-002	1,782416611968074E-001	1,000000000000000E+000
9,1282599E-002	1,869660087815852E-001	1,000000000000000E+000
9,0389498E-002	1,839546774539884E-001	1,000000000000000E+000
8,9481555E-002	1,725135915524638E-001	1,000000000000000E+000
8,8477425E-002	1,632056078006934E-001	1,000000000000000E+000
8,7450817E-002	1,587300746662856E-001	1,000000000000000E+000
8,6510807E-002	1,541574119037250E-001	1,000000000000000E+000
8,5401818E-002	1,463233876274894E-001	1,000000000000000E+000
8,4447801E-002	1,392290814854080E-001	1,000000000000000E+000
8,3244145E-002	1,350937317329228E-001	1,000000000000000E+000
8,2492642E-002	1,287101246788449E-001	1,000000000000000E+000
8,1460491E-002	1,215252652279263E-001	1,000000000000000E+000
8,0433667E-002	1,150108017884324E-001	1,000000000000000E+000
7,9516381E-002	1,090848562275319E-001	1,000000000000000E+000
7,8380004E-002	1,026058031453025E-001	1,000000000000000E+000
7,7543721E-002	8,802868200614800E-002	1,000000000000000E+000
7,6472417E-002	7,526697034578922E-002	1,000000000000000E+000
7,5553216E-002	7,963263620816519E-002	1,000000000000000E+000
7,4374616E-002	8,002880634416609E-002	1,000000000000000E+000
7,3513143E-002	7,148154746472685E-002	1,000000000000000E+000
7,2519429E-002	6,144888505514257E-002	1,000000000000000E+000
7,1253352E-002	5,426042453311525E-002	1,000000000000000E+000
7,0475534E-002	5,016027710533111E-002	1,000000000000000E+000
6,9327056E-002	4,361951328044401E-002	1,000000000000000E+000
6,8505503E-002	3,669933489598221E-002	1,000000000000000E+000
6,7436218E-002	3,019801615826323E-002	1,000000000000000E+000
6,6411935E-002	2,269334681760590E-002	1,000000000000000E+000
6,5435626E-002	1,563680158728359E-002	1,000000000000000E+000
6,4342983E-002	9,637900903625346E-003	1,000000000000000E+000
6,3431852E-002	4,498349330333454E-003	1,000000000000000E+000
6,2496506E-002	-9,043941802499619E-004	1,000000000000000E+000
6,1509158E-002	-8,676074686465862E-003	1,000000000000000E+000
6,0454726E-002	-1,684773895653454E-002	1,000000000000000E+000
5,9547622E-002	-2,388689380879649E-002	1,000000000000000E+000
5,8542021E-002	-2,905952896051331E-002	1,000000000000000E+000
5,7194646E-002	-3,577462535678116E-002	1,000000000000000E+000
5,6481350E-002	-4,357239233892559E-002	1,000000000000000E+000
5,5738978E-002	-4,965782278142994E-002	1,000000000000000E+000
5,4186750E-002	-5,626348387805687E-002	1,000000000000000E+000
5,3498782E-002	-7,028962795933069E-002	1,000000000000000E+000
5,2405052E-002	-8,399022232980435E-002	1,000000000000000E+000
5,1560149E-002	-7,940907436649347E-002	1,000000000000000E+000
5,0319549E-002	-7,920060031594645E-002	1,000000000000000E+000
4,9644679E-002	-9,059418659954732E-002	1,000000000000000E+000
4,8444208E-002	-1,011229065043153E-001	1,000000000000000E+000
4,7345195E-002	-1,064999895105656E-001	1,000000000000000E+000
4,6602610E-002	-1,122214905060699E-001	1,000000000000000E+000
4,5449257E-002	-1,200143790079486E-001	1,000000000000000E+000
4,4466157E-002	-1,275023070273971E-001	1,000000000000000E+000
4,3512564E-002	-1,314276866242938E-001	1,000000000000000E+000
4,2488281E-002	-1,382481881769808E-001	1,000000000000000E+000
4,1575018E-002	-1,478880902415969E-001	1,000000000000000E+000
4,0613357E-002	-1,550118708061441E-001	1,000000000000000E+000
3,9381035E-002	-1,603670998722211E-001	1,000000000000000E+000
3,8599174E-002	-1,669604577893753E-001	1,000000000000000E+000
3,7519272E-002	-1,744719060273683E-001	1,000000000000000E+000
3,6420479E-002	-1,814194596760601E-001	1,000000000000000E+000
3,5479411E-002	-1,885131138551511E-001	1,000000000000000E+000
3,4556173E-002	-1,952581032140492E-001	1,000000000000000E+000
3,3217922E-002	-2,016816075904191E-001	1,000000000000000E+000
3,2474913E-002	-2,092318624199834E-001	1,000000000000000E+000
3,1736996E-002	-2,166987827739724E-001	1,000000000000000E+000
3,0593198E-002	-2,329237627628676E-001	1,000000000000000E+000
2,9515879E-002	-2,411974500250320E-001	1,000000000000000E+000
2,8369108E-002	-2,366207480372386E-001	1,000000000000000E+000
2,7663456E-002	-2,404742592253672E-001	1,000000000000000E+000
2,6533457E-002	-2,531494455146861E-001	1,000000000000000E+000
2,5266111E-002	-2,639309809924772E-001	1,000000000000000E+000
2,4451137E-002	-2,668829227429035E-001	1,000000000000000E+000
2,3441713E-002	-2,714555861505983E-001	1,000000000000000E+000
2,2461159E-002	-2,805580594188841E-001	1,000000000000000E+000
2,1745743E-002	-2,883927382386489E-001	1,000000000000000E+000
2,0476064E-002	-2,954596581015112E-001	1,000000000000000E+000
1,9558767E-002	-3,025017978701112E-001	1,000000000000000E+000
1,8634044E-002	-3,087185067577396E-001	1,000000000000000E+000
1,7445026E-002	-3,162772285868418E-001	1,000000000000000E+000
1,6451525E-002	-3,233193659689286E-001	1,000000000000000E+000
1,5489013E-002	-3,296039485269118E-001	1,000000000000000E+000
1,4589551E-002	-3,372032129102278E-001	1,000000000000000E+000
1,3580552E-002	-3,444421405308988E-001	1,000000000000000E+000
1,2494493E-002	-3,511676096823075E-001	1,000000000000000E+000
1,1436031E-002	-3,579064714269604E-001	1,000000000000000E+000
1,0512156E-002	-3,656493129286269E-001	1,000000000000000E+000
9,5961364E-003	-3,733872723532845E-001	1,000000000000000E+000
8,3535267E-003	-3,804202677759656E-001	1,000000000000000E+000
7,4781859E-003	-3,996041950821452E-001	1,000000000000000E+000
6,4713084E-003	-4,037773112455989E-001	1,000000000000000E+000
5,4924521E-003	-3,989995462341334E-001	1,000000000000000E+000
4,5097754E-003	-4,042561805108571E-001	1,000000000000000E+000
3,3929371E-003	-4,189414624965528E-001	1,000000000000000E+000
2,5093954E-003	-4,276356796423597E-001	1,000000000000000E+000
1,4369234E-003	-4,311587538298514E-001	1,000000000000000E+000
6,7395734E-004	-4,383190380887942E-001	1,000000000000000E+000
-3,8747597E-004	-4,473922295017263E-001	1,000000000000000E+000
-1,6592805E-003	-4,530925364556921E-001	1,000000000000000E+000
-2,4171520E-003	-4,605021769400796E-001	1,000000000000000E+000
-3,3856065E-003	-4,686600656002859E-001	1,000000000000000E+000
-4,5266459E-003	-4,752865218453932E-001	1,000000000000000E+000
-5,5256691E-003	-4,816858069647827E-001	1,000000000000000E+000
-6,3170809E-003	-4,894401006426454E-001	1,000000000000000E+000
-7,4521755E-003	-4,969935741003917E-001	1,000000000000000E+000
-8,4974766E-003	-5,042492604115987E-001	1,000000000000000E+000
-9,3217921E-003	-5,109015842964357E-001	1,000000000000000E+000
-1,0542649E-002	-5,180752395212442E-001	1,000000000000000E+000
-1,1626797E-002	-5,262838064938684E-001	1,000000000000000E+000
-1,2256876E-002	-5,338088197038617E-001	1,000000000000000E+000
-1,3639166E-002	-5,405190027991504E-001	1,000000000000000E+000
-1,4576067E-002	-5,598605559013450E-001	1,000000000000000E+000
-1,5458759E-002	-5,646253338717431E-001	1,000000000000000E+000
-1,6552461E-002	-5,597532457775523E-001	1,000000000000000E+000
-1,7388240E-002	-5,663887347068828E-001	1,000000000000000E+000
-1,8454768E-002	-5,800437423232419E-001	1,000000000000000E+000
-1,9424073E-002	-5,885187439077209E-001	1,000000000000000E+000
-2,0466400E-002	-5,915589016060210E-001	1,000000000000000E+000
-2,1395585E-002	-5,979930004622371E-001	1,000000000000000E+000
-2,2434941E-002	-6,063917926900699E-001	1,000000000000000E+000
-2,3183893E-002	-6,136495795282020E-001	1,000000000000000E+000
-2,4860306E-002	-6,212405934412448E-001	1,000000000000000E+000
-2,5343277E-002	-6,303722976267139E-001	1,000000000000000E+000
-2,6112188E-002	-6,352068833463522E-001	1,000000000000000E+000
-2,7696252E-002	-6,410974058607177E-001	1,000000000000000E+000
-2,8279843E-002	-6,497095874898746E-001	1,000000000000000E+000
-2,9322386E-002	-6,578655555559720E-001	1,000000000000000E+000
-3,0434549E-002	-6,628929461326667E-001	1,000000000000000E+000
-3,1235518E-002	-6,706724236978023E-001	1,000000000000000E+000
-3,2477606E-002	-6,774886945883436E-001	1,000000000000000E+000
-3,3686146E-002	-6,846926536592139E-001	1,000000000000000E+000
-3,4353379E-002	-6,940494183606165E-001	1,000000000000000E+000
-3,5644587E-002	-7,037151923351397E-001	1,000000000000000E+000
-3,6567487E-002	-7,190197242630862E-001	1,000000000000000E+000
-3,7217736E-002	-7,182721679693920E-001	1,000000000000000E+000
-3,8407173E-002	-7,185628804662763E-001	1,000000000000000E+000
-3,9449085E-002	-7,278422603202586E-001	1,000000000000000E+000
-4,0309481E-002	-7,386837878212766E-001	1,000000000000000E+000
-4,1656431E-002	-7,453043188175386E-001	1,000000000000000E+000
-4,2418979E-002	-7,508992041435274E-001	1,000000000000000E+000
-4,3469578E-002	-7,566061152352219E-001	1,000000000000000E+000
-4,4510216E-002	-7,662618472887566E-001	1,000000000000000E+000
-4,5362972E-002	-7,733427919188711E-001	1,000000000000000E+000
-4,6513774E-002	-7,792381938391664E-001	1,000000000000000E+000
-4,7386490E-002	-7,883400163199319E-001	1,000000000000000E+000
-4,8570417E-002	-7,946335081166266E-001	1,000000000000000E+000
-4,9474116E-002	-8,008998956712361E-001	1,000000000000000E+000
-5,0356813E-002	-8,086117830308588E-001	1,000000000000000E+000
-5,1419526E-002	-8,150150713562536E-001	1,000000000000000E+000
-5,2438926E-002	-8,226671513014772E-001	1,000000000000000E+000
-5,3512461E-002	-8,292700376542719E-001	1,000000000000000E+000
-5,4388788E-002	-8,371812833680048E-001	1,000000000000000E+000
-5,5323910E-002	-8,434323348984556E-001	1,000000000000000E+000
-5,6466646E-002	-8,499054202628855E-001	1,000000000000000E+000
-5,7326652E-002	-8,600399336363704E-001	1,000000000000000E+000
-5,8387600E-002	-8,782355723023003E-001	1,000000000000000E+000
-5,9454124E-002	-8,794490746610450E-001	1,000000000000000E+000
-6,0295209E-002	-8,763111705063951E-001	1,000000000000000E+000
-6,1405901E-002	-8,841517685472740E-001	1,000000000000000E+000
-6,2325310E-002	-8,958142790296648E-001	1,000000000000000E+000
-6,3779041E-002	-9,038346689323760E-001	1,000000000000000E+000
-6,4011522E-002	-9,087295455263096E-001	1,000000000000000E+000
-6,5632954E-002	-9,130890373295801E-001	1,000000000000000E+000
-6,6695437E-002	-9,224388249761741E-001	1,000000000000000E+000
-6,7154855E-002	-9,313028907636172E-001	1,000000000000000E+000
-6,8401180E-002	-9,360112986113460E-001	1,000000000000000E+000
-6,9359235E-002	-9,433465298109969E-001	1,000000000000000E+000
-7,0427462E-002	-9,499286141427650E-001	1,000000000000000E+000
-7,1543239E-002	-9,566729911214971E-001	1,000000000000000E+000
-7,2177134E-002	-9,639978526651625E-001	1,000000000000000E+000
-7,3422201E-002	-9,713122815462834E-001	1,000000000000000E+000
-7,4481077E-002	-9,780731944289682E-001	1,000000000000000E+000
-7,5370982E-002	-9,853286312686045E-001	1,000000000000000E+000
-7,6493986E-002	-9,934097337536496E-001	1,000000000000000E+000
-7,7420622E-002	-9,984392365958126E-001	1,000000000000000E+000
-7,8462519E-002	-1,003365035440462E+000	1,000000000000000E+000
-7,9370908E-002	-1,012216201595340E+000	1,000000000000000E+000
-8,0243915E-002	-1,022918689478599E+000	1,000000000000000E+000
-8,1325613E-002	-1,039954050883857E+000	1,000000000000000E+000
-8,2488090E-002	-1,037683020423475E+000	1,000000000000000E+000
-8,3471835E-002	-1,036507694154150E+000	1,000000000000000E+000
-8,4401220E-002	-1,045333144125632E+000	1,000000000000000E+000
-8,5487500E-002	-1,055690153941718E+000	1,000000000000000E+000
-8,6384833E-002	-1,062398524256421E+000	1,000000000000000E+000
-8,7389179E-002	-1,067587838546992E+000	1,000000000000000E+000
-8,8490091E-002	-1,074955923392229E+000	1,000000000000000E+000
-8,9290410E-002	-1,081364751638223E+000	1,000000000000000E+000
-9,0434641E-002	-1,086110107742972E+000	1,000000000000000E+000
-9,1504134E-002	-1,092649850580425E+000	1,000000000000000E+000
-9,6222013E-002	-1,124518430134877E+000	1,000000000000000E+000
-1,0106035E-001	-1,158955159131434E+000	1,000000000000000E+000
-1,0200163E-001	-1,165640155474339E+000	1,000000000000000E+000
-1,0310063E-001	-1,172059981255895E+000	1,000000000000000E+000
-1,0408219E-001	-1,195802397288695E+000	1,000000000000000E+000
-1,0506956E-001	-1,185992272557794E+000	1,000000000000000E+000
-1,0608684E-001	-1,194272716930655E+000	1,000000000000000E+000
-1,0710476E-001	-1,200056020235127E+000	1,000000000000000E+000
-1,0800168E-001	-1,207920725819555E+000	1,000000000000000E+000
-1,0908306E-001	-1,212558466811771E+000	1,000000000000000E+000
-1,1008718E-001	-1,219824817445542E+000	1,000000000000000E+000
-1,1100894E-001	-1,227636379940023E+000	1,000000000000000E+000
-1,1208034E-001	-1,232647548507279E+000	1,000000000000000E+000
-1,1308509E-001	-1,239616810499378E+000	1,000000000000000E+000
-1,1403763E-001	-1,246291273946143E+000	1,000000000000000E+000
-1,1509079E-001	-1,253237241620406E+000	1,000000000000000E+000
-1,1604290E-001	-1,258193152206431E+000	1,000000000000000E+000
-1,1706272E-001	-1,264789102314452E+000	1,000000000000000E+000
-1,1808212E-001	-1,271679943091137E+000	1,000000000000000E+000
-1,1913888E-001	-1,277043191819555E+000	1,000000000000000E+000
-1,2006678E-001	-1,283932000010585E+000	1,000000000000000E+000
-1,2107304E-001	-1,290351784503500E+000	1,000000000000000E+000
-1,2204553E-001	-1,297032618248418E+000	1,000000000000000E+000
-1,2308679E-001	-1,304220396119899E+000	1,000000000000000E+000
-1,2412232E-001	-1,309180624731301E+000	1,000000000000000E+000
-1,2505174E-001	-1,317777215063373E+000	1,000000000000000E+000
-1,2604354E-001	-1,321905749099743E+000	1,000000000000000E+000
-1,2711723E-001	-1,343747110338880E+000	1,000000000000000E+000
-1,2799317E-001	-1,337403646282226E+000	1,000000000000000E+000
-1,2908812E-001	-1,343791656247856E+000	1,000000000000000E+000
-1,3008310E-001	-1,348588493135239E+000	1,000000000000000E+000
-1,3108553E-001	-1,354828058897208E+000	1,000000000000000E+000
-1,3201109E-001	-1,362641805524215E+000	1,000000000000000E+000
-1,3302179E-001	-1,366392603687316E+000	1,000000000000000E+000
-1,3410935E-001	-1,372748855475544E+000	1,000000000000000E+000
-1,3497631E-001	-1,379457142617966E+000	1,000000000000000E+000
-1,3609040E-001	-1,383290942189184E+000	1,000000000000000E+000
-1,3698754E-001	-1,389407274183921E+000	1,000000000000000E+000
-1,3803835E-001	-1,395001905220038E+000	1,000000000000000E+000
-1,3904056E-001	-1,402128143054949E+000	1,000000000000000E+000
-1,4005870E-001	-1,404595517837961E+000	1,000000000000000E+000
-1,4109911E-001	-1,412926832834877E+000	1,000000000000000E+000
-1,4204633E-001	-1,416985483917715E+000	1,000000000000000E+000
-1,4307062E-001	-1,422571475979773E+000	1,000000000000000E+000
-1,4405605E-001	-1,427983655646027E+000	1,000000000000000E+000
-1,4504573E-001	-1,432996830902997E+000	1,000000000000000E+000
-1,4605707E-001	-1,437891345781580E+000	1,000000000000000E+000
-1,4706396E-001	-1,441671906530651E+000	1,000000000000000E+000
-1,4808951E-001	-1,448700673826451E+000	1,000000000000000E+000
-1,4902505E-001	-1,451993237327165E+000	1,000000000000000E+000
-1,5006188E-001	-1,456658573122693E+000	1,000000000000000E+000
-1,5109146E-001	-1,461094801909191E+000	1,000000000000000E+000
-1,5213466E-001	-1,467361760092903E+000	1,000000000000000E+000
-1,5310925E-001	-1,469269111649030E+000	1,000000000000000E+000
-1,5396033E-001	-1,473868679953739E+000	1,000000000000000E+000
-1,5504616E-001	-1,479352929034368E+000	1,000000000000000E+000
-1,5616892E-001	-1,481262278510258E+000	1,000000000000000E+000
-1,5701747E-001	-1,486453781913343E+000	1,000000000000000E+000
-1,5808780E-001	-1,491097866712753E+000	1,000000000000000E+000
-1,5904967E-001	-1,491083000993562E+000	1,000000000000000E+000
-1,6009860E-001	-1,494685357100231E+000	1,000000000000000E+000
-1,6105290E-001	-1,512763130116378E+000	1,000000000000000E+000
-1,6203205E-001	-1,493466127761883E+000	1,000000000000000E+000
-1,6315603E-001	-1,502380291620891E+000	1,000000000000000E+000
-1,6412915E-001	-1,500379621206474E+000	1,000000000000000E+000
-1,6511331E-001	-1,503220381680872E+000	1,000000000000000E+000
-1,6609789E-001	-1,504049956022445E+000	1,000000000000000E+000
-1,6712496E-001	-1,504724661509190E+000	1,000000000000000E+000
-1,6820696E-001	-1,508356645599829E+000	1,000000000000000E+000
-1,6911767E-001	-1,508861597653272E+000	1,000000000000000E+000
-1,7006403E-001	-1,510592860919935E+000	1,000000000000000E+000
-1,7109515E-001	-1,512867157942509E+000	1,000000000000000E+000
-1,7208184E-001	-1,514222738979801E+000	1,000000000000000E+000
-1,7308787E-001	-1,518922097929234E+000	1,000000000000000E+000
-1,7406100E-001	-1,523031609313975E+000	1,000000000000000E+000
-1,7512497E-001	-1,525568898198095E+000	1,000000000000000E+000
-1,7612231E-001	-1,531973952168805E+000	1,000000000000000E+000
-1,7713319E-001	-1,535642057269188E+000	1,000000000000000E+000
-1,7810825E-001	-1,543576656995963E+000	1,000000000000000E+000
-1,7915058E-001	-1,545314251600455E+000	1,000000000000000E+000
-1,8006979E-001	-1,552336689886741E+000	1,000000000000000E+000
-1,8113695E-001	-1,558332202671506E+000	1,000000000000000E+000
-1,8216358E-001	-1,563701798130445E+000	1,000000000000000E+000
-1,8308851E-001	-1,571233247613741E+000	1,000000000000000E+000
-1,8408968E-001	-1,596365246507855E+000	1,000000000000000E+000
-1,8517038E-001	-1,586154161512653E+000	1,000000000000000E+000
-1,8610676E-001	-1,594863263993624E+000	1,000000000000000E+000
-1,8710877E-001	-1,603406748734418E+000	1,000000000000000E+000
-1,8808614E-001	-1,609088222185772E+000	1,000000000000000E+000
-1,8907963E-001	-1,616821289838600E+000	1,000000000000000E+000
-1,9012241E-001	-1,627753751533520E+000	1,000000000000000E+000
-1,9111483E-001	-1,631428187376716E+000	1,000000000000000E+000
-1,9210345E-001	-1,641751725097286E+000	1,000000000000000E+000
-1,9307043E-001	-1,648935341560801E+000	1,000000000000000E+000
-1,9409469E-001	-1,657582734142329E+000	1,000000000000000E+000
-1,9509266E-001	-1,664908535726780E+000	1,000000000000000E+000
-1,9611356E-001	-1,673212271494169E+000	1,000000000000000E+000
-1,9708434E-001	-1,680964544311994E+000	1,000000000000000E+000
-1,9812115E-001	-1,690142338759159E+000	1,000000000000000E+000
-1,9900832E-001	-1,696641655272938E+000	1,000000000000000E+000
-1,9945058E-001	-1,699759244918823E+000	1,000000000000000E+000
-1,9946887E-001	-1,697773575782776E+000	1,000000000000000E+000
-1,9894104E-001	-1,422232019352830E+000	1,000000000000000E+000
-1,9784115E-001	-1,411458269913529E+000	1,000000000000000E+000
-1,9678403E-001	-1,365412531912121E+000	1,000000000000000E+000
-1,9576992E-001	-1,339673703200081E+000	1,000000000000000E+000
-1,9480678E-001	-1,314753884190898E+000	1,000000000000000E+000
-1,9374938E-001	-1,296413055233035E+000	1,000000000000000E+000
-1,9280174E-001	-1,258420103902198E+000	1,000000000000000E+000
-1,9178405E-001	-1,256996606683565E+000	1,000000000000000E+000
-1,9077229E-001	-1,237321245121874E+000	1,000000000000000E+000
-1,8982084E-001	-1,221691709322233E+000	1,000000000000000E+000
-1,8878572E-001	-1,206664765383014E+000	1,000000000000000E+000
-1,8778902E-001	-1,190008346651062E+000	1,000000000000000E+000
-1,8676345E-001	-1,174296137747455E+000	1,000000000000000E+000
-1,8582730E-001	-1,161914731259456E+000	1,000000000000000E+000
-1,8474145E-001	-1,147140132832442E+000	1,000000000000000E+000
-1,8381931E-001	-1,119952449122337E+000	1,000000000000000E+000
-1,8271752E-001	-1,118079118482353E+000	1,000000000000000E+000
-1,8179260E-001	-1,102523849294005E+000	1,000000000000000E+000
-1,8080291E-001	-1,088088694157904E+000	1,000000000000000E+000
-1,7977522E-001	-1,076905969504473E+000	1,000000000000000E+000
-1,7877555E-001	-1,063724766563001E+000	1,000000000000000E+000
-1,7783217E-001	-1,048653249447750E+000	1,000000000000000E+000
-1,7676011E-001	-1,038329749911400E+000	1,000000000000000E+000
-1,7573985E-001	-1,026344985933974E+000	1,000000000000000E+000
-1,7475592E-001	-1,014706130411165E+000	1,000000000000000E+000
-1,7377642E-001	-9,989874786567974E-001	1,000000000000000E+000
-1,7276379E-001	-9,918802593860541E-001	1,000000000000000E+000
-1,7174123E-001	-9,768723334159883E-001	1,000000000000000E+000
-1,7078532E-001	-9,498840059127858E-001	1,000000000000000E+000
-1,6982195E-001	-9,505374387760313E-001	1,000000000000000E+000
-1,6872464E-001	-9,406700667976926E-001	1,000000000000000E+000
-1,6775684E-001	-9,277391919685085E-001	1,000000000000000E+000
-1,6676547E-001	-9,187289174490889E-001	1,000000000000000E+000
-1,6576411E-001	-9,081635365081553E-001	1,000000000000000E+000
-1,6480285E-001	-8,935418004273537E-001	1,000000000000000E+000
-1,6375418E-001	-8,853865302840465E-001	1,000000000000000E+000
-1,6277659E-001	-8,758055733309860E-001	1,000000000000000E+000
-1,6176419E-001	-8,659212659371782E-001	1,000000000000000E+000
-1,6082630E-001	-8,544542116449314E-001	1,000000000000000E+000
-1,5983620E-001	-8,421300701253704E-001	1,000000000000000E+000
-1,5881063E-001	-8,351479982051799E-001	1,000000000000000E+000
-1,5775791E-001	-8,226795844190429E-001	1,000000000000000E+000
-1,5679225E-001	-8,020368417104073E-001	1,000000000000000E+000
-1,5576562E-001	-8,040332477669114E-001	1,000000000000000E+000
-1,5481460E-001	-7,906356215244159E-001	1,000000000000000E+000
-1,5379898E-001	-7,819244913213543E-001	1,000000000000000E+000
-1,5278301E-001	-7,742869033892124E-001	1,000000000000000E+000
-1,5176232E-001	-7,625165390782058E-001	1,000000000000000E+000
-1,5078157E-001	-7,532092432181043E-001	1,000000000000000E+000
-1,4979421E-001	-7,431106538149621E-001	1,000000000000000E+000
-1,4878330E-001	-7,318493418990570E-001	1,000000000000000E+000
-1,4779872E-001	-7,241820663782841E-001	1,000000000000000E+000
-1,4675999E-001	-7,138691482185893E-001	1,000000000000000E+000
-1,4583144E-001	-7,045236925284053E-001	1,000000000000000E+000
-1,4471948E-001	-6,964639429158228E-001	1,000000000000000E+000
-1,4375761E-001	-6,865753421378855E-001	1,000000000000000E+000
-1,4274925E-001	-6,776032613383389E-001	1,000000000000000E+000
-1,4176933E-001	-6,688815634827012E-001	1,000000000000000E+000
-1,4076498E-001	-6,504897284321487E-001	1,000000000000000E+000
-1,3983713E-001	-6,470931515149392E-001	1,000000000000000E+000
-1,3885105E-001	-6,377816204136847E-001	1,000000000000000E+000
-1,3781382E-001	-6,321955360213509E-001	1,000000000000000E+000
-1,3679440E-001	-6,230643668160276E-001	1,000000000000000E+000
-1,3578606E-001	-6,130888157187862E-001	1,000000000000000E+000
-1,3473970E-001	-6,054532649189541E-001	1,000000000000000E+000
-1,3384426E-001	-5,967018317896855E-001	1,000000000000000E+000
-1,3275862E-001	-5,843162106143094E-001	1,000000000000000E+000
-1,3168636E-001	-5,798842844605012E-001	1,000000000000000E+000
-1,3094400E-001	-5,682665669139382E-001	1,000000000000000E+000
-1,2981421E-001	-5,582125392910609E-001	1,000000000000000E+000
-1,2884150E-001	-5,523528368535668E-001	1,000000000000000E+000
-1,2775333E-001	-5,430561436547183E-001	1,000000000000000E+000
-1,2680291E-001	-5,311266209658549E-001	1,000000000000000E+000
-1,2573044E-001	-5,246473617023892E-001	1,000000000000000E+000
-1,2481187E-001	-5,145487796528149E-001	1,000000000000000E+000
-1,2379141E-001	-5,069578220330482E-001	1,000000000000000E+000
-1,2278402E-001	-4,848256911694371E-001	1,000000000000000E+000
-1,2180676E-001	-4,883814238839665E-001	1,000000000000000E+000
-1,2080710E-001	-4,787686500284398E-001	1,000000000000000E+000
-1,1980575E-001	-4,690455545981727E-001	1,000000000000000E+000
-1,1880057E-001	-4,613103482341909E-001	1,000000000000000E+000
-1,1779052E-001	-4,532760253124346E-001	1,000000000000000E+000
-1,1683480E-001	-4,420444757431854E-001	1,000000000000000E+000
-1,1577760E-001	-4,345680918842039E-001	1,000000000000000E+000
-1,1478835E-001	-4,257191171248755E-001	1,000000000000000E+000
-1,1378615E-001	-4,154634744498029E-001	1,000000000000000E+000
-1,1277395E-001	-4,070536343303193E-001	1,000000000000000E+000
-1,1178618E-001	-3,986904470172403E-001	1,000000000000000E+000
-1,1086804E-001	-3,887042736298287E-001	1,000000000000000E+000
-1,0972594E-001	-3,802074534339921E-001	1,000000000000000E+000
-1,0883793E-001	-3,718527476561988E-001	1,000000000000000E+000
-1,0779541E-001	-3,625178789500048E-001	1,000000000000000E+000
-1,0677749E-001	-3,529857238819289E-001	1,000000000000000E+000
-1,0579386E-001	-3,395902128282211E-001	1,000000000000000E+000
-1,0474955E-001	-3,293685359401728E-001	1,000000000000000E+000
-1,0377280E-001	-3,240222160044732E-001	1,000000000000000E+000
-1,0277440E-001	-3,171759555051614E-001	1,000000000000000E+000
-1,0178983E-001	-3,081105380907605E-001	1,000000000000000E+000
-1,0080546E-001	-2,980182588443201E-001	1,000000000000000E+000
-9,9773943E-002	-2,887449360213292E-001	1,000000000000000E+000
-9,5101714E-002	-2,239058423833087E-001	1,000000000000000E+000
-9,0184450E-002	-1,454811971020209E-001	1,000000000000000E+000
-8,9078628E-002	-1,883312330893726E-001	1,000000000000000E+000
-8,8320456E-002	-2,039661239218220E-001	1,000000000000000E+000
-8,7341808E-002	-1,694161337282920E-001	1,000000000000000E+000
-8,6254261E-002	-1,439614280372756E-001	1,000000000000000E+000
-8,5283473E-002	-1,452981711918253E-001	1,000000000000000E+000
-8,4103808E-002	-1,468187788721282E-001	1,000000000000000E+000
-8,3298385E-002	-1,358635629730993E-001	1,000000000000000E+000
-8,2248621E-002	-1,232341846658125E-001	1,000000000000000E+000
-8,1250452E-002	-1,148922172029008E-001	1,000000000000000E+000
-8,0307670E-002	-1,101129910983016E-001	1,000000000000000E+000
-7,9350471E-002	-1,032700047896160E-001	1,000000000000000E+000
-7,8157142E-002	-8,715254937609018E-002	1,000000000000000E+000
-7,7362023E-002	-7,444237186589611E-002	1,000000000000000E+000
-7,6125674E-002	-8,073224352523933E-002	1,000000000000000E+000
-7,5321935E-002	-7,640156789582564E-002	1,000000000000000E+000
-7,4238002E-002	-6,522832964886505E-002	1,000000000000000E+000
-7,3174655E-002	-5,712028887420378E-002	1,000000000000000E+000
-7,2244197E-002	-5,194871118470060E-002	1,000000000000000E+000
-7,1211211E-002	-4,639730119783470E-002	1,000000000000000E+000
-7,0194148E-002	-4,000075223545224E-002	1,000000000000000E+000
-6,9229297E-002	-3,336751436977967E-002	1,000000000000000E+000
-6,8130083E-002	-2,610907010320157E-002	1,000000000000000E+000
-6,7122564E-002	-2,011059336291510E-002	1,000000000000000E+000
-6,6463411E-002	-1,336580472444543E-002	1,000000000000000E+000
-6,5275669E-002	-6,327921910017020E-003	1,000000000000000E+000
-6,4215720E-002	-1,148710635975348E-003	1,000000000000000E+000
-6,3347466E-002	4,442996105050639E-003	1,000000000000000E+000
-6,2318716E-002	1,238964162803313E-002	1,000000000000000E+000
-6,1316721E-002	2,051931213787211E-002	1,000000000000000E+000
-6,0218353E-002	2,561920568405179E-002	1,000000000000000E+000
-5,9227604E-002	3,118291661586331E-002	1,000000000000000E+000
-5,8466554E-002	3,783354004594408E-002	1,000000000000000E+000
-5,7204090E-002	4,491320392440268E-002	1,000000000000000E+000
-5,6221195E-002	5,090361881674554E-002	1,000000000000000E+000
-5,5318970E-002	5,709635806609484E-002	1,000000000000000E+000
-5,4345671E-002	7,591338943247039E-002	1,000000000000000E+000
-5,3110592E-002	8,243973226894408E-002	1,000000000000000E+000
-5,2321937E-002	7,668154328146337E-002	1,000000000000000E+000
-5,1375352E-002	8,103067060195235E-002	1,000000000000000E+000
-5,0127532E-002	9,182428522358863E-002	1,000000000000000E+000
-4,9346525E-002	1,002228680412778E-001	1,000000000000000E+000
-4,8191685E-002	1,052765287943960E-001	1,000000000000000E+000
-4,7308777E-002	1,114052294029131E-001	1,000000000000000E+000
-4,6494223E-002	1,186725827412574E-001	1,000000000000000E+000
-4,5457210E-002	1,257927415442991E-001	1,000000000000000E+000
-4,4370305E-002	1,319320510859447E-001	1,000000000000000E+000
-4,3220982E-002	1,380002937383121E-001	1,000000000000000E+000
-4,2238090E-002	1,446524005683991E-001	1,000000000000000E+000
-4,1388519E-002	1,508807772705851E-001	1,000000000000000E+000
-4,0328778E-002	1,580586283428908E-001	1,000000000000000E+000
-3,9314903E-002	1,669015287382839E-001	1,000000000000000E+000
-3,8337104E-002	1,722035338882248E-001	1,000000000000000E+000
-3,7334897E-002	1,781928916429436E-001	1,000000000000000E+000
-3,6272828E-002	1,857501525017953E-001	1,000000000000000E+000
-3,5348527E-002	1,920839326307426E-001	1,000000000000000E+000
-3,4275208E-002	1,996727983156839E-001	1,000000000000000E+000
-3,3321608E-002	2,068896739704844E-001	1,000000000000000E+000
-3,2403890E-002	2,129293010382547E-001	1,000000000000000E+000
-3,1364013E-002	2,198916749136215E-001	1,000000000000000E+000
-3,0469773E-002	2,401207337776827E-001	1,000000000000000E+000
-2,9261017E-002	2,424029268182088E-001	1,000000000000000E+000
-2,8202981E-002	2,386701106055022E-001	1,000000000000000E+000
-2,7265945E-002	2,455016305450242E-001	1,000000000000000E+000
-2,6195168E-002	2,565872676528264E-001	1,000000000000000E+000
-2,5486335E-002	2,647525649647129E-001	1,000000000000000E+000
-2,4331074E-002	2,710390467869326E-001	1,000000000000000E+000
-2,3421422E-002	2,761065104342486E-001	1,000000000000000E+000
-2,2081899E-002	2,827800425875466E-001	1,000000000000000E+000
-2,1221070E-002	2,912922744322319E-001	1,000000000000000E+000
-2,0317363E-002	2,972810086050419E-001	1,000000000000000E+000
-1,9177385E-002	3,039872112632218E-001	1,000000000000000E+000
-1,8391069E-002	3,116992612679796E-001	1,000000000000000E+000
-1,7304584E-002	3,203935001317098E-001	1,000000000000000E+000
-1,6208550E-002	3,258199949373699E-001	1,000000000000000E+000
-1,5323520E-002	3,320244122167226E-001	1,000000000000000E+000
-1,4368652E-002	3,393327012373556E-001	1,000000000000000E+000
-1,3239926E-002	3,461782293872826E-001	1,000000000000000E+000
-1,2286968E-002	3,533923526604985E-001	1,000000000000000E+000
-1,1409582E-002	3,613016660415767E-001	1,000000000000000E+000
-1,0255806E-002	3,680218368083139E-001	1,000000000000000E+000
-9,4117485E-003	3,745734224147670E-001	1,000000000000000E+000
-8,2787611E-003	3,862162270880711E-001	1,000000000000000E+000
-7,2073978E-003	4,023512793226267E-001	1,000000000000000E+000
-6,3289511E-003	3,986305577887428E-001	1,000000000000000E+000
-5,2501103E-003	3,980899677650691E-001	1,000000000000000E+000
-4,3081911E-003	4,085332008156319E-001	1,000000000000000E+000
-3,4683784E-003	4,209269597841847E-001	1,000000000000000E+000
-2,2810625E-003	4,275602076474263E-001	1,000000000000000E+000
-1,3514552E-003	4,327671984145951E-001	1,000000000000000E+000
-4,2333419E-004	4,379900691953174E-001	1,000000000000000E+000
4,3902587E-004	4,438088995375420E-001	1,000000000000000E+000
7,5420819E-004	4,469110667705536E-001	2,000000000000000E+000
1,4501761E-003	4,519559891972076E-001	2,000000000000000E+000
2,1938246E-003	4,586276209447524E-001	2,000000000000000E+000
3,3282829E-003	4,635546577046621E-001	2,000000000000000E+000
4,2336890E-003	4,717490229458132E-001	2,000000000000000E+000
5,1615979E-003	4,798385949882986E-001	2,000000000000000E+000
6,3221669E-003	4,868707517097297E-001	2,000000000000000E+000
7,2037983E-003	4,946420109934282E-001	2,000000000000000E+000
8,2771201E-003	5,009208238787126E-001	2,000000000000000E+000
9,3338815E-003	5,068472090125495E-001	2,000000000000000E+000
1,0214240E-002	5,136155643914311E-001	2,000000000000000E+000
1,1337022E-002	5,223969250348308E-001	2,000000000000000E+000
1,2242853E-002	5,300536681639247E-001	2,000000000000000E+000
1,3263104E-002	5,348157363607449E-001	2,000000000000000E+000
1,4248904E-002	5,486405907690326E-001	2,000000000000000E+000
1,5229060E-002	5,641631568303440E-001	2,000000000000000E+000
1,6284125E-002	5,601580437570277E-001	2,000000000000000E+000
1,7436203E-002	5,612315744963574E-001	2,000000000000000E+000
1,8228678E-002	5,719713564806940E-001	2,000000000000000E+000
1,9206259E-002	5,830953304798143E-001	2,000000000000000E+000
2,0315455E-002	5,886001067831090E-001	2,000000000000000E+000
2,1286668E-002	5,933008690675114E-001	2,000000000000000E+000
2,2374213E-002	6,003217906561762E-001	2,000000000000000E+000
2,3314856E-002	6,089426153921540E-001	2,000000000000000E+000
2,4393914E-002	6,157709937672032E-001	2,000000000000000E+000
2,5267052E-002	6,215577736212353E-001	2,000000000000000E+000
2,6207486E-002	6,309116062992750E-001	2,000000000000000E+000
2,7383123E-002	6,381781384633456E-001	2,000000000000000E+000
2,8100662E-002	6,442081990600057E-001	2,000000000000000E+000
2,9271847E-002	6,518579154637549E-001	2,000000000000000E+000
3,0322878E-002	6,591763463285243E-001	2,000000000000000E+000
3,1084998E-002	6,648972336358092E-001	2,000000000000000E+000
3,2318797E-002	6,706388555725820E-001	2,000000000000000E+000
3,3323132E-002	6,796234551972411E-001	2,000000000000000E+000
3,4147445E-002	6,878648977856062E-001	2,000000000000000E+000
3,5234567E-002	6,931478443503787E-001	2,000000000000000E+000
3,6205590E-002	7,003014598998973E-001	2,000000000000000E+000
3,7268452E-002	7,193038749974221E-001	2,000000000000000E+000
3,8350683E-002	7,227495389654202E-001	2,000000000000000E+000
3,8861461E-002	7,195106693155453E-001	2,000000000000000E+000
4,0409021E-002	7,260501752866215E-001	2,000000000000000E+000
4,1246500E-002	7,381783672220417E-001	2,000000000000000E+000
4,2224716E-002	7,436918336768752E-001	2,000000000000000E+000
4,3135852E-002	7,479380526993822E-001	2,000000000000000E+000
4,4259910E-002	7,568052101414668E-001	2,000000000000000E+000
4,5365918E-002	7,649466678784762E-001	2,000000000000000E+000
4,6275791E-002	7,700979352230242E-001	2,000000000000000E+000
4,7100104E-002	7,744031754037799E-001	2,000000000000000E+000
4,8462767E-002	7,825268826499148E-001	2,000000000000000E+000
4,9082652E-002	7,915578995857206E-001	2,000000000000000E+000
5,0117336E-002	7,965625763172284E-001	2,000000000000000E+000
5,1714141E-002	8,019876252187199E-001	2,000000000000000E+000
5,2082475E-002	8,096914125813370E-001	2,000000000000000E+000
5,3016759E-002	8,165776243614475E-001	2,000000000000000E+000
5,4502539E-002	8,234308277282683E-001	2,000000000000000E+000
5,4940294E-002	8,287854433292541E-001	2,000000000000000E+000
5,6267079E-002	8,361783266300336E-001	2,000000000000000E+000
5,7600223E-002	8,440740524351398E-001	2,000000000000000E+000
5,7987455E-002	8,505757980876516E-001	2,000000000000000E+000
5,9492134E-002	8,563388905539675E-001	2,000000000000000E+000
6,0253408E-002	8,721125445380373E-001	2,000000000000000E+000
6,0914014E-002	8,822167191473369E-001	2,000000000000000E+000
6,2426545E-002	8,796634508503836E-001	2,000000000000000E+000
6,3168503E-002	8,816478571906252E-001	2,000000000000000E+000
6,4072624E-002	8,909681983835389E-001	2,000000000000000E+000
6,5308765E-002	9,013482232888546E-001	2,000000000000000E+000
6,6138178E-002	9,079212333049860E-001	2,000000000000000E+000
6,7140386E-002	9,139572639121756E-001	2,000000000000000E+000
6,8289489E-002	9,216765099101591E-001	2,000000000000000E+000
6,9060095E-002	9,289227271219724E-001	2,000000000000000E+000
7,0136182E-002	9,351421719313517E-001	2,000000000000000E+000
7,1165979E-002	9,414638181527453E-001	2,000000000000000E+000
7,2159491E-002	9,488556977206232E-001	2,000000000000000E+000
7,3187590E-002	9,567720161543942E-001	2,000000000000000E+000
7,4125901E-002	9,626247816615656E-001	2,000000000000000E+000
7,5225122E-002	9,690397826877106E-001	2,000000000000000E+000
7,6254711E-002	9,766778879695468E-001	2,000000000000000E+000
7,7140167E-002	9,861633612049960E-001	2,000000000000000E+000
7,8343399E-002	9,931921071709233E-001	2,000000000000000E+000
7,9232678E-002	9,979493242119339E-001	2,000000000000000E+000
8,0192208E-002	1,003628984585200E+000	2,000000000000000E+000
8,1141345E-002	1,011767501438346E+000	2,000000000000000E+000
8,2316019E-002	1,022808411249168E+000	2,000000000000000E+000
8,3092228E-002	1,039541594735866E+000	2,000000000000000E+000
8,4206522E-002	1,038008242366939E+000	2,000000000000000E+000
8,5218713E-002	1,036540030657006E+000	2,000000000000000E+000
8,5999928E-002	1,045624732195092E+000	2,000000000000000E+000
8,7250933E-002	1,055083269680229E+000	2,000000000000000E+000
8,8231482E-002	1,061230666793160E+000	2,000000000000000E+000
8,9234963E-002	1,068874008811288E+000	2,000000000000000E+000
9,0154588E-002	1,074904694183108E+000	2,000000000000000E+000
9,1273569E-002	1,081576320860119E+000	2,000000000000000E+000
9,2215903E-002	1,088218488730487E+000	2,000000000000000E+000
9,3175016E-002	1,095159398184886E+000	2,000000000000000E+000
9,7884469E-002	1,124871774515629E+000	2,000000000000000E+000
1,0284138E-001	1,156074296514916E+000	2,000000000000000E+000
1,0385061E-001	1,162670253931235E+000	2,000000000000000E+000
1,0482159E-001	1,170664206638724E+000	2,000000000000000E+000
1,0589389E-001	1,192374125614556E+000	2,000000000000000E+000
1,0686016E-001	1,182701967320300E+000	2,000000000000000E+000
1,0784984E-001	1,192940665615936E+000	2,000000000000000E+000
1,0884590E-001	1,198227579110409E+000	2,000000000000000E+000
1,0993110E-001	1,203906970279707E+000	2,000000000000000E+000
1,1076880E-001	1,210827449957529E+000	2,000000000000000E+000
1,1184063E-001	1,216345712646014E+000	2,000000000000000E+000
1,1283731E-001	1,224006568107548E+000	2,000000000000000E+000
1,1388984E-001	1,229592670608934E+000	2,000000000000000E+000
1,1478908E-001	1,235755784255971E+000	2,000000000000000E+000
1,1588852E-001	1,244038316938614E+000	2,000000000000000E+000
1,1687353E-001	1,248633603254961E+000	2,000000000000000E+000
1,1783711E-001	1,255509611245039E+000	2,000000000000000E+000
1,1887477E-001	1,262650775955990E+000	2,000000000000000E+000
1,1982092E-001	1,267521825101642E+000	2,000000000000000E+000
1,2088045E-001	1,272751575594560E+000	2,000000000000000E+000
1,2180475E-001	1,283236287197926E+000	2,000000000000000E+000
1,2282457E-001	1,286609597452401E+000	2,000000000000000E+000
1,2391105E-001	1,294491119631047E+000	2,000000000000000E+000
1,2483091E-001	1,300463359932312E+000	2,000000000000000E+000
1,2589976E-001	1,305941284478955E+000	2,000000000000000E+000
1,2696926E-001	1,313438753287000E+000	2,000000000000000E+000
1,2778042E-001	1,322572056773218E+000	2,000000000000000E+000
1,2890172E-001	1,329076795605944E+000	2,000000000000000E+000
1,2983455E-001	1,341318190873913E+000	2,000000000000000E+000
1,3090630E-001	1,343316676379699E+000	2,000000000000000E+000
1,3185503E-001	1,348461514597551E+000	2,000000000000000E+000
1,3286954E-001	1,354223547218780E+000	2,000000000000000E+000
1,3385412E-001	1,359843533615475E+000	2,000000000000000E+000
1,3490433E-001	1,368860195468489E+000	2,000000000000000E+000
1,3585685E-001	1,372672737420849E+000	2,000000000000000E+000
1,3689259E-001	1,378924981251153E+000	2,000000000000000E+000
1,3790031E-001	1,385315085554289E+000	2,000000000000000E+000
1,3886833E-001	1,390298643149432E+000	2,000000000000000E+000
1,3989644E-001	1,397261561334339E+000	2,000000000000000E+000
1,4090778E-001	1,403893563482495E+000	2,000000000000000E+000
1,4187816E-001	1,410018505037037E+000	2,000000000000000E+000
1,4289796E-001	1,416964433750962E+000	2,000000000000000E+000
1,4387640E-001	1,422809368258141E+000	2,000000000000000E+000
1,4488669E-001	1,427714405296783E+000	2,000000000000000E+000
1,4587805E-001	1,436340653622111E+000	2,000000000000000E+000
1,4684418E-001	1,440346127634667E+000	2,000000000000000E+000
1,4782368E-001	1,447699459166159E+000	2,000000000000000E+000
1,4884965E-001	1,454291097871547E+000	2,000000000000000E+000
1,4989346E-001	1,460061684742367E+000	2,000000000000000E+000
1,5084623E-001	1,466717026791429E+000	2,000000000000000E+000
1,5181912E-001	1,470094686632768E+000	2,000000000000000E+000
1,5282600E-001	1,479569454211747E+000	2,000000000000000E+000
1,5387215E-001	1,485306201218108E+000	2,000000000000000E+000
1,5482765E-001	1,489207782782618E+000	2,000000000000000E+000
1,5585330E-001	1,514040653231653E+000	2,000000000000000E+000
1,5684476E-001	1,503761593821565E+000	2,000000000000000E+000
1,5785377E-001	1,508785585562388E+000	2,000000000000000E+000
1,5880439E-001	1,515835442580283E+000	2,000000000000000E+000
1,5989003E-001	1,519170454134130E+000	2,000000000000000E+000
1,6086592E-001	1,526566208780018E+000	2,000000000000000E+000
1,6183013E-001	1,531649466629867E+000	2,000000000000000E+000
1,6286758E-001	1,535400428809229E+000	2,000000000000000E+000
1,6383263E-001	1,539123766952094E+000	2,000000000000000E+000
1,6483779E-001	1,545817251498299E+000	2,000000000000000E+000
1,6582242E-001	1,549305151294305E+000	2,000000000000000E+000
1,6685729E-001	1,555652917207528E+000	2,000000000000000E+000
1,6784868E-001	1,558610328861199E+000	2,000000000000000E+000
1,6886595E-001	1,564366082350412E+000	2,000000000000000E+000
1,6981572E-001	1,567285359681897E+000	2,000000000000000E+000
1,7086506E-001	1,572765410722546E+000	2,000000000000000E+000
1,7184328E-001	1,576219200311848E+000	2,000000000000000E+000
1,7287521E-001	1,581245244920453E+000	2,000000000000000E+000
1,7387253E-001	1,584257821242014E+000	2,000000000000000E+000
1,7482060E-001	1,589205270891804E+000	2,000000000000000E+000
1,7585021E-001	1,593189628691309E+000	2,000000000000000E+000
1,7686555E-001	1,596049443378838E+000	2,000000000000000E+000
1,7786819E-001	1,600260798457185E+000	2,000000000000000E+000
1,7881097E-001	1,605360993572198E+000	2,000000000000000E+000
1,7984203E-001	1,605645301881142E+000	2,000000000000000E+000
1,8085463E-001	1,607448650730987E+000	2,000000000000000E+000
1,8189612E-001	1,610620320619400E+000	2,000000000000000E+000
1,8283400E-001	1,611229231943280E+000	2,000000000000000E+000
1,8386742E-001	1,611229180513574E+000	2,000000000000000E+000
1,8486431E-001	1,612389628413233E+000	2,000000000000000E+000
1,8579052E-001	1,612478844873191E+000	2,000000000000000E+000
1,8690312E-001	1,612903123980183E+000	2,000000000000000E+000
1,8792446E-001	1,611324664231182E+000	2,000000000000000E+000
1,8886149E-001	1,609877775500841E+000	2,000000000000000E+000
1,8985879E-001	1,608850926548865E+000	2,000000000000000E+000
1,9087014E-001	1,610442151237900E+000	2,000000000000000E+000
1,9186981E-001	1,610170525472817E+000	2,000000000000000E+000
1,9285162E-001	1,611292835350876E+000	2,000000000000000E+000
1,9387315E-001	1,609228623461805E+000	2,000000000000000E+000
1,9488768E-001	1,611089158104733E+000	2,000000000000000E+000
1,9582663E-001	1,615045849803010E+000	2,000000000000000E+000
1,9683053E-001	1,617044489960080E+000	2,000000000000000E+000
1,9781213E-001	1,616917055229550E+000	2,000000000000000E+000
1,9888374E-001	1,623769782147273E+000	2,000000000000000E+000
1,9981465E-001	1,623680597429894E+000	2,000000000000000E+000
2,0037457E-001	1,629856467247009E+000	2,000000000000000E+000
2,0058912E-001	1,618171135584515E+000	2,000000000000000E+000
1,9997708E-001	1,350103599769582E+000	2,000000000000000E+000
1,9891092E-001	1,331450741867432E+000	2,000000000000000E+000
1,9790998E-001	1,292539380154475E+000	2,000000000000000E+000
1,9693792E-001	1,265056599785265E+000	2,000000000000000E+000
1,9594991E-001	1,241307792900542E+000	2,000000000000000E+000
1,9496831E-001	1,217168838083222E+000	2,000000000000000E+000
1,9386546E-001	1,185496128565219E+000	2,000000000000000E+000
1,9295014E-001	1,181267833983943E+000	2,000000000000000E+000
1,9186111E-001	1,163909259291046E+000	2,000000000000000E+000
1,9088690E-001	1,148570360990970E+000	2,000000000000000E+000
1,8998724E-001	1,133751280463508E+000	2,000000000000000E+000
1,8889971E-001	1,119676876114681E+000	2,000000000000000E+000
1,8791044E-001	1,105182347353551E+000	2,000000000000000E+000
1,8692608E-001	1,092902777341401E+000	2,000000000000000E+000
1,8590793E-001	1,078304391574219E+000	2,000000000000000E+000
1,8494138E-001	1,067615871046051E+000	2,000000000000000E+000
1,8395984E-001	1,042632475986871E+000	2,000000000000000E+000
1,8294573E-001	1,040744313426937E+000	2,000000000000000E+000
1,8191910E-001	1,029487283796900E+000	2,000000000000000E+000
1,8091244E-001	1,017909888837796E+000	2,000000000000000E+000
1,7994311E-001	1,006716624393853E+000	2,000000000000000E+000
1,7894751E-001	9,940170207474797E-001	2,000000000000000E+000
1,7793426E-001	9,848752305196200E-001	2,000000000000000E+000
1,7689809E-001	9,739703948014498E-001	2,000000000000000E+000
1,7601307E-001	9,632311250057306E-001	2,000000000000000E+000
1,7492169E-001	9,530136629085391E-001	2,000000000000000E+000
1,7397192E-001	9,438209772342816E-001	2,000000000000000E+000
1,7288014E-001	9,299438753579228E-001	2,000000000000000E+000
1,7188495E-001	9,228642321864360E-001	2,000000000000000E+000
1,7088209E-001	9,110768146217900E-001	2,000000000000000E+000
1,6987054E-001	9,009952173154385E-001	2,000000000000000E+000
1,6892925E-001	8,762069292909787E-001	2,000000000000000E+000
1,6796210E-001	8,827243200891353E-001	2,000000000000000E+000
1,6696458E-001	8,692524172107010E-001	2,000000000000000E+000
1,6595665E-001	8,625864783922843E-001	2,000000000000000E+000
1,6493830E-001	8,526448909348527E-001	2,000000000000000E+000
1,6384886E-001	8,416043034004446E-001	2,000000000000000E+000
1,6297358E-001	8,330501700725623E-001	2,000000000000000E+000
1,6189432E-001	8,247803559707920E-001	2,000000000000000E+000
1,6091037E-001	8,148980927653628E-001	2,000000000000000E+000
1,5995315E-001	8,065455390347420E-001	2,000000000000000E+000
1,5893504E-001	7,965784683539011E-001	2,000000000000000E+000
1,5791774E-001	7,878524675680735E-001	2,000000000000000E+000
1,5690237E-001	7,766166807592150E-001	2,000000000000000E+000
1,5592882E-001	7,701205158373350E-001	2,000000000000000E+000
1,5488714E-001	7,614115358770102E-001	2,000000000000000E+000
1,5387157E-001	7,516311001963896E-001	2,000000000000000E+000
1,5292285E-001	7,414752369643098E-001	2,000000000000000E+000
1,5194987E-001	7,171069799482606E-001	2,000000000000000E+000
1,5086138E-001	7,230940376434276E-001	2,000000000000000E+000
1,4993325E-001	7,121277094120160E-001	2,000000000000000E+000
1,4893825E-001	7,050501990597695E-001	2,000000000000000E+000
1,4791122E-001	6,957789835804675E-001	2,000000000000000E+000
1,4693321E-001	6,855127439420254E-001	2,000000000000000E+000
1,4592589E-001	6,776502871653074E-001	2,000000000000000E+000
1,4491627E-001	6,705854854598208E-001	2,000000000000000E+000
1,4402105E-001	6,605526043309098E-001	2,000000000000000E+000
1,4274693E-001	6,507679816180231E-001	2,000000000000000E+000
1,4189415E-001	6,453050337990529E-001	2,000000000000000E+000
1,4099385E-001	6,341349397811840E-001	2,000000000000000E+000
1,3991903E-001	6,260475899066975E-001	2,000000000000000E+000
1,3897987E-001	6,177968217266923E-001	2,000000000000000E+000
1,3798000E-001	6,094612306333147E-001	2,000000000000000E+000
1,3688523E-001	6,009877761890614E-001	2,000000000000000E+000
1,3594078E-001	5,926054598272064E-001	2,000000000000000E+000
1,3493305E-001	5,830987776151035E-001	2,000000000000000E+000
1,3393365E-001	5,616392014586991E-001	2,000000000000000E+000
1,3290957E-001	5,652097982238056E-001	2,000000000000000E+000
1,3191330E-001	5,580877330115381E-001	2,000000000000000E+000
1,3088986E-001	5,487295370678309E-001	2,000000000000000E+000
1,2990719E-001	5,427446435011607E-001	2,000000000000000E+000
1,2894745E-001	5,337386101600725E-001	2,000000000000000E+000
1,2791106E-001	5,240070282274654E-001	2,000000000000000E+000
1,2693879E-001	5,175193007194636E-001	2,000000000000000E+000
1,2593721E-001	5,102211199959543E-001	2,000000000000000E+000
1,2492163E-001	5,020446694559535E-001	2,000000000000000E+000
1,2394829E-001	4,930556414571277E-001	2,000000000000000E+000
1,2290492E-001	4,856874514241811E-001	2,000000000000000E+000
1,2191650E-001	4,765902352972073E-001	2,000000000000000E+000
1,2089732E-001	4,688571310705631E-001	2,000000000000000E+000
1,1994243E-001	4,628170710186394E-001	2,000000000000000E+000
1,1893260E-001	4,527078309393904E-001	2,000000000000000E+000
1,1796987E-001	4,458255026191988E-001	2,000000000000000E+000
1,1692733E-001	4,364078920463933E-001	2,000000000000000E+000
1,1595654E-001	4,297271037810584E-001	2,000000000000000E+000
1,1495926E-001	4,067760994722556E-001	2,000000000000000E+000
1,1396595E-001	4,141697342598079E-001	2,000000000000000E+000
1,1289964E-001	4,030697448502512E-001	2,000000000000000E+000
1,1192715E-001	3,957164335297425E-001	2,000000000000000E+000
1,1088503E-001	3,877945266237166E-001	2,000000000000000E+000
1,0993738E-001	3,829700784667187E-001	2,000000000000000E+000
1,0890865E-001	3,733848984443791E-001	2,000000000000000E+000
1,0800494E-001	3,664601275749089E-001	2,000000000000000E+000
1,0686709E-001	3,555425935321388E-001	2,000000000000000E+000
1,0592920E-001	3,520038223359725E-001	2,000000000000000E+000
1,0494163E-001	3,394166293502279E-001	2,000000000000000E+000
1,0394983E-001	3,348871081381928E-001	2,000000000000000E+000
1,0290219E-001	3,258343933072559E-001	2,000000000000000E+000
1,0192227E-001	3,170914889067511E-001	2,000000000000000E+000
1,0092220E-001	3,098145108799354E-001	2,000000000000000E+000
9,9885598E-002	3,008679197325068E-001	2,000000000000000E+000
9,5212713E-002	2,387138962502449E-001	2,000000000000000E+000
9,0085089E-002	1,978310970169130E-001	2,000000000000000E+000
8,9278184E-002	2,368224536379182E-001	2,000000000000000E+000
8,8623479E-002	2,226951628981624E-001	2,000000000000000E+000
8,7311350E-002	1,913586205563567E-001	2,000000000000000E+000
8,6366244E-002	1,813753652903767E-001	2,000000000000000E+000
8,5454680E-002	1,856458089476094E-001	2,000000000000000E+000
8,4330834E-002	1,790397218590241E-001	2,000000000000000E+000
8,3430529E-002	1,652085035069223E-001	2,000000000000000E+000
8,2375452E-002	1,551442161887990E-001	2,000000000000000E+000
8,1475988E-002	1,510075974510987E-001	2,000000000000000E+000
8,0373168E-002	1,438132042514755E-001	2,000000000000000E+000
7,9383902E-002	1,333888210728116E-001	2,000000000000000E+000
7,8422457E-002	1,233809673980838E-001	2,000000000000000E+000
7,7491157E-002	1,154256336077299E-001	2,000000000000000E+000
7,6471120E-002	1,056760925728467E-001	2,000000000000000E+000
7,5558677E-002	9,670213002472261E-002	2,000000000000000E+000
7,4448913E-002	7,745011739461904E-002	2,000000000000000E+000
7,3335253E-002	7,452108204597585E-002	2,000000000000000E+000
7,2381876E-002	7,558572650305018E-002	2,000000000000000E+000
7,1524218E-002	6,616554968059074E-002	2,000000000000000E+000
7,0407175E-002	5,190082204838592E-002	2,000000000000000E+000
6,9450818E-002	4,271689951565349E-002	2,000000000000000E+000
6,8328455E-002	3,769696078395812E-002	2,000000000000000E+000
6,7293353E-002	2,940865382980623E-002	2,000000000000000E+000
6,6503212E-002	1,929327540165099E-002	2,000000000000000E+000
6,5585710E-002	1,118629829569623E-002	2,000000000000000E+000
6,4516850E-002	3,348238127639687E-003	2,000000000000000E+000
6,3416988E-002	-3,706186191291434E-003	2,000000000000000E+000
6,2354062E-002	-1,095466477353413E-002	2,000000000000000E+000
6,1640985E-002	-1,981304413513695E-002	2,000000000000000E+000
6,0477868E-002	-2,786488193103448E-002	2,000000000000000E+000
5,9307959E-002	-3,486650188763918E-002	2,000000000000000E+000
5,8611013E-002	-4,145519700169731E-002	2,000000000000000E+000
5,7448752E-002	-4,949367099308999E-002	2,000000000000000E+000
5,6534849E-002	-5,721402966284772E-002	2,000000000000000E+000
5,5624343E-002	-7,252961372190214E-002	2,000000000000000E+000
5,4347269E-002	-8,141556488084856E-002	2,000000000000000E+000
5,3483263E-002	-7,770628647671818E-002	2,000000000000000E+000
5,2518204E-002	-8,036979835661495E-002	2,000000000000000E+000
5,1441267E-002	-9,171566734827752E-002	2,000000000000000E+000
5,0441612E-002	-1,010457118665931E-001	2,000000000000000E+000
4,9508817E-002	-1,054319562325767E-001	2,000000000000000E+000
4,8450362E-002	-1,096362324881028E-001	2,000000000000000E+000
4,7582317E-002	-1,179707757271697E-001	2,000000000000000E+000
4,6368461E-002	-1,257920839691198E-001	2,000000000000000E+000
4,5435246E-002	-1,330687690739673E-001	2,000000000000000E+000
4,4486746E-002	-1,397420842129380E-001	2,000000000000000E+000
4,3507468E-002	-1,438233565438873E-001	2,000000000000000E+000
4,2484879E-002	-1,510353628416654E-001	2,000000000000000E+000
4,1554846E-002	-1,592521821116355E-001	2,000000000000000E+000
4,0488534E-002	-1,661689826125641E-001	2,000000000000000E+000
3,9548103E-002	-1,722650114032949E-001	2,000000000000000E+000
3,8455464E-002	-1,773935332150556E-001	2,000000000000000E+000
3,7565976E-002	-1,849921580416973E-001	2,000000000000000E+000
3,6451049E-002	-1,920752091197450E-001	2,000000000000000E+000
3,5268612E-002	-1,997777586867513E-001	2,000000000000000E+000
3,4493547E-002	-2,058884199779844E-001	2,000000000000000E+000
3,3451647E-002	-2,109503581434384E-001	2,000000000000000E+000
3,2436278E-002	-2,175343722046819E-001	2,000000000000000E+000
3,1653389E-002	-2,369142658523435E-001	2,000000000000000E+000
3,0460555E-002	-2,434185647644984E-001	2,000000000000000E+000
2,9458987E-002	-2,383897168425988E-001	2,000000000000000E+000
2,8609196E-002	-2,430699041805280E-001	2,000000000000000E+000
2,7643289E-002	-2,553179780241210E-001	2,000000000000000E+000
2,6414793E-002	-2,638669317594681E-001	2,000000000000000E+000
2,5589628E-002	-2,690813539698454E-001	2,000000000000000E+000
2,4455169E-002	-2,725815239537037E-001	2,000000000000000E+000
2,3644017E-002	-2,804844863454088E-001	2,000000000000000E+000
2,2382403E-002	-2,890033131471777E-001	2,000000000000000E+000
2,1674629E-002	-2,943937462178940E-001	2,000000000000000E+000
2,0521067E-002	-3,005077993730083E-001	2,000000000000000E+000
1,9566197E-002	-3,086086544725632E-001	2,000000000000000E+000
1,8503066E-002	-3,167007784617866E-001	2,000000000000000E+000
1,7464347E-002	-3,231361372486905E-001	2,000000000000000E+000
1,6567005E-002	-3,291897492276270E-001	2,000000000000000E+000
1,5231942E-002	-3,367289862297991E-001	2,000000000000000E+000
1,4497420E-002	-3,436296736601641E-001	2,000000000000000E+000
1,3801322E-002	-3,499803940455104E-001	2,000000000000000E+000
1,2300469E-002	-3,570721432851198E-001	2,000000000000000E+000
1,1494621E-002	-3,641446113469993E-001	2,000000000000000E+000
1,0663938E-002	-3,717122740215726E-001	2,000000000000000E+000
8,9890491E-003	-3,789155709673646E-001	2,000000000000000E+000
8,6958576E-003	-3,957345785650724E-001	2,000000000000000E+000
7,5919689E-003	-4,014158050219212E-001	2,000000000000000E+000
6,2978752E-003	-3,988241707686235E-001	2,000000000000000E+000
5,7826405E-003	-4,050014302419079E-001	2,000000000000000E+000
4,4859992E-003	-4,163301024172044E-001	2,000000000000000E+000
3,1600646E-003	-4,243543786449440E-001	2,000000000000000E+000
2,7747466E-003	-4,281731016106072E-001	2,000000000000000E+000
1,3233528E-003	-4,331219939437387E-001	2,000000000000000E+000
5,5338163E-004	-4,436503078516878E-001	2,000000000000000E+000
-2,1743870E-004	-4,527065627302784E-001	2,000000000000000E+000
-1,7021612E-003	-4,573383671684299E-001	2,000000000000000E+000
-2,4630048E-003	-4,640517742696435E-001	2,000000000000000E+000
-3,5004506E-003	-4,702653186072387E-001	2,000000000000000E+000
-4,6251444E-003	-4,781031321747100E-001	2,000000000000000E+000
-5,4581626E-003	-4,869674872736338E-001	2,000000000000000E+000
-6,5034633E-003	-4,921356434222401E-001	2,000000000000000E+000
-7,5988621E-003	-4,985063199225497E-001	2,000000000000000E+000
-8,4265741E-003	-5,065200420859659E-001	2,000000000000000E+000
-9,4648702E-003	-5,146666787590615E-001	2,000000000000000E+000
-1,0382378E-002	-5,210358497052865E-001	2,000000000000000E+000
-1,1567994E-002	-5,284749828990456E-001	2,000000000000000E+000
-1,2494205E-002	-5,358091725243472E-001	2,000000000000000E+000
-1,3454471E-002	-5,444083685158851E-001	2,000000000000000E+000
-1,4796415E-002	-5,619047924475225E-001	2,000000000000000E+000
-1,5387009E-002	-5,621760002039879E-001	2,000000000000000E+000
-1,6276494E-002	-5,602446055272585E-001	2,000000000000000E+000
-1,7532166E-002	-5,686971022708653E-001	2,000000000000000E+000
-1,8453706E-002	-5,812218701014187E-001	2,000000000000000E+000
-1,9474382E-002	-5,880478712561947E-001	2,000000000000000E+000
-2,0439655E-002	-5,927959508133256E-001	2,000000000000000E+000
-2,1443132E-002	-6,000366027324677E-001	2,000000000000000E+000
-2,2469118E-002	-6,080828989830041E-001	2,000000000000000E+000
-2,3449458E-002	-6,151583585241394E-001	2,000000000000000E+000
-2,4400931E-002	-6,216128292208971E-001	2,000000000000000E+000
-2,5477435E-002	-6,304730762236039E-001	2,000000000000000E+000
-2,6514033E-002	-6,372116613201779E-001	2,000000000000000E+000
-2,7445124E-002	-6,428975757056232E-001	2,000000000000000E+000
-2,8740492E-002	-6,492291965470152E-001	2,000000000000000E+000
-2,9575000E-002	-6,582371273026304E-001	2,000000000000000E+000
-3,0175991E-002	-6,662298139029499E-001	2,000000000000000E+000
-3,1629723E-002	-6,706438358717897E-001	2,000000000000000E+000
-3,2504987E-002	-6,775253948807309E-001	2,000000000000000E+000
-3,3350747E-002	-6,857638731081455E-001	2,000000000000000E+000
-3,4542944E-002	-6,936347664773663E-001	2,000000000000000E+000
-3,5272676E-002	-7,040837410992640E-001	2,000000000000000E+000
-3,6408063E-002	-7,215339369011211E-001	2,000000000000000E+000
-3,7598144E-002	-7,184568728294423E-001	2,000000000000000E+000
-3,8343281E-002	-7,169235514269943E-001	2,000000000000000E+000
-3,9573897E-002	-7,273608174356117E-001	2,000000000000000E+000
-4,0354062E-002	-7,386327081023580E-001	2,000000000000000E+000
-4,1592110E-002	-7,451677131466585E-001	2,000000000000000E+000
-4,2454001E-002	-7,499946488274478E-001	2,000000000000000E+000
-4,3536235E-002	-7,559916943880840E-001	2,000000000000000E+000
-4,4451412E-002	-7,644142251358286E-001	2,000000000000000E+000
-4,5446616E-002	-7,722622774567243E-001	2,000000000000000E+000
-4,6506349E-002	-7,787646460346895E-001	2,000000000000000E+000
-4,7334272E-002	-7,850984051539029E-001	2,000000000000000E+000
-4,8628367E-002	-7,925361026751094E-001	2,000000000000000E+000
-4,9334228E-002	-8,000494307941866E-001	2,000000000000000E+000
-5,0301623E-002	-8,075163721805438E-001	2,000000000000000E+000
-5,1612068E-002	-8,121554307096317E-001	2,000000000000000E+000
-5,2373756E-002	-8,176285918646808E-001	2,000000000000000E+000
-5,3519249E-002	-8,253032841667931E-001	2,000000000000000E+000
-5,4518908E-002	-8,340356964488622E-001	2,000000000000000E+000
-5,5375919E-002	-8,405995888040518E-001	2,000000000000000E+000
-5,6375153E-002	-8,471918834580281E-001	2,000000000000000E+000
-5,7433404E-002	-8,531402982512648E-001	2,000000000000000E+000
-5,8492389E-002	-8,596645388105468E-001	2,000000000000000E+000
-5,9325062E-002	-8,794742921988155E-001	2,000000000000000E+000
-6,0553558E-002	-8,837173872291011E-001	2,000000000000000E+000
-6,1348155E-002	-8,794643338381616E-001	2,000000000000000E+000
-6,2470514E-002	-8,844083613819551E-001	2,000000000000000E+000
-6,3389301E-002	-8,948537034318873E-001	2,000000000000000E+000
-6,4203851E-002	-9,025128212007161E-001	2,000000000000000E+000
-6,5404110E-002	-9,080372489730055E-001	2,000000000000000E+000
-6,6485077E-002	-9,122141779840192E-001	2,000000000000000E+000
-6,7383267E-002	-9,184048403727108E-001	2,000000000000000E+000
-6,8205677E-002	-9,249415721925374E-001	2,000000000000000E+000
-6,9625862E-002	-9,316545422965028E-001	2,000000000000000E+000
-7,0406236E-002	-9,367476477701633E-001	2,000000000000000E+000
-7,1492292E-002	-9,425934265859226E-001	2,000000000000000E+000
-7,2393872E-002	-9,495278100172682E-001	2,000000000000000E+000
-7,3457211E-002	-9,552679452398358E-001	2,000000000000000E+000
-7,4416548E-002	-9,617811459918518E-001	2,000000000000000E+000
-7,5531058E-002	-9,683766673810545E-001	2,000000000000000E+000
-7,6459818E-002	-9,751061701681438E-001	2,000000000000000E+000
-7,7401944E-002	-9,809290336238004E-001	2,000000000000000E+000
-7,8296728E-002	-9,862556185754432E-001	2,000000000000000E+000
-7,9441600E-002	-9,934680741409636E-001	2,000000000000000E+000
-8,0434240E-002	-9,998898704846706E-001	2,000000000000000E+000
-8,1451111E-002	-1,005432843476429E+000	2,000000000000000E+000
-8,2486846E-002	-1,012750491008367E+000	2,000000000000000E+000
-8,3358802E-002	-1,024056898999129E+000	2,000000000000000E+000
-8,4339447E-002	-1,040930611922198E+000	2,000000000000000E+000
-8,5539497E-002	-1,037798191304317E+000	2,000000000000000E+000
-8,6386323E-002	-1,035743944489191E+000	2,000000000000000E+000
-8,7443292E-002	-1,046570281963797E+000	2,000000000000000E+000
-8,8330239E-002	-1,057989962347264E+000	2,000000000000000E+000
-8,9533053E-002	-1,063190594897604E+000	2,000000000000000E+000
-9,0396009E-002	-1,067355762313430E+000	2,000000000000000E+000
-9,1193132E-002	-1,075584524983748E+000	2,000000000000000E+000
-9,2357099E-002	-1,083749874934760E+000	2,000000000000000E+000
-9,3310066E-002	-1,091124030593267E+000	2,000000000000000E+000
-9,8181374E-002	-1,123710866651626E+000	2,000000000000000E+000
-1,0306073E-001	-1,155715530401924E+000	2,000000000000000E+000
-1,0404362E-001	-1,164413970183677E+000	2,000000000000000E+000
-1,0508340E-001	-1,172450385056436E+000	2,000000000000000E+000
-1,0607198E-001	-1,190485690927339E+000	2,000000000000000E+000
-1,0709881E-001	-1,189662576497838E+000	2,000000000000000E+000
-1,0807512E-001	-1,192187235638915E+000	2,000000000000000E+000
-1,0904697E-001	-1,200314973687959E+000	2,000000000000000E+000
-1,1006743E-001	-1,206717815754626E+000	2,000000000000000E+000
-1,1104587E-001	-1,213307316777197E+000	2,000000000000000E+000
-1,1208225E-001	-1,220028536575327E+000	2,000000000000000E+000
-1,1303458E-001	-1,226206496254438E+000	2,000000000000000E+000
-1,1406884E-001	-1,234211094625706E+000	2,000000000000000E+000
-1,1508992E-001	-1,240624596287187E+000	2,000000000000000E+000
-1,1607940E-001	-1,246291312906475E+000	2,000000000000000E+000
-1,1708628E-001	-1,253515192100569E+000	2,000000000000000E+000
-1,1806683E-001	-1,261874064311591E+000	2,000000000000000E+000
-1,1909112E-001	-1,266584039510540E+000	2,000000000000000E+000
-1,2002073E-001	-1,275112700415775E+000	2,000000000000000E+000
-1,2112440E-001	-1,280796164388045E+000	2,000000000000000E+000
-1,2208161E-001	-1,287858908659679E+000	2,000000000000000E+000
-1,2308423E-001	-1,293010058347136E+000	2,000000000000000E+000
-1,2405333E-001	-1,302071191706801E+000	2,000000000000000E+000
-1,2502392E-001	-1,307165053155689E+000	2,000000000000000E+000
-1,2609915E-001	-1,315012771506893E+000	2,000000000000000E+000
-1,2711982E-001	-1,322523124464270E+000	2,000000000000000E+000
-1,2804985E-001	-1,328227988056216E+000	2,000000000000000E+000
-1,2901182E-001	-1,339257901198131E+000	2,000000000000000E+000
-1,3007270E-001	-1,346373680953142E+000	2,000000000000000E+000
-1,3108149E-001	-1,350336732808501E+000	2,000000000000000E+000
-1,3202383E-001	-1,355865479291729E+000	2,000000000000000E+000
-1,3301776E-001	-1,361390011566176E+000	2,000000000000000E+000
-1,3407877E-001	-1,367854418698695E+000	2,000000000000000E+000
-1,3509434E-001	-1,375468658076386E+000	2,000000000000000E+000
-1,3601907E-001	-1,380921042239709E+000	2,000000000000000E+000
-1,3709368E-001	-1,386169743491340E+000	2,000000000000000E+000
-1,3813049E-001	-1,391772841310338E+000	2,000000000000000E+000
-1,3904925E-001	-1,400855165285373E+000	2,000000000000000E+000
-1,4003745E-001	-1,406154932143792E+000	2,000000000000000E+000
-1,4110802E-001	-1,413938903534369E+000	2,000000000000000E+000
-1,4203656E-001	-1,419310689748573E+000	2,000000000000000E+000
-1,4306106E-001	-1,425503554883306E+000	2,000000000000000E+000
-1,4414182E-001	-1,430149678115010E+000	2,000000000000000E+000
-1,4489990E-001	-1,440405323997968E+000	2,000000000000000E+000
-1,4605941E-001	-1,443912181589329E+000	2,000000000000000E+000
-1,4718282E-001	-1,451013050042096E+000	2,000000000000000E+000
-1,4806063E-001	-1,458205184899267E+000	2,000000000000000E+000
-1,4906326E-001	-1,466687209852456E+000	2,000000000000000E+000
-1,5003914E-001	-1,471615553678325E+000	2,000000000000000E+000
-1,5103649E-001	-1,478099050465975E+000	2,000000000000000E+000
-1,5209855E-001	-1,486152446544214E+000	2,000000000000000E+000
-1,5307656E-001	-1,490015784899381E+000	2,000000000000000E+000
-1,5405518E-001	-1,511477532330900E+000	2,000000000000000E+000
-1,5508878E-001	-1,507773300011953E+000	2,000000000000000E+000
-1,5604261E-001	-1,512190394931370E+000	2,000000000000000E+000
-1,5700637E-001	-1,517473047262886E+000	2,000000000000000E+000
-1,5806803E-001	-1,526065350354959E+000	2,000000000000000E+000
-1,5907979E-001	-1,529820484859449E+000	2,000000000000000E+000
-1,6006863E-001	-1,536136382932052E+000	2,000000000000000E+000
-1,6105151E-001	-1,544030702388326E+000	2,000000000000000E+000
-1,6204332E-001	-1,549249691707601E+000	2,000000000000000E+000
-1,6308904E-001	-1,556861903932361E+000	2,000000000000000E+000
-1,6402289E-001	-1,563394189657024E+000	2,000000000000000E+000
-1,6508348E-001	-1,569258075517917E+000	2,000000000000000E+000
-1,6613449E-001	-1,574876009046825E+000	2,000000000000000E+000
-1,6698472E-001	-1,581883553389668E+000	2,000000000000000E+000
-1,6805254E-001	-1,589079777399697E+000	2,000000000000000E+000
-1,6905835E-001	-1,595495444101591E+000	2,000000000000000E+000
-1,7003953E-001	-1,601325451551627E+000	2,000000000000000E+000
-1,7107104E-001	-1,609160417432166E+000	2,000000000000000E+000
-1,7200957E-001	-1,612847676267845E+000	2,000000000000000E+000
-1,7302047E-001	-1,620977402509498E+000	2,000000000000000E+000
-1,7403053E-001	-1,626442484609367E+000	2,000000000000000E+000
-1,7505799E-001	-1,631909822320772E+000	2,000000000000000E+000
-1,7604513E-001	-1,638860052115184E+000	2,000000000000000E+000
-1,7708790E-001	-1,644227627638935E+000	2,000000000000000E+000
-1,7811215E-001	-1,651372965451124E+000	2,000000000000000E+000
-1,7903414E-001	-1,671888461879767E+000	2,000000000000000E+000
-1,8004076E-001	-1,661199992186290E+000	2,000000000000000E+000
-1,8104573E-001	-1,666544251195671E+000	2,000000000000000E+000
-1,8205644E-001	-1,673626117460007E+000	2,000000000000000E+000
-1,8297650E-001	-1,677669699665984E+000	2,000000000000000E+000
-1,8407719E-001	-1,682288328806553E+000	2,000000000000000E+000
-1,8507303E-001	-1,687602923199950E+000	2,000000000000000E+000
-1,8612047E-001	-1,691275294300993E+000	2,000000000000000E+000
-1,8705155E-001	-1,697037404066780E+000	2,000000000000000E+000
-1,8809855E-001	-1,699888874699045E+000	2,000000000000000E+000
-1,8911009E-001	-1,704704736566374E+000	2,000000000000000E+000
-1,9006477E-001	-1,711992335272946E+000	2,000000000000000E+000
-1,9105254E-001	-1,715562869717047E+000	2,000000000000000E+000
-1,9208531E-001	-1,716313949398074E+000	2,000000000000000E+000
-1,9307032E-001	-1,723035014726015E+000	2,000000000000000E+000
-1,9406700E-001	-1,725235053907241E+000	2,000000000000000E+000
-1,9505964E-001	-1,728551040481153E+000	2,000000000000000E+000
-1,9610326E-001	-1,728988058813328E+000	2,000000000000000E+000
-1,9709463E-001	-1,737084006166290E+000	2,000000000000000E+000
-1,9803740E-001	-1,737166685802450E+000	2,000000000000000E+000
-1,9899297E-001	-1,739428702775129E+000	2,000000000000000E+000
-1,9944645E-001	-1,740162372589111E+000	2,000000000000000E+000
-1,9965416E-001	-1,734376788139343E+000	2,000000000000000E+000
-1,9887941E-001	-1,468588124106946E+000	2,000000000000000E+000
-1,9784468E-001	-1,434969847685554E+000	2,000000000000000E+000
-1,9684225E-001	-1,393877394445649E+000	2,000000000000000E+000
-1,9579285E-001	-1,343246428399450E+000	2,000000000000000E+000
-1,9482706E-001	-1,323424752232519E+000	2,000000000000000E+000
-1,9386818E-001	-1,294637278394983E+000	2,000000000000000E+000
-1,9280693E-001	-1,267487742343084E+000	2,000000000000000E+000
-1,9181491E-001	-1,242493646400465E+000	2,000000000000000E+000
-1,9087811E-001	-1,216568193398420E+000	2,000000000000000E+000
-1,8985043E-001	-1,175095942285326E+000	2,000000000000000E+000
-1,8885207E-001	-1,160885700503259E+000	2,000000000000000E+000
-1,8782969E-001	-1,139050658223120E+000	2,000000000000000E+000
-1,8685783E-001	-1,116835831910266E+000	2,000000000000000E+000
-1,8580577E-001	-1,095760248355669E+000	2,000000000000000E+000
-1,8486086E-001	-1,074676279728813E+000	2,000000000000000E+000
-1,8383479E-001	-1,039502882683234E+000	2,000000000000000E+000
-1,8290021E-001	-1,034260533504286E+000	2,000000000000000E+000
-1,8176085E-001	-1,017784479979632E+000	2,000000000000000E+000
-1,8086798E-001	-1,001399770573094E+000	2,000000000000000E+000
-1,7984305E-001	-9,825432304448126E-001	2,000000000000000E+000
-1,7889285E-001	-9,714729580381452E-001	2,000000000000000E+000
-1,7780383E-001	-9,539001249035604E-001	2,000000000000000E+000
-1,7681947E-001	-9,423312644163770E-001	2,000000000000000E+000
-1,7583613E-001	-9,267017363130812E-001	2,000000000000000E+000
-1,7480230E-001	-9,155890010556007E-001	2,000000000000000E+000
-1,7383279E-001	-9,036488794049031E-001	2,000000000000000E+000
-1,7284116E-001	-8,783832549815997E-001	2,000000000000000E+000
-1,7177704E-001	-8,810882104767668E-001	2,000000000000000E+000
-1,7083532E-001	-8,692753561384343E-001	2,000000000000000E+000
-1,6982399E-001	-8,600975131848818E-001	2,000000000000000E+000
-1,6884576E-001	-8,501452983796813E-001	2,000000000000000E+000
-1,6783401E-001	-8,395120747930669E-001	2,000000000000000E+000
-1,6685686E-001	-8,332831911199405E-001	2,000000000000000E+000
-1,6586187E-001	-8,237658455683317E-001	2,000000000000000E+000
-1,6474757E-001	-8,163255843618487E-001	2,000000000000000E+000
-1,6381840E-001	-8,052891897968966E-001	2,000000000000000E+000
-1,6277669E-001	-7,968581612997969E-001	2,000000000000000E+000
-1,6183713E-001	-7,880875600708821E-001	2,000000000000000E+000
-1,6086526E-001	-7,800066199334736E-001	2,000000000000000E+000
-1,5986645E-001	-7,716137464934310E-001	2,000000000000000E+000
-1,5883282E-001	-7,639888930134493E-001	2,000000000000000E+000
-1,5785907E-001	-7,549510341034189E-001	2,000000000000000E+000
-1,5686004E-001	-7,478055972476598E-001	2,000000000000000E+000
-1,5582541E-001	-7,269888634198436E-001	2,000000000000000E+000
-1,5485863E-001	-7,301733626259690E-001	2,000000000000000E+000
-1,5380485E-001	-7,228136357670252E-001	2,000000000000000E+000
-1,5287843E-001	-7,148238405869861E-001	2,000000000000000E+000
-1,5187770E-001	-7,056799549480058E-001	2,000000000000000E+000
-1,5083240E-001	-6,988358244351627E-001	2,000000000000000E+000
-1,4988814E-001	-6,905277956716915E-001	2,000000000000000E+000
-1,4881270E-001	-6,828731916870709E-001	2,000000000000000E+000
-1,4779882E-001	-6,757999500777121E-001	2,000000000000000E+000
-1,4688705E-001	-6,671163973450249E-001	2,000000000000000E+000
-1,4583133E-001	-6,592369436984900E-001	2,000000000000000E+000
-1,4481300E-001	-6,530950282726238E-001	2,000000000000000E+000
-1,4387257E-001	-6,430261010407552E-001	2,000000000000000E+000
-1,4284001E-001	-6,361182994312693E-001	2,000000000000000E+000
-1,4182612E-001	-6,299487985411856E-001	2,000000000000000E+000
-1,4088421E-001	-6,215198573708127E-001	2,000000000000000E+000
-1,3988817E-001	-6,141283611456556E-001	2,000000000000000E+000
-1,3888574E-001	-6,048952937126160E-001	2,000000000000000E+000
-1,3779034E-001	-5,983227200663848E-001	2,000000000000000E+000
-1,3685520E-001	-5,901780460068640E-001	2,000000000000000E+000
-1,3591078E-001	-5,802661504777582E-001	2,000000000000000E+000
-1,3477695E-001	-5,653643225345544E-001	2,000000000000000E+000
-1,3380742E-001	-5,650991131745595E-001	2,000000000000000E+000
-1,3287188E-001	-5,577925164575905E-001	2,000000000000000E+000
-1,3181788E-001	-5,493295873489439E-001	2,000000000000000E+000
-1,3079126E-001	-5,415774013575481E-001	2,000000000000000E+000
-1,2986507E-001	-5,355649112283967E-001	2,000000000000000E+000
-1,2882590E-001	-5,273544895009969E-001	2,000000000000000E+000
-1,2783027E-001	-5,179559673156779E-001	2,000000000000000E+000
-1,2681554E-001	-5,097773641917034E-001	2,000000000000000E+000
-1,2585643E-001	-5,028526238553837E-001	2,000000000000000E+000
-1,2481602E-001	-4,945190937012542E-001	2,000000000000000E+000
-1,2384629E-001	-4,883496288481783E-001	2,000000000000000E+000
-1,2278847E-001	-4,776039182454235E-001	2,000000000000000E+000
-1,2186056E-001	-4,710122492461881E-001	2,000000000000000E+000
-1,2088107E-001	-4,644269202059759E-001	2,000000000000000E+000
-1,1980456E-001	-4,552766585256913E-001	2,000000000000000E+000
-1,1883716E-001	-4,474587013893236E-001	2,000000000000000E+000
-1,1784069E-001	-4,420466119643405E-001	2,000000000000000E+000
-1,1662260E-001	-4,344938552239919E-001	2,000000000000000E+000
-1,1585559E-001	-4,254263102322700E-001	2,000000000000000E+000
-1,1480223E-001	-4,024753033429271E-001	2,000000000000000E+000
-1,1384632E-001	-4,057594546983529E-001	2,000000000000000E+000
-1,1285326E-001	-4,024689440524938E-001	2,000000000000000E+000
-1,1177611E-001	-3,945449309216601E-001	2,000000000000000E+000
-1,1085499E-001	-3,856237790249804E-001	2,000000000000000E+000
-1,0987295E-001	-3,800440737912942E-001	2,000000000000000E+000
-1,0885206E-001	-3,710805139206865E-001	2,000000000000000E+000
-1,0785113E-001	-3,655114054563455E-001	2,000000000000000E+000
-1,0684044E-001	-3,567557441549276E-001	2,000000000000000E+000
-1,0574355E-001	-3,486450082725949E-001	2,000000000000000E+000
-1,0479695E-001	-3,424267288711320E-001	2,000000000000000E+000
-1,0382574E-001	-3,348082153048981E-001	2,000000000000000E+000
-1,0282312E-001	-3,271536545621015E-001	2,000000000000000E+000
-1,0186973E-001	-3,222104095750371E-001	2,000000000000000E+000
-1,0084099E-001	-3,111082889566501E-001	2,000000000000000E+000
-9,9784225E-002	-3,045632680942711E-001	2,000000000000000E+000
-9,8838277E-002	-2,958627711082538E-001	2,000000000000000E+000
-9,7863659E-002	-2,878326538193510E-001	2,000000000000000E+000
-9,6822180E-002	-2,831227941529093E-001	2,000000000000000E+000
-9,2363104E-002	-2,226876172599506E-001	2,000000000000000E+000
-8,7030575E-002	-1,797611948115647E-001	2,000000000000000E+000
-8,6390533E-002	-2,188147190544338E-001	2,000000000000000E+000
-8,5475147E-002	-2,084490834353749E-001	2,000000000000000E+000
-8,4392279E-002	-1,774302229912594E-001	2,000000000000000E+000
-8,3261423E-002	-1,670934413527398E-001	2,000000000000000E+000
-8,2284488E-002	-1,715916516679701E-001	2,000000000000000E+000
-8,1338324E-002	-1,659511738980657E-001	2,000000000000000E+000
-8,0310643E-002	-1,543162447681726E-001	2,000000000000000E+000
-7,9370625E-002	-1,458697241727753E-001	2,000000000000000E+000
-7,8389220E-002	-1,400124890593965E-001	2,000000000000000E+000
-7,7284060E-002	-1,329489502127724E-001	2,000000000000000E+000
-7,6365061E-002	-1,246790848672386E-001	2,000000000000000E+000
-7,5324431E-002	-1,165388027826941E-001	2,000000000000000E+000
-7,4343450E-002	-1,085382948319116E-001	2,000000000000000E+000
-7,3339134E-002	-1,014329711082003E-001	2,000000000000000E+000
-7,2469808E-002	-8,453271896562198E-002	2,000000000000000E+000
-7,1302481E-002	-7,405341531638343E-002	2,000000000000000E+000
-7,0339754E-002	-7,797244637913558E-002	2,000000000000000E+000
-6,9349222E-002	-7,514795647552511E-002	2,000000000000000E+000
-6,8301380E-002	-6,202994563338682E-002	2,000000000000000E+000
-6,7290470E-002	-5,129486848939757E-002	2,000000000000000E+000
-6,6506274E-002	-4,545948060937610E-002	2,000000000000000E+000
-6,5404080E-002	-3,964869885264000E-002	2,000000000000000E+000
-6,4175367E-002	-3,175167654464733E-002	2,000000000000000E+000
-6,3625745E-002	-2,348160774757466E-002	2,000000000000000E+000
-6,2155239E-002	-1,444062732116433E-002	2,000000000000000E+000
-6,1346002E-002	-7,006790657113793E-003	2,000000000000000E+000
-6,0565628E-002	-7,822360227278426E-004	2,000000000000000E+000
-5,9098311E-002	7,899055412306344E-003	2,000000000000000E+000
-5,8308169E-002	1,669974813052653E-002	2,000000000000000E+000
-5,7468995E-002	2,301125434152909E-002	2,000000000000000E+000
-5,6320950E-002	3,038570726170697E-002	2,000000000000000E+000
-5,5319592E-002	3,943665353047732E-002	2,000000000000000E+000
-5,4454520E-002	4,712413994032733E-002	2,000000000000000E+000
-5,3236425E-002	5,515688926809370E-002	2,000000000000000E+000
-5,2480314E-002	7,006210083879222E-002	2,000000000000000E+000
-5,1513527E-002	8,533271640771978E-002	2,000000000000000E+000
-5,0223254E-002	8,077426493400730E-002	2,000000000000000E+000
-4,9367517E-002	8,505489773395114E-002	2,000000000000000E+000
-4,8575256E-002	9,767960089892658E-002	2,000000000000000E+000
-4,7343578E-002	1,076471644143263E-001	2,000000000000000E+000
-4,6106804E-002	1,158557334565558E-001	2,000000000000000E+000
-4,5630839E-002	1,219562162813317E-001	2,000000000000000E+000
-4,4555813E-002	1,297340432518270E-001	2,000000000000000E+000
-4,3389939E-002	1,396502739225984E-001	2,000000000000000E+000
-4,2510860E-002	1,475413656783835E-001	2,000000000000000E+000
-4,1284483E-002	1,536204295084129E-001	2,000000000000000E+000
-4,0298410E-002	1,606850304880130E-001	2,000000000000000E+000
-3,9323799E-002	1,694511617566204E-001	2,000000000000000E+000
-3,8343452E-002	1,774794507073234E-001	2,000000000000000E+000
-3,7480928E-002	1,846585833021284E-001	2,000000000000000E+000
-3,6416311E-002	1,917045264466048E-001	2,000000000000000E+000
-3,5375044E-002	1,991311451484863E-001	2,000000000000000E+000
-3,4428667E-002	2,066370820005738E-001	2,000000000000000E+000
-3,3685654E-002	2,142997555977981E-001	2,000000000000000E+000
-3,2288648E-002	2,223280578909912E-001	2,000000000000000E+000
-3,1197906E-002	2,416718907512003E-001	2,000000000000000E+000
-3,0830633E-002	2,419244791413412E-001	2,000000000000000E+000
-2,9083109E-002	2,387093392996276E-001	2,000000000000000E+000
-2,8402507E-002	2,478181871475602E-001	2,000000000000000E+000
-2,7520237E-002	2,586862176087588E-001	2,000000000000000E+000
-2,6402127E-002	2,663098950611626E-001	2,000000000000000E+000
-2,5495021E-002	2,709294250299644E-001	2,000000000000000E+000
-2,4338486E-002	2,786760515979649E-001	2,000000000000000E+000
-2,3410575E-002	2,855824555703710E-001	2,000000000000000E+000
-2,2458468E-002	2,919185623468383E-001	2,000000000000000E+000
-2,1259686E-002	2,982487532944003E-001	2,000000000000000E+000
-2,0469973E-002	3,049252200742361E-001	2,000000000000000E+000
-1,9362476E-002	3,125113511794355E-001	2,000000000000000E+000
-1,8446030E-002	3,195666153656527E-001	2,000000000000000E+000
-1,7384171E-002	3,264743021508285E-001	2,000000000000000E+000
-1,6385362E-002	3,332805769427463E-001	2,000000000000000E+000
-1,5459575E-002	3,395632326719351E-001	2,000000000000000E+000
-1,4370119E-002	3,469385195510597E-001	2,000000000000000E+000
-1,3556206E-002	3,538559592432451E-001	2,000000000000000E+000
-1,2365281E-002	3,595776830140187E-001	2,000000000000000E+000
-1,1427821E-002	3,670047278606536E-001	2,000000000000000E+000
-1,0402898E-002	3,747952626242013E-001	2,000000000000000E+000
-9,4233165E-003	3,841639289684169E-001	2,000000000000000E+000
-8,6190784E-003	4,018543520877671E-001	2,000000000000000E+000
-7,2536566E-003	3,993558583703519E-001	2,000000000000000E+000
-6,3471892E-003	3,982708426386430E-001	2,000000000000000E+000
-5,5192634E-003	4,080982383068967E-001	2,000000000000000E+000
-4,5692786E-003	4,182613335692125E-001	2,000000000000000E+000
-3,5010516E-003	4,244531970600508E-001	2,000000000000000E+000
-2,3506721E-003	4,310864362568179E-001	2,000000000000000E+000
-1,5006706E-003	4,366172824326608E-001	2,000000000000000E+000
-3,9678061E-004	4,433707666466948E-001	2,000000000000000E+000
5,3341530E-004	4,505277289194052E-001	2,000000000000000E+000
6,0518674E-004	4,547368288040161E-001	3,000000000000000E+000
1,2812004E-003	4,586172359542817E-001	3,000000000000000E+000
2,3405110E-003	4,631103711112186E-001	3,000000000000000E+000
3,1828703E-003	4,693009730156827E-001	3,000000000000000E+000
4,3192385E-003	4,780452361511482E-001	3,000000000000000E+000
5,3084968E-003	4,852691380915033E-001	3,000000000000000E+000
6,1933128E-003	4,899132580936159E-001	3,000000000000000E+000
7,3320158E-003	4,975008366551877E-001	3,000000000000000E+000
8,2913423E-003	5,064173425069205E-001	3,000000000000000E+000
9,2750797E-003	5,140324746284435E-001	3,000000000000000E+000
1,0212753E-002	5,192842351065767E-001	3,000000000000000E+000
1,1241919E-002	5,249853873392576E-001	3,000000000000000E+000
1,2328190E-002	5,335497771415660E-001	3,000000000000000E+000
1,3218115E-002	5,459737159285898E-001	3,000000000000000E+000
1,4265277E-002	5,623337776956383E-001	3,000000000000000E+000
1,5363434E-002	5,573827572710184E-001	3,000000000000000E+000
1,6289432E-002	5,565810869253869E-001	3,000000000000000E+000
1,7222434E-002	5,680113751311922E-001	3,000000000000000E+000
1,8282384E-002	5,800882875466620E-001	3,000000000000000E+000
1,9327048E-002	5,857768798014158E-001	3,000000000000000E+000
2,0185538E-002	5,899328335718668E-001	3,000000000000000E+000
2,1254826E-002	5,967022095832775E-001	3,000000000000000E+000
2,2222221E-002	6,056863573547959E-001	3,000000000000000E+000
2,3298088E-002	6,117889572374722E-001	3,000000000000000E+000
2,4283100E-002	6,175625787840957E-001	3,000000000000000E+000
2,5098287E-002	6,271179219086971E-001	3,000000000000000E+000
2,6324449E-002	6,360639024060220E-001	3,000000000000000E+000
2,7125839E-002	6,419346829255437E-001	3,000000000000000E+000
2,8299144E-002	6,468946157514832E-001	3,000000000000000E+000
2,9318972E-002	6,544505758987125E-001	3,000000000000000E+000
3,0171307E-002	6,624517275227451E-001	3,000000000000000E+000
3,1359475E-002	6,691225167208675E-001	3,000000000000000E+000
3,2212239E-002	6,757705756075070E-001	3,000000000000000E+000
3,3223994E-002	6,831766731209257E-001	3,000000000000000E+000
3,4293707E-002	6,897307229228318E-001	3,000000000000000E+000
3,5227776E-002	6,965849830044633E-001	3,000000000000000E+000
3,6098368E-002	7,118252803079983E-001	3,000000000000000E+000
3,7329376E-002	7,226382151194333E-001	3,000000000000000E+000
3,8339436E-002	7,194379144477594E-001	3,000000000000000E+000
3,9218310E-002	7,208878681348239E-001	3,000000000000000E+000
4,0267006E-002	7,317362618632597E-001	3,000000000000000E+000
4,1198947E-002	7,424645225207023E-001	3,000000000000000E+000
4,2188205E-002	7,492973123702944E-001	3,000000000000000E+000
4,3290611E-002	7,550247646609538E-001	3,000000000000000E+000
4,4167142E-002	7,608877596729933E-001	3,000000000000000E+000
4,5288019E-002	7,669920373009513E-001	3,000000000000000E+000
4,6251588E-002	7,751588122143103E-001	3,000000000000000E+000
4,7102440E-002	7,821152706940966E-001	3,000000000000000E+000
4,8296552E-002	7,878755856978010E-001	3,000000000000000E+000
4,9085408E-002	7,954590960483428E-001	3,000000000000000E+000
5,0267208E-002	8,031593461831426E-001	3,000000000000000E+000
5,1278118E-002	8,104107972079297E-001	3,000000000000000E+000
5,2188624E-002	8,169661547031470E-001	3,000000000000000E+000
5,3173203E-002	8,236872229544048E-001	3,000000000000000E+000
5,3961009E-002	8,308008441753278E-001	3,000000000000000E+000
5,5263810E-002	8,383516731620260E-001	3,000000000000000E+000
5,6338400E-002	8,448208276337663E-001	3,000000000000000E+000
5,7178427E-002	8,517575374054189E-001	3,000000000000000E+000
5,8170468E-002	8,599228259020850E-001	3,000000000000000E+000
5,9292555E-002	8,792904302762423E-001	3,000000000000000E+000
6,0153812E-002	8,803505974485457E-001	3,000000000000000E+000
6,1195925E-002	8,755541553901924E-001	3,000000000000000E+000
6,2227003E-002	8,840253349238436E-001	3,000000000000000E+000
6,3164040E-002	8,956331043866390E-001	3,000000000000000E+000
6,4280026E-002	9,019092030228215E-001	3,000000000000000E+000
6,5234475E-002	9,063187638918606E-001	3,000000000000000E+000
6,6185519E-002	9,131946177092480E-001	3,000000000000000E+000
6,7114063E-002	9,210112171842617E-001	3,000000000000000E+000
6,8247668E-002	9,281689601614040E-001	3,000000000000000E+000
6,9095343E-002	9,333339590682730E-001	3,000000000000000E+000
7,0175461E-002	9,384245224840324E-001	3,000000000000000E+000
7,1132869E-002	9,475068707122549E-001	3,000000000000000E+000
7,2257981E-002	9,548322926534123E-001	3,000000000000000E+000
7,3273361E-002	9,599010311325820E-001	3,000000000000000E+000
7,3991105E-002	9,658316531632494E-001	3,000000000000000E+000
7,5270131E-002	9,728512565294931E-001	3,000000000000000E+000
7,6217987E-002	9,799322320355373E-001	3,000000000000000E+000
7,7210434E-002	9,877715173125710E-001	3,000000000000000E+000
7,8259550E-002	9,935522123317568E-001	3,000000000000000E+000
7,9138421E-002	9,968918752856570E-001	3,000000000000000E+000
8,0198362E-002	1,003917465904836E+000	3,000000000000000E+000
8,1221588E-002	1,012106210290867E+000	3,000000000000000E+000
8,2320631E-002	1,019627459204965E+000	3,000000000000000E+000
8,3233401E-002	1,036606415524149E+000	3,000000000000000E+000
8,4225200E-002	1,037110685526086E+000	3,000000000000000E+000
8,5332923E-002	1,033196806131554E+000	3,000000000000000E+000
8,6113080E-002	1,038189743761906E+000	3,000000000000000E+000
8,7213568E-002	1,047805638970914E+000	3,000000000000000E+000
8,8060386E-002	1,054380200466969E+000	3,000000000000000E+000
8,9221805E-002	1,059007394450927E+000	3,000000000000000E+000
9,0226769E-002	1,065811386784644E+000	3,000000000000000E+000
9,1223463E-002	1,071027880793230E+000	3,000000000000000E+000
9,2240319E-002	1,074922712416285E+000	3,000000000000000E+000
9,3097739E-002	1,079080316755508E+000	3,000000000000000E+000
9,4219685E-002	1,084895157449258E+000	3,000000000000000E+000
9,5111288E-002	1,090121228027986E+000	3,000000000000000E+000
9,6206471E-002	1,095390853937719E+000	3,000000000000000E+000
1,0109369E-001	1,120572943518976E+000	3,000000000000000E+000
1,0588665E-001	1,146024535487719E+000	3,000000000000000E+000
1,0684067E-001	1,151379290942316E+000	3,000000000000000E+000
1,0782334E-001	1,156708659112660E+000	3,000000000000000E+000
1,0884487E-001	1,165812237007131E+000	3,000000000000000E+000
1,0992286E-001	1,169883548527849E+000	3,000000000000000E+000
1,1085948E-001	1,194722741454221E+000	3,000000000000000E+000
1,1184488E-001	1,186270429804512E+000	3,000000000000000E+000
1,1282288E-001	1,192900297788179E+000	3,000000000000000E+000
1,1386459E-001	1,199057042508176E+000	3,000000000000000E+000
1,1483919E-001	1,207161388269419E+000	3,000000000000000E+000
1,1589552E-001	1,213729745035784E+000	3,000000000000000E+000
1,1686165E-001	1,220548496529871E+000	3,000000000000000E+000
1,1781163E-001	1,225621116709791E+000	3,000000000000000E+000
1,1884376E-001	1,233562085363600E+000	3,000000000000000E+000
1,1980713E-001	1,241155162945191E+000	3,000000000000000E+000
1,2076772E-001	1,248442752105703E+000	3,000000000000000E+000
1,2186461E-001	1,255785474010430E+000	3,000000000000000E+000
1,2285769E-001	1,260047663856917E+000	3,000000000000000E+000
1,2385184E-001	1,266257475207873E+000	3,000000000000000E+000
1,2490457E-001	1,274395764650162E+000	3,000000000000000E+000
1,2582482E-001	1,281055275919947E+000	3,000000000000000E+000
1,2680390E-001	1,288720494394921E+000	3,000000000000000E+000
1,2788804E-001	1,297155843064605E+000	3,000000000000000E+000
1,2885034E-001	1,301061594212015E+000	3,000000000000000E+000
1,2985766E-001	1,307733956698534E+000	3,000000000000000E+000
1,3085794E-001	1,316109805135058E+000	3,000000000000000E+000
1,3187437E-001	1,321931422532845E+000	3,000000000000000E+000
1,3286576E-001	1,328949463139803E+000	3,000000000000000E+000
1,3386643E-001	1,336232741673790E+000	3,000000000000000E+000
1,3493934E-001	1,352732103447327E+000	3,000000000000000E+000
1,3593115E-001	1,351849577984675E+000	3,000000000000000E+000
1,3665058E-001	1,358017002258244E+000	3,000000000000000E+000
1,3806994E-001	1,361472963510701E+000	3,000000000000000E+000
1,3879956E-001	1,372670507705251E+000	3,000000000000000E+000
1,3996822E-001	1,377940541391987E+000	3,000000000000000E+000
1,4074814E-001	1,385077414568510E+000	3,000000000000000E+000
1,4186646E-001	1,390423776866456E+000	3,000000000000000E+000
1,4292069E-001	1,396183728395653E+000	3,000000000000000E+000
1,4389296E-001	1,405635294375116E+000	3,000000000000000E+000
1,4485188E-001	1,409967527673063E+000	3,000000000000000E+000
1,4586979E-001	1,417933979071680E+000	3,000000000000000E+000
1,4686370E-001	1,423473450872631E+000	3,000000000000000E+000
1,4778441E-001	1,430226380341793E+000	3,000000000000000E+000
1,4887491E-001	1,436860451707619E+000	3,000000000000000E+000
1,4984401E-001	1,443479724176640E+000	3,000000000000000E+000
1,5080208E-001	1,450722603825854E+000	3,000000000000000E+000
1,5183207E-001	1,457768359221522E+000	3,000000000000000E+000
1,5282218E-001	1,462073016213250E+000	3,000000000000000E+000
1,5383330E-001	1,468530991890777E+000	3,000000000000000E+000
1,5481979E-001	1,475129136272399E+000	3,000000000000000E+000
1,5581712E-001	1,483150658068354E+000	3,000000000000000E+000
1,5685138E-001	1,487841434725045E+000	3,000000000000000E+000
1,5783839E-001	1,510639721864006E+000	3,000000000000000E+000
1,5881035E-001	1,503534606088788E+000	3,000000000000000E+000
1,5984419E-001	1,508692121779962E+000	3,000000000000000E+000
1,6080880E-001	1,515916098762927E+000	3,000000000000000E+000
1,6189721E-001	1,523099596017140E+000	3,000000000000000E+000
1,6279222E-001	1,527934618242497E+000	3,000000000000000E+000
1,6385025E-001	1,536594902967206E+000	3,000000000000000E+000
1,6489068E-001	1,541031025013789E+000	3,000000000000000E+000
1,6582875E-001	1,547775515743223E+000	3,000000000000000E+000
1,6684836E-001	1,554653508407583E+000	3,000000000000000E+000
1,6784592E-001	1,562967908930863E+000	3,000000000000000E+000
1,6885154E-001	1,569033615342864E+000	3,000000000000000E+000
1,6982147E-001	1,574668464897613E+000	3,000000000000000E+000
1,7080668E-001	1,580899344550240E+000	3,000000000000000E+000
1,7184542E-001	1,586173579200270E+000	3,000000000000000E+000
1,7278287E-001	1,593932173809861E+000	3,000000000000000E+000
1,7380333E-001	1,601094519590131E+000	3,000000000000000E+000
1,7478938E-001	1,608116838667129E+000	3,000000000000000E+000
1,7585656E-001	1,612589168595150E+000	3,000000000000000E+000
1,7683880E-001	1,621461477544575E+000	3,000000000000000E+000
1,7787415E-001	1,625447852355943E+000	3,000000000000000E+000
1,7892729E-001	1,634848561551841E+000	3,000000000000000E+000
1,7972761E-001	1,639919115437408E+000	3,000000000000000E+000
1,8083279E-001	1,644813543444295E+000	3,000000000000000E+000
1,8192054E-001	1,650951104419725E+000	3,000000000000000E+000
1,8283029E-001	1,676117068415299E+000	3,000000000000000E+000
1,8385082E-001	1,667028391087012E+000	3,000000000000000E+000
1,8488128E-001	1,672417153526717E+000	3,000000000000000E+000
1,8589050E-001	1,682089314744304E+000	3,000000000000000E+000
1,8683770E-001	1,688025421566433E+000	3,000000000000000E+000
1,8788493E-001	1,692111498003617E+000	3,000000000000000E+000
1,8882386E-001	1,699774619217758E+000	3,000000000000000E+000
1,8983030E-001	1,706438398635434E+000	3,000000000000000E+000
1,9087605E-001	1,712616323648644E+000	3,000000000000000E+000
1,9183517E-001	1,719464720666615E+000	3,000000000000000E+000
1,9286793E-001	1,726257954750004E+000	3,000000000000000E+000
1,9383001E-001	1,731525726564644E+000	3,000000000000000E+000
1,9487958E-001	1,736309940331715E+000	3,000000000000000E+000
1,9582021E-001	1,744747438468035E+000	3,000000000000000E+000
1,9684960E-001	1,751436645501393E+000	3,000000000000000E+000
1,9786242E-001	1,755830422535345E+000	3,000000000000000E+000
1,9885825E-001	1,763026780552334E+000	3,000000000000000E+000
1,9980165E-001	1,768508848604853E+000	3,000000000000000E+000
2,0044267E-001	1,770999431610107E+000	3,000000000000000E+000
2,0051447E-001	1,760523358980812E+000	3,000000000000000E+000
1,9997916E-001	1,495080277427203E+000	3,000000000000000E+000
1,9891641E-001	1,473349086992031E+000	3,000000000000000E+000
1,9793925E-001	1,430996423845902E+000	3,000000000000000E+000
1,9693850E-001	1,401345539139584E+000	3,000000000000000E+000
1,9596349E-001	1,374590605885412E+000	3,000000000000000E+000
1,9491164E-001	1,336107649840415E+000	3,000000000000000E+000
1,9390221E-001	1,323910861043261E+000	3,000000000000000E+000
1,9294839E-001	1,300959686438246E+000	3,000000000000000E+000
1,9192052E-001	1,281642948303166E+000	3,000000000000000E+000
1,9088030E-001	1,260860168659647E+000	3,000000000000000E+000
1,8992160E-001	1,240885730858688E+000	3,000000000000000E+000
1,8896379E-001	1,220807302135249E+000	3,000000000000000E+000
1,8794051E-001	1,185975550829123E+000	3,000000000000000E+000
1,8691036E-001	1,182190711015007E+000	3,000000000000000E+000
1,8591772E-001	1,163332141405490E+000	3,000000000000000E+000
1,8491040E-001	1,144802484156877E+000	3,000000000000000E+000
1,8389377E-001	1,128676452673972E+000	3,000000000000000E+000
1,8295886E-001	1,111010318880692E+000	3,000000000000000E+000
1,8192162E-001	1,094402756955887E+000	3,000000000000000E+000
1,8093660E-001	1,077067495077954E+000	3,000000000000000E+000
1,7990023E-001	1,061276761827884E+000	3,000000000000000E+000
1,7904590E-001	1,024474138044754E+000	3,000000000000000E+000
1,7794298E-001	1,025908205244278E+000	3,000000000000000E+000
1,7692356E-001	1,009379162414308E+000	3,000000000000000E+000
1,7591266E-001	9,928692641616292E-001	3,000000000000000E+000
1,7490555E-001	9,777383042706393E-001	3,000000000000000E+000
1,7405090E-001	9,589668121835651E-001	3,000000000000000E+000
1,7290285E-001	9,411032663451291E-001	3,000000000000000E+000
1,7191507E-001	9,253018962012431E-001	3,000000000000000E+000
1,7094448E-001	9,095981021722155E-001	3,000000000000000E+000
1,6986564E-001	8,765718642777465E-001	3,000000000000000E+000
1,6895327E-001	8,734658371217350E-001	3,000000000000000E+000
1,6791308E-001	8,556129560391934E-001	3,000000000000000E+000
1,6692445E-001	8,387868661536917E-001	3,000000000000000E+000
1,6592586E-001	8,236919751571889E-001	3,000000000000000E+000
1,6490389E-001	8,054062477701027E-001	3,000000000000000E+000
1,6394819E-001	7,936379872521189E-001	3,000000000000000E+000
1,6291541E-001	7,771619830099432E-001	3,000000000000000E+000
1,6193719E-001	7,635457865350581E-001	3,000000000000000E+000
1,6088445E-001	7,478123174773330E-001	3,000000000000000E+000
1,5987319E-001	7,245324411843388E-001	3,000000000000000E+000
1,5892954E-001	7,226018500514311E-001	3,000000000000000E+000
1,5798360E-001	7,115060778645192E-001	3,000000000000000E+000
1,5688585E-001	6,987279682782368E-001	3,000000000000000E+000
1,5593798E-001	6,897791940589570E-001	3,000000000000000E+000
1,5487973E-001	6,777626673380563E-001	3,000000000000000E+000
1,5390514E-001	6,682390390455524E-001	3,000000000000000E+000
1,5295325E-001	6,618297967878668E-001	3,000000000000000E+000
1,5186484E-001	6,510925579350424E-001	3,000000000000000E+000
1,5098046E-001	6,414670958830454E-001	3,000000000000000E+000
1,4989080E-001	6,329766331732074E-001	3,000000000000000E+000
1,4899155E-001	6,271062246911860E-001	3,000000000000000E+000
1,4789531E-001	6,190824828162356E-001	3,000000000000000E+000
1,4695805E-001	6,116634224114623E-001	3,000000000000000E+000
1,4584969E-001	6,035548164703215E-001	3,000000000000000E+000
1,4493813E-001	5,976823612193893E-001	3,000000000000000E+000
1,4391406E-001	5,919350315558010E-001	3,000000000000000E+000
1,4300559E-001	5,678744853228430E-001	3,000000000000000E+000
1,4196634E-001	5,763246519814462E-001	3,000000000000000E+000
1,4094271E-001	5,679423698521653E-001	3,000000000000000E+000
1,3997024E-001	5,610706213564194E-001	3,000000000000000E+000
1,3901706E-001	5,548141466246719E-001	3,000000000000000E+000
1,3791783E-001	5,495038591583994E-001	3,000000000000000E+000
1,3694747E-001	5,408288163016559E-001	3,000000000000000E+000
1,3595609E-001	5,365539196581185E-001	3,000000000000000E+000
1,3493180E-001	5,276752117723753E-001	3,000000000000000E+000
1,3394594E-001	5,232071913067367E-001	3,000000000000000E+000
1,3290149E-001	5,153595793979349E-001	3,000000000000000E+000
1,3200097E-001	5,071427310338361E-001	3,000000000000000E+000
1,3089050E-001	5,022122865322878E-001	3,000000000000000E+000
1,2992990E-001	4,947083154628569E-001	3,000000000000000E+000
1,2898968E-001	4,867800801423285E-001	3,000000000000000E+000
1,2788558E-001	4,804556883043718E-001	3,000000000000000E+000
1,2695195E-001	4,723789110495191E-001	3,000000000000000E+000
1,2593149E-001	4,677815146601964E-001	3,000000000000000E+000
1,2489573E-001	4,594501714713672E-001	3,000000000000000E+000
1,2385573E-001	4,539701808114636E-001	3,000000000000000E+000
1,2292952E-001	4,482822721604163E-001	3,000000000000000E+000
1,2188550E-001	4,388116451057931E-001	3,000000000000000E+000
1,1723080E-001	3,668740784435496E-001	3,000000000000000E+000
1,1205783E-001	3,307305057274377E-001	3,000000000000000E+000
1,1132352E-001	3,990701813923421E-001	3,000000000000000E+000
1,1046269E-001	3,865362621015978E-001	3,000000000000000E+000
1,0945623E-001	3,412526378459821E-001	3,000000000000000E+000
1,0831052E-001	3,306384656849934E-001	3,000000000000000E+000
1,0729623E-001	3,421788092431006E-001	3,000000000000000E+000
1,0642456E-001	3,383051784217561E-001	3,000000000000000E+000
1,0547119E-001	3,234421706292769E-001	3,000000000000000E+000
1,0439871E-001	3,130394113702799E-001	3,000000000000000E+000
1,0346549E-001	3,095927002788006E-001	3,000000000000000E+000
1,0235354E-001	3,048058299496521E-001	3,000000000000000E+000
1,0135367E-001	2,953727210276869E-001	3,000000000000000E+000
1,0040984E-001	2,871378674818622E-001	3,000000000000000E+000
9,9416129E-002	2,815181467384615E-001	3,000000000000000E+000
9,8405004E-002	2,758795790173805E-001	3,000000000000000E+000
9,7412139E-002	2,675359022687194E-001	3,000000000000000E+000
9,6442871E-002	2,591343567861868E-001	3,000000000000000E+000
9,5538311E-002	2,412634265492675E-001	3,000000000000000E+000
9,4190508E-002	2,363198326008087E-001	3,000000000000000E+000
9,3960792E-002	2,403538117521546E-001	3,000000000000000E+000
9,2029005E-002	2,348306086043723E-001	3,000000000000000E+000
9,1400623E-002	2,221783310233150E-001	3,000000000000000E+000
9,0589263E-002	2,141680547275535E-001	3,000000000000000E+000
8,9390896E-002	2,093973215798743E-001	3,000000000000000E+000
8,8412054E-002	2,043453373900981E-001	3,000000000000000E+000
8,7430432E-002	1,965785477239275E-001	3,000000000000000E+000
8,6359672E-002	1,879829280563474E-001	3,000000000000000E+000
8,5445970E-002	1,817920984208796E-001	3,000000000000000E+000
8,4404066E-002	1,747546420471431E-001	3,000000000000000E+000
8,3406746E-002	1,675360721419565E-001	3,000000000000000E+000
8,2425989E-002	1,610154423849761E-001	3,000000000000000E+000
8,1426539E-002	1,529631885075815E-001	3,000000000000000E+000
8,0408625E-002	1,448205825355315E-001	3,000000000000000E+000
7,9502992E-002	1,387644139629427E-001	3,000000000000000E+000
7,8457266E-002	1,327985942706520E-001	3,000000000000000E+000
7,7386923E-002	1,248752933267194E-001	3,000000000000000E+000
7,6551147E-002	1,151596792899201E-001	3,000000000000000E+000
7,5350039E-002	1,101157771902055E-001	3,000000000000000E+000
7,4452266E-002	1,046954352851670E-001	3,000000000000000E+000
7,3411480E-002	9,477580453191548E-002	3,000000000000000E+000
7,2366163E-002	7,438217020697063E-002	3,000000000000000E+000
7,1498327E-002	7,574118107731931E-002	3,000000000000000E+000
7,0442423E-002	7,840087986712910E-002	3,000000000000000E+000
6,9274843E-002	6,908567939454885E-002	3,000000000000000E+000
6,8515904E-002	5,842780278019033E-002	3,000000000000000E+000
6,7401193E-002	5,085251105386616E-002	3,000000000000000E+000
6,6488571E-002	4,575982436654147E-002	3,000000000000000E+000
6,5520965E-002	3,916837339258766E-002	3,000000000000000E+000
6,4530425E-002	2,999314649666003E-002	3,000000000000000E+000
6,3442677E-002	2,387463386346800E-002	3,000000000000000E+000
6,2419023E-002	1,764817052268575E-002	3,000000000000000E+000
6,1577942E-002	9,922724800768862E-003	3,000000000000000E+000
6,0475532E-002	1,948720862856138E-003	3,000000000000000E+000
5,9148960E-002	-5,991350697311451E-003	3,000000000000000E+000
5,8712699E-002	-1,177053708882643E-002	3,000000000000000E+000
5,7510946E-002	-1,797664083460410E-002	3,000000000000000E+000
5,6437414E-002	-2,712345023448715E-002	3,000000000000000E+000
5,5335436E-002	-3,399909269420372E-002	3,000000000000000E+000
5,4443400E-002	-4,143589889038890E-002	3,000000000000000E+000
5,3520374E-002	-4,916007163653074E-002	3,000000000000000E+000
5,2407146E-002	-5,684946199229057E-002	3,000000000000000E+000
5,1534623E-002	-6,768634356558323E-002	3,000000000000000E+000
5,0427817E-002	-8,322609363272515E-002	3,000000000000000E+000
4,9374234E-002	-8,132416396983921E-002	3,000000000000000E+000
4,8531029E-002	-8,250480936516788E-002	3,000000000000000E+000
4,7563210E-002	-9,426699583612679E-002	3,000000000000000E+000
4,6505172E-002	-1,050113959758569E-001	3,000000000000000E+000
4,5445867E-002	-1,099006985281852E-001	3,000000000000000E+000
4,4439625E-002	-1,157203919186335E-001	3,000000000000000E+000
4,3541219E-002	-1,241959621822590E-001	3,000000000000000E+000
4,2503983E-002	-1,328113051551756E-001	3,000000000000000E+000
4,1340236E-002	-1,389809235244885E-001	3,000000000000000E+000
4,0589154E-002	-1,466001337458791E-001	3,000000000000000E+000
3,9494395E-002	-1,549073035518325E-001	3,000000000000000E+000
3,8430624E-002	-1,629107820917852E-001	3,000000000000000E+000
3,7539233E-002	-1,705017707071321E-001	3,000000000000000E+000
3,6582448E-002	-1,770035178439374E-001	3,000000000000000E+000
3,5529081E-002	-1,838011077650465E-001	3,000000000000000E+000
3,4349196E-002	-1,917142522288491E-001	3,000000000000000E+000
3,3601940E-002	-2,004636192286855E-001	3,000000000000000E+000
3,2508876E-002	-2,092691882474651E-001	3,000000000000000E+000
3,1395011E-002	-2,166472505163650E-001	3,000000000000000E+000
3,0596653E-002	-2,298528520881913E-001	3,000000000000000E+000
2,9418441E-002	-2,445020740916433E-001	3,000000000000000E+000
2,8261693E-002	-2,422177667419112E-001	3,000000000000000E+000
2,7602322E-002	-2,429753175981917E-001	3,000000000000000E+000
2,6562113E-002	-2,551525611359260E-001	3,000000000000000E+000
2,5412161E-002	-2,685778682029598E-001	3,000000000000000E+000
2,4685284E-002	-2,742401928278717E-001	3,000000000000000E+000
2,3533205E-002	-2,779397103521550E-001	3,000000000000000E+000
2,2357989E-002	-2,863211440401043E-001	3,000000000000000E+000
2,1581860E-002	-2,966986488221055E-001	3,000000000000000E+000
2,0461626E-002	-3,039354466729689E-001	3,000000000000000E+000
1,9561738E-002	-3,100401921288327E-001	3,000000000000000E+000
1,8558471E-002	-3,170807983454631E-001	3,000000000000000E+000
1,7375613E-002	-3,251176163838757E-001	3,000000000000000E+000
1,6547687E-002	-3,335337969991894E-001	3,000000000000000E+000
1,5538900E-002	-3,405954501294115E-001	3,000000000000000E+000
1,4539453E-002	-3,484006121353662E-001	3,000000000000000E+000
1,3463160E-002	-3,556170603325057E-001	3,000000000000000E+000
1,2484092E-002	-3,623879263112841E-001	3,000000000000000E+000
1,1502901E-002	-3,698618695424455E-001	3,000000000000000E+000
1,0446987E-002	-3,762094163232375E-001	3,000000000000000E+000
9,7637614E-003	-3,923063191986227E-001	3,000000000000000E+000
8,5523557E-003	-4,040108017765702E-001	3,000000000000000E+000
7,4185352E-003	-3,991840838700433E-001	3,000000000000000E+000
6,5447586E-003	-4,022276257876207E-001	3,000000000000000E+000
5,6438092E-003	-4,140248156941695E-001	3,000000000000000E+000
4,3526874E-003	-4,229160661214140E-001	3,000000000000000E+000
3,5453548E-003	-4,288339495542459E-001	3,000000000000000E+000
2,4885915E-003	-4,346044387396730E-001	3,000000000000000E+000
1,5545270E-003	-4,417712528698363E-001	3,000000000000000E+000
4,4150950E-004	-4,506824621866046E-001	3,000000000000000E+000
-5,5645185E-004	-4,576654088450587E-001	3,000000000000000E+000
-1,5941100E-003	-4,629911701453651E-001	3,000000000000000E+000
-2,6024734E-003	-4,703231954481453E-001	3,000000000000000E+000
-3,5760228E-003	-4,772261778513576E-001	3,000000000000000E+000
-4,5761070E-003	-4,843410553488263E-001	3,000000000000000E+000
-5,4046689E-003	-4,926170749111201E-001	3,000000000000000E+000
-6,5198094E-003	-4,988098292055341E-001	3,000000000000000E+000
-7,5978003E-003	-5,044929241994396E-001	3,000000000000000E+000
-8,5010855E-003	-5,107896379583194E-001	3,000000000000000E+000
-9,5614577E-003	-5,189903268409477E-001	3,000000000000000E+000
-1,0461982E-002	-5,273802155732259E-001	3,000000000000000E+000
-1,1410482E-002	-5,345773715396516E-001	3,000000000000000E+000
-1,2492523E-002	-5,452927281342750E-001	3,000000000000000E+000
-1,3523975E-002	-5,613465537058389E-001	3,000000000000000E+000
-1,4669684E-002	-5,581323239991125E-001	3,000000000000000E+000
-1,5501005E-002	-5,568358225152945E-001	3,000000000000000E+000
-1,6335299E-002	-5,677335619693640E-001	3,000000000000000E+000
-1,7520068E-002	-5,791083151125349E-001	3,000000000000000E+000
-1,8451585E-002	-5,858083499802476E-001	3,000000000000000E+000
-1,9275475E-002	-5,901788605584031E-001	3,000000000000000E+000
-2,0576149E-002	-5,974260981052382E-001	3,000000000000000E+000
-2,1446954E-002	-6,056106664667222E-001	3,000000000000000E+000
-2,2473784E-002	-6,125832781480206E-001	3,000000000000000E+000
-2,3173919E-002	-6,200264294942208E-001	3,000000000000000E+000
-2,4479900E-002	-6,274959029138305E-001	3,000000000000000E+000
-2,5452811E-002	-6,353630104050474E-001	3,000000000000000E+000
-2,6607437E-002	-6,406223291867503E-001	3,000000000000000E+000
-2,7433662E-002	-6,464157899220773E-001	3,000000000000000E+000
-2,8459644E-002	-6,538476800778890E-001	3,000000000000000E+000
-2,9421519E-002	-6,620429276048903E-001	3,000000000000000E+000
-3,0453444E-002	-6,690381688402134E-001	3,000000000000000E+000
-3,1450134E-002	-6,760792092342545E-001	3,000000000000000E+000
-3,2451704E-002	-6,825872906095629E-001	3,000000000000000E+000
-3,3477478E-002	-6,906550611343452E-001	3,000000000000000E+000
-3,4198623E-002	-6,969309419962670E-001	3,000000000000000E+000
-3,5403073E-002	-7,084657730043133E-001	3,000000000000000E+000
-3,6454983E-002	-7,244016774542015E-001	3,000000000000000E+000
-3,7535947E-002	-7,222655709677674E-001	3,000000000000000E+000
-3,8385101E-002	-7,223712143539958E-001	3,000000000000000E+000
-3,9535478E-002	-7,319470923523319E-001	3,000000000000000E+000
-4,0437918E-002	-7,420060557649535E-001	3,000000000000000E+000
-4,1385982E-002	-7,484488233975686E-001	3,000000000000000E+000
-4,2511743E-002	-7,533311218592440E-001	3,000000000000000E+000
-4,3368537E-002	-7,613662242656574E-001	3,000000000000000E+000
-4,4297297E-002	-7,695166391656834E-001	3,000000000000000E+000
-4,5608167E-002	-7,758651217963131E-001	3,000000000000000E+000
-4,6412520E-002	-7,827214215907965E-001	3,000000000000000E+000
-4,7382250E-002	-7,906962909684019E-001	3,000000000000000E+000
-4,8650231E-002	-7,984102471576380E-001	3,000000000000000E+000
-4,9421258E-002	-8,043780121305524E-001	3,000000000000000E+000
-5,0456800E-002	-8,093143686936758E-001	3,000000000000000E+000
-5,1398929E-002	-8,158971203698062E-001	3,000000000000000E+000
-5,2333206E-002	-8,256577224108481E-001	3,000000000000000E+000
-5,3523067E-002	-8,328374418714599E-001	3,000000000000000E+000
-5,4467537E-002	-8,388454870243240E-001	3,000000000000000E+000
-5,5323698E-002	-8,452424282311561E-001	3,000000000000000E+000
-5,6581274E-002	-8,526368435317018E-001	3,000000000000000E+000
-5,7361100E-002	-8,628086017237759E-001	3,000000000000000E+000
-5,8411591E-002	-8,803864526562393E-001	3,000000000000000E+000
-5,9567694E-002	-8,787426466458585E-001	3,000000000000000E+000
-6,0268678E-002	-8,782321961674207E-001	3,000000000000000E+000
-6,1383184E-002	-8,875395350753230E-001	3,000000000000000E+000
-6,2525071E-002	-8,971524886243669E-001	3,000000000000000E+000
-6,3318819E-002	-9,039008345636006E-001	3,000000000000000E+000
-6,4461559E-002	-9,088141359130113E-001	3,000000000000000E+000
-6,5448903E-002	-9,158622335202793E-001	3,000000000000000E+000
-6,6437952E-002	-9,245356292101647E-001	3,000000000000000E+000
-6,7470089E-002	-9,304049387056796E-001	3,000000000000000E+000
-6,8339832E-002	-9,366765622204740E-001	3,000000000000000E+000
-6,9424190E-002	-9,444949163330918E-001	3,000000000000000E+000
-7,0480950E-002	-9,524297236025117E-001	3,000000000000000E+000
-7,1171746E-002	-9,575018338315799E-001	3,000000000000000E+000
-7,2482616E-002	-9,633597058580339E-001	3,000000000000000E+000
-7,3456794E-002	-9,726742234262105E-001	3,000000000000000E+000
-7,4255429E-002	-9,788614788040952E-001	3,000000000000000E+000
-7,5427033E-002	-9,847814731894928E-001	3,000000000000000E+000
-7,6370865E-002	-9,932644418828782E-001	3,000000000000000E+000
-7,7381566E-002	-1,000060663597350E+000	3,000000000000000E+000
-7,8565694E-002	-1,005006785776156E+000	3,000000000000000E+000
-7,9290666E-002	-1,011328367529332E+000	3,000000000000000E+000
-8,0378361E-002	-1,021427058123260E+000	3,000000000000000E+000
-8,1418797E-002	-1,039929882274006E+000	3,000000000000000E+000
-8,2597405E-002	-1,038820491211177E+000	3,000000000000000E+000
-8,3526812E-002	-1,034285787467114E+000	3,000000000000000E+000
-8,4369808E-002	-1,043401739469520E+000	3,000000000000000E+000
-8,5205376E-002	-1,056061771180893E+000	3,000000000000000E+000
-8,6512208E-002	-1,061787615607800E+000	3,000000000000000E+000
-8,7504655E-002	-1,065323715602665E+000	3,000000000000000E+000
-8,8267401E-002	-1,072328440987296E+000	3,000000000000000E+000
-8,9457899E-002	-1,079189291767154E+000	3,000000000000000E+000
-9,0405971E-002	-1,084534776073673E+000	3,000000000000000E+000
-9,1427505E-002	-1,089812623906052E+000	3,000000000000000E+000
-9,6281603E-002	-1,122612828153208E+000	3,000000000000000E+000
-1,0110237E-001	-1,150634351315802E+000	3,000000000000000E+000
-1,0208144E-001	-1,156447403275202E+000	3,000000000000000E+000
-1,0309044E-001	-1,160223806406268E+000	3,000000000000000E+000
-1,0410179E-001	-1,166026290531992E+000	3,000000000000000E+000
-1,0503813E-001	-1,186272279010153E+000	3,000000000000000E+000
-1,0602295E-001	-1,179239384972283E+000	3,000000000000000E+000
-1,0706188E-001	-1,186397537097541E+000	3,000000000000000E+000
-1,0803904E-001	-1,189775024657141E+000	3,000000000000000E+000
-1,0915141E-001	-1,194616439196073E+000	3,000000000000000E+000
-1,0999292E-001	-1,202088546706364E+000	3,000000000000000E+000
-1,1114033E-001	-1,201659953868429E+000	3,000000000000000E+000
-1,1214424E-001	-1,210027391517844E+000	3,000000000000000E+000
-1,1303203E-001	-1,213740151595427E+000	3,000000000000000E+000
-1,1409347E-001	-1,215490397958398E+000	3,000000000000000E+000
-1,1511052E-001	-1,220488768381376E+000	3,000000000000000E+000
-1,1612229E-001	-1,225669771820932E+000	3,000000000000000E+000
-1,1711217E-001	-1,229467257365791E+000	3,000000000000000E+000
-1,1804306E-001	-1,234166533142947E+000	3,000000000000000E+000
-1,1908071E-001	-1,237376503698115E+000	3,000000000000000E+000
-1,2008782E-001	-1,243043217394085E+000	3,000000000000000E+000
-1,2108109E-001	-1,247810299689363E+000	3,000000000000000E+000
-1,2206504E-001	-1,251680049631332E+000	3,000000000000000E+000
-1,2308657E-001	-1,259850128993600E+000	3,000000000000000E+000
-1,2406946E-001	-1,261742476348042E+000	3,000000000000000E+000
-1,2500247E-001	-1,269119253149256E+000	3,000000000000000E+000
-1,2603292E-001	-1,275019224163977E+000	3,000000000000000E+000
-1,2708353E-001	-1,283064191824657E+000	3,000000000000000E+000
-1,2812522E-001	-1,286114980389055E+000	3,000000000000000E+000
-1,2908305E-001	-1,292297180172888E+000	3,000000000000000E+000
-1,3008398E-001	-1,298816768556005E+000	3,000000000000000E+000
-1,3106965E-001	-1,303919174113414E+000	3,000000000000000E+000
-1,3206504E-001	-1,312494433200399E+000	3,000000000000000E+000
-1,3305515E-001	-1,318335141029415E+000	3,000000000000000E+000
-1,3404207E-001	-1,324107827308282E+000	3,000000000000000E+000
-1,3509992E-001	-1,330563830004795E+000	3,000000000000000E+000
-1,3610473E-001	-1,354333781921817E+000	3,000000000000000E+000
-1,3708943E-001	-1,346121122051649E+000	3,000000000000000E+000
-1,3806784E-001	-1,354518256150183E+000	3,000000000000000E+000
-1,3909832E-001	-1,360520131834267E+000	3,000000000000000E+000
-1,4007100E-001	-1,367682602670460E+000	3,000000000000000E+000
-1,4105687E-001	-1,372778519496528E+000	3,000000000000000E+000
-1,4204611E-001	-1,381568148628705E+000	3,000000000000000E+000
-1,4307402E-001	-1,389059473682817E+000	3,000000000000000E+000
-1,4407262E-001	-1,394180846167728E+000	3,000000000000000E+000
-1,4506973E-001	-1,402397678181945E+000	3,000000000000000E+000
-1,4612544E-001	-1,408808924594069E+000	3,000000000000000E+000
-1,4710981E-001	-1,417394932385321E+000	3,000000000000000E+000
-1,4801797E-001	-1,423006390428380E+000	3,000000000000000E+000
-1,4911911E-001	-1,429335118116184E+000	3,000000000000000E+000
-1,5009560E-001	-1,439783654175695E+000	3,000000000000000E+000
-1,5104519E-001	-1,440967567213292E+000	3,000000000000000E+000
-1,5208073E-001	-1,451952989575354E+000	3,000000000000000E+000
-1,5304092E-001	-1,457952667881422E+000	3,000000000000000E+000
-1,5407133E-001	-1,464775721232094E+000	3,000000000000000E+000
-1,5510814E-001	-1,471740674925961E+000	3,000000000000000E+000
-1,5607046E-001	-1,478039674512626E+000	3,000000000000000E+000
-1,5715206E-001	-1,485955200158060E+000	3,000000000000000E+000
-1,5805034E-001	-1,498385462496014E+000	3,000000000000000E+000
-1,5907936E-001	-1,505827775768317E+000	3,000000000000000E+000
-1,6024482E-001	-1,510488939238712E+000	3,000000000000000E+000
-1,6095024E-001	-1,514301326539780E+000	3,000000000000000E+000
-1,6208240E-001	-1,521856266875851E+000	3,000000000000000E+000
-1,6309394E-001	-1,528560403708576E+000	3,000000000000000E+000
-1,6410527E-001	-1,536478004418310E+000	3,000000000000000E+000
-1,6506118E-001	-1,542167986717281E+000	3,000000000000000E+000
-1,6607529E-001	-1,549858638654573E+000	3,000000000000000E+000
-1,6702929E-001	-1,556893774101304E+000	3,000000000000000E+000
-1,6805826E-001	-1,563398429761740E+000	3,000000000000000E+000
-1,6906151E-001	-1,569915775959888E+000	3,000000000000000E+000
-1,7003040E-001	-1,577782528656016E+000	3,000000000000000E+000
-1,7108569E-001	-1,585732080378667E+000	3,000000000000000E+000
-1,7208025E-001	-1,590666762165103E+000	3,000000000000000E+000
-1,7299201E-001	-1,599594187689949E+000	3,000000000000000E+000
-1,7408255E-001	-1,604473794008506E+000	3,000000000000000E+000
-1,7506626E-001	-1,612134804716335E+000	3,000000000000000E+000
-1,7605406E-001	-1,618815615669721E+000	3,000000000000000E+000
-1,7702039E-001	-1,625812443645877E+000	3,000000000000000E+000
-1,7813277E-001	-1,632090246951623E+000	3,000000000000000E+000
-1,7906684E-001	-1,638944923282693E+000	3,000000000000000E+000
-1,8011382E-001	-1,645740248599193E+000	3,000000000000000E+000
-1,8105151E-001	-1,651981927790777E+000	3,000000000000000E+000
-1,8201953E-001	-1,675989448248096E+000	3,000000000000000E+000
-1,8303211E-001	-1,666088137361736E+000	3,000000000000000E+000
-1,8411456E-001	-1,673329006026803E+000	3,000000000000000E+000
-1,8505454E-001	-1,680451094328109E+000	3,000000000000000E+000
-1,8606801E-001	-1,686660844703312E+000	3,000000000000000E+000
-1,8704030E-001	-1,695842975491857E+000	3,000000000000000E+000
-1,8811212E-001	-1,698809012279124E+000	3,000000000000000E+000
-1,8906678E-001	-1,707918918407003E+000	3,000000000000000E+000
-1,9006178E-001	-1,716337179040735E+000	3,000000000000000E+000
-1,9106653E-001	-1,719542977270774E+000	3,000000000000000E+000
-1,9212158E-001	-1,727725783983860E+000	3,000000000000000E+000
-1,9311340E-001	-1,736118697845896E+000	3,000000000000000E+000
-1,9407083E-001	-1,743240744263552E+000	3,000000000000000E+000
-1,9503672E-001	-1,751907349408916E+000	3,000000000000000E+000
-1,9609860E-001	-1,758083160992499E+000	3,000000000000000E+000
-1,9709741E-001	-1,763616195491828E+000	3,000000000000000E+000
-1,9806054E-001	-1,773158911589741E+000	3,000000000000000E+000
-1,9895145E-001	-1,779316298597093E+000	3,000000000000000E+000
-1,9937767E-001	-1,784613132476807E+000	3,000000000000000E+000
-1,9962515E-001	-1,778465032577515E+000	3,000000000000000E+000
-1,9892554E-001	-1,511199539190990E+000	3,000000000000000E+000
-1,9784765E-001	-1,481567769854641E+000	3,000000000000000E+000
-1,9687858E-001	-1,442603327670239E+000	3,000000000000000E+000
-1,9585618E-001	-1,413960158048813E+000	3,000000000000000E+000
-1,9481152E-001	-1,387973116503826E+000	3,000000000000000E+000
-1,9387460E-001	-1,359351139826071E+000	3,000000000000000E+000
-1,9290926E-001	-1,334314759251562E+000	3,000000000000000E+000
-1,9180834E-001	-1,321670175374797E+000	3,000000000000000E+000
-1,9086686E-001	-1,298734101984230E+000	3,000000000000000E+000
-1,8987334E-001	-1,280412264892629E+000	3,000000000000000E+000
-1,8886328E-001	-1,263482252756752E+000	3,000000000000000E+000
-1,8781243E-001	-1,246917071881605E+000	3,000000000000000E+000
-1,8684910E-001	-1,227222707536487E+000	3,000000000000000E+000
-1,8584785E-001	-1,206651975323137E+000	3,000000000000000E+000
-1,8482582E-001	-1,189526834615712E+000	3,000000000000000E+000
-1,8383549E-001	-1,176869544718002E+000	3,000000000000000E+000
-1,8279998E-001	-1,164959111341481E+000	3,000000000000000E+000
-1,8181539E-001	-1,144721633858151E+000	3,000000000000000E+000
-1,8083866E-001	-1,133736176235185E+000	3,000000000000000E+000
-1,7983390E-001	-1,118590390956442E+000	3,000000000000000E+000
-1,7887244E-001	-1,105481275835900E+000	3,000000000000000E+000
-1,7780888E-001	-1,087670779592978E+000	3,000000000000000E+000
-1,7680582E-001	-1,075202340001445E+000	3,000000000000000E+000
-1,7587008E-001	-1,059634449335538E+000	3,000000000000000E+000
-1,7479745E-001	-1,031288269881367E+000	3,000000000000000E+000
-1,7383853E-001	-1,030532973068247E+000	3,000000000000000E+000
-1,7278941E-001	-1,016874341307105E+000	3,000000000000000E+000
-1,7180948E-001	-1,003332473673957E+000	3,000000000000000E+000
-1,7077671E-001	-9,886512245025649E-001	3,000000000000000E+000
-1,6982545E-001	-9,752684640698153E-001	3,000000000000000E+000
-1,6886589E-001	-9,612576851440178E-001	3,000000000000000E+000
-1,6778474E-001	-9,475078424956198E-001	3,000000000000000E+000
-1,6685554E-001	-9,350543331820518E-001	3,000000000000000E+000
-1,6581620E-001	-9,200591316394915E-001	3,000000000000000E+000
-1,6488467E-001	-9,071430710998056E-001	3,000000000000000E+000
-1,6389917E-001	-8,804093249685430E-001	3,000000000000000E+000
-1,6281471E-001	-8,804348243607416E-001	3,000000000000000E+000
-1,6186132E-001	-8,670583838700381E-001	3,000000000000000E+000
-1,6081919E-001	-8,551776446143344E-001	3,000000000000000E+000
-1,5985118E-001	-8,384661450464659E-001	3,000000000000000E+000
-1,5886892E-001	-8,287472728795060E-001	3,000000000000000E+000
-1,5787585E-001	-8,159118618997248E-001	3,000000000000000E+000
-1,5684667E-001	-8,042432412556852E-001	3,000000000000000E+000
-1,5584575E-001	-7,899588623032408E-001	3,000000000000000E+000
-1,5481254E-001	-7,784536786687877E-001	3,000000000000000E+000
-1,5382710E-001	-7,662376765316962E-001	3,000000000000000E+000
-1,5281087E-001	-7,536759943339153E-001	3,000000000000000E+000
-1,5190141E-001	-7,316351275787607E-001	3,000000000000000E+000
-1,5083729E-001	-7,245130704508895E-001	3,000000000000000E+000
-1,4989112E-001	-7,121103925035452E-001	3,000000000000000E+000
-1,4877088E-001	-6,991646455393887E-001	3,000000000000000E+000
-1,4787121E-001	-6,870845431565416E-001	3,000000000000000E+000
-1,4689173E-001	-6,711197789603194E-001	3,000000000000000E+000
-1,4579546E-001	-6,580912828212604E-001	3,000000000000000E+000
-1,4487246E-001	-6,458732232503177E-001	3,000000000000000E+000
-1,4380993E-001	-6,320130828923236E-001	3,000000000000000E+000
-1,4285487E-001	-6,186600118073553E-001	3,000000000000000E+000
-1,4187284E-001	-6,061512525969484E-001	3,000000000000000E+000
-1,4081839E-001	-5,944890898988682E-001	3,000000000000000E+000
-1,3990548E-001	-5,659244337067442E-001	3,000000000000000E+000
-1,3886094E-001	-5,682899554570504E-001	3,000000000000000E+000
-1,3787529E-001	-5,547417001022641E-001	3,000000000000000E+000
-1,3687265E-001	-5,439386982341387E-001	3,000000000000000E+000
-1,3586980E-001	-5,337785559822796E-001	3,000000000000000E+000
-1,3486505E-001	-5,251565505944495E-001	3,000000000000000E+000
-1,3384075E-001	-5,149476432707152E-001	3,000000000000000E+000
-1,3286637E-001	-5,054218105312112E-001	3,000000000000000E+000
-1,3188070E-001	-4,963457891652871E-001	3,000000000000000E+000
-1,3079529E-001	-4,869918326536817E-001	3,000000000000000E+000
-1,2988712E-001	-4,795387840131289E-001	3,000000000000000E+000
-1,2887622E-001	-4,719160160683615E-001	3,000000000000000E+000
-1,2783580E-001	-4,628230285597970E-001	3,000000000000000E+000
-1,2686162E-001	-4,546719936576347E-001	3,000000000000000E+000
-1,2583372E-001	-4,471701666997324E-001	3,000000000000000E+000
-1,2487864E-001	-4,407079045001101E-001	3,000000000000000E+000
-1,2381191E-001	-4,347314676334548E-001	3,000000000000000E+000
-1,1925272E-001	-3,619191233214911E-001	3,000000000000000E+000
-1,1400055E-001	-3,279143122878549E-001	3,000000000000000E+000
-1,1314059E-001	-3,907305383019963E-001	3,000000000000000E+000
-1,1221246E-001	-3,764501215967659E-001	3,000000000000000E+000
-1,1171316E-001	-3,340816032270801E-001	3,000000000000000E+000
-1,1026812E-001	-3,258677287117795E-001	3,000000000000000E+000
-1,0904409E-001	-3,372490126510259E-001	3,000000000000000E+000
-1,0876151E-001	-3,337392873234224E-001	3,000000000000000E+000
-1,0734005E-001	-3,189042799317073E-001	3,000000000000000E+000
-1,0633275E-001	-3,090234674940193E-001	3,000000000000000E+000
-1,0538319E-001	-3,071442425134592E-001	3,000000000000000E+000
-1,0439244E-001	-3,036650542441430E-001	3,000000000000000E+000
-1,0351718E-001	-2,938970728395764E-001	3,000000000000000E+000
-1,0256974E-001	-2,864034076758095E-001	3,000000000000000E+000
-1,0092410E-001	-2,819741103384221E-001	3,000000000000000E+000
-1,0058188E-001	-2,733424480959208E-001	3,000000000000000E+000
-9,9466309E-002	-2,671268266050084E-001	3,000000000000000E+000
-9,7924069E-002	-2,612430696285122E-001	3,000000000000000E+000
-9,7672909E-002	-2,459870606318049E-001	3,000000000000000E+000
-9,6310280E-002	-2,375925072022551E-001	3,000000000000000E+000
-9,5283031E-002	-2,419272118487346E-001	3,000000000000000E+000
-9,4489925E-002	-2,386997813979781E-001	3,000000000000000E+000
-9,3301535E-002	-2,273626082816103E-001	3,000000000000000E+000
-9,2273869E-002	-2,173670531289343E-001	3,000000000000000E+000
-9,1368243E-002	-2,127772111659093E-001	3,000000000000000E+000
-9,0150572E-002	-2,083905497501188E-001	3,000000000000000E+000
-8,9293987E-002	-2,013352646738189E-001	3,000000000000000E+000
-8,8485591E-002	-1,931050795246843E-001	3,000000000000000E+000
-8,7372147E-002	-1,859507557075832E-001	3,000000000000000E+000
-8,6330026E-002	-1,799594881433428E-001	3,000000000000000E+000
-8,5397884E-002	-1,736626146852764E-001	3,000000000000000E+000
-8,4551275E-002	-1,657832045036933E-001	3,000000000000000E+000
-8,3122380E-002	-1,591974699177729E-001	3,000000000000000E+000
-8,2338817E-002	-1,513901764119512E-001	3,000000000000000E+000
-8,1546135E-002	-1,457874398862877E-001	3,000000000000000E+000
-8,0175191E-002	-1,386827543206486E-001	3,000000000000000E+000
-7,9314806E-002	-1,304680282870925E-001	3,000000000000000E+000
-7,8255691E-002	-1,238899336264385E-001	3,000000000000000E+000
-7,7475540E-002	-1,178583700594671E-001	3,000000000000000E+000
-7,6331310E-002	-1,110024533166626E-001	3,000000000000000E+000
-7,5274974E-002	-1,012639363406280E-001	3,000000000000000E+000
-7,4483387E-002	-8,486971484348449E-002	3,000000000000000E+000
-7,3201820E-002	-8,018507371404326E-002	3,000000000000000E+000
-7,2229959E-002	-8,559545497215981E-002	3,000000000000000E+000
-7,1543418E-002	-7,838875410137369E-002	3,000000000000000E+000
-7,0307061E-002	-6,610931279525789E-002	3,000000000000000E+000
-6,9358140E-002	-5,844812378199998E-002	3,000000000000000E+000
-6,8431929E-002	-5,457172352261197E-002	3,000000000000000E+000
-6,7246303E-002	-4,843284806298076E-002	3,000000000000000E+000
-6,6489503E-002	-4,064865479409058E-002	3,000000000000000E+000
-6,5379456E-002	-3,222185818271478E-002	3,000000000000000E+000
-6,4287670E-002	-2,711835887667907E-002	3,000000000000000E+000
-6,3531071E-002	-2,052054409351611E-002	3,000000000000000E+000
-6,2371988E-002	-1,048575480328712E-002	3,000000000000000E+000
-6,1432399E-002	-5,046321438637993E-003	3,000000000000000E+000
-6,0299847E-002	6,276732699672938E-004	3,000000000000000E+000
-5,9451118E-002	8,379417241788659E-003	3,000000000000000E+000
-5,8501776E-002	1,611165002032069E-002	3,000000000000000E+000
-5,7241220E-002	2,278369196129570E-002	3,000000000000000E+000
-5,6430914E-002	2,888948162055593E-002	3,000000000000000E+000
-5,5349100E-002	3,670866739048512E-002	3,000000000000000E+000
-5,4491244E-002	4,359236389427676E-002	3,000000000000000E+000
-5,3258497E-002	4,995413646247471E-002	3,000000000000000E+000
-5,2413382E-002	5,758033087800474E-002	3,000000000000000E+000
-5,1511079E-002	7,168811655881457E-002	3,000000000000000E+000
-5,0396264E-002	8,179119164803234E-002	3,000000000000000E+000
-4,9336527E-002	7,874890071171725E-002	3,000000000000000E+000
-4,8284009E-002	8,368888795666862E-002	3,000000000000000E+000
-4,7492389E-002	9,460656684596969E-002	3,000000000000000E+000
-4,6243932E-002	1,019969201265163E-001	3,000000000000000E+000
-4,5374189E-002	1,074427166604439E-001	3,000000000000000E+000
-4,4374954E-002	1,132817118874908E-001	3,000000000000000E+000
-4,3458723E-002	1,219825149924468E-001	3,000000000000000E+000
-4,2358223E-002	1,301985050069767E-001	3,000000000000000E+000
-4,1423738E-002	1,366111641643029E-001	3,000000000000000E+000
-4,0358275E-002	1,427757034414552E-001	3,000000000000000E+000
-3,9434608E-002	1,494475381300111E-001	3,000000000000000E+000
-3,8441956E-002	1,567240139249604E-001	3,000000000000000E+000
-3,7394315E-002	1,649338546040879E-001	3,000000000000000E+000
-3,6486786E-002	1,720209342311141E-001	3,000000000000000E+000
-3,5209037E-002	1,788560675308366E-001	3,000000000000000E+000
-3,4963403E-002	1,866268925853849E-001	3,000000000000000E+000
-3,3181697E-002	1,927920655386215E-001	3,000000000000000E+000
-3,2365024E-002	1,987279830080095E-001	3,000000000000000E+000
-3,1321846E-002	2,076245296047996E-001	3,000000000000000E+000
-3,0429389E-002	2,162538616879222E-001	3,000000000000000E+000
-2,9461557E-002	2,272754692369032E-001	3,000000000000000E+000
-2,8363023E-002	2,424671890977250E-001	3,000000000000000E+000
-2,7414950E-002	2,392683830241564E-001	3,000000000000000E+000
-2,6408283E-002	2,399071675608861E-001	3,000000000000000E+000
-2,5418812E-002	2,519872730319750E-001	3,000000000000000E+000
-2,4463944E-002	2,639019125037727E-001	3,000000000000000E+000
-2,3479778E-002	2,686423383226311E-001	3,000000000000000E+000
-2,2463141E-002	2,721777041183984E-001	3,000000000000000E+000
-2,1475576E-002	2,818420061893336E-001	3,000000000000000E+000
-2,0374872E-002	2,913817855134972E-001	3,000000000000000E+000
-1,9424040E-002	2,973565034367835E-001	3,000000000000000E+000
-1,8388927E-002	3,029134392854758E-001	3,000000000000000E+000
-1,7391391E-002	3,115035157210908E-001	3,000000000000000E+000
-1,6357977E-002	3,192616577919889E-001	3,000000000000000E+000
-1,5355770E-002	3,262503121319844E-001	3,000000000000000E+000
-1,4532090E-002	3,338476571888247E-001	3,000000000000000E+000
-1,3449216E-002	3,398170848118349E-001	3,000000000000000E+000
-1,2301807E-002	3,485450332648012E-001	3,000000000000000E+000
-1,1437585E-002	3,576931331578337E-001	3,000000000000000E+000
-1,0554255E-002	3,625741365313946E-001	3,000000000000000E+000
-9,3440115E-003	3,698951454910775E-001	3,000000000000000E+000
-8,4335478E-003	3,781387384709287E-001	3,000000000000000E+000
-7,4014044E-003	3,979045901150009E-001	3,000000000000000E+000
-6,4025940E-003	4,034858875804495E-001	3,000000000000000E+000
-5,3239651E-003	3,995482170721525E-001	3,000000000000000E+000
-4,4741766E-003	4,060164583368326E-001	3,000000000000000E+000
-3,5815062E-003	4,182647175944615E-001	3,000000000000000E+000
-2,3814531E-003	4,270554392844339E-001	3,000000000000000E+000
-1,3399738E-003	4,325035672195039E-001	3,000000000000000E+000
-5,6002481E-004	4,386466980666031E-001	3,000000000000000E+000
3,5000444E-004	4,441716641187665E-001	3,000000000000000E+000
7,6567126E-004	4,482777118682861E-001	4,000000000000000E+000
1,2973337E-003	4,549917166716329E-001	4,000000000000000E+000
2,1585859E-003	4,631169298599067E-001	4,000000000000000E+000
3,3431426E-003	4,681947751863227E-001	4,000000000000000E+000
4,3190261E-003	4,747380669319270E-001	4,000000000000000E+000
5,3585954E-003	4,823430395788613E-001	4,000000000000000E+000
6,3614384E-003	4,892274001548591E-001	4,000000000000000E+000
7,2175968E-003	4,981824906620504E-001	4,000000000000000E+000
8,2546175E-003	5,061630628576197E-001	4,000000000000000E+000
9,3967179E-003	5,118109572665863E-001	4,000000000000000E+000
1,0119562E-002	5,171863407013015E-001	4,000000000000000E+000
1,1407712E-002	5,266794679725235E-001	4,000000000000000E+000
1,2378925E-002	5,359435184250785E-001	4,000000000000000E+000
1,2980773E-002	5,503397974017492E-001	4,000000000000000E+000
1,4237893E-002	5,597476366609861E-001	4,000000000000000E+000
1,5347515E-002	5,557790019277782E-001	4,000000000000000E+000
1,6116424E-002	5,597779801982057E-001	4,000000000000000E+000
1,7411789E-002	5,712415774210555E-001	4,000000000000000E+000
1,8246509E-002	5,807868529550930E-001	4,000000000000000E+000
1,9188641E-002	5,856621945729588E-001	4,000000000000000E+000
2,0291043E-002	5,918235380991543E-001	4,000000000000000E+000
2,1184139E-002	5,995277122064091E-001	4,000000000000000E+000
2,2357229E-002	6,069492693835243E-001	4,000000000000000E+000
2,3266884E-002	6,130264618162364E-001	4,000000000000000E+000
2,4186937E-002	6,203881740802899E-001	4,000000000000000E+000
2,5366399E-002	6,273537483713074E-001	4,000000000000000E+000
2,6166303E-002	6,374930459876680E-001	4,000000000000000E+000
2,7258942E-002	6,457169339345334E-001	4,000000000000000E+000
2,8190671E-002	6,494026985666217E-001	4,000000000000000E+000
2,9215802E-002	6,556893711806175E-001	4,000000000000000E+000
3,0334553E-002	6,636813974473617E-001	4,000000000000000E+000
3,1261187E-002	6,706806612201017E-001	4,000000000000000E+000
3,2140270E-002	6,774305859063237E-001	4,000000000000000E+000
3,3154152E-002	6,847558003048304E-001	4,000000000000000E+000
3,4252312E-002	6,924178420126221E-001	4,000000000000000E+000
3,5121843E-002	6,972240253429227E-001	4,000000000000000E+000
3,6401503E-002	7,130437040468687E-001	4,000000000000000E+000
3,7186086E-002	7,253585487035010E-001	4,000000000000000E+000
3,8173862E-002	7,214766461272841E-001	4,000000000000000E+000
3,9256517E-002	7,243734306992096E-001	4,000000000000000E+000
4,0176786E-002	7,342396117488139E-001	4,000000000000000E+000
4,1058414E-002	7,435317278141156E-001	4,000000000000000E+000
4,2389024E-002	7,488988265912564E-001	4,000000000000000E+000
4,3246668E-002	7,559801336222642E-001	4,000000000000000E+000
4,4210874E-002	7,644616409282516E-001	4,000000000000000E+000
4,5410503E-002	7,705995101585135E-001	4,000000000000000E+000
4,6211254E-002	7,769080558274339E-001	4,000000000000000E+000
4,7135979E-002	7,834829474773457E-001	4,000000000000000E+000
4,8309289E-002	7,912803015723391E-001	4,000000000000000E+000
4,9082015E-002	7,981487107463199E-001	4,000000000000000E+000
5,0195884E-002	8,046002063719122E-001	4,000000000000000E+000
5,1495280E-002	8,108665262374810E-001	4,000000000000000E+000
5,2234687E-002	8,193635568540127E-001	4,000000000000000E+000
5,3097844E-002	8,273300767177716E-001	4,000000000000000E+000
5,4122977E-002	8,331591578510942E-001	4,000000000000000E+000
5,5165309E-002	8,394814243721287E-001	4,000000000000000E+000
5,6227595E-002	8,465469155279486E-001	4,000000000000000E+000
5,7191588E-002	8,541293964307339E-001	4,000000000000000E+000
5,8120504E-002	8,666120362468046E-001	4,000000000000000E+000
5,9184931E-002	8,812372827669614E-001	4,000000000000000E+000
6,0355689E-002	8,769668369916157E-001	4,000000000000000E+000
6,1318412E-002	8,770457406838732E-001	4,000000000000000E+000
6,2258210E-002	8,886997615013073E-001	4,000000000000000E+000
6,3156821E-002	8,987602297371904E-001	4,000000000000000E+000
6,4331397E-002	9,044344086303457E-001	4,000000000000000E+000
6,5174609E-002	9,086172738526450E-001	4,000000000000000E+000
6,6096574E-002	9,168652888232233E-001	4,000000000000000E+000
6,7271367E-002	9,250889174096901E-001	4,000000000000000E+000
6,8109050E-002	9,311743293914745E-001	4,000000000000000E+000
6,9333307E-002	9,360730081227497E-001	4,000000000000000E+000
7,0138305E-002	9,433241869297113E-001	4,000000000000000E+000
7,1211420E-002	9,523499070459764E-001	4,000000000000000E+000
7,2307661E-002	9,589468752059869E-001	4,000000000000000E+000
7,3103741E-002	9,644083682602922E-001	4,000000000000000E+000
7,4059241E-002	9,705338779992143E-001	4,000000000000000E+000
7,5034708E-002	9,790385313875363E-001	4,000000000000000E+000
7,6328158E-002	9,860046825423403E-001	4,000000000000000E+000
7,7139527E-002	9,938073463142949E-001	4,000000000000000E+000
7,8044929E-002	1,000398769392633E+000	4,000000000000000E+000
7,9143710E-002	1,005617045991434E+000	4,000000000000000E+000
8,0265239E-002	1,011998746130203E+000	4,000000000000000E+000
8,1226066E-002	1,024249179107656E+000	4,000000000000000E+000
8,2118683E-002	1,040219565918152E+000	4,000000000000000E+000
8,3242945E-002	1,035545716980577E+000	4,000000000000000E+000
8,4066205E-002	1,035556405394651E+000	4,000000000000000E+000
8,5206397E-002	1,046545725535706E+000	4,000000000000000E+000
8,6249568E-002	1,057148913542429E+000	4,000000000000000E+000
8,7135457E-002	1,062382220445820E+000	4,000000000000000E+000
8,8108577E-002	1,065533493761906E+000	4,000000000000000E+000
8,9212470E-002	1,072338462561474E+000	4,000000000000000E+000
9,0214036E-002	1,081153844599616E+000	4,000000000000000E+000
9,1176756E-002	1,087799575503192E+000	4,000000000000000E+000
9,2010200E-002	1,093114956631325E+000	4,000000000000000E+000
9,6951917E-002	1,124583916030439E+000	4,000000000000000E+000
1,0184217E-001	1,153685446854475E+000	4,000000000000000E+000
1,0282633E-001	1,160816085887038E+000	4,000000000000000E+000
1,0387862E-001	1,166344824285865E+000	4,000000000000000E+000
1,0487543E-001	1,177342954997183E+000	4,000000000000000E+000
1,0590487E-001	1,185233038048160E+000	4,000000000000000E+000
1,0682450E-001	1,189429497993036E+000	4,000000000000000E+000
1,0781227E-001	1,193524109678243E+000	4,000000000000000E+000
1,0882743E-001	1,198325143920054E+000	4,000000000000000E+000
1,0983919E-001	1,205201107788728E+000	4,000000000000000E+000
1,1084734E-001	1,211084180317506E+000	4,000000000000000E+000
1,1184573E-001	1,216810292667812E+000	4,000000000000000E+000
1,1284772E-001	1,222322031959063E+000	4,000000000000000E+000
1,1386096E-001	1,228294281987475E+000	4,000000000000000E+000
1,1485297E-001	1,234629246923658E+000	4,000000000000000E+000
1,1584967E-001	1,240796571856164E+000	4,000000000000000E+000
1,1686122E-001	1,245219990714553E+000	4,000000000000000E+000
1,1793285E-001	1,251124297294563E+000	4,000000000000000E+000
1,1884694E-001	1,256731667555865E+000	4,000000000000000E+000
1,1981817E-001	1,261887066894107E+000	4,000000000000000E+000
1,2086219E-001	1,267159116816606E+000	4,000000000000000E+000
1,2186185E-001	1,273780532129521E+000	4,000000000000000E+000
1,2282351E-001	1,276771915507399E+000	4,000000000000000E+000
1,2384737E-001	1,284649268284241E+000	4,000000000000000E+000
1,2490457E-001	1,287865522446939E+000	4,000000000000000E+000
1,2583672E-001	1,294870898231036E+000	4,000000000000000E+000
1,2686397E-001	1,297308496406504E+000	4,000000000000000E+000
1,2781608E-001	1,304982252367257E+000	4,000000000000000E+000
1,2885736E-001	1,311168731035050E+000	4,000000000000000E+000
1,2984979E-001	1,313790951881355E+000	4,000000000000000E+000
1,3086113E-001	1,317440038805619E+000	4,000000000000000E+000
1,3188604E-001	1,321487967494043E+000	4,000000000000000E+000
1,3285047E-001	1,324810317924449E+000	4,000000000000000E+000
1,3380024E-001	1,328380864242916E+000	4,000000000000000E+000
1,3491046E-001	1,334855965545611E+000	4,000000000000000E+000
1,3591354E-001	1,345075471145620E+000	4,000000000000000E+000
1,3681829E-001	1,341727632718790E+000	4,000000000000000E+000
1,3790646E-001	1,343622170828493E+000	4,000000000000000E+000
1,3892035E-001	1,344740200089287E+000	4,000000000000000E+000
1,3990174E-001	1,347752866981963E+000	4,000000000000000E+000
1,4090714E-001	1,350585053752489E+000	4,000000000000000E+000
1,4186944E-001	1,353788633365184E+000	4,000000000000000E+000
1,4287548E-001	1,359393927786083E+000	4,000000000000000E+000
1,4385454E-001	1,361220471612697E+000	4,000000000000000E+000
1,4482595E-001	1,365741513333186E+000	4,000000000000000E+000
1,4582796E-001	1,369136097194215E+000	4,000000000000000E+000
1,4684631E-001	1,373720770960468E+000	4,000000000000000E+000
1,4783897E-001	1,377282850496058E+000	4,000000000000000E+000
1,4883991E-001	1,382060607274376E+000	4,000000000000000E+000
1,4986841E-001	1,386252782902577E+000	4,000000000000000E+000
1,5083539E-001	1,394240388103455E+000	4,000000000000000E+000
1,5182018E-001	1,398014660950544E+000	4,000000000000000E+000
1,5283471E-001	1,403199797754906E+000	4,000000000000000E+000
1,5380190E-001	1,410553007153792E+000	4,000000000000000E+000
1,5486354E-001	1,414242485382902E+000	4,000000000000000E+000
1,5590735E-001	1,422809403519047E+000	4,000000000000000E+000
1,5682420E-001	1,428520601372139E+000	4,000000000000000E+000
1,5783896E-001	1,435422059174427E+000	4,000000000000000E+000
1,5885855E-001	1,443305766080606E+000	4,000000000000000E+000
1,5987499E-001	1,448709264889157E+000	4,000000000000000E+000
1,6081309E-001	1,457588156064354E+000	4,000000000000000E+000
1,6182336E-001	1,463326904508801E+000	4,000000000000000E+000
1,6279224E-001	1,469653419425917E+000	4,000000000000000E+000
1,6386406E-001	1,477265492573173E+000	4,000000000000000E+000
1,6483423E-001	1,484544579508814E+000	4,000000000000000E+000
1,6584259E-001	1,489969427102352E+000	4,000000000000000E+000
1,6686313E-001	1,514802316824595E+000	4,000000000000000E+000
1,6785315E-001	1,506248173769563E+000	4,000000000000000E+000
1,6891965E-001	1,515782412943537E+000	4,000000000000000E+000
1,6980341E-001	1,523823080118749E+000	4,000000000000000E+000
1,7078291E-001	1,527083995881390E+000	4,000000000000000E+000
1,7186981E-001	1,536121854791420E+000	4,000000000000000E+000
1,7284954E-001	1,543154750976509E+000	4,000000000000000E+000
1,7381607E-001	1,550887831874814E+000	4,000000000000000E+000
1,7484076E-001	1,556389047815980E+000	4,000000000000000E+000
1,7586081E-001	1,566642505866994E+000	4,000000000000000E+000
1,7680931E-001	1,572905324063157E+000	4,000000000000000E+000
1,7783192E-001	1,578858429902340E+000	4,000000000000000E+000
1,7885301E-001	1,586413437836903E+000	4,000000000000000E+000
1,7987791E-001	1,596246773713371E+000	4,000000000000000E+000
1,8086228E-001	1,601183691062030E+000	4,000000000000000E+000
1,8183456E-001	1,608676970781136E+000	4,000000000000000E+000
1,8286373E-001	1,616620111512020E+000	4,000000000000000E+000
1,8381986E-001	1,623625458062939E+000	4,000000000000000E+000
1,8484585E-001	1,629973162819319E+000	4,000000000000000E+000
1,8588755E-001	1,638699118617090E+000	4,000000000000000E+000
1,8687172E-001	1,645668454416512E+000	4,000000000000000E+000
1,8780471E-001	1,652238951012908E+000	4,000000000000000E+000
1,8883765E-001	1,675083801253798E+000	4,000000000000000E+000
1,8981569E-001	1,670140604178114E+000	4,000000000000000E+000
1,9084398E-001	1,677481203107162E+000	4,000000000000000E+000
1,9183452E-001	1,684183268574996E+000	4,000000000000000E+000
1,9287768E-001	1,689818188651564E+000	4,000000000000000E+000
1,9386886E-001	1,698879305842439E+000	4,000000000000000E+000
1,9483285E-001	1,705282168643961E+000	4,000000000000000E+000
1,9585885E-001	1,711585272957267E+000	4,000000000000000E+000
1,9682942E-001	1,720111835825569E+000	4,000000000000000E+000
1,9787516E-001	1,724344233671831E+000	4,000000000000000E+000
1,9879584E-001	1,734101365397997E+000	4,000000000000000E+000
1,9982332E-001	1,739072145402631E+000	4,000000000000000E+000
2,0040062E-001	1,741403818130493E+000	4,000000000000000E+000
2,0063677E-001	1,731296936670937E+000	4,000000000000000E+000
1,9998063E-001	1,468255257880733E+000	4,000000000000000E+000
1,9887350E-001	1,447287978112904E+000	4,000000000000000E+000
1,9792460E-001	1,409002187015084E+000	4,000000000000000E+000
1,9688714E-001	1,379926252411686E+000	4,000000000000000E+000
1,9591862E-001	1,337567286746996E+000	4,000000000000000E+000
1,9488148E-001	1,330092938513392E+000	4,000000000000000E+000
1,9391198E-001	1,309929753446742E+000	4,000000000000000E+000
1,9288471E-001	1,290419886897631E+000	4,000000000000000E+000
1,9193581E-001	1,270466610892779E+000	4,000000000000000E+000
1,9090812E-001	1,252157584324273E+000	4,000000000000000E+000
1,8989910E-001	1,237616451353663E+000	4,000000000000000E+000
1,8887439E-001	1,217688631874303E+000	4,000000000000000E+000
1,8787085E-001	1,188190524104151E+000	4,000000000000000E+000
1,8689890E-001	1,188848115749558E+000	4,000000000000000E+000
1,8589817E-001	1,169981119779148E+000	4,000000000000000E+000
1,8487008E-001	1,158391099643067E+000	4,000000000000000E+000
1,8386339E-001	1,140048034346870E+000	4,000000000000000E+000
1,8296798E-001	1,126493445118995E+000	4,000000000000000E+000
1,8196915E-001	1,113857399504115E+000	4,000000000000000E+000
1,8085934E-001	1,101200191317023E+000	4,000000000000000E+000
1,7990999E-001	1,086516972657085E+000	4,000000000000000E+000
1,7902069E-001	1,069285612773255E+000	4,000000000000000E+000
1,7799410E-001	1,060107803618951E+000	4,000000000000000E+000
1,7686880E-001	1,035972950604954E+000	4,000000000000000E+000
1,7588039E-001	1,032540173412094E+000	4,000000000000000E+000
1,7493317E-001	1,018860461474915E+000	4,000000000000000E+000
1,7385262E-001	1,007450705652848E+000	4,000000000000000E+000
1,7286526E-001	9,935991182638743E-001	4,000000000000000E+000
1,7198066E-001	9,807657628682354E-001	4,000000000000000E+000
1,7087741E-001	9,704274435838078E-001	4,000000000000000E+000
1,6982235E-001	9,592128406770308E-001	4,000000000000000E+000
1,6894858E-001	9,465450750689746E-001	4,000000000000000E+000
1,6790494E-001	9,354259901576589E-001	4,000000000000000E+000
1,6689301E-001	9,241817074491543E-001	4,000000000000000E+000
1,6593327E-001	9,124092054553330E-001	4,000000000000000E+000
1,6494060E-001	9,007491159718501E-001	4,000000000000000E+000
1,6388090E-001	8,767584945049354E-001	4,000000000000000E+000
1,6293196E-001	8,767648931437475E-001	4,000000000000000E+000
1,6183913E-001	8,670120444795550E-001	4,000000000000000E+000
1,6094984E-001	8,552989488364098E-001	4,000000000000000E+000
1,5993151E-001	8,446275072767282E-001	4,000000000000000E+000
1,5890849E-001	8,352841973537615E-001	4,000000000000000E+000
1,5788676E-001	8,242711663478985E-001	4,000000000000000E+000
1,5689325E-001	8,128784067100963E-001	4,000000000000000E+000
1,5586536E-001	8,039614844601619E-001	4,000000000000000E+000
1,5490986E-001	7,914760785772366E-001	4,000000000000000E+000
1,5389599E-001	7,809892613311433E-001	4,000000000000000E+000
1,5288718E-001	7,715758824488139E-001	4,000000000000000E+000
1,5191045E-001	7,607028819361918E-001	4,000000000000000E+000
1,5094179E-001	7,493270808028925E-001	4,000000000000000E+000
1,4992958E-001	7,294968815598031E-001	4,000000000000000E+000
1,4887924E-001	7,250585875525672E-001	4,000000000000000E+000
1,4800100E-001	7,134281955918100E-001	4,000000000000000E+000
1,4691325E-001	7,048762469914631E-001	4,000000000000000E+000
1,4590892E-001	6,938907628775457E-001	4,000000000000000E+000
1,4494409E-001	6,847702294018940E-001	4,000000000000000E+000
1,4388584E-001	6,734814043932916E-001	4,000000000000000E+000
1,4296047E-001	6,622562228262208E-001	4,000000000000000E+000
1,4197376E-001	6,513365536359033E-001	4,000000000000000E+000
1,4097305E-001	6,407117905974800E-001	4,000000000000000E+000
1,3990800E-001	6,321704044886349E-001	4,000000000000000E+000
1,3890769E-001	6,202133213195742E-001	4,000000000000000E+000
1,3798191E-001	6,082349717164295E-001	4,000000000000000E+000
1,3692367E-001	6,009071450809840E-001	4,000000000000000E+000
1,3598005E-001	5,886275595403276E-001	4,000000000000000E+000
1,3492440E-001	5,658908427447193E-001	4,000000000000000E+000
1,3385467E-001	5,687931007123552E-001	4,000000000000000E+000
1,3291636E-001	5,549053861953581E-001	4,000000000000000E+000
1,3191755E-001	5,447049265623924E-001	4,000000000000000E+000
1,3095015E-001	5,357074236962944E-001	4,000000000000000E+000
1,2991738E-001	5,239136844304297E-001	4,000000000000000E+000
1,2894702E-001	5,134968128469264E-001	4,000000000000000E+000
1,2793994E-001	4,982301155040574E-001	4,000000000000000E+000
1,2693773E-001	4,898669178688189E-001	4,000000000000000E+000
1,2591726E-001	4,809988196098467E-001	4,000000000000000E+000
1,2491971E-001	4,686428678105599E-001	4,000000000000000E+000
1,2395509E-001	4,568767157551417E-001	4,000000000000000E+000
1,2297561E-001	4,446395617107762E-001	4,000000000000000E+000
1,2188571E-001	4,340402612514369E-001	4,000000000000000E+000
1,2093329E-001	4,194502690742317E-001	4,000000000000000E+000
1,1988813E-001	4,056856211003232E-001	4,000000000000000E+000
1,1890672E-001	3,988520662791810E-001	4,000000000000000E+000
1,1794550E-001	3,918084951195242E-001	4,000000000000000E+000
1,1692800E-001	3,792446358452768E-001	4,000000000000000E+000
1,1588078E-001	3,710193648649809E-001	4,000000000000000E+000
1,1485926E-001	3,613195965687432E-001	4,000000000000000E+000
1,1394007E-001	3,531261511121162E-001	4,000000000000000E+000
1,1295356E-001	3,432375384016071E-001	4,000000000000000E+000
1,1187408E-001	3,374202426251331E-001	4,000000000000000E+000
1,1094023E-001	3,261526225057116E-001	4,000000000000000E+000
1,0996435E-001	3,185022970040645E-001	4,000000000000000E+000
1,0884517E-001	3,122309661573839E-001	4,000000000000000E+000
1,0793637E-001	3,037871615411447E-001	4,000000000000000E+000
1,0693396E-001	2,982201815337051E-001	4,000000000000000E+000
1,0594342E-001	2,890105285979292E-001	4,000000000000000E+000
1,0494206E-001	2,813919964763860E-001	4,000000000000000E+000
1,0393709E-001	2,761581019310846E-001	4,000000000000000E+000
1,0291898E-001	2,670481581913515E-001	4,000000000000000E+000
1,0191136E-001	2,485609029730174E-001	4,000000000000000E+000
1,0095854E-001	2,551992550207721E-001	4,000000000000000E+000
9,6086547E-002	2,024382606552013E-001	4,000000000000000E+000
9,1221035E-002	1,719288901464702E-001	4,000000000000000E+000
9,0367004E-002	2,048032375815736E-001	4,000000000000000E+000
8,9512542E-002	1,948632387308558E-001	4,000000000000000E+000
8,8420965E-002	1,683489816399144E-001	4,000000000000000E+000
8,7386481E-002	1,610956090735267E-001	4,000000000000000E+000
8,6481720E-002	1,640153240199043E-001	4,000000000000000E+000
8,5471444E-002	1,610264894035125E-001	4,000000000000000E+000
8,4438890E-002	1,504307376356646E-001	4,000000000000000E+000
8,3442405E-002	1,407787607604405E-001	4,000000000000000E+000
8,2437225E-002	1,354294577435620E-001	4,000000000000000E+000
8,1358179E-002	1,311354656386865E-001	4,000000000000000E+000
8,0466568E-002	1,245130537798915E-001	4,000000000000000E+000
7,9476051E-002	1,165172062642845E-001	4,000000000000000E+000
7,8367695E-002	1,100477028052813E-001	4,000000000000000E+000
7,7577129E-002	1,041558972178289E-001	4,000000000000000E+000
7,6410599E-002	9,225586493751803E-002	4,000000000000000E+000
7,5300179E-002	7,680539561584343E-002	4,000000000000000E+000
7,4491151E-002	8,015945107035805E-002	4,000000000000000E+000
7,3349692E-002	8,187305439140702E-002	4,000000000000000E+000
7,2377414E-002	7,221067650567004E-002	4,000000000000000E+000
7,1440794E-002	6,053609186751108E-002	4,000000000000000E+000
7,0422038E-002	5,507693386769252E-002	4,000000000000000E+000
6,9337040E-002	5,184674230743738E-002	4,000000000000000E+000
6,8455197E-002	4,591867194378418E-002	4,000000000000000E+000
6,7430906E-002	3,529197200704304E-002	4,000000000000000E+000
6,6493444E-002	2,862289667528894E-002	4,000000000000000E+000
6,5442413E-002	2,411852433093981E-002	4,000000000000000E+000
6,4475656E-002	1,647388188818393E-002	4,000000000000000E+000
6,3452013E-002	9,846163654906898E-003	4,000000000000000E+000
6,2365528E-002	4,762176838186066E-003	4,000000000000000E+000
6,1469041E-002	-2,482271162477900E-003	4,000000000000000E+000
6,0564697E-002	-1,163247308775481E-002	4,000000000000000E+000
5,9451252E-002	-1,818744837166577E-002	4,000000000000000E+000
5,8482371E-002	-2,295501199033528E-002	4,000000000000000E+000
5,7384219E-002	-3,005715435534101E-002	4,000000000000000E+000
5,6443784E-002	-3,789267125911366E-002	4,000000000000000E+000
5,5489969E-002	-4,488432096938294E-002	4,000000000000000E+000
5,4386295E-002	-5,162656440532176E-002	4,000000000000000E+000
5,3469535E-002	-6,071335261124944E-002	4,000000000000000E+000
5,2556839E-002	-7,853530292535055E-002	4,000000000000000E+000
5,1286727E-002	-7,971446584916642E-002	4,000000000000000E+000
5,0677039E-002	-7,465742169329648E-002	4,000000000000000E+000
4,9639586E-002	-8,309524327341922E-002	4,000000000000000E+000
4,8333816E-002	-9,771986853512393E-002	4,000000000000000E+000
4,7502287E-002	-1,037359481884375E-001	4,000000000000000E+000
4,6159152E-002	-1,064694492152840E-001	4,000000000000000E+000
4,5992274E-002	-1,130405397222298E-001	4,000000000000000E+000
4,4495448E-002	-1,208832713778563E-001	4,000000000000000E+000
4,3471802E-002	-1,293170751111259E-001	4,000000000000000E+000
4,2486582E-002	-1,358226381384560E-001	4,000000000000000E+000
4,1514087E-002	-1,417545121577048E-001	4,000000000000000E+000
4,0452231E-002	-1,486774516573254E-001	4,000000000000000E+000
3,9644901E-002	-1,562909202443230E-001	4,000000000000000E+000
3,8442727E-002	-1,638513638883723E-001	4,000000000000000E+000
3,7489980E-002	-1,702723077259078E-001	4,000000000000000E+000
3,6631484E-002	-1,776261857756056E-001	4,000000000000000E+000
3,5453722E-002	-1,835930707068960E-001	4,000000000000000E+000
3,4429867E-002	-1,904801541531922E-001	4,000000000000000E+000
3,3595785E-002	-1,982516195696206E-001	4,000000000000000E+000
3,2397855E-002	-2,058818401904610E-001	4,000000000000000E+000
3,1547006E-002	-2,120088512698810E-001	4,000000000000000E+000
3,0569209E-002	-2,186743102081694E-001	4,000000000000000E+000
2,9469602E-002	-2,364680627296253E-001	4,000000000000000E+000
2,8379509E-002	-2,445461778519931E-001	4,000000000000000E+000
2,7532056E-002	-2,396367414815654E-001	4,000000000000000E+000
2,6455550E-002	-2,449160726876771E-001	4,000000000000000E+000
2,5625290E-002	-2,601930467903402E-001	4,000000000000000E+000
2,4332469E-002	-2,662655689249129E-001	4,000000000000000E+000
2,3549128E-002	-2,678830991531456E-001	4,000000000000000E+000
2,2353107E-002	-2,736238947545635E-001	4,000000000000000E+000
2,1466168E-002	-2,848510114967620E-001	4,000000000000000E+000
2,0566279E-002	-2,930058960143160E-001	4,000000000000000E+000
1,9420996E-002	-2,995464432169679E-001	4,000000000000000E+000
1,8437684E-002	-3,040141288462710E-001	4,000000000000000E+000
1,7434839E-002	-3,113060933990504E-001	4,000000000000000E+000
1,6561484E-002	-3,208140571110167E-001	4,000000000000000E+000
1,5304332E-002	-3,280848104946532E-001	4,000000000000000E+000
1,4468338E-002	-3,347685186114777E-001	4,000000000000000E+000
1,3543614E-002	-3,405863216095097E-001	4,000000000000000E+000
1,2375615E-002	-3,478869442737462E-001	4,000000000000000E+000
1,1608192E-002	-3,550669335656673E-001	4,000000000000000E+000
1,0335965E-002	-3,617421664724434E-001	4,000000000000000E+000
9,4664320E-003	-3,698448984327545E-001	4,000000000000000E+000
8,5378867E-003	-3,781588521152237E-001	4,000000000000000E+000
7,6558278E-003	-3,939028617977680E-001	4,000000000000000E+000
6,4950846E-003	-4,031711649279011E-001	4,000000000000000E+000
5,4270704E-003	-3,987730542818708E-001	4,000000000000000E+000
4,4762348E-003	-4,024392947839162E-001	4,000000000000000E+000
3,5122389E-003	-4,154205009625810E-001	4,000000000000000E+000
2,5202218E-003	-4,250029471069059E-001	4,000000000000000E+000
1,4229127E-003	-4,305025784221170E-001	4,000000000000000E+000
5,1283598E-004	-4,372535430722762E-001	4,000000000000000E+000
-8,6036693E-005	-4,454447073383365E-001	4,000000000000000E+000
-1,7115015E-003	-4,495569486041641E-001	4,000000000000000E+000
-2,7258086E-003	-4,588462671898803E-001	4,000000000000000E+000
-3,4076839E-003	-4,665848719434704E-001	4,000000000000000E+000
-4,5032948E-003	-4,731338951322770E-001	4,000000000000000E+000
-5,5042286E-003	-4,807634798732270E-001	4,000000000000000E+000
-6,4794756E-003	-4,883943443096044E-001	4,000000000000000E+000
-7,9968888E-003	-4,943082174350906E-001	4,000000000000000E+000
-8,3034514E-003	-5,020105754503872E-001	4,000000000000000E+000
-9,3506621E-003	-5,104471349623063E-001	4,000000000000000E+000
-1,0851942E-002	-5,168852085351112E-001	4,000000000000000E+000
-1,1209877E-002	-5,236247024084957E-001	4,000000000000000E+000
-1,2444107E-002	-5,321233953323414E-001	4,000000000000000E+000
-1,3598897E-002	-5,426474651839168E-001	4,000000000000000E+000
-1,4249579E-002	-5,599517399095930E-001	4,000000000000000E+000
-1,5572969E-002	-5,593349628745479E-001	4,000000000000000E+000
-1,6529536E-002	-5,576443146241608E-001	4,000000000000000E+000
-1,7324345E-002	-5,657510746710197E-001	4,000000000000000E+000
-1,8425472E-002	-5,789371571089674E-001	4,000000000000000E+000
-1,9579461E-002	-5,856516243851120E-001	4,000000000000000E+000
-2,0374695E-002	-5,897897452685139E-001	4,000000000000000E+000
-2,1458207E-002	-5,975030793084040E-001	4,000000000000000E+000
-2,2421565E-002	-6,070943905700332E-001	4,000000000000000E+000
-2,3587229E-002	-6,144404816441256E-001	4,000000000000000E+000
-2,4372695E-002	-6,202688736246067E-001	4,000000000000000E+000
-2,5557254E-002	-6,273073686493778E-001	4,000000000000000E+000
-2,6386663E-002	-6,337053570249633E-001	4,000000000000000E+000
-2,7455527E-002	-6,412335491040713E-001	4,000000000000000E+000
-2,8525665E-002	-6,492521056724296E-001	4,000000000000000E+000
-2,9423853E-002	-6,562814892709454E-001	4,000000000000000E+000
-3,0492082E-002	-6,628337587204030E-001	4,000000000000000E+000
-3,1439308E-002	-6,707299274728697E-001	4,000000000000000E+000
-3,2468688E-002	-6,779417252400881E-001	4,000000000000000E+000
-3,3545196E-002	-6,848361849552020E-001	4,000000000000000E+000
-3,4390528E-002	-6,925843556722011E-001	4,000000000000000E+000
-3,5580069E-002	-6,997106465795575E-001	4,000000000000000E+000
-3,6482789E-002	-7,185054667837285E-001	4,000000000000000E+000
-3,7346590E-002	-7,234672713093460E-001	4,000000000000000E+000
-3,8500790E-002	-7,198731582741118E-001	4,000000000000000E+000
-3,9520193E-002	-7,255889390621100E-001	4,000000000000000E+000
-4,0472090E-002	-7,387497925665238E-001	4,000000000000000E+000
-4,1590199E-002	-7,462807025941522E-001	4,000000000000000E+000
-4,2530004E-002	-7,503617718531252E-001	4,000000000000000E+000
-4,3408874E-002	-7,576159787131478E-001	4,000000000000000E+000
-4,4398554E-002	-7,659817227912669E-001	4,000000000000000E+000
-4,5483977E-002	-7,729377216762949E-001	4,000000000000000E+000
-4,6337582E-002	-7,795987843096057E-001	4,000000000000000E+000
-4,7451448E-002	-7,873437054998558E-001	4,000000000000000E+000
-4,8453018E-002	-7,944698047358560E-001	4,000000000000000E+000
-4,9419567E-002	-8,013312158226551E-001	4,000000000000000E+000
-5,0469961E-002	-8,083513077193256E-001	4,000000000000000E+000
-5,1442448E-002	-8,143334440343688E-001	4,000000000000000E+000
-5,2484993E-002	-8,219971966464090E-001	4,000000000000000E+000
-5,3474464E-002	-8,301807370217915E-001	4,000000000000000E+000
-5,4420203E-002	-8,364601782911114E-001	4,000000000000000E+000
-5,5430897E-002	-8,429658108054596E-001	4,000000000000000E+000
-5,6546677E-002	-8,503391698856531E-001	4,000000000000000E+000
-5,7401311E-002	-8,574067163281160E-001	4,000000000000000E+000
-5,8407135E-002	-8,769664782901384E-001	4,000000000000000E+000
-5,9418891E-002	-8,827636970414021E-001	4,000000000000000E+000
-6,0615759E-002	-8,765834669272108E-001	4,000000000000000E+000
-6,1412897E-002	-8,819467120467586E-001	4,000000000000000E+000
-6,2271807E-002	-8,949143728758706E-001	4,000000000000000E+000
-6,3481845E-002	-9,040185699058299E-001	4,000000000000000E+000
-6,4486183E-002	-9,087865919443852E-001	4,000000000000000E+000
-6,5462701E-002	-9,131215152382404E-001	4,000000000000000E+000
-6,6492930E-002	-9,213149904971942E-001	4,000000000000000E+000
-6,7385390E-002	-9,302316860218229E-001	4,000000000000000E+000
-6,8534501E-002	-9,361493672218355E-001	4,000000000000000E+000
-6,9427162E-002	-9,423310841407808E-001	4,000000000000000E+000
-7,0449114E-002	-9,492722591902645E-001	4,000000000000000E+000
-7,1198918E-002	-9,571270737150250E-001	4,000000000000000E+000
-7,2094984E-002	-9,636330332788141E-001	4,000000000000000E+000
-7,3306717E-002	-9,706121782461805E-001	4,000000000000000E+000
-7,4512504E-002	-9,773064903371647E-001	4,000000000000000E+000
-7,5343810E-002	-9,854758580525704E-001	4,000000000000000E+000
-7,6446645E-002	-9,924956979876818E-001	4,000000000000000E+000
-7,7532910E-002	-9,981707580930852E-001	4,000000000000000E+000
-7,8343228E-002	-1,004214395005775E+000	4,000000000000000E+000
-7,9481289E-002	-1,011955862437997E+000	4,000000000000000E+000
-8,0504462E-002	-1,021075457037018E+000	4,000000000000000E+000
-8,1364676E-002	-1,039144856764729E+000	4,000000000000000E+000
-8,2532041E-002	-1,038889750346746E+000	4,000000000000000E+000
-8,3486483E-002	-1,035952678493532E+000	4,000000000000000E+000
-8,4384874E-002	-1,042712698768201E+000	4,000000000000000E+000
-8,5415952E-002	-1,054931525115128E+000	4,000000000000000E+000
-8,6326674E-002	-1,063184381307411E+000	4,000000000000000E+000
-8,7337375E-002	-1,066815050305902E+000	4,000000000000000E+000
-8,8465042E-002	-1,072709343305581E+000	4,000000000000000E+000
-8,9347519E-002	-1,081613154383378E+000	4,000000000000000E+000
-9,0328917E-002	-1,087165187281141E+000	4,000000000000000E+000
-9,1603473E-002	-1,093468363759008E+000	4,000000000000000E+000
-9,6475556E-002	-1,123427142165987E+000	4,000000000000000E+000
-1,0115883E-001	-1,159084567347437E+000	4,000000000000000E+000
-1,0204535E-001	-1,167233451709356E+000	4,000000000000000E+000
-1,0304396E-001	-1,170795591535150E+000	4,000000000000000E+000
-1,0409655E-001	-1,194915559556748E+000	4,000000000000000E+000
-1,0503686E-001	-1,187481682967498E+000	4,000000000000000E+000
-1,0604396E-001	-1,194030896411274E+000	4,000000000000000E+000
-1,0704510E-001	-1,200157891105238E+000	4,000000000000000E+000
-1,0807662E-001	-1,205922159883709E+000	4,000000000000000E+000
-1,0907479E-001	-1,213825013902452E+000	4,000000000000000E+000
-1,1006106E-001	-1,222097001038492E+000	4,000000000000000E+000
-1,1106879E-001	-1,225892470166503E+000	4,000000000000000E+000
-1,1214403E-001	-1,233530073969929E+000	4,000000000000000E+000
-1,1309826E-001	-1,240117460877329E+000	4,000000000000000E+000
-1,1406162E-001	-1,246206406478046E+000	4,000000000000000E+000
-1,1513324E-001	-1,251281094504524E+000	4,000000000000000E+000
-1,1604778E-001	-1,258097681734295E+000	4,000000000000000E+000
-1,1702939E-001	-1,264746672577326E+000	4,000000000000000E+000
-1,1804009E-001	-1,273519332882849E+000	4,000000000000000E+000
-1,1903211E-001	-1,276949899452223E+000	4,000000000000000E+000
-1,1998761E-001	-1,285716121680000E+000	4,000000000000000E+000
-1,2110466E-001	-1,290186322009607E+000	4,000000000000000E+000
-1,2216651E-001	-1,294637345993479E+000	4,000000000000000E+000
-1,2316301E-001	-1,303575487108899E+000	4,000000000000000E+000
-1,2382703E-001	-1,311739261624304E+000	4,000000000000000E+000
-1,2515129E-001	-1,315477369068604E+000	4,000000000000000E+000
-1,2607367E-001	-1,320236084698173E+000	4,000000000000000E+000
-1,2714806E-001	-1,330565884605882E+000	4,000000000000000E+000
-1,2800232E-001	-1,343626284325081E+000	4,000000000000000E+000
-1,2912844E-001	-1,342030706349757E+000	4,000000000000000E+000
-1,3005041E-001	-1,349116844875326E+000	4,000000000000000E+000
-1,3108467E-001	-1,352526133543712E+000	4,000000000000000E+000
-1,3206141E-001	-1,358926828381506E+000	4,000000000000000E+000
-1,3306384E-001	-1,364871482830489E+000	4,000000000000000E+000
-1,3408409E-001	-1,370020435139949E+000	4,000000000000000E+000
-1,3514805E-001	-1,374726115286151E+000	4,000000000000000E+000
-1,3603331E-001	-1,380651684555540E+000	4,000000000000000E+000
-1,3709560E-001	-1,386625935245917E+000	4,000000000000000E+000
-1,3809736E-001	-1,392441212354843E+000	4,000000000000000E+000
-1,3911995E-001	-1,396612161511756E+000	4,000000000000000E+000
-1,4011282E-001	-1,402202407519013E+000	4,000000000000000E+000
-1,4111036E-001	-1,404058753073009E+000	4,000000000000000E+000
-1,4207755E-001	-1,411891641560945E+000	4,000000000000000E+000
-1,4305449E-001	-1,417498821133949E+000	4,000000000000000E+000
-1,4399642E-001	-1,422117530523483E+000	4,000000000000000E+000
-1,4515889E-001	-1,427440379953222E+000	4,000000000000000E+000
-1,4606090E-001	-1,430900742222246E+000	4,000000000000000E+000
-1,4706945E-001	-1,435782487866369E+000	4,000000000000000E+000
-1,4812134E-001	-1,439824043928329E+000	4,000000000000000E+000
-1,4905795E-001	-1,443591904593632E+000	4,000000000000000E+000
-1,5012302E-001	-1,448074802264781E+000	4,000000000000000E+000
-1,5115663E-001	-1,453293758470359E+000	4,000000000000000E+000
-1,5209557E-001	-1,455886287433611E+000	4,000000000000000E+000
-1,5300694E-001	-1,459794196817608E+000	4,000000000000000E+000
-1,5407793E-001	-1,461629327412485E+000	4,000000000000000E+000
-1,5512320E-001	-1,463197170911979E+000	4,000000000000000E+000
-1,5601270E-001	-1,469207532652138E+000	4,000000000000000E+000
-1,5706863E-001	-1,469404888106510E+000	4,000000000000000E+000
-1,5819374E-001	-1,469922619897670E+000	4,000000000000000E+000
-1,5905201E-001	-1,470887822849264E+000	4,000000000000000E+000
-1,6009243E-001	-1,474180509258680E+000	4,000000000000000E+000
-1,6099042E-001	-1,475650816767788E+000	4,000000000000000E+000
-1,6207562E-001	-1,476722115392066E+000	4,000000000000000E+000
-1,6312200E-001	-1,479083412999492E+000	4,000000000000000E+000
-1,6404861E-001	-1,481474487214445E+000	4,000000000000000E+000
-1,6508415E-001	-1,483375353557570E+000	4,000000000000000E+000
-1,6616489E-001	-1,485429072105843E+000	4,000000000000000E+000
-1,6704272E-001	-1,489515133926442E+000	4,000000000000000E+000
-1,6802135E-001	-1,491904014462813E+000	4,000000000000000E+000
-1,6916324E-001	-1,496531129659462E+000	4,000000000000000E+000
-1,7002849E-001	-1,516074938518507E+000	4,000000000000000E+000
-1,7101987E-001	-1,508655848447237E+000	4,000000000000000E+000
-1,7209892E-001	-1,514430748867905E+000	4,000000000000000E+000
-1,7300476E-001	-1,516921431214232E+000	4,000000000000000E+000
-1,7409316E-001	-1,523767736223011E+000	4,000000000000000E+000
-1,7512465E-001	-1,528910399259380E+000	4,000000000000000E+000
-1,7593837E-001	-1,535374712897465E+000	4,000000000000000E+000
-1,7717493E-001	-1,540625637060856E+000	4,000000000000000E+000
-1,7806907E-001	-1,553202258992113E+000	4,000000000000000E+000
-1,7909527E-001	-1,556796100404529E+000	4,000000000000000E+000
-1,8010597E-001	-1,561429646280079E+000	4,000000000000000E+000
-1,8106763E-001	-1,571816713005919E+000	4,000000000000000E+000
-1,8208662E-001	-1,579912527904117E+000	4,000000000000000E+000
-1,8308075E-001	-1,585413753210251E+000	4,000000000000000E+000
-1,8411672E-001	-1,594928922416230E+000	4,000000000000000E+000
-1,8505862E-001	-1,601429337376937E+000	4,000000000000000E+000
-1,8606062E-001	-1,610002750272140E+000	4,000000000000000E+000
-1,8707746E-001	-1,617094994367408E+000	4,000000000000000E+000
-1,8805847E-001	-1,624195863415174E+000	4,000000000000000E+000
-1,8911289E-001	-1,631120598590414E+000	4,000000000000000E+000
-1,9005397E-001	-1,641225632305979E+000	4,000000000000000E+000
-1,9105724E-001	-1,648033661586744E+000	4,000000000000000E+000
-1,9205174E-001	-1,670193315328411E+000	4,000000000000000E+000
-1,9309534E-001	-1,664376053545205E+000	4,000000000000000E+000
-1,9399822E-001	-1,676526247678943E+000	4,000000000000000E+000
-1,9510593E-001	-1,682173784253081E+000	4,000000000000000E+000
-1,9615632E-001	-1,690961254967583E+000	4,000000000000000E+000
-1,9706364E-001	-1,696816705607082E+000	4,000000000000000E+000
-1,9811957E-001	-1,706083752551223E+000	4,000000000000000E+000
-1,9900087E-001	-1,712421601804500E+000	4,000000000000000E+000
-1,9937384E-001	-1,718395113945007E+000	4,000000000000000E+000
-1,9954610E-001	-1,714843750000000E+000	4,000000000000000E+000
-1,9895798E-001	-1,446356284069933E+000	4,000000000000000E+000
-1,9786230E-001	-1,421050374991161E+000	4,000000000000000E+000
-1,9687474E-001	-1,384120345891765E+000	4,000000000000000E+000
-1,9586922E-001	-1,337910746431186E+000	4,000000000000000E+000
-1,9483873E-001	-1,331234227012222E+000	4,000000000000000E+000
-1,9387877E-001	-1,309437314669289E+000	4,000000000000000E+000
-1,9288377E-001	-1,289384388649420E+000	4,000000000000000E+000
-1,9182554E-001	-1,271030723272510E+000	4,000000000000000E+000
-1,9086601E-001	-1,253769710556501E+000	4,000000000000000E+000
-1,8976869E-001	-1,236394225774955E+000	4,000000000000000E+000
-1,8885435E-001	-1,219833258513569E+000	4,000000000000000E+000
-1,8789424E-001	-1,191086112081805E+000	4,000000000000000E+000
-1,8687588E-001	-1,188226272274427E+000	4,000000000000000E+000
-1,8578325E-001	-1,171476634206353E+000	4,000000000000000E+000
-1,8486893E-001	-1,156528027715265E+000	4,000000000000000E+000
-1,8384378E-001	-1,144558209705995E+000	4,000000000000000E+000
-1,8285263E-001	-1,127486031722380E+000	4,000000000000000E+000
-1,8187866E-001	-1,114712231003471E+000	4,000000000000000E+000
-1,8084778E-001	-1,102468609124321E+000	4,000000000000000E+000
-1,7984855E-001	-1,085689245878406E+000	4,000000000000000E+000
-1,7885439E-001	-1,074311374932422E+000	4,000000000000000E+000
-1,7774478E-001	-1,060521152284410E+000	4,000000000000000E+000
-1,7684317E-001	-1,031610742793417E+000	4,000000000000000E+000
-1,7582107E-001	-1,031368829646251E+000	4,000000000000000E+000
-1,7489187E-001	-1,020935075538647E+000	4,000000000000000E+000
-1,7379989E-001	-1,005916573443555E+000	4,000000000000000E+000
-1,7287028E-001	-9,964734124951047E-001	4,000000000000000E+000
-1,7188653E-001	-9,839753365376973E-001	4,000000000000000E+000
-1,7081003E-001	-9,714857262895542E-001	4,000000000000000E+000
-1,6983944E-001	-9,613340453167130E-001	4,000000000000000E+000
-1,6881324E-001	-9,486216906613348E-001	4,000000000000000E+000
-1,6783270E-001	-9,364842180317875E-001	4,000000000000000E+000
-1,6684641E-001	-9,272512410793219E-001	4,000000000000000E+000
-1,6586247E-001	-9,145642795548277E-001	4,000000000000000E+000
-1,6483286E-001	-9,044147332509347E-001	4,000000000000000E+000
-1,6385734E-001	-8,795713237874834E-001	4,000000000000000E+000
-1,6286670E-001	-8,816504835849628E-001	4,000000000000000E+000
-1,6182353E-001	-8,694578170543554E-001	4,000000000000000E+000
-1,6080920E-001	-8,604009523470371E-001	4,000000000000000E+000
-1,5988027E-001	-8,502365501675104E-001	4,000000000000000E+000
-1,5884960E-001	-8,417991064747596E-001	4,000000000000000E+000
-1,5784930E-001	-8,293094943769077E-001	4,000000000000000E+000
-1,5683837E-001	-8,204944023681389E-001	4,000000000000000E+000
-1,5586931E-001	-8,100478251775094E-001	4,000000000000000E+000
-1,5487836E-001	-7,984492683317521E-001	4,000000000000000E+000
-1,5388824E-001	-7,900606960627361E-001	4,000000000000000E+000
-1,5288964E-001	-7,790307130845662E-001	4,000000000000000E+000
-1,5184283E-001	-7,690741924258591E-001	4,000000000000000E+000
-1,5084977E-001	-7,591071356760555E-001	4,000000000000000E+000
-1,4990741E-001	-7,489364713999516E-001	4,000000000000000E+000
-1,4881928E-001	-7,380549510320016E-001	4,000000000000000E+000
-1,4787927E-001	-7,205796599155292E-001	4,000000000000000E+000
-1,4685351E-001	-7,170048359936723E-001	4,000000000000000E+000
-1,4584875E-001	-7,084231152613132E-001	4,000000000000000E+000
-1,4489643E-001	-7,008130682839253E-001	4,000000000000000E+000
-1,4379084E-001	-6,917010369426073E-001	4,000000000000000E+000
-1,4291452E-001	-6,821582435190443E-001	4,000000000000000E+000
-1,4183398E-001	-6,726918253633714E-001	4,000000000000000E+000
-1,4085321E-001	-6,639998606794193E-001	4,000000000000000E+000
-1,3986205E-001	-6,548771218319125E-001	4,000000000000000E+000
-1,3885646E-001	-6,436243723405299E-001	4,000000000000000E+000
-1,3784574E-001	-6,361161588251383E-001	4,000000000000000E+000
-1,3695987E-001	-6,258202861321855E-001	4,000000000000000E+000
-1,3572563E-001	-6,179089807232643E-001	4,000000000000000E+000
-1,3481875E-001	-6,099679956031565E-001	4,000000000000000E+000
-1,3381186E-001	-5,986918979906495E-001	4,000000000000000E+000
-1,3285127E-001	-5,893166852636362E-001	4,000000000000000E+000
-1,3186795E-001	-5,817236583809251E-001	4,000000000000000E+000
-1,3083032E-001	-5,569947648780520E-001	4,000000000000000E+000
-1,2982643E-001	-5,619592147995709E-001	4,000000000000000E+000
-1,2885818E-001	-5,516250902437623E-001	4,000000000000000E+000
-1,2788802E-001	-5,431919384734805E-001	4,000000000000000E+000
-1,2679772E-001	-5,327050730185063E-001	4,000000000000000E+000
-1,2587404E-001	-5,234041272908350E-001	4,000000000000000E+000
-1,2486314E-001	-5,147906085540939E-001	4,000000000000000E+000
-1,2389936E-001	-5,070045093695308E-001	4,000000000000000E+000
-1,2279674E-001	-4,951195001485740E-001	4,000000000000000E+000
-1,2191321E-001	-4,863150242987704E-001	4,000000000000000E+000
-1,2081291E-001	-4,788004869931477E-001	4,000000000000000E+000
-1,1984787E-001	-4,679550618618826E-001	4,000000000000000E+000
-1,1888471E-001	-4,599695167206730E-001	4,000000000000000E+000
-1,1787911E-001	-4,501361098437968E-001	4,000000000000000E+000
-1,1679221E-001	-4,415947096098938E-001	4,000000000000000E+000
-1,1582480E-001	-4,319182717137871E-001	4,000000000000000E+000
-1,1488650E-001	-4,224094612614469E-001	4,000000000000000E+000
-1,1385542E-001	-3,974959995895109E-001	4,000000000000000E+000
-1,1279573E-001	-4,031308536327236E-001	4,000000000000000E+000
-1,1183831E-001	-3,921645390348409E-001	4,000000000000000E+000
-1,1087219E-001	-3,842490253090434E-001	4,000000000000000E+000
-1,0983410E-001	-3,759388513604396E-001	4,000000000000000E+000
-1,0885715E-001	-3,651252679669093E-001	4,000000000000000E+000
-1,0786431E-001	-3,568872780176904E-001	4,000000000000000E+000
-1,0684744E-001	-3,494321174091768E-001	4,000000000000000E+000
-1,0583632E-001	-3,381878621617540E-001	4,000000000000000E+000
-1,0487742E-001	-3,296591972595901E-001	4,000000000000000E+000
-1,0387160E-001	-3,180182055608984E-001	4,000000000000000E+000
-1,0285240E-001	-3,076777182318933E-001	4,000000000000000E+000
-1,0182346E-001	-2,999807154539873E-001	4,000000000000000E+000
-1,0087559E-001	-2,880299619444280E-001	4,000000000000000E+000
-9,9841543E-002	-2,786569251523661E-001	4,000000000000000E+000
-9,5288590E-002	-2,166587223887504E-001	4,000000000000000E+000
-9,0145051E-002	-1,369905537059011E-001	4,000000000000000E+000
-8,9251749E-002	-1,751391228301347E-001	4,000000000000000E+000
-8,8329144E-002	-1,925895074317747E-001	4,000000000000000E+000
-8,7481268E-002	-1,677059153314788E-001	4,000000000000000E+000
-8,6496882E-002	-1,438471118437716E-001	4,000000000000000E+000
-8,5297465E-002	-1,421500415065868E-001	4,000000000000000E+000
-8,4440254E-002	-1,426560801450649E-001	4,000000000000000E+000
-8,3355673E-002	-1,351350717902979E-001	4,000000000000000E+000
-8,2307607E-002	-1,237656526581206E-001	4,000000000000000E+000
-8,1387341E-002	-1,156338598650307E-001	4,000000000000000E+000
-8,0435246E-002	-1,112753983001715E-001	4,000000000000000E+000
-7,9250894E-002	-1,053636660492177E-001	4,000000000000000E+000
-7,8632265E-002	-9,267236154765768E-002	4,000000000000000E+000
-7,7491708E-002	-7,679179517759205E-002	4,000000000000000E+000
-7,6171279E-002	-8,077593594498489E-002	4,000000000000000E+000
-7,5434223E-002	-8,007670543318257E-002	4,000000000000000E+000
-7,4346036E-002	-7,198117443881014E-002	4,000000000000000E+000
-7,3350199E-002	-6,271900060043356E-002	4,000000000000000E+000
-7,2491921E-002	-5,583105459663784E-002	4,000000000000000E+000
-7,1161732E-002	-4,986544730733516E-002	4,000000000000000E+000
-7,0330836E-002	-4,441922774599849E-002	4,000000000000000E+000
-6,9351979E-002	-3,857387623025313E-002	4,000000000000000E+000
-6,8360180E-002	-3,171774667053884E-002	4,000000000000000E+000
-6,7377925E-002	-2,577080246474997E-002	4,000000000000000E+000
-6,6396095E-002	-1,881817578840933E-002	4,000000000000000E+000
-6,5216631E-002	-1,102168147463087E-002	4,000000000000000E+000
-6,4316958E-002	-6,049248694984688E-003	4,000000000000000E+000
-6,3529156E-002	1,271639663384728E-004	4,000000000000000E+000
-6,2179446E-002	8,111135119937302E-003	4,000000000000000E+000
-6,1363619E-002	1,509514870122075E-002	4,000000000000000E+000
-6,0753703E-002	2,012081332577509E-002	4,000000000000000E+000
-5,9068166E-002	2,620793907650903E-002	4,000000000000000E+000
-5,8347233E-002	3,341930336480610E-002	4,000000000000000E+000
-5,7328466E-002	3,982645986009931E-002	4,000000000000000E+000
-5,6388669E-002	4,619564918296726E-002	4,000000000000000E+000
-5,5353560E-002	5,241469100292329E-002	4,000000000000000E+000
-5,4383162E-002	6,128600651249555E-002	4,000000000000000E+000
-5,3474419E-002	7,930328448613477E-002	4,000000000000000E+000
-5,2310456E-002	8,124762869718105E-002	4,000000000000000E+000
-5,1406749E-002	7,676213238947728E-002	4,000000000000000E+000
-5,0401356E-002	8,321022177794174E-002	4,000000000000000E+000
-4,9344167E-002	9,587098653234245E-002	4,000000000000000E+000
-4,8489075E-002	1,033801103460268E-001	4,000000000000000E+000
-4,7433157E-002	1,071604403356715E-001	4,000000000000000E+000
-4,6285111E-002	1,122798443668420E-001	4,000000000000000E+000
-4,5517907E-002	1,198672248913983E-001	4,000000000000000E+000
-4,4430993E-002	1,287417245750679E-001	4,000000000000000E+000
-4,3429635E-002	1,357910593522118E-001	4,000000000000000E+000
-4,2402171E-002	1,412754486518677E-001	4,000000000000000E+000
-4,1550465E-002	1,468578208053568E-001	4,000000000000000E+000
-4,0466744E-002	1,545762755348630E-001	4,000000000000000E+000
-3,9345872E-002	1,611700572959505E-001	4,000000000000000E+000
-3,8278922E-002	1,677882260119079E-001	4,000000000000000E+000
-3,7499398E-002	1,752689367567655E-001	4,000000000000000E+000
-3,6476385E-002	1,830497306655157E-001	4,000000000000000E+000
-3,5421744E-002	1,888904232117867E-001	4,000000000000000E+000
-3,4519099E-002	1,957351000488012E-001	4,000000000000000E+000
-3,3247504E-002	2,022275170376004E-001	4,000000000000000E+000
-3,2441657E-002	2,095226512044770E-001	4,000000000000000E+000
-3,1521603E-002	2,171314607063946E-001	4,000000000000000E+000
-3,0334497E-002	2,327078869631014E-001	4,000000000000000E+000
-2,9518705E-002	2,425774620981734E-001	4,000000000000000E+000
-2,8263252E-002	2,386359620140861E-001	4,000000000000000E+000
-2,7459312E-002	2,406114922972239E-001	4,000000000000000E+000
-2,6602518E-002	2,507635411004432E-001	4,000000000000000E+000
-2,5324773E-002	2,613276874083870E-001	4,000000000000000E+000
-2,4399834E-002	2,686985447718241E-001	4,000000000000000E+000
-2,3596533E-002	2,736332156992938E-001	4,000000000000000E+000
-2,2284398E-002	2,805095180810895E-001	4,000000000000000E+000
-2,1415500E-002	2,878727193650175E-001	4,000000000000000E+000
-2,0542787E-002	2,946372271269668E-001	4,000000000000000E+000
-1,9270560E-002	3,014371453803810E-001	4,000000000000000E+000
-1,8538797E-002	3,085072513398099E-001	4,000000000000000E+000
-1,7414317E-002	3,149689312752644E-001	4,000000000000000E+000
-1,6395338E-002	3,225278812007879E-001	4,000000000000000E+000
-1,5382730E-002	3,293481717507043E-001	4,000000000000000E+000
-1,4466071E-002	3,364329191002371E-001	4,000000000000000E+000
-1,3444758E-002	3,433077333417416E-001	4,000000000000000E+000
-1,2489677E-002	3,505525975164741E-001	4,000000000000000E+000
-1,1347152E-002	3,564083340526034E-001	4,000000000000000E+000
-1,0450661E-002	3,642455418335500E-001	4,000000000000000E+000
-9,4034513E-003	3,724212523278165E-001	4,000000000000000E+000
-8,3514694E-003	3,799244301303082E-001	4,000000000000000E+000
-7,5682588E-003	3,974587867657342E-001	4,000000000000000E+000
-6,4588478E-003	3,997976270103312E-001	4,000000000000000E+000
-5,3110160E-003	3,974908154018006E-001	4,000000000000000E+000
-4,4850023E-003	4,046347527441352E-001	4,000000000000000E+000
-3,4851304E-003	4,157572829863083E-001	4,000000000000000E+000
-2,3735985E-003	4,243480408331379E-001	4,000000000000000E+000
-1,5015199E-003	4,294148350470817E-001	4,000000000000000E+000
-2,7832758E-004	4,353993097255557E-001	4,000000000000000E+000
1,0889550E-004	4,419270243728528E-001	4,000000000000000E+000
4,2559684E-004	4,457734525203705E-001	5,000000000000000E+000
1,2710110E-003	4,499225831694078E-001	5,000000000000000E+000
2,1566756E-003	4,568139176828687E-001	5,000000000000000E+000
3,1809595E-003	4,623990233715940E-001	5,000000000000000E+000
4,2504594E-003	4,701444263660548E-001	5,000000000000000E+000
5,3498917E-003	4,771842053224754E-001	5,000000000000000E+000
6,1894911E-003	4,841058719773885E-001	5,000000000000000E+000
7,2551696E-003	4,905365720106718E-001	5,000000000000000E+000
8,3809244E-003	4,989618776404914E-001	5,000000000000000E+000
9,1328509E-003	5,054743996071096E-001	5,000000000000000E+000
1,0262427E-002	5,125021448539986E-001	5,000000000000000E+000
1,1399221E-002	5,202633808172918E-001	5,000000000000000E+000
1,2189782E-002	5,266807535598588E-001	5,000000000000000E+000
1,3553506E-002	5,334983004011331E-001	5,000000000000000E+000
1,4176741E-002	5,426705292128542E-001	5,000000000000000E+000
1,5114005E-002	5,622714246144636E-001	5,000000000000000E+000
1,6408734E-002	5,618714498834585E-001	5,000000000000000E+000
1,7198237E-002	5,592397005853442E-001	5,000000000000000E+000
1,8223582E-002	5,679886786189563E-001	5,000000000000000E+000
1,9216238E-002	5,801152038620780E-001	5,000000000000000E+000
2,0217804E-002	5,867314603140894E-001	5,000000000000000E+000
2,1413827E-002	5,902976187709204E-001	5,000000000000000E+000
2,2222642E-002	5,973180962933444E-001	5,000000000000000E+000
2,3183031E-002	6,076171563278567E-001	5,000000000000000E+000
2,4341691E-002	6,155710021654777E-001	5,000000000000000E+000
2,5394842E-002	6,202000441909243E-001	5,000000000000000E+000
2,6210669E-002	6,281555581372213E-001	5,000000000000000E+000
2,7292266E-002	6,359009544054679E-001	5,000000000000000E+000
2,8218690E-002	6,424141555455403E-001	5,000000000000000E+000
2,9312178E-002	6,490180087275785E-001	5,000000000000000E+000
3,0256433E-002	6,565858202650112E-001	5,000000000000000E+000
3,1115564E-002	6,637386403098269E-001	5,000000000000000E+000
3,2374628E-002	6,702917456859723E-001	5,000000000000000E+000
3,3201281E-002	6,770890671630525E-001	5,000000000000000E+000
3,4290522E-002	6,829641170204717E-001	5,000000000000000E+000
3,5315022E-002	6,896826234361555E-001	5,000000000000000E+000
3,6320586E-002	6,974273673646785E-001	5,000000000000000E+000
3,7127286E-002	7,162340198669375E-001	5,000000000000000E+000
3,8244549E-002	7,214598927465765E-001	5,000000000000000E+000
3,9331667E-002	7,183819442418298E-001	5,000000000000000E+000
4,0221784E-002	7,236048722406858E-001	5,000000000000000E+000
4,1242037E-002	7,332566023105738E-001	5,000000000000000E+000
4,2224288E-002	7,422704645044473E-001	5,000000000000000E+000
4,3255586E-002	7,483923559904930E-001	5,000000000000000E+000
4,4211939E-002	7,527722488416142E-001	5,000000000000000E+000
4,5263395E-002	7,598542246786462E-001	5,000000000000000E+000
4,6256259E-002	7,678344117270566E-001	5,000000000000000E+000
4,7082912E-002	7,749912381405046E-001	5,000000000000000E+000
4,8175339E-002	7,812075353900187E-001	5,000000000000000E+000
4,9373053E-002	7,862111373882126E-001	5,000000000000000E+000
5,0217960E-002	7,932748776058597E-001	5,000000000000000E+000
5,1326945E-002	8,009866004706270E-001	5,000000000000000E+000
5,2142765E-002	8,089764677246840E-001	5,000000000000000E+000
5,3192526E-002	8,151418883224153E-001	5,000000000000000E+000
5,4209378E-002	8,227105960767300E-001	5,000000000000000E+000
5,5127736E-002	8,296371466583690E-001	5,000000000000000E+000
5,6320146E-002	8,348842439526258E-001	5,000000000000000E+000
5,7151679E-002	8,428526837249422E-001	5,000000000000000E+000
5,8003802E-002	8,515342017247667E-001	5,000000000000000E+000
5,9374630E-002	8,585101590077908E-001	5,000000000000000E+000
6,0208153E-002	8,760756540577859E-001	5,000000000000000E+000
6,1121836E-002	8,798378072937734E-001	5,000000000000000E+000
6,2352668E-002	8,773888651436810E-001	5,000000000000000E+000
6,3094407E-002	8,835841622850324E-001	5,000000000000000E+000
6,4111479E-002	8,948259349757177E-001	5,000000000000000E+000
6,5295815E-002	9,034329795977110E-001	5,000000000000000E+000
6,6120766E-002	9,076571622346030E-001	5,000000000000000E+000
6,7120008E-002	9,141820727640582E-001	5,000000000000000E+000
6,8245120E-002	9,223660098181865E-001	5,000000000000000E+000
6,9228016E-002	9,295402761393553E-001	5,000000000000000E+000
7,0218965E-002	9,347612562770387E-001	5,000000000000000E+000
7,1216293E-002	9,424037995696493E-001	5,000000000000000E+000
7,2053351E-002	9,505828824541016E-001	5,000000000000000E+000
7,3117971E-002	9,559366312524737E-001	5,000000000000000E+000
7,4085355E-002	9,645180069168851E-001	5,000000000000000E+000
7,5138085E-002	9,714326534239142E-001	5,000000000000000E+000
7,6328807E-002	9,762642673837636E-001	5,000000000000000E+000
7,7107474E-002	9,852590832678185E-001	5,000000000000000E+000
7,8118809E-002	9,942347289502855E-001	5,000000000000000E+000
7,9303145E-002	9,993716716999188E-001	5,000000000000000E+000
8,0098383E-002	1,004536299733449E+000	5,000000000000000E+000
8,1156209E-002	1,011766881138710E+000	5,000000000000000E+000
8,2155317E-002	1,022674820980885E+000	5,000000000000000E+000
8,3184153E-002	1,039849786010260E+000	5,000000000000000E+000
8,4367223E-002	1,038446195281320E+000	5,000000000000000E+000
8,5109591E-002	1,036364201339895E+000	5,000000000000000E+000
8,6148538E-002	1,044175957445985E+000	5,000000000000000E+000
8,7204657E-002	1,055792463374223E+000	5,000000000000000E+000
8,8096902E-002	1,063878153567204E+000	5,000000000000000E+000
8,9175947E-002	1,068778269044643E+000	5,000000000000000E+000
9,0277925E-002	1,073843499710268E+000	5,000000000000000E+000
9,1128357E-002	1,081800439485557E+000	5,000000000000000E+000
9,2144370E-002	1,088853011140603E+000	5,000000000000000E+000
9,3242310E-002	1,095311403960091E+000	5,000000000000000E+000
9,8253772E-002	1,124534540874830E+000	5,000000000000000E+000
1,0282590E-001	1,157171110312145E+000	5,000000000000000E+000
1,0386271E-001	1,163741671764811E+000	5,000000000000000E+000
1,0484092E-001	1,169278851231667E+000	5,000000000000000E+000
1,0585775E-001	1,189741331864045E+000	5,000000000000000E+000
1,0683406E-001	1,186624735981846E+000	5,000000000000000E+000
1,0784942E-001	1,189968327681227E+000	5,000000000000000E+000
1,0885268E-001	1,198310279481422E+000	5,000000000000000E+000
1,0986912E-001	1,202638317662707E+000	5,000000000000000E+000
1,1085646E-001	1,210014923824930E+000	5,000000000000000E+000
1,1181644E-001	1,216869670677827E+000	5,000000000000000E+000
1,1286215E-001	1,222576641671671E+000	5,000000000000000E+000
1,1380747E-001	1,229057981684392E+000	5,000000000000000E+000
1,1481582E-001	1,235889453130472E+000	5,000000000000000E+000
1,1584330E-001	1,242735658798154E+000	5,000000000000000E+000
1,1687268E-001	1,249408070567164E+000	5,000000000000000E+000
1,1785578E-001	1,255507526453588E+000	5,000000000000000E+000
1,1884504E-001	1,263698841238185E+000	5,000000000000000E+000
1,1986083E-001	1,267212177419825E+000	5,000000000000000E+000
1,2085646E-001	1,275375897401119E+000	5,000000000000000E+000
1,2184296E-001	1,281944241788654E+000	5,000000000000000E+000
1,2284198E-001	1,287526146068963E+000	5,000000000000000E+000
1,2384271E-001	1,294450845983295E+000	5,000000000000000E+000
1,2488036E-001	1,300410237577228E+000	5,000000000000000E+000
1,2586346E-001	1,308383045252409E+000	5,000000000000000E+000
1,2687184E-001	1,313631746504040E+000	5,000000000000000E+000
1,2787510E-001	1,322444740656977E+000	5,000000000000000E+000
1,2883675E-001	1,326673020531113E+000	5,000000000000000E+000
1,2989545E-001	1,342692893127811E+000	5,000000000000000E+000
1,3088700E-001	1,341774337045436E+000	5,000000000000000E+000
1,3191085E-001	1,347377360643204E+000	5,000000000000000E+000
1,3274960E-001	1,354522730016871E+000	5,000000000000000E+000
1,3387005E-001	1,359707863897913E+000	5,000000000000000E+000
1,3488330E-001	1,366238061312799E+000	5,000000000000000E+000
1,3580866E-001	1,372352312396590E+000	5,000000000000000E+000
1,3686860E-001	1,379822363068041E+000	5,000000000000000E+000
1,3790861E-001	1,382887978572404E+000	5,000000000000000E+000
1,3888086E-001	1,388853761884899E+000	5,000000000000000E+000
1,3986184E-001	1,398835706757382E+000	5,000000000000000E+000
1,4084770E-001	1,402998256729916E+000	5,000000000000000E+000
1,4191234E-001	1,409131565131251E+000	5,000000000000000E+000
1,4282176E-001	1,416862658431956E+000	5,000000000000000E+000
1,4384478E-001	1,420927475284170E+000	5,000000000000000E+000
1,4483553E-001	1,428756133213440E+000	5,000000000000000E+000
1,4588910E-001	1,431862121706624E+000	5,000000000000000E+000
1,4683166E-001	1,443176378418380E+000	5,000000000000000E+000
1,4774513E-001	1,446967552493639E+000	5,000000000000000E+000
1,4903477E-001	1,452188722841030E+000	5,000000000000000E+000
1,4972897E-001	1,457252833578327E+000	5,000000000000000E+000
1,5086979E-001	1,465836611058979E+000	5,000000000000000E+000
1,5179175E-001	1,469937697544488E+000	5,000000000000000E+000
1,5289924E-001	1,473652526839739E+000	5,000000000000000E+000
1,5384457E-001	1,482497305066014E+000	5,000000000000000E+000
1,5484740E-001	1,485980909447079E+000	5,000000000000000E+000
1,5582433E-001	1,490584611116600E+000	5,000000000000000E+000
1,5682550E-001	1,512765558333030E+000	5,000000000000000E+000
1,5788116E-001	1,502840872879863E+000	5,000000000000000E+000
1,5881565E-001	1,507079783801203E+000	5,000000000000000E+000
1,5984480E-001	1,514280299345652E+000	5,000000000000000E+000
1,6083407E-001	1,516518536929254E+000	5,000000000000000E+000
1,6181229E-001	1,524622906853137E+000	5,000000000000000E+000
1,6278945E-001	1,527372359453396E+000	5,000000000000000E+000
1,6384196E-001	1,531889228072641E+000	5,000000000000000E+000
1,6481890E-001	1,535421628194552E+000	5,000000000000000E+000
1,6585360E-001	1,539272314196244E+000	5,000000000000000E+000
1,6681717E-001	1,545980620430779E+000	5,000000000000000E+000
1,6786036E-001	1,549897032039656E+000	5,000000000000000E+000
1,6881502E-001	1,553236354996142E+000	5,000000000000000E+000
1,6983992E-001	1,557903784948092E+000	5,000000000000000E+000
1,7086931E-001	1,559921431588009E+000	5,000000000000000E+000
1,7186366E-001	1,566776171818169E+000	5,000000000000000E+000
1,7285144E-001	1,569362407808919E+000	5,000000000000000E+000
1,7385894E-001	1,572114093048086E+000	5,000000000000000E+000
1,7479616E-001	1,572996557534989E+000	5,000000000000000E+000
1,7588417E-001	1,578516943199148E+000	5,000000000000000E+000
1,7679803E-001	1,577757396735251E+000	5,000000000000000E+000
1,7785227E-001	1,578811744848897E+000	5,000000000000000E+000
1,7889926E-001	1,584607887314633E+000	5,000000000000000E+000
1,7987135E-001	1,583710476859572E+000	5,000000000000000E+000
1,8086928E-001	1,583078184165064E+000	5,000000000000000E+000
1,8180484E-001	1,583731682867640E+000	5,000000000000000E+000
1,8272023E-001	1,583267147057796E+000	5,000000000000000E+000
1,8382584E-001	1,581972901347193E+000	5,000000000000000E+000
1,8482907E-001	1,581593177876330E+000	5,000000000000000E+000
1,8590878E-001	1,583231026643062E+000	5,000000000000000E+000
1,8676259E-001	1,585110718720699E+000	5,000000000000000E+000
1,8784525E-001	1,582959467881459E+000	5,000000000000000E+000
1,8876234E-001	1,584213297943478E+000	5,000000000000000E+000
1,8984607E-001	1,585783193896834E+000	5,000000000000000E+000
1,9086461E-001	1,587979180557241E+000	5,000000000000000E+000
1,9184962E-001	1,589517173227961E+000	5,000000000000000E+000
1,9283591E-001	1,593200176566214E+000	5,000000000000000E+000
1,9386700E-001	1,598298278119831E+000	5,000000000000000E+000
1,9483097E-001	1,600466556795354E+000	5,000000000000000E+000
1,9587205E-001	1,603150311831591E+000	5,000000000000000E+000
1,9682543E-001	1,613331700468226E+000	5,000000000000000E+000
1,9784249E-001	1,614362741613558E+000	5,000000000000000E+000
1,9887060E-001	1,625068138431146E+000	5,000000000000000E+000
1,9986027E-001	1,627484639485676E+000	5,000000000000000E+000
2,0042616E-001	1,636520326137543E+000	5,000000000000000E+000
2,0049347E-001	1,623135487238564E+000	5,000000000000000E+000
1,9995712E-001	1,357450561779036E+000	5,000000000000000E+000
1,9894126E-001	1,339975276030597E+000	5,000000000000000E+000
1,9793779E-001	1,303102586004469E+000	5,000000000000000E+000
1,9685575E-001	1,277737226751118E+000	5,000000000000000E+000
1,9596268E-001	1,255278315809040E+000	5,000000000000000E+000
1,9493243E-001	1,235670946202138E+000	5,000000000000000E+000
1,9392408E-001	1,216294719113250E+000	5,000000000000000E+000
1,9289298E-001	1,183221769195779E+000	5,000000000000000E+000
1,9191478E-001	1,178359175825285E+000	5,000000000000000E+000
1,9089986E-001	1,165634048533525E+000	5,000000000000000E+000
1,8986520E-001	1,149230176919243E+000	5,000000000000000E+000
1,8892793E-001	1,136927280070566E+000	5,000000000000000E+000
1,8793337E-001	1,121403772164033E+000	5,000000000000000E+000
1,8692267E-001	1,107390940098814E+000	5,000000000000000E+000
1,8595254E-001	1,091619250920811E+000	5,000000000000000E+000
1,8490402E-001	1,081395499459987E+000	5,000000000000000E+000
1,8387359E-001	1,070019696955571E+000	5,000000000000000E+000
1,8295121E-001	1,058465727992978E+000	5,000000000000000E+000
1,8192904E-001	1,028551705039319E+000	5,000000000000000E+000
1,8095383E-001	1,031668304620933E+000	5,000000000000000E+000
1,7993082E-001	1,018786204409683E+000	5,000000000000000E+000
1,7894560E-001	1,008488192184208E+000	5,000000000000000E+000
1,7794615E-001	9,977297889094627E-001	5,000000000000000E+000
1,7693123E-001	9,850470839559815E-001	5,000000000000000E+000
1,7593919E-001	9,767815146414200E-001	5,000000000000000E+000
1,7493975E-001	9,639545384949688E-001	5,000000000000000E+000
1,7391482E-001	9,561238719357377E-001	5,000000000000000E+000
1,7291644E-001	9,427793022089941E-001	5,000000000000000E+000
1,7193972E-001	9,350525604354045E-001	5,000000000000000E+000
1,7090057E-001	9,252552533289427E-001	5,000000000000000E+000
1,6989347E-001	9,138263780494320E-001	5,000000000000000E+000
1,6892628E-001	9,026054783801865E-001	5,000000000000000E+000
1,6792163E-001	8,791813298206157E-001	5,000000000000000E+000
1,6686246E-001	8,825907254358762E-001	5,000000000000000E+000
1,6589996E-001	8,717346463171349E-001	5,000000000000000E+000
1,6486463E-001	8,631868859132128E-001	5,000000000000000E+000
1,6389406E-001	8,526767215743227E-001	5,000000000000000E+000
1,6289736E-001	8,428157162852585E-001	5,000000000000000E+000
1,6193359E-001	8,318896952033508E-001	5,000000000000000E+000
1,6089188E-001	8,231509423349044E-001	5,000000000000000E+000
1,5988439E-001	8,139942880564730E-001	5,000000000000000E+000
1,5889704E-001	8,036602378124371E-001	5,000000000000000E+000
1,5792453E-001	7,959801826444988E-001	5,000000000000000E+000
1,5688625E-001	7,849756523113101E-001	5,000000000000000E+000
1,5589827E-001	7,750106836643287E-001	5,000000000000000E+000
1,5494977E-001	7,655824901044603E-001	5,000000000000000E+000
1,5385075E-001	7,548198133137898E-001	5,000000000000000E+000
1,5287508E-001	7,473264847907988E-001	5,000000000000000E+000
1,5186933E-001	7,233061658011550E-001	5,000000000000000E+000
1,5091358E-001	7,258902302192967E-001	5,000000000000000E+000
1,4990628E-001	7,160865340200786E-001	5,000000000000000E+000
1,4890726E-001	7,082304277638389E-001	5,000000000000000E+000
1,4800337E-001	7,003000054327373E-001	5,000000000000000E+000
1,4690349E-001	6,922720280191346E-001	5,000000000000000E+000
1,4590403E-001	6,807371473405510E-001	5,000000000000000E+000
1,4487295E-001	6,740436583188254E-001	5,000000000000000E+000
1,4395864E-001	6,646450801830106E-001	5,000000000000000E+000
1,4293370E-001	6,562416273971188E-001	5,000000000000000E+000
1,4192747E-001	6,497008778128976E-001	5,000000000000000E+000
1,4097770E-001	6,392012510267584E-001	5,000000000000000E+000
1,3996255E-001	6,303373652174038E-001	5,000000000000000E+000
1,3893192E-001	6,219614497774000E-001	5,000000000000000E+000
1,3798340E-001	6,142835297117308E-001	5,000000000000000E+000
1,3689458E-001	6,042931028253720E-001	5,000000000000000E+000
1,3591699E-001	5,964157827289043E-001	5,000000000000000E+000
1,3488911E-001	5,880420090139129E-001	5,000000000000000E+000
1,3394152E-001	5,688249553075169E-001	5,000000000000000E+000
1,3293950E-001	5,692641322643297E-001	5,000000000000000E+000
1,3193369E-001	5,600692537781375E-001	5,000000000000000E+000
1,3095990E-001	5,530151044044453E-001	5,000000000000000E+000
1,2993267E-001	5,441745221162098E-001	5,000000000000000E+000
1,2895869E-001	5,368509428485098E-001	5,000000000000000E+000
1,2791127E-001	5,250996292323000E-001	5,000000000000000E+000
1,2701626E-001	5,182809156249286E-001	5,000000000000000E+000
1,2592553E-001	5,122026911186452E-001	5,000000000000000E+000
1,2489679E-001	5,033196950098509E-001	5,000000000000000E+000
1,2386870E-001	4,954720662014265E-001	5,000000000000000E+000
1,2291467E-001	4,894320044938170E-001	5,000000000000000E+000
1,2193964E-001	4,774197564499159E-001	5,000000000000000E+000
1,2088902E-001	4,733612067971587E-001	5,000000000000000E+000
1,1997321E-001	4,626218965341751E-001	5,000000000000000E+000
1,1890711E-001	4,542353442003440E-001	5,000000000000000E+000
1,1794906E-001	4,467377813610574E-001	5,000000000000000E+000
1,1691609E-001	4,402627742383638E-001	5,000000000000000E+000
1,1587141E-001	4,322411714044114E-001	5,000000000000000E+000
1,1493269E-001	4,230251310315600E-001	5,000000000000000E+000
1,1390947E-001	4,002968473683310E-001	5,000000000000000E+000
1,1288647E-001	4,056750075801059E-001	5,000000000000000E+000
1,1186346E-001	3,981753046714922E-001	5,000000000000000E+000
1,1090732E-001	3,894217463287841E-001	5,000000000000000E+000
1,0989492E-001	3,814149852001330E-001	5,000000000000000E+000
1,0888720E-001	3,745241671115052E-001	5,000000000000000E+000
1,0791982E-001	3,663667753054242E-001	5,000000000000000E+000
1,0692439E-001	3,575898745394728E-001	5,000000000000000E+000
1,0589523E-001	3,484099095350963E-001	5,000000000000000E+000
1,0492126E-001	3,411690486116443E-001	5,000000000000000E+000
1,0392732E-001	3,337902320070301E-001	5,000000000000000E+000
1,0289646E-001	3,240438223001538E-001	5,000000000000000E+000
1,0194202E-001	3,155278715938845E-001	5,000000000000000E+000
1,0089206E-001	3,081809313476289E-001	5,000000000000000E+000
9,9928901E-002	3,000044366183117E-001	5,000000000000000E+000
9,5142730E-002	2,357432781923094E-001	5,000000000000000E+000
9,0347044E-002	1,986912935002094E-001	5,000000000000000E+000
8,9349084E-002	2,344219220039032E-001	5,000000000000000E+000
8,8354304E-002	2,160146445094151E-001	5,000000000000000E+000
8,7558649E-002	1,849955702135859E-001	5,000000000000000E+000
8,6376220E-002	1,782302110417124E-001	5,000000000000000E+000
8,5350871E-002	1,810364598059093E-001	5,000000000000000E+000
8,4537171E-002	1,735513048382319E-001	5,000000000000000E+000
8,3474249E-002	1,579195092635930E-001	5,000000000000000E+000
8,2351893E-002	1,473733902320316E-001	5,000000000000000E+000
8,1494033E-002	1,419171979715533E-001	5,000000000000000E+000
8,0406919E-002	1,342971648636095E-001	5,000000000000000E+000
7,9361618E-002	1,249329803233399E-001	5,000000000000000E+000
7,8396775E-002	1,163316408621744E-001	5,000000000000000E+000
7,7378854E-002	1,066855900846551E-001	5,000000000000000E+000
7,6513983E-002	9,154094364849819E-002	5,000000000000000E+000
7,5413540E-002	7,466868830993523E-002	5,000000000000000E+000
7,4349761E-002	7,574966163924213E-002	5,000000000000000E+000
7,3463254E-002	7,531213999027364E-002	5,000000000000000E+000
7,2455950E-002	6,448799550707918E-002	5,000000000000000E+000
7,1419992E-002	5,098675570641556E-002	5,000000000000000E+000
7,0422880E-002	4,272050538970174E-002	5,000000000000000E+000
6,9364846E-002	3,703293624938753E-002	5,000000000000000E+000
6,8382390E-002	3,085589030565139E-002	5,000000000000000E+000
6,7582056E-002	2,220747120736638E-002	5,000000000000000E+000
6,6294111E-002	1,333488339373112E-002	5,000000000000000E+000
6,5379158E-002	5,095354734092122E-003	5,000000000000000E+000
6,4424083E-002	-5,676108527520917E-004	5,000000000000000E+000
6,3424416E-002	-7,783853164356605E-003	5,000000000000000E+000
6,2572286E-002	-1,527601174145979E-002	5,000000000000000E+000
6,1421275E-002	-2,257029844582170E-002	5,000000000000000E+000
6,0498890E-002	-3,001897990260555E-002	5,000000000000000E+000
5,9376102E-002	-3,667681590862543E-002	5,000000000000000E+000
5,8453921E-002	-4,428774070321295E-002	5,000000000000000E+000
5,7399921E-002	-5,022492473977380E-002	5,000000000000000E+000
5,6490909E-002	-5,558652433198105E-002	5,000000000000000E+000
5,5531349E-002	-6,733895146155394E-002	5,000000000000000E+000
5,4343663E-002	-8,388375335036691E-002	5,000000000000000E+000
5,3549912E-002	-8,083870409205263E-002	5,000000000000000E+000
5,2356441E-002	-7,938617431338782E-002	5,000000000000000E+000
5,1344257E-002	-8,929349344463011E-002	5,000000000000000E+000
5,0732650E-002	-9,984724347790086E-002	5,000000000000000E+000
4,9455326E-002	-1,039906541506448E-001	5,000000000000000E+000
4,8180979E-002	-1,093692185806706E-001	5,000000000000000E+000
4,7759354E-002	-1,186441290224645E-001	5,000000000000000E+000
4,6446163E-002	-1,237117821971574E-001	5,000000000000000E+000
4,5296416E-002	-1,295147271448511E-001	5,000000000000000E+000
4,4445567E-002	-1,372193847750573E-001	5,000000000000000E+000
4,3531451E-002	-1,427534181323917E-001	5,000000000000000E+000
4,2575736E-002	-1,496485576660946E-001	5,000000000000000E+000
4,1457199E-002	-1,581383489214601E-001	5,000000000000000E+000
4,0492784E-002	-1,638988721016272E-001	5,000000000000000E+000
3,9509464E-002	-1,698063564253975E-001	5,000000000000000E+000
3,8445272E-002	-1,767420209459185E-001	5,000000000000000E+000
3,7556633E-002	-1,827977586751022E-001	5,000000000000000E+000
3,6451265E-002	-1,898725420178380E-001	5,000000000000000E+000
3,5438653E-002	-1,973076632938402E-001	5,000000000000000E+000
3,4509473E-002	-2,046144532117373E-001	5,000000000000000E+000
3,3405792E-002	-2,107208758534398E-001	5,000000000000000E+000
3,2533292E-002	-2,175727636592149E-001	5,000000000000000E+000
3,1566806E-002	-2,293977211261837E-001	5,000000000000000E+000
3,0414492E-002	-2,421206328888528E-001	5,000000000000000E+000
2,9459199E-002	-2,399067267089979E-001	5,000000000000000E+000
2,8659722E-002	-2,411300013061721E-001	5,000000000000000E+000
2,7564535E-002	-2,523689882622826E-001	5,000000000000000E+000
2,6223525E-002	-2,610700099289203E-001	5,000000000000000E+000
2,5717843E-002	-2,679842430968866E-001	5,000000000000000E+000
2,4426939E-002	-2,717781475221273E-001	5,000000000000000E+000
2,3411144E-002	-2,785422332785350E-001	5,000000000000000E+000
2,2737123E-002	-2,873828179306441E-001	5,000000000000000E+000
2,1397816E-002	-2,935728029955902E-001	5,000000000000000E+000
2,0428510E-002	-3,000420756838551E-001	5,000000000000000E+000
1,9532019E-002	-3,071079675379824E-001	5,000000000000000E+000
1,8431740E-002	-3,139481988101682E-001	5,000000000000000E+000
1,7439509E-002	-3,210789458502816E-001	5,000000000000000E+000
1,6583564E-002	-3,289401163541088E-001	5,000000000000000E+000
1,5403040E-002	-3,360554198993162E-001	5,000000000000000E+000
1,4482773E-002	-3,417544574800164E-001	5,000000000000000E+000
1,3562505E-002	-3,484014749410571E-001	5,000000000000000E+000
1,2470082E-002	-3,556204585280893E-001	5,000000000000000E+000
1,1337746E-002	-3,635005156199123E-001	5,000000000000000E+000
1,0619358E-002	-3,698200899978265E-001	5,000000000000000E+000
9,4526345E-003	-3,770980465342286E-001	5,000000000000000E+000
8,6092101E-003	-3,937509851206817E-001	5,000000000000000E+000
7,5019612E-003	-4,026814813130635E-001	5,000000000000000E+000
6,3853352E-003	-3,988163215560947E-001	5,000000000000000E+000
5,5073118E-003	-4,016980674415311E-001	5,000000000000000E+000
4,6407524E-003	-4,142521702580968E-001	5,000000000000000E+000
3,4716933E-003	-4,237221658113413E-001	5,000000000000000E+000
2,5191603E-003	-4,274356970498849E-001	5,000000000000000E+000
1,5014568E-003	-4,329703509122016E-001	5,000000000000000E+000
6,0751342E-004	-4,429913599483886E-001	5,000000000000000E+000
-6,5495027E-004	-4,504076082699218E-001	5,000000000000000E+000
-1,5514416E-003	-4,557505332761345E-001	5,000000000000000E+000
-2,6045963E-003	-4,619653250750464E-001	5,000000000000000E+000
-3,4412241E-003	-4,696528034077742E-001	5,000000000000000E+000
-4,5088138E-003	-4,778117539438724E-001	5,000000000000000E+000
-5,5755549E-003	-4,854345533466500E-001	5,000000000000000E+000
-6,4932737E-003	-4,910442740979812E-001	5,000000000000000E+000
-7,4199089E-003	-4,969903651896530E-001	5,000000000000000E+000
-8,4894095E-003	-5,054892908794697E-001	5,000000000000000E+000
-9,5979702E-003	-5,129549540320608E-001	5,000000000000000E+000
-1,0544560E-002	-5,199828700084841E-001	5,000000000000000E+000
-1,1442961E-002	-5,268141785571867E-001	5,000000000000000E+000
-1,2504820E-002	-5,335587774881985E-001	5,000000000000000E+000
-1,3441171E-002	-5,427464934829116E-001	5,000000000000000E+000
-1,4455279E-002	-5,613645881983533E-001	5,000000000000000E+000
-1,5652575E-002	-5,615563083427126E-001	5,000000000000000E+000
-1,6506821E-002	-5,593214513695175E-001	5,000000000000000E+000
-1,7371682E-002	-5,687144925080543E-001	5,000000000000000E+000
-1,8338228E-002	-5,806259266941609E-001	5,000000000000000E+000
-1,9465681E-002	-5,866912058942648E-001	5,000000000000000E+000
-2,0528810E-002	-5,908295240434303E-001	5,000000000000000E+000
-2,1495992E-002	-5,975469748631852E-001	5,000000000000000E+000
-2,2479516E-002	-6,063084252721929E-001	5,000000000000000E+000
-2,3420164E-002	-6,143681392358206E-001	5,000000000000000E+000
-2,4477564E-002	-6,211215905301861E-001	5,000000000000000E+000
-2,5627306E-002	-6,281648120428951E-001	5,000000000000000E+000
-2,6445042E-002	-6,348554992582658E-001	5,000000000000000E+000
-2,7428992E-002	-6,415073260949514E-001	5,000000000000000E+000
-2,8569819E-002	-6,500790203895637E-001	5,000000000000000E+000
-2,9387340E-002	-6,574907998243962E-001	5,000000000000000E+000
-3,0513519E-002	-6,623346923410685E-001	5,000000000000000E+000
-3,1480279E-002	-6,699842460996770E-001	5,000000000000000E+000
-3,2448731E-002	-6,780583152366404E-001	5,000000000000000E+000
-3,3627562E-002	-6,837931728223339E-001	5,000000000000000E+000
-3,4339793E-002	-6,908810900317306E-001	5,000000000000000E+000
-3,5725057E-002	-6,987951387159745E-001	5,000000000000000E+000
-3,6602303E-002	-7,193431876625596E-001	5,000000000000000E+000
-3,7257645E-002	-7,229868982944421E-001	5,000000000000000E+000
-3,8421612E-002	-7,164533189885929E-001	5,000000000000000E+000
-3,9495144E-002	-7,236700337509525E-001	5,000000000000000E+000
-4,0535562E-002	-7,370151605638142E-001	5,000000000000000E+000
-4,1469626E-002	-7,450449455969255E-001	5,000000000000000E+000
-4,2477138E-002	-7,489047859821270E-001	5,000000000000000E+000
-4,3658093E-002	-7,537718224339205E-001	5,000000000000000E+000
-4,4586632E-002	-7,614677647749533E-001	5,000000000000000E+000
-4,5016743E-002	-7,710890612151058E-001	5,000000000000000E+000
-4,6645395E-002	-7,783597711628873E-001	5,000000000000000E+000
-4,7465038E-002	-7,825988307077854E-001	5,000000000000000E+000
-4,8216544E-002	-7,895652380021723E-001	5,000000000000000E+000
-4,9901441E-002	-7,975112928284540E-001	5,000000000000000E+000
-5,0360423E-002	-8,050913990915021E-001	5,000000000000000E+000
-5,1542647E-002	-8,104430360124564E-001	5,000000000000000E+000
-5,2386701E-002	-8,170603741632991E-001	5,000000000000000E+000
-5,3454079E-002	-8,246507276522195E-001	5,000000000000000E+000
-5,4474756E-002	-8,309325679050117E-001	5,000000000000000E+000
-5,5342589E-002	-8,382667193008171E-001	5,000000000000000E+000
-5,6523323E-002	-8,450008763207322E-001	5,000000000000000E+000
-5,7401560E-002	-8,517535009369688E-001	5,000000000000000E+000
-5,8360465E-002	-8,577125396760596E-001	5,000000000000000E+000
-5,9440967E-002	-8,746388800985478E-001	5,000000000000000E+000
-6,0489245E-002	-8,829787392039873E-001	5,000000000000000E+000
-6,1419904E-002	-8,773711213660942E-001	5,000000000000000E+000
-6,2544815E-002	-8,785256942113175E-001	5,000000000000000E+000
-6,3456170E-002	-8,897176035291796E-001	5,000000000000000E+000
-6,4473018E-002	-8,991203245758586E-001	5,000000000000000E+000
-6,5377153E-002	-9,037660058432540E-001	5,000000000000000E+000
-6,6633038E-002	-9,086860727984458E-001	5,000000000000000E+000
-6,7476660E-002	-9,147988366894442E-001	5,000000000000000E+000
-6,8488859E-002	-9,209099092469053E-001	5,000000000000000E+000
-6,9361784E-002	-9,281494522001603E-001	5,000000000000000E+000
-7,0441045E-002	-9,340983264976064E-001	5,000000000000000E+000
-7,1416728E-002	-9,406516187720815E-001	5,000000000000000E+000
-7,2321914E-002	-9,472986482109671E-001	5,000000000000000E+000
-7,3683299E-002	-9,536111954754828E-001	5,000000000000000E+000
-7,4435234E-002	-9,605332826290045E-001	5,000000000000000E+000
-7,5246170E-002	-9,681915000934751E-001	5,000000000000000E+000
-7,6570839E-002	-9,760355500426767E-001	5,000000000000000E+000
-7,7383690E-002	-9,815334743923616E-001	5,000000000000000E+000
-7,8437477E-002	-9,861742067150772E-001	5,000000000000000E+000
-7,9379819E-002	-9,938468212365255E-001	5,000000000000000E+000
-8,0519579E-002	-1,001494522866172E+000	5,000000000000000E+000
-8,1447929E-002	-1,008893119740405E+000	5,000000000000000E+000
-8,2379855E-002	-1,014336577228580E+000	5,000000000000000E+000
-8,3331421E-002	-1,024340486891257E+000	5,000000000000000E+000
-8,4247328E-002	-1,042788019947082E+000	5,000000000000000E+000
-8,5792333E-002	-1,042042001590339E+000	5,000000000000000E+000
-8,6228378E-002	-1,040412773391126E+000	5,000000000000000E+000
-8,7546475E-002	-1,048584668069250E+000	5,000000000000000E+000
-8,8647172E-002	-1,060921293062467E+000	5,000000000000000E+000
-8,9243494E-002	-1,066607825600333E+000	5,000000000000000E+000
-9,0437397E-002	-1,071765163848690E+000	5,000000000000000E+000
-9,1253854E-002	-1,078667514168449E+000	5,000000000000000E+000
-9,2273466E-002	-1,084985641775548E+000	5,000000000000000E+000
-9,3490720E-002	-1,093501116032712E+000	5,000000000000000E+000
-9,8105215E-002	-1,125483581447039E+000	5,000000000000000E+000
-1,0313735E-001	-1,158738718406917E+000	5,000000000000000E+000
-1,0408224E-001	-1,164590065962535E+000	5,000000000000000E+000
-1,0512843E-001	-1,182451357146618E+000	5,000000000000000E+000
-1,0604820E-001	-1,183274611339179E+000	5,000000000000000E+000
-1,0708819E-001	-1,188871178362103E+000	5,000000000000000E+000
-1,0806812E-001	-1,196623430626157E+000	5,000000000000000E+000
-1,0899857E-001	-1,201246289549289E+000	5,000000000000000E+000
-1,1004557E-001	-1,208183822778260E+000	5,000000000000000E+000
-1,1108748E-001	-1,215382243390192E+000	5,000000000000000E+000
-1,1209456E-001	-1,221653525445923E+000	5,000000000000000E+000
-1,1309996E-001	-1,229216988560644E+000	5,000000000000000E+000
-1,1407267E-001	-1,235868071412877E+000	5,000000000000000E+000
-1,1509036E-001	-1,241536830758880E+000	5,000000000000000E+000
-1,1600913E-001	-1,248164599425060E+000	5,000000000000000E+000
-1,1706823E-001	-1,255672787523100E+000	5,000000000000000E+000
-1,1809040E-001	-1,261958976586653E+000	5,000000000000000E+000
-1,1896758E-001	-1,270761352342863E+000	5,000000000000000E+000
-1,2000395E-001	-1,275019227087299E+000	5,000000000000000E+000
-1,2120677E-001	-1,280340234438576E+000	5,000000000000000E+000
-1,2211663E-001	-1,287230904576269E+000	5,000000000000000E+000
-1,2300698E-001	-1,296934907919628E+000	5,000000000000000E+000
-1,2400451E-001	-1,301103775984501E+000	5,000000000000000E+000
-1,2512198E-001	-1,307759104788097E+000	5,000000000000000E+000
-1,2613079E-001	-1,316451218393107E+000	5,000000000000000E+000
-1,2697759E-001	-1,322654547635469E+000	5,000000000000000E+000
-1,2811290E-001	-1,326986793402790E+000	5,000000000000000E+000
-1,2911372E-001	-1,338574822422949E+000	5,000000000000000E+000
-1,3001454E-001	-1,348217262938205E+000	5,000000000000000E+000
-1,3108107E-001	-1,349742651761818E+000	5,000000000000000E+000
-1,3212232E-001	-1,354637020940169E+000	5,000000000000000E+000
-1,3307805E-001	-1,359803132764583E+000	5,000000000000000E+000
-1,3406518E-001	-1,367381325534851E+000	5,000000000000000E+000
-1,3507099E-001	-1,374501206317083E+000	5,000000000000000E+000
-1,3605666E-001	-1,379794449778274E+000	5,000000000000000E+000
-1,3708583E-001	-1,388804800756688E+000	5,000000000000000E+000
-1,3807805E-001	-1,393149821191201E+000	5,000000000000000E+000
-1,3903610E-001	-1,400991111605737E+000	5,000000000000000E+000
-1,4013362E-001	-1,405781488399947E+000	5,000000000000000E+000
-1,4108892E-001	-1,412364747789169E+000	5,000000000000000E+000
-1,4205909E-001	-1,418708238336777E+000	5,000000000000000E+000
-1,4305341E-001	-1,427230377991991E+000	5,000000000000000E+000
-1,4407367E-001	-1,433616310746096E+000	5,000000000000000E+000
-1,4504340E-001	-1,438820540128894E+000	5,000000000000000E+000
-1,4607938E-001	-1,445838597085743E+000	5,000000000000000E+000
-1,4711426E-001	-1,453353132095391E+000	5,000000000000000E+000
-1,4804238E-001	-1,459253315632748E+000	5,000000000000000E+000
-1,4909916E-001	-1,464033066450302E+000	5,000000000000000E+000
-1,5008247E-001	-1,470996112795545E+000	5,000000000000000E+000
-1,5108170E-001	-1,477555952034894E+000	5,000000000000000E+000
-1,5211636E-001	-1,484648302093976E+000	5,000000000000000E+000
-1,5302540E-001	-1,490493195312510E+000	5,000000000000000E+000
-1,5404627E-001	-1,511261196108537E+000	5,000000000000000E+000
-1,5507269E-001	-1,506695586282554E+000	5,000000000000000E+000
-1,5616807E-001	-1,511218738509346E+000	5,000000000000000E+000
-1,5705308E-001	-1,517354266899121E+000	5,000000000000000E+000
-1,5809242E-001	-1,525004539224827E+000	5,000000000000000E+000
-1,5911864E-001	-1,529788623641553E+000	5,000000000000000E+000
-1,6006395E-001	-1,535799036811416E+000	5,000000000000000E+000
-1,6104408E-001	-1,542834153942142E+000	5,000000000000000E+000
-1,6207069E-001	-1,547664904320200E+000	5,000000000000000E+000
-1,6313341E-001	-1,556600938628740E+000	5,000000000000000E+000
-1,6402142E-001	-1,561088005701698E+000	5,000000000000000E+000
-1,6509834E-001	-1,569279323409620E+000	5,000000000000000E+000
-1,6614258E-001	-1,575593153635662E+000	5,000000000000000E+000
-1,6706347E-001	-1,579957157761470E+000	5,000000000000000E+000
-1,6804892E-001	-1,587649900336846E+000	5,000000000000000E+000
-1,6907659E-001	-1,594534442708309E+000	5,000000000000000E+000
-1,7009325E-001	-1,599206000954524E+000	5,000000000000000E+000
-1,7101394E-001	-1,605596181807212E+000	5,000000000000000E+000
-1,7204267E-001	-1,611873810774547E+000	5,000000000000000E+000
-1,7309286E-001	-1,616097863194433E+000	5,000000000000000E+000
-1,7402501E-001	-1,623512713342077E+000	5,000000000000000E+000
-1,7503254E-001	-1,627208433113989E+000	5,000000000000000E+000
-1,7605002E-001	-1,632510244070239E+000	5,000000000000000E+000
-1,7708005E-001	-1,636901833453319E+000	5,000000000000000E+000
-1,7808118E-001	-1,647889350747899E+000	5,000000000000000E+000
-1,7909272E-001	-1,647129926416600E+000	5,000000000000000E+000
-1,8004513E-001	-1,657493734085516E+000	5,000000000000000E+000
-1,8107079E-001	-1,664857607645288E+000	5,000000000000000E+000
-1,8208508E-001	-1,664707068328022E+000	5,000000000000000E+000
-1,8306457E-001	-1,670503153517431E+000	5,000000000000000E+000
-1,8405510E-001	-1,673284447467363E+000	5,000000000000000E+000
-1,8505923E-001	-1,676401077329906E+000	5,000000000000000E+000
-1,8607779E-001	-1,680274931817419E+000	5,000000000000000E+000
-1,8705602E-001	-1,685636098858801E+000	5,000000000000000E+000
-1,8801492E-001	-1,688833402262791E+000	5,000000000000000E+000
-1,8909630E-001	-1,691012234659867E+000	5,000000000000000E+000
-1,9006474E-001	-1,696555886003708E+000	5,000000000000000E+000
-1,9105251E-001	-1,700911400555118E+000	5,000000000000000E+000
-1,9205706E-001	-1,704740853281685E+000	5,000000000000000E+000
-1,9313358E-001	-1,705118470721771E+000	5,000000000000000E+000
-1,9416210E-001	-1,708960588452307E+000	5,000000000000000E+000
-1,9505350E-001	-1,711423709885114E+000	5,000000000000000E+000
-1,9608352E-001	-1,713916527676497E+000	5,000000000000000E+000
-1,9709380E-001	-1,714992205301918E+000	5,000000000000000E+000
-1,9805650E-001	-1,715488660563198E+000	5,000000000000000E+000
-1,9897933E-001	-1,713190819535940E+000	5,000000000000000E+000
-1,9941588E-001	-1,717096686363220E+000	5,000000000000000E+000
-1,9963099E-001	-1,710471153259277E+000	5,000000000000000E+000
-1,9890198E-001	-1,426589721555091E+000	5,000000000000000E+000
-1,9778040E-001	-1,411770301331817E+000	5,000000000000000E+000
-1,9684900E-001	-1,353166835563670E+000	5,000000000000000E+000
-1,9578244E-001	-1,320509727475134E+000	5,000000000000000E+000
-1,9482169E-001	-1,274584310310374E+000	5,000000000000000E+000
-1,9375855E-001	-1,257015760418859E+000	5,000000000000000E+000
-1,9280283E-001	-1,227714921231380E+000	5,000000000000000E+000
-1,9177301E-001	-1,204381897942060E+000	5,000000000000000E+000
-1,9083577E-001	-1,178206106026963E+000	5,000000000000000E+000
-1,8980810E-001	-1,152985024589317E+000	5,000000000000000E+000
-1,8877876E-001	-1,119829376629141E+000	5,000000000000000E+000
-1,8780583E-001	-1,112618128458660E+000	5,000000000000000E+000
-1,8681403E-001	-1,091623269551850E+000	5,000000000000000E+000
-1,8580654E-001	-1,073269614497097E+000	5,000000000000000E+000
-1,8477586E-001	-1,058836684601070E+000	5,000000000000000E+000
-1,8379021E-001	-1,040881972294299E+000	5,000000000000000E+000
-1,8279967E-001	-1,025782798623872E+000	5,000000000000000E+000
-1,8177898E-001	-1,011598080099148E+000	5,000000000000000E+000
-1,8079823E-001	-9,950031755983559E-001	5,000000000000000E+000
-1,7979392E-001	-9,831967262240706E-001	5,000000000000000E+000
-1,7887513E-001	-9,554191397296048E-001	5,000000000000000E+000
-1,7780504E-001	-9,540274066255545E-001	5,000000000000000E+000
-1,7674826E-001	-9,436105754640387E-001	5,000000000000000E+000
-1,7572950E-001	-9,341547412202793E-001	5,000000000000000E+000
-1,7475042E-001	-9,235384453527848E-001	5,000000000000000E+000
-1,7380510E-001	-9,103614787260677E-001	5,000000000000000E+000
-1,7273392E-001	-9,033688505490627E-001	5,000000000000000E+000
-1,7181043E-001	-8,931280955956820E-001	5,000000000000000E+000
-1,7075181E-001	-8,808145412994106E-001	5,000000000000000E+000
-1,6976295E-001	-8,735906485623339E-001	5,000000000000000E+000
-1,6883697E-001	-8,646206859654439E-001	5,000000000000000E+000
-1,6777913E-001	-8,549167035639051E-001	5,000000000000000E+000
-1,6679773E-001	-8,459403713544216E-001	5,000000000000000E+000
-1,6583329E-001	-8,349846733940982E-001	5,000000000000000E+000
-1,6481857E-001	-8,278774236354778E-001	5,000000000000000E+000
-1,6379409E-001	-8,207617582261761E-001	5,000000000000000E+000
-1,6279952E-001	-7,923455838269232E-001	5,000000000000000E+000
-1,6184637E-001	-7,985108222993507E-001	5,000000000000000E+000
-1,6078982E-001	-7,927783522108172E-001	5,000000000000000E+000
-1,5980524E-001	-7,827115559484819E-001	5,000000000000000E+000
-1,5882680E-001	-7,754410281259982E-001	5,000000000000000E+000
-1,5779339E-001	-7,669357260068246E-001	5,000000000000000E+000
-1,5680434E-001	-7,586128200378468E-001	5,000000000000000E+000
-1,5581085E-001	-7,501923975586466E-001	5,000000000000000E+000
-1,5485047E-001	-7,436325067990550E-001	5,000000000000000E+000
-1,5381853E-001	-7,332580399233866E-001	5,000000000000000E+000
-1,5281059E-001	-7,272731698790758E-001	5,000000000000000E+000
-1,5187186E-001	-7,170408982654211E-001	5,000000000000000E+000
-1,5084098E-001	-7,090701818233356E-001	5,000000000000000E+000
-1,4977086E-001	-7,031425432457272E-001	5,000000000000000E+000
-1,4878860E-001	-6,937228217203604E-001	5,000000000000000E+000
-1,4782186E-001	-6,844707507277938E-001	5,000000000000000E+000
-1,4677484E-001	-6,784794669494865E-001	5,000000000000000E+000
-1,4583102E-001	-6,684720373013979E-001	5,000000000000000E+000
-1,4479297E-001	-6,596633762690343E-001	5,000000000000000E+000
-1,4376062E-001	-6,423684182292284E-001	5,000000000000000E+000
-1,4279069E-001	-6,430282420349407E-001	5,000000000000000E+000
-1,4181374E-001	-6,349938788399534E-001	5,000000000000000E+000
-1,4082809E-001	-6,274071821761842E-001	5,000000000000000E+000
-1,3977917E-001	-6,194640468133397E-001	5,000000000000000E+000
-1,3876720E-001	-6,113745838520117E-001	5,000000000000000E+000
-1,3782719E-001	-6,040276017221125E-001	5,000000000000000E+000
-1,3681161E-001	-5,955667933966549E-001	5,000000000000000E+000
-1,3580941E-001	-5,880607451286375E-001	5,000000000000000E+000
-1,3483797E-001	-5,799691063002668E-001	5,000000000000000E+000
-1,3377526E-001	-5,723973096788129E-001	5,000000000000000E+000
-1,3279089E-001	-5,639556021067402E-001	5,000000000000000E+000
-1,3179313E-001	-5,546971257620790E-001	5,000000000000000E+000
-1,3082236E-001	-5,477553819332073E-001	5,000000000000000E+000
-1,2977535E-001	-5,383526672117602E-001	5,000000000000000E+000
-1,2882176E-001	-5,328111490752132E-001	5,000000000000000E+000
-1,2784141E-001	-5,235462674690012E-001	5,000000000000000E+000
-1,2680970E-001	-5,148139574060515E-001	5,000000000000000E+000
-1,2577692E-001	-5,059797841240661E-001	5,000000000000000E+000
-1,2484758E-001	-4,814969963497568E-001	5,000000000000000E+000
-1,2384577E-001	-4,903184313766875E-001	5,000000000000000E+000
-1,2281620E-001	-4,826065417793037E-001	5,000000000000000E+000
-1,2180592E-001	-4,748883192336897E-001	5,000000000000000E+000
-1,2083259E-001	-4,654261874513592E-001	5,000000000000000E+000
-1,1983336E-001	-4,601519850936393E-001	5,000000000000000E+000
-1,1877701E-001	-4,509614047646116E-001	5,000000000000000E+000
-1,1776461E-001	-4,436462540050136E-001	5,000000000000000E+000
-1,1680190E-001	-4,350942520347116E-001	5,000000000000000E+000
-1,1581539E-001	-4,300597924609773E-001	5,000000000000000E+000
-1,1480936E-001	-4,192928857842668E-001	5,000000000000000E+000
-1,1382052E-001	-4,119120081951326E-001	5,000000000000000E+000
-1,1278606E-001	-4,065423352165238E-001	5,000000000000000E+000
-1,1177451E-001	-3,975511636882523E-001	5,000000000000000E+000
-1,1088588E-001	-3,903060621685457E-001	5,000000000000000E+000
-1,0967033E-001	-3,850276214523349E-001	5,000000000000000E+000
-1,0898738E-001	-3,738385166701224E-001	5,000000000000000E+000
-1,0777969E-001	-3,658593275079811E-001	5,000000000000000E+000
-1,0684095E-001	-3,602923833661604E-001	5,000000000000000E+000
-1,0576636E-001	-3,517212821946787E-001	5,000000000000000E+000
-1,0476967E-001	-3,439096891217757E-001	5,000000000000000E+000
-1,0386552E-001	-3,203901131605065E-001	5,000000000000000E+000
-1,0286421E-001	-3,297695107499345E-001	5,000000000000000E+000
-1,0179218E-001	-3,210159518251494E-001	5,000000000000000E+000
-1,0091648E-001	-3,109916095531329E-001	5,000000000000000E+000
-9,9820442E-002	-3,058828865889360E-001	5,000000000000000E+000
-9,8727167E-002	-2,980861625336635E-001	5,000000000000000E+000
-9,7904764E-002	-2,891904536906313E-001	5,000000000000000E+000
-9,3063846E-002	-2,324227581262854E-001	5,000000000000000E+000
-8,8385098E-002	-1,605308358525186E-001	5,000000000000000E+000
-8,7046154E-002	-2,016592895716272E-001	5,000000000000000E+000
-8,6189732E-002	-2,290170330767667E-001	5,000000000000000E+000
-8,5393868E-002	-2,008351801454800E-001	5,000000000000000E+000
-8,4337734E-002	-1,713375900839711E-001	5,000000000000000E+000
-8,3220683E-002	-1,704510821922063E-001	5,000000000000000E+000
-8,2177512E-002	-1,746350000644776E-001	5,000000000000000E+000
-8,1362113E-002	-1,646623604141899E-001	5,000000000000000E+000
-8,0269463E-002	-1,524874782254404E-001	5,000000000000000E+000
-7,9222254E-002	-1,437081944895908E-001	5,000000000000000E+000
-7,8257851E-002	-1,371663666262369E-001	5,000000000000000E+000
-7,7313587E-002	-1,322512004909286E-001	5,000000000000000E+000
-7,6213934E-002	-1,237900437408821E-001	5,000000000000000E+000
-7,5328074E-002	-1,112686134389758E-001	5,000000000000000E+000
-7,4324369E-002	-1,041751671339924E-001	5,000000000000000E+000
-7,3242389E-002	-9,917516630149414E-002	5,000000000000000E+000
-7,2306834E-002	-7,952402132731473E-002	5,000000000000000E+000
-7,1458951E-002	-7,365406811004505E-002	5,000000000000000E+000
-7,0192032E-002	-7,775760841953661E-002	5,000000000000000E+000
-6,9339260E-002	-6,948180813843563E-002	5,000000000000000E+000
-6,8314768E-002	-5,676017432577085E-002	5,000000000000000E+000
-6,7167364E-002	-4,738538190576946E-002	5,000000000000000E+000
-6,6332437E-002	-4,346105116079954E-002	5,000000000000000E+000
-6,5164432E-002	-3,702187087684355E-002	5,000000000000000E+000
-6,4225055E-002	-2,731792655241505E-002	5,000000000000000E+000
-6,3312218E-002	-1,808352938092460E-002	5,000000000000000E+000
-6,2131062E-002	-1,154954930967100E-002	5,000000000000000E+000
-6,1205059E-002	-4,390357193667815E-003	5,000000000000000E+000
-6,0411315E-002	4,460174522440269E-003	5,000000000000000E+000
-5,9178781E-002	1,222231057383598E-002	5,000000000000000E+000
-5,8222853E-002	2,117909424406317E-002	5,000000000000000E+000
-5,7347376E-002	3,076384648738889E-002	5,000000000000000E+000
-5,6200817E-002	3,842460713510977E-002	5,000000000000000E+000
-5,5179514E-002	4,661811331849697E-002	5,000000000000000E+000
-5,4295328E-002	5,563279531068294E-002	5,000000000000000E+000
-5,3243220E-002	6,776272319257282E-002	5,000000000000000E+000
-5,2259106E-002	8,452341861427870E-002	5,000000000000000E+000
-5,1245008E-002	8,243634262018706E-002	5,000000000000000E+000
-5,0402015E-002	8,349631357931564E-002	5,000000000000000E+000
-4,9332090E-002	9,498915655745410E-002	5,000000000000000E+000
-4,8425410E-002	1,077555355441294E-001	5,000000000000000E+000
-4,7221534E-002	1,155280667703158E-001	5,000000000000000E+000
-4,6362404E-002	1,203724020742811E-001	5,000000000000000E+000
-4,5172330E-002	1,270588634086179E-001	5,000000000000000E+000
-4,4501282E-002	1,371114684475792E-001	5,000000000000000E+000
-4,3346867E-002	1,449075302629756E-001	5,000000000000000E+000
-4,2197339E-002	1,508616792173904E-001	5,000000000000000E+000
-4,1404225E-002	1,589099240372889E-001	5,000000000000000E+000
-4,0327720E-002	1,669394860380433E-001	5,000000000000000E+000
-3,9280087E-002	1,731093174538625E-001	5,000000000000000E+000
-3,8401421E-002	1,805955517338593E-001	5,000000000000000E+000
-3,7166983E-002	1,879267365083157E-001	5,000000000000000E+000
-3,6422059E-002	1,950273935993516E-001	5,000000000000000E+000
-3,5301398E-002	2,016190539773866E-001	5,000000000000000E+000
-3,4237843E-002	2,086232235435288E-001	5,000000000000000E+000
-3,3339228E-002	2,155824081823479E-001	5,000000000000000E+000
-3,2380950E-002	2,269253101613786E-001	5,000000000000000E+000
-3,1269252E-002	2,434739312221717E-001	5,000000000000000E+000
-3,0329458E-002	2,404606908902576E-001	5,000000000000000E+000
-2,9281184E-002	2,390327698311823E-001	5,000000000000000E+000
-2,8146725E-002	2,490274676076503E-001	5,000000000000000E+000
-2,7496694E-002	2,606558262389931E-001	5,000000000000000E+000
-2,6273930E-002	2,653417347949767E-001	5,000000000000000E+000
-2,5296133E-002	2,699523553310422E-001	5,000000000000000E+000
-2,4181839E-002	2,804149242195617E-001	5,000000000000000E+000
-2,3577025E-002	2,864165683018243E-001	5,000000000000000E+000
-2,2139214E-002	2,916770189314981E-001	5,000000000000000E+000
-2,1144651E-002	2,989708569431162E-001	5,000000000000000E+000
-2,0404397E-002	3,052034843583700E-001	5,000000000000000E+000
-1,9336810E-002	3,115289669044099E-001	5,000000000000000E+000
-1,8244170E-002	3,196785810351779E-001	5,000000000000000E+000
-1,7369119E-002	3,260193658514048E-001	5,000000000000000E+000
-1,6351625E-002	3,321357658197583E-001	5,000000000000000E+000
-1,5289770E-002	3,405716731859784E-001	5,000000000000000E+000
-1,4297114E-002	3,474309878333264E-001	5,000000000000000E+000
-1,3364110E-002	3,525957584497519E-001	5,000000000000000E+000
-1,2286542E-002	3,592892511708969E-001	5,000000000000000E+000
-1,1340592E-002	3,675234470218935E-001	5,000000000000000E+000
-1,0253257E-002	3,743136490100174E-001	5,000000000000000E+000
-9,4551770E-003	3,838324399742605E-001	5,000000000000000E+000
-8,3382484E-003	4,004737258073865E-001	5,000000000000000E+000
-7,1579362E-003	3,989425018145191E-001	5,000000000000000E+000
-6,2971083E-003	3,997908273078004E-001	5,000000000000000E+000
-5,3919144E-003	4,078397072023821E-001	5,000000000000000E+000
-4,2192452E-003	4,172643332987924E-001	5,000000000000000E+000
-3,4443906E-003	4,237989459458444E-001	5,000000000000000E+000
-2,5045944E-003	4,302697373075510E-001	5,000000000000000E+000
-1,6609613E-003	4,376121547603482E-001	5,000000000000000E+000
-1,2083346E-004	4,440511188974305E-001	5,000000000000000E+000
3,8044556E-004	4,482351088663563E-001	5,000000000000000E+000
5,8992102E-004	4,503658711910248E-001	5,000000000000000E+000
4,5616541E-004	4,511904418468475E-001	5,000000000000000E+000