Ewe/V	<I>/mA	cycle number	
2,7620466E-002	6,956929713487625E-002	1,000000000000000E+000
2,8221885E-002	5,150543462364425E-003	1,000000000000000E+000
2,9488986E-002	1,716342715096998E-001	1,000000000000000E+000
3,0666064E-002	2,308999916260492E-001	1,000000000000000E+000
3,1870700E-002	2,730076210993708E-001	1,000000000000000E+000
3,3032395E-002	3,077778131054290E-001	1,000000000000000E+000
3,4282010E-002	3,355267546527703E-001	1,000000000000000E+000
3,5467442E-002	3,605176346286001E-001	1,000000000000000E+000
3,6658678E-002	3,805695464899244E-001	1,000000000000000E+000
3,7922945E-002	3,995787112249261E-001	1,000000000000000E+000
3,9121393E-002	4,180023211002775E-001	1,000000000000000E+000
4,0257864E-002	4,340975250492598E-001	1,000000000000000E+000
4,1497756E-002	4,472342172003767E-001	1,000000000000000E+000
4,2677909E-002	4,644644711839216E-001	1,000000000000000E+000
4,3935671E-002	4,730079713109361E-001	1,000000000000000E+000
4,5053456E-002	4,894097188823956E-001	1,000000000000000E+000
4,6256371E-002	5,004651481221032E-001	1,000000000000000E+000
4,7447611E-002	5,146944479525315E-001	1,000000000000000E+000
4,8665598E-002	5,266281967762763E-001	1,000000000000000E+000
4,9914222E-002	5,380071947971978E-001	1,000000000000000E+000
5,1124860E-002	5,471044019149200E-001	1,000000000000000E+000
5,2198205E-002	5,605519082358423E-001	1,000000000000000E+000
5,3494595E-002	5,706166150242407E-001	1,000000000000000E+000
5,4645147E-002	5,836418841305815E-001	1,000000000000000E+000
5,5887509E-002	5,882944770467784E-001	1,000000000000000E+000
5,7003252E-002	6,001985512816148E-001	1,000000000000000E+000
5,8313366E-002	6,100447078545903E-001	1,000000000000000E+000
5,9549220E-002	6,211393770127920E-001	1,000000000000000E+000
6,0638212E-002	6,273130983916211E-001	1,000000000000000E+000
6,1821885E-002	6,368134262350669E-001	1,000000000000000E+000
6,3090101E-002	6,497740567299637E-001	1,000000000000000E+000
6,4248510E-002	6,579240221633693E-001	1,000000000000000E+000
6,5479942E-002	6,669862750503759E-001	1,000000000000000E+000
6,6671602E-002	6,776279740863393E-001	1,000000000000000E+000
6,7819536E-002	6,873966790477031E-001	1,000000000000000E+000
6,9048427E-002	6,945336328612415E-001	1,000000000000000E+000
7,0267335E-002	7,050724592473752E-001	1,000000000000000E+000
7,1479306E-002	7,138673710869634E-001	1,000000000000000E+000
7,2620727E-002	7,233847199499390E-001	1,000000000000000E+000
7,3862776E-002	7,312726620972825E-001	1,000000000000000E+000
7,5006321E-002	7,394820256934800E-001	1,000000000000000E+000
7,6251455E-002	7,465934863495125E-001	1,000000000000000E+000
7,7461652E-002	7,560503254903299E-001	1,000000000000000E+000
7,8665480E-002	7,651051330612977E-001	1,000000000000000E+000
7,9836197E-002	7,714315940134426E-001	1,000000000000000E+000
8,1086420E-002	7,822261404944575E-001	1,000000000000000E+000
8,2227848E-002	7,872573729449274E-001	1,000000000000000E+000
8,3455041E-002	7,939838135951325E-001	1,000000000000000E+000
8,4685549E-002	8,018738739451203E-001	1,000000000000000E+000
8,5853219E-002	8,130735639068805E-001	1,000000000000000E+000
8,7057911E-002	8,185196196556905E-001	1,000000000000000E+000
8,8250279E-002	8,250572068823707E-001	1,000000000000000E+000
8,9436710E-002	8,322779066834860E-001	1,000000000000000E+000
9,0642944E-002	8,425611077368025E-001	1,000000000000000E+000
9,1778427E-002	8,486542550769371E-001	1,000000000000000E+000
9,3100719E-002	8,548332562851231E-001	1,000000000000000E+000
9,4252124E-002	8,603281023291220E-001	1,000000000000000E+000
9,5441662E-002	8,670884675682657E-001	1,000000000000000E+000
9,6664742E-002	8,748586434974452E-001	1,000000000000000E+000
9,7871549E-002	8,793192166938528E-001	1,000000000000000E+000
9,9084936E-002	8,835941518061892E-001	1,000000000000000E+000
1,0029281E-001	8,894825770597254E-001	1,000000000000000E+000
1,0143423E-001	8,926171934128604E-001	1,000000000000000E+000
1,0272319E-001	8,965462911744693E-001	1,000000000000000E+000
1,0385783E-001	8,998156270762507E-001	1,000000000000000E+000
1,0502844E-001	9,030339875672411E-001	1,000000000000000E+000
1,0622082E-001	9,066396142330220E-001	1,000000000000000E+000
1,0744949E-001	9,118427472551254E-001	1,000000000000000E+000
1,0864759E-001	9,175125650751141E-001	1,000000000000000E+000
1,0984783E-001	9,255055685838069E-001	1,000000000000000E+000
1,1105778E-001	9,329723713841915E-001	1,000000000000000E+000
1,1223649E-001	9,367084212006169E-001	1,000000000000000E+000
1,1348894E-001	9,449729641847746E-001	1,000000000000000E+000
1,1471719E-001	9,528026063667818E-001	1,000000000000000E+000
1,1581205E-001	9,653526476403327E-001	1,000000000000000E+000
1,1706917E-001	9,709885762228314E-001	1,000000000000000E+000
1,1828800E-001	9,799415290924802E-001	1,000000000000000E+000
1,1948887E-001	9,892593927991893E-001	1,000000000000000E+000
1,2063228E-001	1,000082523316248E+000	1,000000000000000E+000
1,2184482E-001	1,008424515525499E+000	1,000000000000000E+000
1,2307859E-001	1,017293683356709E+000	1,000000000000000E+000
1,2419920E-001	1,025124290117271E+000	1,000000000000000E+000
1,2545639E-001	1,036094875993314E+000	1,000000000000000E+000
1,2667467E-001	1,042514702369875E+000	1,000000000000000E+000
1,2789464E-001	1,053500179861056E+000	1,000000000000000E+000
1,2913266E-001	1,060893805982129E+000	1,000000000000000E+000
1,3028564E-001	1,067488684280164E+000	1,000000000000000E+000
1,3146359E-001	1,075883634634213E+000	1,000000000000000E+000
1,3261159E-001	1,085099658152707E+000	1,000000000000000E+000
1,3387036E-001	1,095109199678214E+000	1,000000000000000E+000
1,3505588E-001	1,100051434995194E+000	1,000000000000000E+000
1,3627392E-001	1,108022112865001E+000	1,000000000000000E+000
1,3746136E-001	1,121298734072806E+000	1,000000000000000E+000
1,3869888E-001	1,126796789803645E+000	1,000000000000000E+000
1,3987383E-001	1,133805437517971E+000	1,000000000000000E+000
1,4105284E-001	1,142141026418859E+000	1,000000000000000E+000
1,4226644E-001	1,149896337314406E+000	1,000000000000000E+000
1,4347748E-001	1,156937788706276E+000	1,000000000000000E+000
1,4465974E-001	1,168619052067191E+000	1,000000000000000E+000
1,4588542E-001	1,174671882802311E+000	1,000000000000000E+000
1,4706039E-001	1,183751095552001E+000	1,000000000000000E+000
1,4825326E-001	1,192629771876256E+000	1,000000000000000E+000
1,4945880E-001	1,200914522697632E+000	1,000000000000000E+000
1,5062082E-001	1,209803822579694E+000	1,000000000000000E+000
1,5182742E-001	1,217296150681147E+000	1,000000000000000E+000
1,5303984E-001	1,222359141490113E+000	1,000000000000000E+000
1,5426044E-001	1,232657241867855E+000	1,000000000000000E+000
1,5545429E-001	1,239199012905983E+000	1,000000000000000E+000
1,5670441E-001	1,247694888540231E+000	1,000000000000000E+000
1,5785423E-001	1,257330955445973E+000	1,000000000000000E+000
1,5904044E-001	1,260256573273285E+000	1,000000000000000E+000
1,6024068E-001	1,269486507168043E+000	1,000000000000000E+000
1,6135430E-001	1,277214259685328E+000	1,000000000000000E+000
1,6265394E-001	1,288363022160610E+000	1,000000000000000E+000
1,6382064E-001	1,293563971528786E+000	1,000000000000000E+000
1,6508283E-001	1,301884824746395E+000	1,000000000000000E+000
1,6622575E-001	1,309969038159275E+000	1,000000000000000E+000
1,6744260E-001	1,318066924810410E+000	1,000000000000000E+000
1,6860612E-001	1,325567709075079E+000	1,000000000000000E+000
1,6989698E-001	1,329702686052766E+000	1,000000000000000E+000
1,7103417E-001	1,336522421023499E+000	1,000000000000000E+000
1,7226580E-001	1,339522290664416E+000	1,000000000000000E+000
1,7343950E-001	1,344381751389136E+000	1,000000000000000E+000
1,7465048E-001	1,350516183120721E+000	1,000000000000000E+000
1,7592379E-001	1,353409972843814E+000	1,000000000000000E+000
1,7706358E-001	1,355365018437924E+000	1,000000000000000E+000
1,7820588E-001	1,361003043802666E+000	1,000000000000000E+000
1,7948486E-001	1,363854433590966E+000	1,000000000000000E+000
1,8065940E-001	1,364438961725686E+000	1,000000000000000E+000
1,8184581E-001	1,364657398727207E+000	1,000000000000000E+000
1,8305241E-001	1,362509427514546E+000	1,000000000000000E+000
1,8430190E-001	1,357878984184939E+000	1,000000000000000E+000
1,8545103E-001	1,354717863154496E+000	1,000000000000000E+000
1,8674093E-001	1,345471110608848E+000	1,000000000000000E+000
1,8783376E-001	1,341989597460877E+000	1,000000000000000E+000
1,8905690E-001	1,338235516178734E+000	1,000000000000000E+000
1,9025160E-001	1,334550409733005E+000	1,000000000000000E+000
1,9142190E-001	1,334618342859256E+000	1,000000000000000E+000
1,9264230E-001	1,336808774594429E+000	1,000000000000000E+000
1,9388010E-001	1,339287873383403E+000	1,000000000000000E+000
1,9505803E-001	1,345684328504525E+000	1,000000000000000E+000
1,9630221E-001	1,353823648558723E+000	1,000000000000000E+000
1,9742079E-001	1,363393022730531E+000	1,000000000000000E+000
1,9868682E-001	1,375125230729786E+000	1,000000000000000E+000
1,9986624E-001	1,385382970950257E+000	1,000000000000000E+000
2,0059071E-001	1,409416198730469E+000	1,000000000000000E+000
2,0062549E-001	1,412528634071350E+000	1,000000000000000E+000
1,9985272E-001	1,232492825081053E+000	1,000000000000000E+000
1,9869217E-001	1,197042735578076E+000	1,000000000000000E+000
1,9742262E-001	1,173558112259754E+000	1,000000000000000E+000
1,9626936E-001	1,157549917400402E+000	1,000000000000000E+000
1,9507706E-001	1,140839473292644E+000	1,000000000000000E+000
1,9385692E-001	1,126833978328957E+000	1,000000000000000E+000
1,9266158E-001	1,114026031754396E+000	1,000000000000000E+000
1,9144280E-001	1,102780793909915E+000	1,000000000000000E+000
1,9027166E-001	1,090562694602544E+000	1,000000000000000E+000
1,8907748E-001	1,077137580594152E+000	1,000000000000000E+000
1,8784118E-001	1,069347155642592E+000	1,000000000000000E+000
1,8664157E-001	1,059057591107883E+000	1,000000000000000E+000
1,8548778E-001	1,044562099514427E+000	1,000000000000000E+000
1,8429179E-001	1,035773511613824E+000	1,000000000000000E+000
1,8312509E-001	1,027255391275203E+000	1,000000000000000E+000
1,8191780E-001	1,013117428894880E+000	1,000000000000000E+000
1,8065813E-001	1,003934252787278E+000	1,000000000000000E+000
1,7946392E-001	9,922126446876485E-001	1,000000000000000E+000
1,7830157E-001	9,803616307132597E-001	1,000000000000000E+000
1,7711364E-001	9,702471139219906E-001	1,000000000000000E+000
1,7586841E-001	9,597252204160505E-001	1,000000000000000E+000
1,7471668E-001	9,485679813272641E-001	1,000000000000000E+000
1,7346127E-001	9,408507812638911E-001	1,000000000000000E+000
1,7228144E-001	9,297178644790396E-001	1,000000000000000E+000
1,7101912E-001	9,185574520249968E-001	1,000000000000000E+000
1,6987601E-001	9,114099030977929E-001	1,000000000000000E+000
1,6868998E-001	9,014736279560678E-001	1,000000000000000E+000
1,6747271E-001	8,888577831546900E-001	1,000000000000000E+000
1,6629435E-001	8,805073111111081E-001	1,000000000000000E+000
1,6503915E-001	8,711766664895997E-001	1,000000000000000E+000
1,6388653E-001	8,605423987480911E-001	1,000000000000000E+000
1,6268362E-001	8,492175290981936E-001	1,000000000000000E+000
1,6145219E-001	8,406464148752626E-001	1,000000000000000E+000
1,6026872E-001	8,290796840899750E-001	1,000000000000000E+000
1,5906134E-001	8,201680843744206E-001	1,000000000000000E+000
1,5783998E-001	8,095327036248313E-001	1,000000000000000E+000
1,5666479E-001	7,998382124868755E-001	1,000000000000000E+000
1,5551071E-001	7,892389378329323E-001	1,000000000000000E+000
1,5425979E-001	7,827183234169013E-001	1,000000000000000E+000
1,5301774E-001	7,728350129392401E-001	1,000000000000000E+000
1,5183017E-001	7,613064481152438E-001	1,000000000000000E+000
1,5066494E-001	7,547158293115590E-001	1,000000000000000E+000
1,4940742E-001	7,436519586610508E-001	1,000000000000000E+000
1,4827752E-001	7,294353518453978E-001	1,000000000000000E+000
1,4707841E-001	7,211846462839020E-001	1,000000000000000E+000
1,4590196E-001	7,093124115037597E-001	1,000000000000000E+000
1,4469340E-001	6,955986685223068E-001	1,000000000000000E+000
1,4353648E-001	6,838420354890502E-001	1,000000000000000E+000
1,4223754E-001	6,732034390119637E-001	1,000000000000000E+000
1,4114614E-001	6,597771675765707E-001	1,000000000000000E+000
1,3989751E-001	6,466457937300811E-001	1,000000000000000E+000
1,3864514E-001	6,366352306471921E-001	1,000000000000000E+000
1,3751671E-001	6,261504772636632E-001	1,000000000000000E+000
1,3633770E-001	6,122786754276586E-001	1,000000000000000E+000
1,3511530E-001	5,974288628591862E-001	1,000000000000000E+000
1,3384588E-001	5,871212746909187E-001	1,000000000000000E+000
1,3273197E-001	5,677546001712095E-001	1,000000000000000E+000
1,3149056E-001	5,557413172791716E-001	1,000000000000000E+000
1,3031143E-001	5,381843333727572E-001	1,000000000000000E+000
1,2909535E-001	5,222122061984730E-001	1,000000000000000E+000
1,2786123E-001	5,063556583223132E-001	1,000000000000000E+000
1,2663156E-001	4,920192497730662E-001	1,000000000000000E+000
1,2548675E-001	4,792379229976271E-001	1,000000000000000E+000
1,2423526E-001	4,713913387321451E-001	1,000000000000000E+000
1,2308492E-001	4,596623036195533E-001	1,000000000000000E+000
1,2186102E-001	4,482568122588848E-001	1,000000000000000E+000
1,2065868E-001	4,448283788515255E-001	1,000000000000000E+000
1,1951278E-001	4,364832084069761E-001	1,000000000000000E+000
1,1610600E-001	3,846347880304251E-001	1,000000000000000E+000
1,1236016E-001	3,809146451595655E-001	1,000000000000000E+000
1,1151706E-001	4,141308527000049E-001	1,000000000000000E+000
1,1010588E-001	3,716778053462315E-001	1,000000000000000E+000
1,0905354E-001	3,905700105759826E-001	1,000000000000000E+000
1,0775948E-001	3,715580844501449E-001	1,000000000000000E+000
1,0648368E-001	3,715400679243936E-001	1,000000000000000E+000
1,0557693E-001	3,603623668637335E-001	1,000000000000000E+000
1,0417461E-001	3,581463259243804E-001	1,000000000000000E+000
1,0294976E-001	3,500858132352338E-001	1,000000000000000E+000
1,0170346E-001	3,450512223773528E-001	1,000000000000000E+000
1,0057351E-001	3,384076034029329E-001	1,000000000000000E+000
9,9390619E-002	3,296493257771060E-001	1,000000000000000E+000
9,8085739E-002	3,263486172848689E-001	1,000000000000000E+000
9,7046845E-002	3,178119754884401E-001	1,000000000000000E+000
9,5768712E-002	3,120724267145206E-001	1,000000000000000E+000
9,4535790E-002	3,046697809380330E-001	1,000000000000000E+000
9,3390688E-002	2,948225896818464E-001	1,000000000000000E+000
9,2200018E-002	2,913932444320788E-001	1,000000000000000E+000
9,0991713E-002	2,819149618121122E-001	1,000000000000000E+000
8,9849658E-002	2,756045998798471E-001	1,000000000000000E+000
8,8658206E-002	2,660602685193445E-001	1,000000000000000E+000
8,7349571E-002	2,608808532014453E-001	1,000000000000000E+000
8,6320870E-002	2,536066995041129E-001	1,000000000000000E+000
8,4857203E-002	2,455195594650128E-001	1,000000000000000E+000
8,3755046E-002	2,404034342746146E-001	1,000000000000000E+000
8,2533710E-002	2,285999038981068E-001	1,000000000000000E+000
8,1436224E-002	2,258675705913149E-001	1,000000000000000E+000
8,0179520E-002	2,154823177875702E-001	1,000000000000000E+000
7,8991182E-002	2,101353518664837E-001	1,000000000000000E+000
7,7806346E-002	2,003559135385637E-001	1,000000000000000E+000
7,6651551E-002	1,926982169065417E-001	1,000000000000000E+000
7,5308032E-002	1,869261356833811E-001	1,000000000000000E+000
7,4283145E-002	1,793178730198028E-001	1,000000000000000E+000
7,3081158E-002	1,690223229428137E-001	1,000000000000000E+000
7,1738496E-002	1,649433953409450E-001	1,000000000000000E+000
7,0721030E-002	1,558932852300741E-001	1,000000000000000E+000
6,9415942E-002	1,485247744454279E-001	1,000000000000000E+000
6,8175666E-002	1,402582095243921E-001	1,000000000000000E+000
6,6903763E-002	1,310882860416314E-001	1,000000000000000E+000
6,5779112E-002	1,259603917084564E-001	1,000000000000000E+000
6,4665705E-002	1,157049397798902E-001	1,000000000000000E+000
6,3499726E-002	1,085523183460793E-001	1,000000000000000E+000
6,2233765E-002	9,918399959860841E-002	1,000000000000000E+000
6,1076205E-002	9,280844432133684E-002	1,000000000000000E+000
5,9890199E-002	8,304448022843425E-002	1,000000000000000E+000
5,8645673E-002	7,382514052005740E-002	1,000000000000000E+000
5,7532519E-002	6,567628106454815E-002	1,000000000000000E+000
5,6302782E-002	5,801965516002394E-002	1,000000000000000E+000
5,5066083E-002	4,818888651384956E-002	1,000000000000000E+000
5,3861897E-002	3,827689542110116E-002	1,000000000000000E+000
5,2620698E-002	3,190430671626632E-002	1,000000000000000E+000
5,1523216E-002	2,213748424239592E-002	1,000000000000000E+000
5,0265104E-002	1,260225231049444E-002	1,000000000000000E+000
4,9006153E-002	1,726672931631080E-003	1,000000000000000E+000
4,7927134E-002	-4,833286306469120E-003	1,000000000000000E+000
4,6571944E-002	-1,550792112761379E-002	1,000000000000000E+000
4,5421746E-002	-2,733489217280294E-002	1,000000000000000E+000
4,4248052E-002	-3,442399512075806E-002	1,000000000000000E+000
4,3174349E-002	-4,415222068685865E-002	1,000000000000000E+000
4,1857511E-002	-5,729663302028915E-002	1,000000000000000E+000
4,0626928E-002	-6,137864987411151E-002	1,000000000000000E+000
3,9459605E-002	-7,285155459410575E-002	1,000000000000000E+000
3,8205028E-002	-7,994500244482539E-002	1,000000000000000E+000
3,7073273E-002	-9,065643237813159E-002	1,000000000000000E+000
3,5862640E-002	-9,549620589273711E-002	1,000000000000000E+000
3,4708265E-002	-1,056389444161638E-001	1,000000000000000E+000
3,3467740E-002	-1,118052825816750E-001	1,000000000000000E+000
3,2251026E-002	-1,212965061066726E-001	1,000000000000000E+000
3,1164583E-002	-1,259767991044404E-001	1,000000000000000E+000
2,9899396E-002	-1,350980542257370E-001	1,000000000000000E+000
2,8597910E-002	-1,414102102603971E-001	1,000000000000000E+000
2,7433921E-002	-1,513466964307657E-001	1,000000000000000E+000
2,6201848E-002	-1,574769704505643E-001	1,000000000000000E+000
2,5082925E-002	-1,638758549945307E-001	1,000000000000000E+000
2,3811581E-002	-1,708539350850820E-001	1,000000000000000E+000
2,2720538E-002	-1,793426618322780E-001	1,000000000000000E+000
2,1446936E-002	-1,874390353558635E-001	1,000000000000000E+000
2,0290866E-002	-1,931856693635281E-001	1,000000000000000E+000
1,9045845E-002	-2,016191386371955E-001	1,000000000000000E+000
1,7890831E-002	-2,089279536028488E-001	1,000000000000000E+000
1,6635133E-002	-2,185121832137362E-001	1,000000000000000E+000
1,5425989E-002	-2,226666216706185E-001	1,000000000000000E+000
1,4251447E-002	-2,314819440103344E-001	1,000000000000000E+000
1,3076056E-002	-2,399640997593653E-001	1,000000000000000E+000
1,1926037E-002	-2,475123369173773E-001	1,000000000000000E+000
1,0682292E-002	-2,536127553644794E-001	1,000000000000000E+000
9,4924644E-003	-2,622912781047892E-001	1,000000000000000E+000
8,1888931E-003	-2,700860754282783E-001	1,000000000000000E+000
7,1124998E-003	-2,787510487768383E-001	1,000000000000000E+000
5,8509214E-003	-2,834637663715212E-001	1,000000000000000E+000
4,5787301E-003	-2,935655959720158E-001	1,000000000000000E+000
3,4682972E-003	-2,996902599988971E-001	1,000000000000000E+000
2,2169836E-003	-3,095094722747396E-001	1,000000000000000E+000
1,0499458E-003	-3,176057123475591E-001	1,000000000000000E+000
-2,2012298E-004	-3,228725059048472E-001	1,000000000000000E+000
-1,2560461E-003	-3,316466913028204E-001	1,000000000000000E+000
-2,4504687E-003	-3,395517849259901E-001	1,000000000000000E+000
-3,7525177E-003	-3,476752922223466E-001	1,000000000000000E+000
-4,8650741E-003	-3,538799319002361E-001	1,000000000000000E+000
-6,0667894E-003	-3,624863295376088E-001	1,000000000000000E+000
-7,3093986E-003	-3,721661044207085E-001	1,000000000000000E+000
-8,6089009E-003	-3,783882415672348E-001	1,000000000000000E+000
-9,7068101E-003	-3,845741797510231E-001	1,000000000000000E+000
-1,0868191E-002	-3,935497484958939E-001	1,000000000000000E+000
-1,2176472E-002	-4,012195026282122E-001	1,000000000000000E+000
-1,3256012E-002	-4,110516479187121E-001	1,000000000000000E+000
-1,4447539E-002	-4,159051027446470E-001	1,000000000000000E+000
-1,5652861E-002	-4,241320185505570E-001	1,000000000000000E+000
-1,6984878E-002	-4,319782402663908E-001	1,000000000000000E+000
-1,8128142E-002	-4,416713845114124E-001	1,000000000000000E+000
-1,9310750E-002	-4,464868848121517E-001	1,000000000000000E+000
-2,0545583E-002	-4,554172425091045E-001	1,000000000000000E+000
-2,1645827E-002	-4,628690167575964E-001	1,000000000000000E+000
-2,2893243E-002	-4,727610534690827E-001	1,000000000000000E+000
-2,4125526E-002	-4,774118670158892E-001	1,000000000000000E+000
-2,5226619E-002	-4,867501928432225E-001	1,000000000000000E+000
-2,6452107E-002	-4,946070371402644E-001	1,000000000000000E+000
-2,7784303E-002	-5,012668862537897E-001	1,000000000000000E+000
-2,8816754E-002	-5,086831445094298E-001	1,000000000000000E+000
-3,0105507E-002	-5,158476325515133E-001	1,000000000000000E+000
-3,1391706E-002	-5,248135429574150E-001	1,000000000000000E+000
-3,2536667E-002	-5,329576291001601E-001	1,000000000000000E+000
-3,3649154E-002	-5,386984245528250E-001	1,000000000000000E+000
-3,4931108E-002	-5,467133685661896E-001	1,000000000000000E+000
-3,6163609E-002	-5,537697665535626E-001	1,000000000000000E+000
-3,7470188E-002	-5,595095297386345E-001	1,000000000000000E+000
-3,8583271E-002	-5,692582509752011E-001	1,000000000000000E+000
-3,9726391E-002	-5,719992546170618E-001	1,000000000000000E+000
-4,0852536E-002	-5,820430495271776E-001	1,000000000000000E+000
-4,2255063E-002	-5,874088095410510E-001	1,000000000000000E+000
-4,3367371E-002	-5,958240534722190E-001	1,000000000000000E+000
-4,4524644E-002	-6,028488867127122E-001	1,000000000000000E+000
-4,5618314E-002	-6,089013463351858E-001	1,000000000000000E+000
-4,6994094E-002	-6,173500159574257E-001	1,000000000000000E+000
-4,8085000E-002	-6,243734558423348E-001	1,000000000000000E+000
-4,9301423E-002	-6,337435151993613E-001	1,000000000000000E+000
-5,0421413E-002	-6,393758750054985E-001	1,000000000000000E+000
-5,1685970E-002	-6,482766548223360E-001	1,000000000000000E+000
-5,2917395E-002	-6,555348700947214E-001	1,000000000000000E+000
-5,4057818E-002	-6,646405476947423E-001	1,000000000000000E+000
-5,5225778E-002	-6,708663558820254E-001	1,000000000000000E+000
-5,6429405E-002	-6,792976164724651E-001	1,000000000000000E+000
-5,7546210E-002	-6,865019881063033E-001	1,000000000000000E+000
-5,8984261E-002	-6,973879659651896E-001	1,000000000000000E+000
-6,0023364E-002	-7,015813267660462E-001	1,000000000000000E+000
-6,1315514E-002	-7,099515988569056E-001	1,000000000000000E+000
-6,2531866E-002	-7,175067520001894E-001	1,000000000000000E+000
-6,3664742E-002	-7,275908479285924E-001	1,000000000000000E+000
-6,4924784E-002	-7,330333706405385E-001	1,000000000000000E+000
-6,6027373E-002	-7,408871203660938E-001	1,000000000000000E+000
-6,7237996E-002	-7,490848739139953E-001	1,000000000000000E+000
-6,8505906E-002	-7,561319714877737E-001	1,000000000000000E+000
-6,9619663E-002	-7,656849753240929E-001	1,000000000000000E+000
-7,0737951E-002	-7,702485646328157E-001	1,000000000000000E+000
-7,2047502E-002	-7,789586024721018E-001	1,000000000000000E+000
-7,3251903E-002	-7,883481095001734E-001	1,000000000000000E+000
-7,4425533E-002	-7,939747170700375E-001	1,000000000000000E+000
-7,5616412E-002	-8,020564595289112E-001	1,000000000000000E+000
-7,7009819E-002	-8,094395077657985E-001	1,000000000000000E+000
-7,8064002E-002	-8,154604615152099E-001	1,000000000000000E+000
-7,9334132E-002	-8,262951907753520E-001	1,000000000000000E+000
-8,0490202E-002	-8,300883483607233E-001	1,000000000000000E+000
-8,1509560E-002	-8,386023289058340E-001	1,000000000000000E+000
-8,2949027E-002	-8,465860697389065E-001	1,000000000000000E+000
-8,4114246E-002	-8,511409647504040E-001	1,000000000000000E+000
-8,5262313E-002	-8,638090139720571E-001	1,000000000000000E+000
-8,6419240E-002	-8,664672376665601E-001	1,000000000000000E+000
-8,7633468E-002	-8,759298262238078E-001	1,000000000000000E+000
-8,8592686E-002	-8,850135095158791E-001	1,000000000000000E+000
-9,0127856E-002	-8,904685411188340E-001	1,000000000000000E+000
-9,1229171E-002	-8,975394111023203E-001	1,000000000000000E+000
-9,2388637E-002	-9,039724855813116E-001	1,000000000000000E+000
-9,3615830E-002	-9,109426981303823E-001	1,000000000000000E+000
-9,4801933E-002	-9,216315121027705E-001	1,000000000000000E+000
-9,6046530E-002	-9,253912344057529E-001	1,000000000000000E+000
-9,7305335E-002	-9,322324556867692E-001	1,000000000000000E+000
-9,8312810E-002	-9,408679236399209E-001	1,000000000000000E+000
-9,9620387E-002	-9,472372225071801E-001	1,000000000000000E+000
-1,0082649E-001	-9,573549337995519E-001	1,000000000000000E+000
-1,0208446E-001	-9,601858146229931E-001	1,000000000000000E+000
-1,0316496E-001	-9,683780879584241E-001	1,000000000000000E+000
-1,0445371E-001	-9,751517772674571E-001	1,000000000000000E+000
-1,0565980E-001	-9,818845827572265E-001	1,000000000000000E+000
-1,0683703E-001	-9,886625201648318E-001	1,000000000000000E+000
-1,0785533E-001	-9,932982040206966E-001	1,000000000000000E+000
-1,0945699E-001	-9,987313911034210E-001	1,000000000000000E+000
-1,1026577E-001	-1,005057243255173E+000	1,000000000000000E+000
-1,1152035E-001	-1,010766367505612E+000	1,000000000000000E+000
-1,1293037E-001	-1,018189340441795E+000	1,000000000000000E+000
-1,1402275E-001	-1,021488451295431E+000	1,000000000000000E+000
-1,1510116E-001	-1,026214938145131E+000	1,000000000000000E+000
-1,1643170E-001	-1,031130549368549E+000	1,000000000000000E+000
-1,1769923E-001	-1,035611838878443E+000	1,000000000000000E+000
-1,1882623E-001	-1,040409801928842E+000	1,000000000000000E+000
-1,2004492E-001	-1,042270282606799E+000	1,000000000000000E+000
-1,2120354E-001	-1,044892432543243E+000	1,000000000000000E+000
-1,2247756E-001	-1,047466731048186E+000	1,000000000000000E+000
-1,2362327E-001	-1,045659774655684E+000	1,000000000000000E+000
-1,2486890E-001	-1,050300836951158E+000	1,000000000000000E+000
-1,2598948E-001	-1,051606146334155E+000	1,000000000000000E+000
-1,2730350E-001	-1,054705953574739E+000	1,000000000000000E+000
-1,2845449E-001	-1,057094471322161E+000	1,000000000000000E+000
-1,2964049E-001	-1,061898452294475E+000	1,000000000000000E+000
-1,3081035E-001	-1,068323476835051E+000	1,000000000000000E+000
-1,3205029E-001	-1,071624735305601E+000	1,000000000000000E+000
-1,3314667E-001	-1,080873728186511E+000	1,000000000000000E+000
-1,3450050E-001	-1,088470401319988E+000	1,000000000000000E+000
-1,3562921E-001	-1,094122717480381E+000	1,000000000000000E+000
-1,4141905E-001	-1,136812436032206E+000	1,000000000000000E+000
-1,4261398E-001	-1,147011830911254E+000	1,000000000000000E+000
-1,4382736E-001	-1,156095315236598E+000	1,000000000000000E+000
-1,4501266E-001	-1,163935487572516E+000	1,000000000000000E+000
-1,4622304E-001	-1,171461745514534E+000	1,000000000000000E+000
-1,4738145E-001	-1,181299406129661E+000	1,000000000000000E+000
-1,4861237E-001	-1,191994132163625E+000	1,000000000000000E+000
-1,4978053E-001	-1,196251083631065E+000	1,000000000000000E+000
-1,5104169E-001	-1,205646401232419E+000	1,000000000000000E+000
-1,5215720E-001	-1,214619477292420E+000	1,000000000000000E+000
-1,5344539E-001	-1,227527076029215E+000	1,000000000000000E+000
-1,5458597E-001	-1,233802646101040E+000	1,000000000000000E+000
-1,5579130E-001	-1,242544603301212E+000	1,000000000000000E+000
-1,5704140E-001	-1,251756375138129E+000	1,000000000000000E+000
-1,5826249E-001	-1,262873337552367E+000	1,000000000000000E+000
-1,5947014E-001	-1,270305176575977E+000	1,000000000000000E+000
-1,6066529E-001	-1,279532925950152E+000	1,000000000000000E+000
-1,6181003E-001	-1,287660563493972E+000	1,000000000000000E+000
-1,6305327E-001	-1,296147887801961E+000	1,000000000000000E+000
-1,6426900E-001	-1,303715497255324E+000	1,000000000000000E+000
-1,6546030E-001	-1,313268861345325E+000	1,000000000000000E+000
-1,6662587E-001	-1,320815282899684E+000	1,000000000000000E+000
-1,6772884E-001	-1,327336911086200E+000	1,000000000000000E+000
-1,6905814E-001	-1,336679204418838E+000	1,000000000000000E+000
-1,7021507E-001	-1,343643231136308E+000	1,000000000000000E+000
-1,7137718E-001	-1,355244968060612E+000	1,000000000000000E+000
-1,7262304E-001	-1,360078873397370E+000	1,000000000000000E+000
-1,7375726E-001	-1,368111182469875E+000	1,000000000000000E+000
-1,7501687E-001	-1,381570246096489E+000	1,000000000000000E+000
-1,7619832E-001	-1,387594439813657E+000	1,000000000000000E+000
-1,7743103E-001	-1,395261790629268E+000	1,000000000000000E+000
-1,7858881E-001	-1,403097690703969E+000	1,000000000000000E+000
-1,7981197E-001	-1,411804592883630E+000	1,000000000000000E+000
-1,8104877E-001	-1,421949947382217E+000	1,000000000000000E+000
-1,8220484E-001	-1,429954558222864E+000	1,000000000000000E+000
-1,8340634E-001	-1,438868223249706E+000	1,000000000000000E+000
-1,8457995E-001	-1,446896257551593E+000	1,000000000000000E+000
-1,8580472E-001	-1,455020724562928E+000	1,000000000000000E+000
-1,8701091E-001	-1,463123972501812E+000	1,000000000000000E+000
-1,8820563E-001	-1,469507793973509E+000	1,000000000000000E+000
-1,8940245E-001	-1,475570170312288E+000	1,000000000000000E+000
-1,9063255E-001	-1,481873297029068E+000	1,000000000000000E+000
-1,9182169E-001	-1,484007632618557E+000	1,000000000000000E+000
-1,9300194E-001	-1,490329862028979E+000	1,000000000000000E+000
-1,9421260E-001	-1,493194989523747E+000	1,000000000000000E+000
-1,9545187E-001	-1,496168442406795E+000	1,000000000000000E+000
-1,9666718E-001	-1,501023588417510E+000	1,000000000000000E+000
-1,9784194E-001	-1,502971070068369E+000	1,000000000000000E+000
-1,9893597E-001	-1,509729101621939E+000	1,000000000000000E+000
-1,9934988E-001	-1,484531521797180E+000	1,000000000000000E+000
-1,9946066E-001	-1,492589354515076E+000	1,000000000000000E+000
-1,9880259E-001	-1,339772382595886E+000	1,000000000000000E+000
-1,9756182E-001	-1,287832399209341E+000	1,000000000000000E+000
-1,9637042E-001	-1,251828471043449E+000	1,000000000000000E+000
-1,9521722E-001	-1,219189424921447E+000	1,000000000000000E+000
-1,9393608E-001	-1,184209065007355E+000	1,000000000000000E+000
-1,9275723E-001	-1,152357043387997E+000	1,000000000000000E+000
-1,9157052E-001	-1,118242388164313E+000	1,000000000000000E+000
-1,9037828E-001	-1,086135841854331E+000	1,000000000000000E+000
-1,8915170E-001	-1,055402963668005E+000	1,000000000000000E+000
-1,8797256E-001	-1,028880325792773E+000	1,000000000000000E+000
-1,8671958E-001	-1,002944210091503E+000	1,000000000000000E+000
-1,8555766E-001	-9,814708313723610E-001	1,000000000000000E+000
-1,8436195E-001	-9,677888558168579E-001	1,000000000000000E+000
-1,8317342E-001	-9,517530960599974E-001	1,000000000000000E+000
-1,8193173E-001	-9,345632085395534E-001	1,000000000000000E+000
-1,8078224E-001	-9,242534639391431E-001	1,000000000000000E+000
-1,7954145E-001	-9,156473602375215E-001	1,000000000000000E+000
-1,7833365E-001	-9,040690099484150E-001	1,000000000000000E+000
-1,7712840E-001	-8,954151552299798E-001	1,000000000000000E+000
-1,7593180E-001	-8,880331551319798E-001	1,000000000000000E+000
-1,7475300E-001	-8,822752754462657E-001	1,000000000000000E+000
-1,7352335E-001	-8,736850943597467E-001	1,000000000000000E+000
-1,7229345E-001	-8,669554672022866E-001	1,000000000000000E+000
-1,7113228E-001	-8,601251343886052E-001	1,000000000000000E+000
-1,6996029E-001	-8,542547435370373E-001	1,000000000000000E+000
-1,6875117E-001	-8,481764907353657E-001	1,000000000000000E+000
-1,6752553E-001	-8,409695788933398E-001	1,000000000000000E+000
-1,6638817E-001	-8,367773809651302E-001	1,000000000000000E+000
-1,6518795E-001	-8,295481817589867E-001	1,000000000000000E+000
-1,6398795E-001	-8,226297675994125E-001	1,000000000000000E+000
-1,6268374E-001	-8,144839888102240E-001	1,000000000000000E+000
-1,6156211E-001	-8,112370228627661E-001	1,000000000000000E+000
-1,6037823E-001	-8,041212817835071E-001	1,000000000000000E+000
-1,5918924E-001	-7,973885215793040E-001	1,000000000000000E+000
-1,5795852E-001	-7,847631608730987E-001	1,000000000000000E+000
-1,5679806E-001	-7,798231034668994E-001	1,000000000000000E+000
-1,5551062E-001	-7,707725216944969E-001	1,000000000000000E+000
-1,5438764E-001	-7,636822848710132E-001	1,000000000000000E+000
-1,5314057E-001	-7,523521124514652E-001	1,000000000000000E+000
-1,5199666E-001	-7,438690631210572E-001	1,000000000000000E+000
-1,5078264E-001	-7,344249441133170E-001	1,000000000000000E+000
-1,4955992E-001	-7,269040509773852E-001	1,000000000000000E+000
-1,4833260E-001	-7,192144379304293E-001	1,000000000000000E+000
-1,4716087E-001	-7,108416787167613E-001	1,000000000000000E+000
-1,4600353E-001	-7,019333050508685E-001	1,000000000000000E+000
-1,4470842E-001	-6,946001023623254E-001	1,000000000000000E+000
-1,4353649E-001	-6,845905847019615E-001	1,000000000000000E+000
-1,4236242E-001	-6,783182205140790E-001	1,000000000000000E+000
-1,4117555E-001	-6,712141860949057E-001	1,000000000000000E+000
-1,4001378E-001	-6,590035673644818E-001	1,000000000000000E+000
-1,3877450E-001	-6,543032140341669E-001	1,000000000000000E+000
-1,3759367E-001	-6,455539384106581E-001	1,000000000000000E+000
-1,3636011E-001	-6,385347861667261E-001	1,000000000000000E+000
-1,3514799E-001	-6,306001216289587E-001	1,000000000000000E+000
-1,3396850E-001	-6,187607607506731E-001	1,000000000000000E+000
-1,3275000E-001	-6,107105106800894E-001	1,000000000000000E+000
-1,3159946E-001	-6,028109117825000E-001	1,000000000000000E+000
-1,3038607E-001	-5,942504115713110E-001	1,000000000000000E+000
-1,2920085E-001	-5,833243433088597E-001	1,000000000000000E+000
-1,2794629E-001	-5,746715909335745E-001	1,000000000000000E+000
-1,2683903E-001	-5,643173360731435E-001	1,000000000000000E+000
-1,2555213E-001	-5,562066437754154E-001	1,000000000000000E+000
-1,2440049E-001	-5,452063747862765E-001	1,000000000000000E+000
-1,2318987E-001	-5,356147789861998E-001	1,000000000000000E+000
-1,2198506E-001	-5,264645059101500E-001	1,000000000000000E+000
-1,2074984E-001	-5,177597405466556E-001	1,000000000000000E+000
-1,1955618E-001	-5,085405175599984E-001	1,000000000000000E+000
-1,1838849E-001	-4,942624006006440E-001	1,000000000000000E+000
-1,1715287E-001	-4,882159524778288E-001	1,000000000000000E+000
-1,1598618E-001	-4,775604332486789E-001	1,000000000000000E+000
-1,1472384E-001	-4,635295006963933E-001	1,000000000000000E+000
-1,1353069E-001	-4,539198835975373E-001	1,000000000000000E+000
-1,1233895E-001	-4,441999969809940E-001	1,000000000000000E+000
-1,1117297E-001	-4,311269482261388E-001	1,000000000000000E+000
-1,0999340E-001	-4,184294279677703E-001	1,000000000000000E+000
-1,0876219E-001	-4,052025580313048E-001	1,000000000000000E+000
-1,0538342E-001	-3,201571782875030E-001	1,000000000000000E+000
-1,0168707E-001	-3,571168039149297E-001	1,000000000000000E+000
-1,0056019E-001	-3,035188140541623E-001	1,000000000000000E+000
-9,9389292E-002	-3,116823258072428E-001	1,000000000000000E+000
-9,8134935E-002	-2,974391310094182E-001	1,000000000000000E+000
-9,6869968E-002	-2,912400151350685E-001	1,000000000000000E+000
-9,5730133E-002	-2,815738059095267E-001	1,000000000000000E+000
-9,4533309E-002	-2,744264024141652E-001	1,000000000000000E+000
-9,3344107E-002	-2,700640192261834E-001	1,000000000000000E+000
-9,1990195E-002	-2,619607518459404E-001	1,000000000000000E+000
-9,1042645E-002	-2,564856777446241E-001	1,000000000000000E+000
-8,9872636E-002	-2,492640284342795E-001	1,000000000000000E+000
-8,8518940E-002	-2,438624453012981E-001	1,000000000000000E+000
-8,7338246E-002	-2,374046013929827E-001	1,000000000000000E+000
-8,6246908E-002	-2,312675340734938E-001	1,000000000000000E+000
-8,4970683E-002	-2,254378711869420E-001	1,000000000000000E+000
-8,3757438E-002	-2,160832198472540E-001	1,000000000000000E+000
-8,2647227E-002	-2,129924736574239E-001	1,000000000000000E+000
-8,1377357E-002	-2,049273881162261E-001	1,000000000000000E+000
-8,0246128E-002	-1,992702564974831E-001	1,000000000000000E+000
-7,9123363E-002	-1,927695564097824E-001	1,000000000000000E+000
-7,7709533E-002	-1,830092089043729E-001	1,000000000000000E+000
-7,6667242E-002	-1,800829297765931E-001	1,000000000000000E+000
-7,5370848E-002	-1,699609720186952E-001	1,000000000000000E+000
-7,4056625E-002	-1,661550918587533E-001	1,000000000000000E+000
-7,2948389E-002	-1,564201791366537E-001	1,000000000000000E+000
-7,1795747E-002	-1,512402351218038E-001	1,000000000000000E+000
-7,0611656E-002	-1,453963519112828E-001	1,000000000000000E+000
-6,9462374E-002	-1,363725578477086E-001	1,000000000000000E+000
-6,8180636E-002	-1,302615690704743E-001	1,000000000000000E+000
-6,7095987E-002	-1,205909218196108E-001	1,000000000000000E+000
-6,5748014E-002	-1,158411637847574E-001	1,000000000000000E+000
-6,4503208E-002	-1,082108393311501E-001	1,000000000000000E+000
-6,3376002E-002	-1,011676575403222E-001	1,000000000000000E+000
-6,2096320E-002	-9,099342915093644E-002	1,000000000000000E+000
-6,1100088E-002	-8,667589625434213E-002	1,000000000000000E+000
-5,9864201E-002	-7,760830568117338E-002	1,000000000000000E+000
-5,8552098E-002	-7,219442175523372E-002	1,000000000000000E+000
-5,7382088E-002	-6,270086575952716E-002	1,000000000000000E+000
-5,6322247E-002	-5,453142283335599E-002	1,000000000000000E+000
-5,4754138E-002	-5,031452982317824E-002	1,000000000000000E+000
-5,3845581E-002	-4,072203372399796E-002	1,000000000000000E+000
-5,2631982E-002	-3,370377003496583E-002	1,000000000000000E+000
-5,1500041E-002	-2,455759693394693E-002	1,000000000000000E+000
-5,0196007E-002	-1,903810281772972E-002	1,000000000000000E+000
-4,9083665E-002	-1,094565110351034E-002	1,000000000000000E+000
-4,7742911E-002	-3,184680880679015E-003	1,000000000000000E+000
-4,6678610E-002	7,235562243269877E-003	1,000000000000000E+000
-4,5351475E-002	1,142107183346119E-002	1,000000000000000E+000
-4,4243801E-002	1,981149520260161E-002	1,000000000000000E+000
-4,2872902E-002	2,831262450531047E-002	1,000000000000000E+000
-4,1817561E-002	3,750301356679608E-002	1,000000000000000E+000
-4,0685046E-002	4,400496898839887E-002	1,000000000000000E+000
-3,9249402E-002	5,145428549440123E-002	1,000000000000000E+000
-3,8189705E-002	5,924091689020217E-002	1,000000000000000E+000
-3,7108075E-002	7,111136571458895E-002	1,000000000000000E+000
-3,5739299E-002	7,532793984703182E-002	1,000000000000000E+000
-3,4874260E-002	8,520229339774221E-002	1,000000000000000E+000
-3,3311449E-002	9,223052470931892E-002	1,000000000000000E+000
-3,2191191E-002	1,038853920682516E-001	1,000000000000000E+000
-3,1021530E-002	1,087830708501216E-001	1,000000000000000E+000
-2,9806232E-002	1,187807417849804E-001	1,000000000000000E+000
-2,8638693E-002	1,265232559364652E-001	1,000000000000000E+000
-2,7403163E-002	1,378226805520377E-001	1,000000000000000E+000
-2,6279781E-002	1,424023430267378E-001	1,000000000000000E+000
-2,5050681E-002	1,525761313079987E-001	1,000000000000000E+000
-2,3932891E-002	1,644505266029027E-001	1,000000000000000E+000
-2,2715293E-002	1,717157416246167E-001	1,000000000000000E+000
-2,1321252E-002	1,794942056682582E-001	1,000000000000000E+000
-2,0278746E-002	1,907763553932051E-001	1,000000000000000E+000
-1,9040637E-002	1,988608486264840E-001	1,000000000000000E+000
-1,7846350E-002	2,071925175744891E-001	1,000000000000000E+000
-1,6559722E-002	2,152597387774025E-001	1,000000000000000E+000
-1,5416671E-002	2,239137875537084E-001	1,000000000000000E+000
-1,4235834E-002	2,333828343285461E-001	1,000000000000000E+000
-1,2983171E-002	2,390522727251252E-001	1,000000000000000E+000
-1,1822002E-002	2,485338561721921E-001	1,000000000000000E+000
-1,0681075E-002	2,568840689814855E-001	1,000000000000000E+000
-9,5110657E-003	2,650152424628485E-001	1,000000000000000E+000
-8,1112916E-003	2,707407739427363E-001	1,000000000000000E+000
-7,0203873E-003	2,798150515591267E-001	1,000000000000000E+000
-5,8076340E-003	2,865157207254212E-001	1,000000000000000E+000
-4,6633850E-003	2,970988468021261E-001	1,000000000000000E+000
-3,3468264E-003	3,013075649796519E-001	1,000000000000000E+000
-2,2860663E-003	3,102313697454511E-001	1,000000000000000E+000
-1,1329639E-003	3,166940847748072E-001	1,000000000000000E+000
7,3558811E-005	3,269198679546310E-001	1,000000000000000E+000
1,4270168E-003	3,340026945160286E-001	2,000000000000000E+000
2,5506115E-003	3,388808571229074E-001	2,000000000000000E+000
3,6729325E-003	3,482041326804191E-001	2,000000000000000E+000
5,0074235E-003	3,571891122394155E-001	2,000000000000000E+000
6,0433457E-003	3,631693478803064E-001	2,000000000000000E+000
7,4008750E-003	3,690876564360233E-001	2,000000000000000E+000
8,4934765E-003	3,794008187121820E-001	2,000000000000000E+000
9,7770561E-003	3,862887322902679E-001	2,000000000000000E+000
1,0891235E-002	3,948178780717884E-001	2,000000000000000E+000
1,2047733E-002	3,997685489011937E-001	2,000000000000000E+000
1,3354316E-002	4,093671133806414E-001	2,000000000000000E+000
1,4568130E-002	4,161229101462407E-001	2,000000000000000E+000
1,5744645E-002	4,264402130955012E-001	2,000000000000000E+000
1,6727285E-002	4,310614127251826E-001	2,000000000000000E+000
1,8206874E-002	4,384817962159620E-001	2,000000000000000E+000
1,9361675E-002	4,471348677503126E-001	2,000000000000000E+000
2,0586381E-002	4,566462554179864E-001	2,000000000000000E+000
2,1895934E-002	4,609496922672018E-001	2,000000000000000E+000
2,2848854E-002	4,707564889298137E-001	2,000000000000000E+000
2,4241623E-002	4,769813731028215E-001	2,000000000000000E+000
2,5240956E-002	4,869517617755479E-001	2,000000000000000E+000
2,6556628E-002	4,941442454453657E-001	2,000000000000000E+000
2,7726926E-002	4,990627193474229E-001	2,000000000000000E+000
2,8928641E-002	5,088650705486861E-001	2,000000000000000E+000
3,0120902E-002	5,179166652119926E-001	2,000000000000000E+000
3,1342570E-002	5,226505888147415E-001	2,000000000000000E+000
3,2550652E-002	5,302538772424077E-001	2,000000000000000E+000
3,3734109E-002	5,386386487904651E-001	2,000000000000000E+000
3,4872491E-002	5,453078393281121E-001	2,000000000000000E+000
3,6134418E-002	5,550739544560219E-001	2,000000000000000E+000
3,7373494E-002	5,589348423980294E-001	2,000000000000000E+000
3,8457181E-002	5,696564934720914E-001	2,000000000000000E+000
3,9682671E-002	5,757441311272711E-001	2,000000000000000E+000
4,0910985E-002	5,857011055923067E-001	2,000000000000000E+000
4,2170860E-002	5,895683338361177E-001	2,000000000000000E+000
4,3353468E-002	5,988480133690057E-001	2,000000000000000E+000
4,4542022E-002	6,052071772541652E-001	2,000000000000000E+000
4,5806929E-002	6,141255196481445E-001	2,000000000000000E+000
4,6826214E-002	6,210861187557606E-001	2,000000000000000E+000
4,8185233E-002	6,266841936158021E-001	2,000000000000000E+000
4,9270403E-002	6,344840313282099E-001	2,000000000000000E+000
5,0597358E-002	6,410217963986922E-001	2,000000000000000E+000
5,1748231E-002	6,502826743655752E-001	2,000000000000000E+000
5,2801341E-002	6,558635700364706E-001	2,000000000000000E+000
5,4217253E-002	6,626848142154298E-001	2,000000000000000E+000
5,5319194E-002	6,695720148272812E-001	2,000000000000000E+000
5,6461643E-002	6,760360017134306E-001	2,000000000000000E+000
5,7692152E-002	6,857142624729811E-001	2,000000000000000E+000
5,8978360E-002	6,876500841074964E-001	2,000000000000000E+000
6,0162872E-002	6,952157999363013E-001	2,000000000000000E+000
6,1275009E-002	7,019190157168664E-001	2,000000000000000E+000
6,2494054E-002	7,064223076190999E-001	2,000000000000000E+000
6,3744940E-002	7,138240337371807E-001	2,000000000000000E+000
6,4913325E-002	7,185939272813915E-001	2,000000000000000E+000
6,6085748E-002	7,242365396685075E-001	2,000000000000000E+000
6,7374289E-002	7,302181977882150E-001	2,000000000000000E+000
6,8408288E-002	7,371312232765694E-001	2,000000000000000E+000
6,9640435E-002	7,454719493786537E-001	2,000000000000000E+000
7,0825800E-002	7,508392444061531E-001	2,000000000000000E+000
7,2005652E-002	7,571941290775115E-001	2,000000000000000E+000
7,3205881E-002	7,651115944220983E-001	2,000000000000000E+000
7,4430868E-002	7,739069798780189E-001	2,000000000000000E+000
7,5506411E-002	7,810459313267408E-001	2,000000000000000E+000
7,6963499E-002	7,887203130457137E-001	2,000000000000000E+000
7,8098565E-002	7,963580292416754E-001	2,000000000000000E+000
7,9222575E-002	8,031145849446251E-001	2,000000000000000E+000
8,0403596E-002	8,137728698525786E-001	2,000000000000000E+000
8,1694245E-002	8,178166229950481E-001	2,000000000000000E+000
8,2859665E-002	8,276487907343046E-001	2,000000000000000E+000
8,4120989E-002	8,345788959801848E-001	2,000000000000000E+000
8,5199922E-002	8,438771332019126E-001	2,000000000000000E+000
8,6588249E-002	8,483251009860844E-001	2,000000000000000E+000
8,7613344E-002	8,572703322343944E-001	2,000000000000000E+000
8,8872790E-002	8,648130634618489E-001	2,000000000000000E+000
9,0100475E-002	8,742651726093342E-001	2,000000000000000E+000
9,1293909E-002	8,792566897658034E-001	2,000000000000000E+000
9,2407726E-002	8,870212529242671E-001	2,000000000000000E+000
9,3685664E-002	8,952888117896238E-001	2,000000000000000E+000
9,4965413E-002	9,027259977042887E-001	2,000000000000000E+000
9,6040748E-002	9,111093345046450E-001	2,000000000000000E+000
9,7177714E-002	9,168244436667816E-001	2,000000000000000E+000
9,8489389E-002	9,244982921647740E-001	2,000000000000000E+000
9,9759609E-002	9,333640544468356E-001	2,000000000000000E+000
1,0093703E-001	9,390334259046043E-001	2,000000000000000E+000
1,0203177E-001	9,467405064238461E-001	2,000000000000000E+000
1,0329376E-001	9,533234865844462E-001	2,000000000000000E+000
1,0443582E-001	9,609226179309189E-001	2,000000000000000E+000
1,0562554E-001	9,695272443738464E-001	2,000000000000000E+000
1,0683574E-001	9,746143944535630E-001	2,000000000000000E+000
1,0809308E-001	9,822416864594228E-001	2,000000000000000E+000
1,0924639E-001	9,896148536742357E-001	2,000000000000000E+000
1,1047800E-001	9,965958882563015E-001	2,000000000000000E+000
1,1165629E-001	1,005860214238056E+000	2,000000000000000E+000
1,1292467E-001	1,010074995897916E+000	2,000000000000000E+000
1,1399668E-001	1,018532865577277E+000	2,000000000000000E+000
1,1517397E-001	1,025378466726078E+000	2,000000000000000E+000
1,1638317E-001	1,034604091662915E+000	2,000000000000000E+000
1,1766216E-001	1,038925737142565E+000	2,000000000000000E+000
1,1896364E-001	1,045840630152571E+000	2,000000000000000E+000
1,2007261E-001	1,052451113471761E+000	2,000000000000000E+000
1,2126837E-001	1,059622514773058E+000	2,000000000000000E+000
1,2244701E-001	1,069127691340530E+000	2,000000000000000E+000
1,2377609E-001	1,073134677963232E+000	2,000000000000000E+000
1,2469888E-001	1,081410886706890E+000	2,000000000000000E+000
1,2604918E-001	1,087419216339995E+000	2,000000000000000E+000
1,2940784E-001	1,098278402231898E+000	2,000000000000000E+000
1,3304676E-001	1,115063568641848E+000	2,000000000000000E+000
1,3422683E-001	1,119613250872739E+000	2,000000000000000E+000
1,3545592E-001	1,126184780706861E+000	2,000000000000000E+000
1,3671517E-001	1,130107578213533E+000	2,000000000000000E+000
1,3785057E-001	1,135356308491383E+000	2,000000000000000E+000
1,3906050E-001	1,141610622406010E+000	2,000000000000000E+000
1,4027855E-001	1,143749104605782E+000	2,000000000000000E+000
1,4142273E-001	1,148268040592988E+000	2,000000000000000E+000
1,4262870E-001	1,150846780510623E+000	2,000000000000000E+000
1,4383614E-001	1,150810717760277E+000	2,000000000000000E+000
1,4502618E-001	1,152389240903883E+000	2,000000000000000E+000
1,4621431E-001	1,151629661714349E+000	2,000000000000000E+000
1,4740776E-001	1,150060732085777E+000	2,000000000000000E+000
1,4862326E-001	1,149986455152330E+000	2,000000000000000E+000
1,4981839E-001	1,149415790737194E+000	2,000000000000000E+000
1,5096726E-001	1,150469206325296E+000	2,000000000000000E+000
1,5226449E-001	1,152390213670317E+000	2,000000000000000E+000
1,5341972E-001	1,153395898885924E+000	2,000000000000000E+000
1,5461570E-001	1,158360364976237E+000	2,000000000000000E+000
1,5580234E-001	1,164450299900232E+000	2,000000000000000E+000
1,5699464E-001	1,174469322354225E+000	2,000000000000000E+000
1,5820952E-001	1,179649001634166E+000	2,000000000000000E+000
1,5936488E-001	1,189717935488765E+000	2,000000000000000E+000
1,6067126E-001	1,198661384819488E+000	2,000000000000000E+000
1,6180179E-001	1,207865834236147E+000	2,000000000000000E+000
1,6305521E-001	1,217692910551300E+000	2,000000000000000E+000
1,6423228E-001	1,227146473971921E+000	2,000000000000000E+000
1,6534847E-001	1,237704490815910E+000	2,000000000000000E+000
1,6667217E-001	1,246447292027167E+000	2,000000000000000E+000
1,6784264E-001	1,255244425704912E+000	2,000000000000000E+000
1,6900954E-001	1,264716131819618E+000	2,000000000000000E+000
1,7019565E-001	1,276907633912440E+000	2,000000000000000E+000
1,7145129E-001	1,282493742467416E+000	2,000000000000000E+000
1,7262435E-001	1,293840917111893E+000	2,000000000000000E+000
1,7380595E-001	1,306613757326790E+000	2,000000000000000E+000
1,7504014E-001	1,313802650948574E+000	2,000000000000000E+000
1,7622505E-001	1,324034896937924E+000	2,000000000000000E+000
1,7741589E-001	1,336431174306201E+000	2,000000000000000E+000
1,7857146E-001	1,347998998722890E+000	2,000000000000000E+000
1,7982286E-001	1,356088495916792E+000	2,000000000000000E+000
1,8098995E-001	1,366435356386422E+000	2,000000000000000E+000
1,8225034E-001	1,374611808970158E+000	2,000000000000000E+000
1,8344781E-001	1,385169811883120E+000	2,000000000000000E+000
1,8462425E-001	1,393586941399715E+000	2,000000000000000E+000
1,8583141E-001	1,402101815134913E+000	2,000000000000000E+000
1,8707873E-001	1,408483492003550E+000	2,000000000000000E+000
1,8826495E-001	1,417783349752428E+000	2,000000000000000E+000
1,8938515E-001	1,427558470206954E+000	2,000000000000000E+000
1,9061264E-001	1,438364615043006E+000	2,000000000000000E+000
1,9182159E-001	1,444544669266586E+000	2,000000000000000E+000
1,9300568E-001	1,454099113457939E+000	2,000000000000000E+000
1,9425167E-001	1,466858158120885E+000	2,000000000000000E+000
1,9545290E-001	1,473993069595764E+000	2,000000000000000E+000
1,9661005E-001	1,482539727404305E+000	2,000000000000000E+000
1,9783469E-001	1,491547838733018E+000	2,000000000000000E+000
1,9906235E-001	1,503493270060670E+000	2,000000000000000E+000
1,9999480E-001	1,505689705993671E+000	2,000000000000000E+000
2,0046337E-001	1,529689371585846E+000	2,000000000000000E+000
2,0044465E-001	1,530185878276825E+000	2,000000000000000E+000
1,9986162E-001	1,342631358730921E+000	2,000000000000000E+000
1,9862157E-001	1,309797054803410E+000	2,000000000000000E+000
1,9740440E-001	1,281457301643161E+000	2,000000000000000E+000
1,9619173E-001	1,261727899701029E+000	2,000000000000000E+000
1,9500203E-001	1,236557675046946E+000	2,000000000000000E+000
1,9382544E-001	1,218784325652654E+000	2,000000000000000E+000
1,9258834E-001	1,198312474324162E+000	2,000000000000000E+000
1,9141546E-001	1,180204919746352E+000	2,000000000000000E+000
1,9018252E-001	1,162376424362368E+000	2,000000000000000E+000
1,8903144E-001	1,146583484188245E+000	2,000000000000000E+000
1,8779539E-001	1,127308037843454E+000	2,000000000000000E+000
1,8662643E-001	1,112625920886380E+000	2,000000000000000E+000
1,8543690E-001	1,092737406880287E+000	2,000000000000000E+000
1,8418685E-001	1,075582372205748E+000	2,000000000000000E+000
1,8299773E-001	1,056309111662106E+000	2,000000000000000E+000
1,8181691E-001	1,038838041377151E+000	2,000000000000000E+000
1,8065545E-001	1,019884086705542E+000	2,000000000000000E+000
1,7936629E-001	1,001925117051644E+000	2,000000000000000E+000
1,7824705E-001	9,852899840851861E-001	2,000000000000000E+000
1,7711337E-001	9,658799005879342E-001	2,000000000000000E+000
1,7578112E-001	9,519062766857038E-001	2,000000000000000E+000
1,7462496E-001	9,291472160386718E-001	2,000000000000000E+000
1,7345244E-001	9,089138842860454E-001	2,000000000000000E+000
1,7219898E-001	8,875530459530028E-001	2,000000000000000E+000
1,7105027E-001	8,657635496153175E-001	2,000000000000000E+000
1,6976032E-001	8,438944895493075E-001	2,000000000000000E+000
1,6860305E-001	8,200969532416718E-001	2,000000000000000E+000
1,6745724E-001	8,027521802319448E-001	2,000000000000000E+000
1,6620828E-001	7,808598616910754E-001	2,000000000000000E+000
1,6505757E-001	7,639637523227263E-001	2,000000000000000E+000
1,6378827E-001	7,470570769574896E-001	2,000000000000000E+000
1,6259040E-001	7,349779715942653E-001	2,000000000000000E+000
1,6143602E-001	7,237549279040358E-001	2,000000000000000E+000
1,6023551E-001	7,124417035633481E-001	2,000000000000000E+000
1,5896969E-001	7,034834187038044E-001	2,000000000000000E+000
1,5780173E-001	6,972173998753228E-001	2,000000000000000E+000
1,5659557E-001	6,912144468321166E-001	2,000000000000000E+000
1,5542169E-001	6,861312065092413E-001	2,000000000000000E+000
1,5419139E-001	6,810946109083780E-001	2,000000000000000E+000
1,5298544E-001	6,772301936289296E-001	2,000000000000000E+000
1,5182213E-001	6,697538252531885E-001	2,000000000000000E+000
1,5061088E-001	6,665269552290241E-001	2,000000000000000E+000
1,4943065E-001	6,574116621890838E-001	2,000000000000000E+000
1,4820728E-001	6,560825221499229E-001	2,000000000000000E+000
1,4704829E-001	6,510278742320637E-001	2,000000000000000E+000
1,4584385E-001	6,447788491560565E-001	2,000000000000000E+000
1,4464805E-001	6,389286354468737E-001	2,000000000000000E+000
1,4347415E-001	6,325629173338214E-001	2,000000000000000E+000
1,4221442E-001	6,227761716452527E-001	2,000000000000000E+000
1,4100677E-001	6,190591958519578E-001	2,000000000000000E+000
1,3986300E-001	6,120537726932938E-001	2,000000000000000E+000
1,3864112E-001	6,062545007443987E-001	2,000000000000000E+000
1,3748695E-001	6,002674590240042E-001	2,000000000000000E+000
1,3626176E-001	5,917525756974822E-001	2,000000000000000E+000
1,3510038E-001	5,864868850201468E-001	2,000000000000000E+000
1,3385755E-001	5,773376737747125E-001	2,000000000000000E+000
1,3264501E-001	5,706823572917417E-001	2,000000000000000E+000
1,3148999E-001	5,620327661551228E-001	2,000000000000000E+000
1,3028568E-001	5,551080276685152E-001	2,000000000000000E+000
1,2902623E-001	5,469050011532914E-001	2,000000000000000E+000
1,2786187E-001	5,388876240144280E-001	2,000000000000000E+000
1,2665464E-001	5,325632827265920E-001	2,000000000000000E+000
1,2542900E-001	5,243666274796457E-001	2,000000000000000E+000
1,2424389E-001	5,182024385624873E-001	2,000000000000000E+000
1,2305938E-001	5,114081630535008E-001	2,000000000000000E+000
1,2180927E-001	5,049999927481019E-001	2,000000000000000E+000
1,2061073E-001	4,964893708626414E-001	2,000000000000000E+000
1,1949404E-001	4,877814360790787E-001	2,000000000000000E+000
1,1822970E-001	4,841843286865495E-001	2,000000000000000E+000
1,1703796E-001	4,758455606255056E-001	2,000000000000000E+000
1,1580278E-001	4,641716970622332E-001	2,000000000000000E+000
1,1461728E-001	4,583554315613587E-001	2,000000000000000E+000
1,1343468E-001	4,502744005100490E-001	2,000000000000000E+000
1,1220664E-001	4,438078960067489E-001	2,000000000000000E+000
1,1105806E-001	4,324766436928082E-001	2,000000000000000E+000
1,0983511E-001	4,265787285920776E-001	2,000000000000000E+000
1,0867467E-001	4,170900736159338E-001	2,000000000000000E+000
1,0741732E-001	4,100380040278360E-001	2,000000000000000E+000
1,0618824E-001	4,010022846503292E-001	2,000000000000000E+000
1,0505473E-001	3,928045711298989E-001	2,000000000000000E+000
1,0167820E-001	3,291636878926978E-001	2,000000000000000E+000
9,7945549E-002	3,246694776462391E-001	2,000000000000000E+000
9,7070411E-002	3,469607159495385E-001	2,000000000000000E+000
9,5708854E-002	3,100450650543081E-001	2,000000000000000E+000
9,4545648E-002	3,221200575030192E-001	2,000000000000000E+000
9,3306705E-002	2,973381630306702E-001	2,000000000000000E+000
9,2254020E-002	2,963255788975694E-001	2,000000000000000E+000
9,0871513E-002	2,807662160517392E-001	2,000000000000000E+000
8,9676417E-002	2,741907753192612E-001	2,000000000000000E+000
8,8577658E-002	2,618347754824870E-001	2,000000000000000E+000
8,7441012E-002	2,496548029141406E-001	2,000000000000000E+000
8,6260311E-002	2,401134101253570E-001	2,000000000000000E+000
8,4924653E-002	2,287043465993421E-001	2,000000000000000E+000
8,3826683E-002	2,141925502639630E-001	2,000000000000000E+000
8,2521796E-002	2,068354885268491E-001	2,000000000000000E+000
8,1338339E-002	1,946400318766903E-001	2,000000000000000E+000
8,0282405E-002	1,836907496941018E-001	2,000000000000000E+000
7,8858212E-002	1,756752882081652E-001	2,000000000000000E+000
7,7839270E-002	1,669219949463798E-001	2,000000000000000E+000
7,6573953E-002	1,563520235148546E-001	2,000000000000000E+000
7,5508378E-002	1,502310625380949E-001	2,000000000000000E+000
7,4126020E-002	1,427296813991337E-001	2,000000000000000E+000
7,2846398E-002	1,362477801740172E-001	2,000000000000000E+000
7,1907073E-002	1,280574473898421E-001	2,000000000000000E+000
7,0575967E-002	1,208564749637542E-001	2,000000000000000E+000
6,9443882E-002	1,158654818589433E-001	2,000000000000000E+000
6,8220720E-002	1,085230522714684E-001	2,000000000000000E+000
6,6952355E-002	1,018169768083479E-001	2,000000000000000E+000
6,5902248E-002	9,506593341454095E-002	2,000000000000000E+000
6,4721838E-002	8,693149055276705E-002	2,000000000000000E+000
6,3404210E-002	8,224366419017348E-002	2,000000000000000E+000
6,2111855E-002	7,564171231367989E-002	2,000000000000000E+000
6,1112233E-002	6,747174975801812E-002	2,000000000000000E+000
5,9784073E-002	6,151335645053124E-002	2,000000000000000E+000
5,8413886E-002	5,345292900730991E-002	2,000000000000000E+000
5,7374354E-002	4,795326582259618E-002	2,000000000000000E+000
5,6200229E-002	3,998350422059749E-002	2,000000000000000E+000
5,4950759E-002	3,420951357434709E-002	2,000000000000000E+000
5,3849388E-002	2,348408681872466E-002	2,000000000000000E+000
5,2640244E-002	2,112607358584573E-002	2,000000000000000E+000
5,1421970E-002	1,147907488868644E-002	2,000000000000000E+000
5,0199881E-002	5,915575427580852E-003	2,000000000000000E+000
4,9037080E-002	-3,223809757685103E-003	2,000000000000000E+000
4,7758602E-002	-1,008301470392325E-002	2,000000000000000E+000
4,6677466E-002	-1,689142744766682E-002	2,000000000000000E+000
4,5407392E-002	-2,549689938152566E-002	2,000000000000000E+000
4,4188060E-002	-3,098065814831188E-002	2,000000000000000E+000
4,2987481E-002	-4,033764267620010E-002	2,000000000000000E+000
4,1878145E-002	-4,760159833919397E-002	2,000000000000000E+000
4,0595762E-002	-5,364174880944306E-002	2,000000000000000E+000
3,9444573E-002	-6,281337194943459E-002	2,000000000000000E+000
3,8172282E-002	-7,084219806549497E-002	2,000000000000000E+000
3,6984365E-002	-7,609511038349914E-002	2,000000000000000E+000
3,5739772E-002	-8,511467013805585E-002	2,000000000000000E+000
3,4660332E-002	-9,041868794237318E-002	2,000000000000000E+000
3,3432581E-002	-1,003694929353918E-001	2,000000000000000E+000
3,2156430E-002	-1,084311945127818E-001	2,000000000000000E+000
3,1127512E-002	-1,134177251579884E-001	2,000000000000000E+000
2,9825181E-002	-1,230799950830663E-001	2,000000000000000E+000
2,8552853E-002	-1,313497569483132E-001	2,000000000000000E+000
2,7431240E-002	-1,377990066490988E-001	2,000000000000000E+000
2,6079655E-002	-1,469421052412745E-001	2,000000000000000E+000
2,4988752E-002	-1,530735501469786E-001	2,000000000000000E+000
2,3781095E-002	-1,606751458796984E-001	2,000000000000000E+000
2,2578891E-002	-1,707677241000867E-001	2,000000000000000E+000
2,1564197E-002	-1,766552864961950E-001	2,000000000000000E+000
2,0226199E-002	-1,849020284910990E-001	2,000000000000000E+000
1,8980330E-002	-1,918793574602917E-001	2,000000000000000E+000
1,7832858E-002	-2,023920779627386E-001	2,000000000000000E+000
1,6803516E-002	-2,079971376677157E-001	2,000000000000000E+000
1,5387185E-002	-2,172499806717192E-001	2,000000000000000E+000
1,4173622E-002	-2,246527402765226E-001	2,000000000000000E+000
1,3080246E-002	-2,338557630234090E-001	2,000000000000000E+000
1,1809327E-002	-2,401809536062904E-001	2,000000000000000E+000
1,0709506E-002	-2,489069853391913E-001	2,000000000000000E+000
9,3923872E-003	-2,576957100310309E-001	2,000000000000000E+000
8,1850141E-003	-2,655456409201071E-001	2,000000000000000E+000
7,1301996E-003	-2,745284044649461E-001	2,000000000000000E+000
5,8739288E-003	-2,798965852093200E-001	2,000000000000000E+000
4,5814328E-003	-2,916760562252918E-001	2,000000000000000E+000
3,4808388E-003	-3,003891517776829E-001	2,000000000000000E+000
2,2905881E-003	-3,052346642103250E-001	2,000000000000000E+000
1,0589423E-003	-3,155712341669847E-001	2,000000000000000E+000
-1,5394828E-004	-3,248284314953107E-001	2,000000000000000E+000
-1,4757395E-003	-3,313930438339909E-001	2,000000000000000E+000
-2,5163325E-003	-3,407603125346625E-001	2,000000000000000E+000
-3,7723915E-003	-3,480141107833741E-001	2,000000000000000E+000
-4,9241455E-003	-3,578564066426928E-001	2,000000000000000E+000
-6,1101140E-003	-3,654146557738480E-001	2,000000000000000E+000
-7,2687352E-003	-3,712446207516926E-001	2,000000000000000E+000
-8,6765382E-003	-3,820904139299985E-001	2,000000000000000E+000
-9,6799070E-003	-3,904603768411721E-001	2,000000000000000E+000
-1,0994769E-002	-3,947752617726428E-001	2,000000000000000E+000
-1,2238515E-002	-4,055816911018653E-001	2,000000000000000E+000
-1,3285900E-002	-4,112168616718663E-001	2,000000000000000E+000
-1,4548390E-002	-4,228078030476645E-001	2,000000000000000E+000
-1,5656065E-002	-4,276612523244703E-001	2,000000000000000E+000
-1,6988119E-002	-4,346787599368132E-001	2,000000000000000E+000
-1,8180707E-002	-4,450947619431340E-001	2,000000000000000E+000
-1,9352203E-002	-4,505398419051865E-001	2,000000000000000E+000
-2,0469142E-002	-4,598452683551133E-001	2,000000000000000E+000
-2,1574905E-002	-4,671155030244112E-001	2,000000000000000E+000
-2,3201181E-002	-4,731415358255617E-001	2,000000000000000E+000
-2,4030905E-002	-4,839477693442156E-001	2,000000000000000E+000
-2,5337625E-002	-4,908743992046869E-001	2,000000000000000E+000
-2,6597291E-002	-4,982068796267023E-001	2,000000000000000E+000
-2,7717065E-002	-5,051005951115970E-001	2,000000000000000E+000
-2,9094549E-002	-5,132088202970202E-001	2,000000000000000E+000
-2,9924026E-002	-5,222728206620872E-001	2,000000000000000E+000
-3,1352241E-002	-5,280547215564471E-001	2,000000000000000E+000
-3,2524452E-002	-5,360925688938663E-001	2,000000000000000E+000
-3,3802800E-002	-5,429396046416106E-001	2,000000000000000E+000
-3,4980625E-002	-5,534917853914925E-001	2,000000000000000E+000
-3,6108468E-002	-5,577344179037018E-001	2,000000000000000E+000
-3,7282586E-002	-5,670979508949028E-001	2,000000000000000E+000
-3,8476869E-002	-5,730779062853086E-001	2,000000000000000E+000
-3,9700732E-002	-5,837241011904535E-001	2,000000000000000E+000
-4,0846821E-002	-5,887453346642584E-001	2,000000000000000E+000
-4,2024549E-002	-5,975578681035483E-001	2,000000000000000E+000
-4,3440882E-002	-6,035993286705956E-001	2,000000000000000E+000
-4,4546355E-002	-6,123442347937544E-001	2,000000000000000E+000
-4,5605339E-002	-6,200134948982559E-001	2,000000000000000E+000
-4,6916593E-002	-6,274517873922978E-001	2,000000000000000E+000
-4,8162892E-002	-6,347191368824694E-001	2,000000000000000E+000
-4,9394742E-002	-6,409203089747777E-001	2,000000000000000E+000
-5,0442833E-002	-6,525374748356017E-001	2,000000000000000E+000
-5,1725853E-002	-6,557449750058941E-001	2,000000000000000E+000
-5,2900396E-002	-6,647351564347943E-001	2,000000000000000E+000
-5,3996600E-002	-6,714890342102304E-001	2,000000000000000E+000
-5,5308592E-002	-6,818014771884506E-001	2,000000000000000E+000
-5,6513280E-002	-6,859583212838798E-001	2,000000000000000E+000
-5,7774436E-002	-6,947710290033786E-001	2,000000000000000E+000
-5,8849420E-002	-7,009892949653338E-001	2,000000000000000E+000
-5,9977785E-002	-7,111739179300560E-001	2,000000000000000E+000
-6,1494522E-002	-7,156180739402771E-001	2,000000000000000E+000
-6,2470581E-002	-7,229194916758885E-001	2,000000000000000E+000
-6,3699894E-002	-7,318143943945534E-001	2,000000000000000E+000
-6,4853422E-002	-7,359912152945345E-001	2,000000000000000E+000
-6,6198066E-002	-7,483177735315003E-001	2,000000000000000E+000
-6,7340337E-002	-7,496988100336024E-001	2,000000000000000E+000
-6,8387300E-002	-7,588812402035607E-001	2,000000000000000E+000
-6,9788344E-002	-7,655511597792311E-001	2,000000000000000E+000
-7,0845850E-002	-7,726904571625504E-001	2,000000000000000E+000
-7,2075941E-002	-7,795854773786295E-001	2,000000000000000E+000
-7,3309064E-002	-7,846725295789341E-001	2,000000000000000E+000
-7,4491248E-002	-7,921636717187025E-001	2,000000000000000E+000
-7,5702086E-002	-7,986316537717348E-001	2,000000000000000E+000
-7,6808639E-002	-8,058481976105316E-001	2,000000000000000E+000
-7,8022793E-002	-8,110794732735194E-001	2,000000000000000E+000
-7,9282247E-002	-8,159920316086069E-001	2,000000000000000E+000
-8,0457434E-002	-8,239080036162498E-001	2,000000000000000E+000
-8,1634738E-002	-8,259983145528391E-001	2,000000000000000E+000
-8,3009884E-002	-8,321811737001106E-001	2,000000000000000E+000
-8,4149182E-002	-8,344645001537447E-001	2,000000000000000E+000
-8,5352480E-002	-8,424091374165288E-001	2,000000000000000E+000
-8,6470991E-002	-8,439897814015369E-001	2,000000000000000E+000
-8,7720245E-002	-8,496575114938132E-001	2,000000000000000E+000
-8,8861048E-002	-8,545784179845608E-001	2,000000000000000E+000
-9,0021789E-002	-8,606888732691811E-001	2,000000000000000E+000
-9,1304347E-002	-8,663829276726247E-001	2,000000000000000E+000
-9,2595778E-002	-8,745059019420296E-001	2,000000000000000E+000
-9,3737423E-002	-8,798895978834480E-001	2,000000000000000E+000
-9,4841905E-002	-8,875007211592880E-001	2,000000000000000E+000
-9,6171200E-002	-8,933639046218680E-001	2,000000000000000E+000
-9,7291470E-002	-9,060481902625792E-001	2,000000000000000E+000
-9,8537326E-002	-9,096548267019298E-001	2,000000000000000E+000
-9,9737562E-002	-9,179836463881661E-001	2,000000000000000E+000
-1,0095181E-001	-9,263506949517044E-001	2,000000000000000E+000
-1,0213668E-001	-9,353793039400564E-001	2,000000000000000E+000
-1,0330372E-001	-9,417319748705877E-001	2,000000000000000E+000
-1,0450862E-001	-9,509894993000971E-001	2,000000000000000E+000
-1,0563793E-001	-9,578772768662813E-001	2,000000000000000E+000
-1,0690566E-001	-9,645693997542066E-001	2,000000000000000E+000
-1,0797308E-001	-9,770842564628541E-001	2,000000000000000E+000
-1,0923339E-001	-9,800899161232772E-001	2,000000000000000E+000
-1,1054378E-001	-9,897826669427268E-001	2,000000000000000E+000
-1,1169411E-001	-9,973742612249517E-001	2,000000000000000E+000
-1,1283672E-001	-1,008706236685004E+000	2,000000000000000E+000
-1,1418363E-001	-1,012034062270283E+000	2,000000000000000E+000
-1,1528939E-001	-1,021349079467145E+000	2,000000000000000E+000
-1,1647260E-001	-1,028521069027999E+000	2,000000000000000E+000
-1,1758614E-001	-1,038145208770098E+000	2,000000000000000E+000
-1,1895790E-001	-1,043741371120426E+000	2,000000000000000E+000
-1,2007640E-001	-1,051876758044171E+000	2,000000000000000E+000
-1,2126876E-001	-1,057730891146795E+000	2,000000000000000E+000
-1,2242554E-001	-1,068191543415494E+000	2,000000000000000E+000
-1,2370475E-001	-1,073426376174512E+000	2,000000000000000E+000
-1,2493087E-001	-1,080344931946859E+000	2,000000000000000E+000
-1,2593898E-001	-1,088213371591536E+000	2,000000000000000E+000
-1,2947597E-001	-1,101227091496259E+000	2,000000000000000E+000
-1,3302803E-001	-1,130544341958334E+000	2,000000000000000E+000
-1,3428596E-001	-1,140868860322779E+000	2,000000000000000E+000
-1,3539186E-001	-1,143403110650567E+000	2,000000000000000E+000
-1,3663071E-001	-1,151405629482017E+000	2,000000000000000E+000
-1,3782756E-001	-1,159175817195013E+000	2,000000000000000E+000
-1,3910167E-001	-1,165845903697317E+000	2,000000000000000E+000
-1,4028031E-001	-1,177341644859151E+000	2,000000000000000E+000
-1,4148988E-001	-1,182528795364004E+000	2,000000000000000E+000
-1,4262789E-001	-1,189235115850654E+000	2,000000000000000E+000
-1,4388354E-001	-1,198018320926671E+000	2,000000000000000E+000
-1,4503743E-001	-1,205350410801148E+000	2,000000000000000E+000
-1,4620297E-001	-1,214138015225112E+000	2,000000000000000E+000
-1,4745924E-001	-1,219898013022934E+000	2,000000000000000E+000
-1,4864099E-001	-1,226429198687478E+000	2,000000000000000E+000
-1,4986882E-001	-1,233357117459590E+000	2,000000000000000E+000
-1,5107244E-001	-1,238219728460533E+000	2,000000000000000E+000
-1,5225577E-001	-1,245509528451494E+000	2,000000000000000E+000
-1,5343267E-001	-1,250202359709263E+000	2,000000000000000E+000
-1,5462990E-001	-1,254999202650243E+000	2,000000000000000E+000
-1,5585454E-001	-1,260019943997673E+000	2,000000000000000E+000
-1,5710527E-001	-1,263909739804351E+000	2,000000000000000E+000
-1,5825577E-001	-1,269341887983806E+000	2,000000000000000E+000
-1,5948620E-001	-1,270868375405879E+000	2,000000000000000E+000
-1,6061057E-001	-1,274639458240324E+000	2,000000000000000E+000
-1,6185069E-001	-1,276568992658415E+000	2,000000000000000E+000
-1,6303076E-001	-1,278321521537793E+000	2,000000000000000E+000
-1,6424198E-001	-1,280605335642276E+000	2,000000000000000E+000
-1,6547197E-001	-1,277979828365563E+000	2,000000000000000E+000
-1,6662443E-001	-1,277661658771750E+000	2,000000000000000E+000
-1,6786498E-001	-1,273996717788071E+000	2,000000000000000E+000
-1,6897807E-001	-1,272491419817214E+000	2,000000000000000E+000
-1,7020653E-001	-1,269187147703228E+000	2,000000000000000E+000
-1,7144477E-001	-1,266606176789434E+000	2,000000000000000E+000
-1,7257705E-001	-1,265473250273819E+000	2,000000000000000E+000
-1,7388023E-001	-1,267080374786424E+000	2,000000000000000E+000
-1,7499238E-001	-1,270351880514581E+000	2,000000000000000E+000
-1,7624229E-001	-1,273878939009995E+000	2,000000000000000E+000
-1,7742413E-001	-1,278185738457570E+000	2,000000000000000E+000
-1,7867386E-001	-1,287924747060364E+000	2,000000000000000E+000
-1,7979869E-001	-1,294297872214678E+000	2,000000000000000E+000
-1,8107335E-001	-1,305170865030959E+000	2,000000000000000E+000
-1,8225127E-001	-1,317252033286621E+000	2,000000000000000E+000
-1,8342581E-001	-1,324225684395060E+000	2,000000000000000E+000
-1,8462344E-001	-1,339038288867517E+000	2,000000000000000E+000
-1,8581338E-001	-1,347990255337203E+000	2,000000000000000E+000
-1,8704014E-001	-1,359894350067602E+000	2,000000000000000E+000
-1,8828808E-001	-1,373088321260482E+000	2,000000000000000E+000
-1,8945764E-001	-1,385314851611231E+000	2,000000000000000E+000
-1,9062774E-001	-1,396293839983024E+000	2,000000000000000E+000
-1,9183718E-001	-1,408215964342361E+000	2,000000000000000E+000
-1,9298027E-001	-1,419691447142716E+000	2,000000000000000E+000
-1,9423166E-001	-1,431221117964012E+000	2,000000000000000E+000
-1,9544686E-001	-1,442036805777910E+000	2,000000000000000E+000
-1,9665918E-001	-1,453049831144096E+000	2,000000000000000E+000
-1,9784720E-001	-1,466329726519888E+000	2,000000000000000E+000
-1,9892329E-001	-1,474916541283690E+000	2,000000000000000E+000
-1,9939137E-001	-1,463757276535034E+000	2,000000000000000E+000
-1,9945224E-001	-1,502861857414246E+000	2,000000000000000E+000
-1,9879594E-001	-1,314857911628980E+000	2,000000000000000E+000
-1,9758748E-001	-1,280429208780539E+000	2,000000000000000E+000
-1,9637828E-001	-1,254997070904608E+000	2,000000000000000E+000
-1,9516771E-001	-1,236499229290832E+000	2,000000000000000E+000
-1,9395129E-001	-1,212810937198810E+000	2,000000000000000E+000
-1,9266658E-001	-1,196610622547773E+000	2,000000000000000E+000
-1,9158877E-001	-1,177485909041327E+000	2,000000000000000E+000
-1,9040276E-001	-1,160572893477771E+000	2,000000000000000E+000
-1,8914321E-001	-1,147100983679088E+000	2,000000000000000E+000
-1,8790969E-001	-1,131442834157493E+000	2,000000000000000E+000
-1,8676090E-001	-1,118616954074241E+000	2,000000000000000E+000
-1,8558006E-001	-1,102774114192778E+000	2,000000000000000E+000
-1,8440731E-001	-1,091693295372857E+000	2,000000000000000E+000
-1,8313786E-001	-1,078060148684826E+000	2,000000000000000E+000
-1,8199630E-001	-1,063145499210805E+000	2,000000000000000E+000
-1,8075030E-001	-1,049879432112593E+000	2,000000000000000E+000
-1,7954051E-001	-1,038522740205124E+000	2,000000000000000E+000
-1,7837059E-001	-1,024056926563690E+000	2,000000000000000E+000
-1,7718053E-001	-1,010918145572453E+000	2,000000000000000E+000
-1,7594492E-001	-9,988262491662923E-001	2,000000000000000E+000
-1,7476642E-001	-9,887626399027400E-001	2,000000000000000E+000
-1,7354564E-001	-9,766177069525126E-001	2,000000000000000E+000
-1,7231785E-001	-9,632678499393581E-001	2,000000000000000E+000
-1,7110725E-001	-9,553713912480557E-001	2,000000000000000E+000
-1,6992979E-001	-9,399784157673530E-001	2,000000000000000E+000
-1,6875978E-001	-9,308143936925468E-001	2,000000000000000E+000
-1,6751455E-001	-9,178972533490146E-001	2,000000000000000E+000
-1,6637553E-001	-9,042280848112170E-001	2,000000000000000E+000
-1,6514544E-001	-8,921818656251830E-001	2,000000000000000E+000
-1,6392143E-001	-8,799245876596391E-001	2,000000000000000E+000
-1,6276041E-001	-8,665524110482595E-001	2,000000000000000E+000
-1,6155572E-001	-8,522721497833516E-001	2,000000000000000E+000
-1,6041400E-001	-8,414989196591911E-001	2,000000000000000E+000
-1,5916494E-001	-8,275793485938507E-001	2,000000000000000E+000
-1,5795775E-001	-8,107373506969058E-001	2,000000000000000E+000
-1,5671812E-001	-8,027868480292231E-001	2,000000000000000E+000
-1,5554281E-001	-7,830054408404976E-001	2,000000000000000E+000
-1,5432695E-001	-7,717335561109273E-001	2,000000000000000E+000
-1,5313412E-001	-7,595982796046883E-001	2,000000000000000E+000
-1,5195569E-001	-7,402497194966084E-001	2,000000000000000E+000
-1,5077330E-001	-7,268552105201191E-001	2,000000000000000E+000
-1,4951710E-001	-7,099761468125489E-001	2,000000000000000E+000
-1,4833947E-001	-6,912798800686790E-001	2,000000000000000E+000
-1,4716098E-001	-6,763048736870076E-001	2,000000000000000E+000
-1,4591028E-001	-6,564704328775344E-001	2,000000000000000E+000
-1,4472435E-001	-6,411655129373273E-001	2,000000000000000E+000
-1,4355369E-001	-6,224066939386006E-001	2,000000000000000E+000
-1,4236926E-001	-6,079386750287856E-001	2,000000000000000E+000
-1,4119352E-001	-5,932352609104563E-001	2,000000000000000E+000
-1,3994728E-001	-5,799606341622887E-001	2,000000000000000E+000
-1,3879907E-001	-5,692106815016214E-001	2,000000000000000E+000
-1,3758363E-001	-5,588458287076925E-001	2,000000000000000E+000
-1,3636628E-001	-5,500254321830447E-001	2,000000000000000E+000
-1,3516967E-001	-5,429808088875774E-001	2,000000000000000E+000
-1,3397981E-001	-5,351130351708783E-001	2,000000000000000E+000
-1,3276164E-001	-5,292426349672792E-001	2,000000000000000E+000
-1,3148925E-001	-5,238008942752561E-001	2,000000000000000E+000
-1,3032682E-001	-5,206811317022773E-001	2,000000000000000E+000
-1,2914422E-001	-5,134338656660269E-001	2,000000000000000E+000
-1,2796608E-001	-5,076823300785485E-001	2,000000000000000E+000
-1,2679309E-001	-5,011946094390511E-001	2,000000000000000E+000
-1,2557933E-001	-4,949625272290881E-001	2,000000000000000E+000
-1,2434935E-001	-4,930106692158402E-001	2,000000000000000E+000
-1,2318522E-001	-4,866099440389204E-001	2,000000000000000E+000
-1,2196141E-001	-4,813877183931048E-001	2,000000000000000E+000
-1,2078986E-001	-4,759353191346047E-001	2,000000000000000E+000
-1,1958177E-001	-4,682658871299483E-001	2,000000000000000E+000
-1,1835750E-001	-4,596088480902818E-001	2,000000000000000E+000
-1,1717022E-001	-4,562652789884147E-001	2,000000000000000E+000
-1,1592774E-001	-4,497552981548427E-001	2,000000000000000E+000
-1,1475321E-001	-4,422746776447948E-001	2,000000000000000E+000
-1,1355171E-001	-4,364849426395567E-001	2,000000000000000E+000
-1,1239110E-001	-4,278703582240273E-001	2,000000000000000E+000
-1,1116667E-001	-4,204162424494928E-001	2,000000000000000E+000
-1,0996390E-001	-4,139826443861239E-001	2,000000000000000E+000
-1,0879954E-001	-4,086394978609533E-001	2,000000000000000E+000
-1,0753359E-001	-3,993237310270246E-001	2,000000000000000E+000
-1,0634468E-001	-3,917730998946363E-001	2,000000000000000E+000
-1,0518054E-001	-3,845842015127543E-001	2,000000000000000E+000
-1,0388988E-001	-3,773984901749324E-001	2,000000000000000E+000
-1,0275652E-001	-3,696717910610866E-001	2,000000000000000E+000
-9,9249162E-002	-3,054624234741232E-001	2,000000000000000E+000
-9,5917724E-002	-3,595737420449350E-001	2,000000000000000E+000
-9,4809845E-002	-2,991603743414295E-001	2,000000000000000E+000
-9,3429603E-002	-3,186300703220893E-001	2,000000000000000E+000
-9,2183806E-002	-2,981808749480275E-001	2,000000000000000E+000
-9,1098644E-002	-2,963404294116314E-001	2,000000000000000E+000
-8,9861475E-002	-2,872987246373659E-001	2,000000000000000E+000
-8,8681526E-002	-2,767147572044966E-001	2,000000000000000E+000
-8,7495938E-002	-2,726755734604213E-001	2,000000000000000E+000
-8,6326703E-002	-2,631396963164050E-001	2,000000000000000E+000
-8,5048608E-002	-2,561124294653485E-001	2,000000000000000E+000
-8,3874352E-002	-2,468935997264142E-001	2,000000000000000E+000
-8,2836725E-002	-2,416747345834860E-001	2,000000000000000E+000
-8,1596382E-002	-2,324304766467924E-001	2,000000000000000E+000
-8,0291919E-002	-2,248525394760588E-001	2,000000000000000E+000
-7,9148091E-002	-2,134417666271062E-001	2,000000000000000E+000
-7,7886298E-002	-2,089816098612372E-001	2,000000000000000E+000
-7,6735951E-002	-1,996819018774354E-001	2,000000000000000E+000
-7,5481243E-002	-1,879440038853013E-001	2,000000000000000E+000
-7,4298508E-002	-1,810186279601309E-001	2,000000000000000E+000
-7,3131815E-002	-1,724860047785721E-001	2,000000000000000E+000
-7,1727589E-002	-1,637761931795261E-001	2,000000000000000E+000
-7,0992112E-002	-1,535649461050826E-001	2,000000000000000E+000
-6,9472477E-002	-1,448471823985324E-001	2,000000000000000E+000
-6,8336144E-002	-1,374680628408287E-001	2,000000000000000E+000
-6,7054257E-002	-1,241475021573317E-001	2,000000000000000E+000
-6,5877415E-002	-1,184326817763373E-001	2,000000000000000E+000
-6,4678043E-002	-1,090787772231525E-001	2,000000000000000E+000
-6,3561276E-002	-9,658502446513406E-002	2,000000000000000E+000
-6,2335219E-002	-8,500672274223886E-002	2,000000000000000E+000
-6,1104212E-002	-7,773003911036835E-002	2,000000000000000E+000
-5,9957340E-002	-6,548526903821364E-002	2,000000000000000E+000
-5,8758035E-002	-5,556977137894109E-002	2,000000000000000E+000
-5,7459306E-002	-4,663154342819709E-002	2,000000000000000E+000
-5,6352485E-002	-3,683736191427066E-002	2,000000000000000E+000
-5,5274680E-002	-2,699344470076731E-002	2,000000000000000E+000
-5,3901866E-002	-2,028746863672698E-002	2,000000000000000E+000
-5,2740697E-002	-1,067896051709899E-002	2,000000000000000E+000
-5,1596723E-002	-3,764508324820788E-003	2,000000000000000E+000
-5,0406195E-002	6,335706192708651E-003	2,000000000000000E+000
-4,9045693E-002	1,067953308504205E-002	2,000000000000000E+000
-4,7911484E-002	2,032175936175107E-002	2,000000000000000E+000
-4,6832256E-002	2,655734272452212E-002	2,000000000000000E+000
-4,5574363E-002	3,489644124541288E-002	2,000000000000000E+000
-4,4379052E-002	4,164440989552531E-002	2,000000000000000E+000
-4,3082878E-002	4,819100610054916E-002	2,000000000000000E+000
-4,2063717E-002	5,484937332302153E-002	2,000000000000000E+000
-4,0812582E-002	6,310045536520192E-002	2,000000000000000E+000
-3,9435811E-002	7,027290577631584E-002	2,000000000000000E+000
-3,8231336E-002	7,582612137856715E-002	2,000000000000000E+000
-3,7205387E-002	8,415196773906558E-002	2,000000000000000E+000
-3,5952941E-002	9,016857215869512E-002	2,000000000000000E+000
-3,4687404E-002	9,878645209149350E-002	2,000000000000000E+000
-3,3590630E-002	1,062265461417458E-001	2,000000000000000E+000
-3,2433487E-002	1,122212049134159E-001	2,000000000000000E+000
-3,1093795E-002	1,199218376714271E-001	2,000000000000000E+000
-2,9974231E-002	1,259761877429106E-001	2,000000000000000E+000
-2,8794749E-002	1,375606494645281E-001	2,000000000000000E+000
-2,7651835E-002	1,408554267351669E-001	2,000000000000000E+000
-2,6328908E-002	1,496360817432607E-001	2,000000000000000E+000
-2,5186844E-002	1,570574950698453E-001	2,000000000000000E+000
-2,3962138E-002	1,671365007900425E-001	2,000000000000000E+000
-2,2833452E-002	1,719087446528857E-001	2,000000000000000E+000
-2,1584393E-002	1,795263330342194E-001	2,000000000000000E+000
-2,0423014E-002	1,868043021822814E-001	2,000000000000000E+000
-1,9230077E-002	1,964447300609513E-001	2,000000000000000E+000
-1,7877471E-002	2,029065961154024E-001	2,000000000000000E+000
-1,6783806E-002	2,092518172673103E-001	2,000000000000000E+000
-1,5675493E-002	2,180859152156497E-001	2,000000000000000E+000
-1,4321399E-002	2,257335314805258E-001	2,000000000000000E+000
-1,3053527E-002	2,343915979209770E-001	2,000000000000000E+000
-1,1914647E-002	2,394429335706971E-001	2,000000000000000E+000
-1,0885518E-002	2,480904958857639E-001	2,000000000000000E+000
-9,5660612E-003	2,573717464660557E-001	2,000000000000000E+000
-8,3285458E-003	2,628046022922108E-001	2,000000000000000E+000
-7,2285128E-003	2,714634143242929E-001	2,000000000000000E+000
-5,9616282E-003	2,780875364713005E-001	2,000000000000000E+000
-4,6992018E-003	2,864527170572226E-001	2,000000000000000E+000
-3,5445502E-003	2,956507454315829E-001	2,000000000000000E+000
-2,3695829E-003	3,011633528318876E-001	2,000000000000000E+000
-1,1513104E-003	3,098058216532493E-001	2,000000000000000E+000
6,0593902E-005	3,169647937304232E-001	2,000000000000000E+000
1,1378982E-003	3,223765045404434E-001	2,000000000000000E+000
7,1014481E-004	3,263905644416809E-001	3,000000000000000E+000
1,4184410E-003	3,290077713770900E-001	3,000000000000000E+000
2,5717551E-003	3,330716644155043E-001	3,000000000000000E+000
3,8602923E-003	3,437089685337726E-001	3,000000000000000E+000
5,0779283E-003	3,490832921816063E-001	3,000000000000000E+000
6,2903198E-003	3,594207342442441E-001	3,000000000000000E+000
7,3627545E-003	3,662322040375638E-001	3,000000000000000E+000
8,6644525E-003	3,723752256612194E-001	3,000000000000000E+000
9,9062882E-003	3,812904527359118E-001	3,000000000000000E+000
1,1028958E-002	3,896580610695921E-001	3,000000000000000E+000
1,2291099E-002	3,975731053570701E-001	3,000000000000000E+000
1,3486870E-002	4,046718516684571E-001	3,000000000000000E+000
1,4817012E-002	4,123693212297628E-001	3,000000000000000E+000
1,5926309E-002	4,214758276939402E-001	3,000000000000000E+000
1,7035183E-002	4,289605560544358E-001	3,000000000000000E+000
1,8308224E-002	4,347846958488741E-001	3,000000000000000E+000
1,9363465E-002	4,443374259604357E-001	3,000000000000000E+000
2,0713700E-002	4,521673345589081E-001	3,000000000000000E+000
2,1820277E-002	4,582758924742762E-001	3,000000000000000E+000
2,3009891E-002	4,679910580032618E-001	3,000000000000000E+000
2,4276562E-002	4,734841704485033E-001	3,000000000000000E+000
2,5369128E-002	4,813753504293139E-001	3,000000000000000E+000
2,6696222E-002	4,929159952249988E-001	3,000000000000000E+000
2,7959079E-002	4,944846572147488E-001	3,000000000000000E+000
2,8953180E-002	5,054826107290074E-001	3,000000000000000E+000
3,0390877E-002	5,128365720027235E-001	3,000000000000000E+000
3,1445827E-002	5,207085486229825E-001	3,000000000000000E+000
3,2533761E-002	5,271529516839011E-001	3,000000000000000E+000
3,3883438E-002	5,353691577911391E-001	3,000000000000000E+000
3,4926787E-002	5,428945095950937E-001	3,000000000000000E+000
3,6190979E-002	5,536792727264892E-001	3,000000000000000E+000
3,7422836E-002	5,571911631527158E-001	3,000000000000000E+000
3,8676556E-002	5,676266655726874E-001	3,000000000000000E+000
3,9999690E-002	5,747610271662591E-001	3,000000000000000E+000
4,1106157E-002	5,841478234053481E-001	3,000000000000000E+000
4,2222112E-002	5,892611418643767E-001	3,000000000000000E+000
4,3373726E-002	5,984662809706705E-001	3,000000000000000E+000
4,4648260E-002	6,047876499166396E-001	3,000000000000000E+000
4,5857746E-002	6,153433042927610E-001	3,000000000000000E+000
4,7062185E-002	6,204646130402898E-001	3,000000000000000E+000
4,8183661E-002	6,283720164921993E-001	3,000000000000000E+000
4,9427833E-002	6,369193163182998E-001	3,000000000000000E+000
5,0718453E-002	6,424157455848132E-001	3,000000000000000E+000
5,1797815E-002	6,533429815511536E-001	3,000000000000000E+000
5,3057909E-002	6,576646851737884E-001	3,000000000000000E+000
5,4265991E-002	6,668002284002590E-001	3,000000000000000E+000
5,5421777E-002	6,746528293782221E-001	3,000000000000000E+000
5,6719579E-002	6,825451834334276E-001	3,000000000000000E+000
5,7811972E-002	6,877284307136282E-001	3,000000000000000E+000
5,9041280E-002	6,972566085298446E-001	3,000000000000000E+000
6,0136426E-002	7,032162868547118E-001	3,000000000000000E+000
6,1347123E-002	7,130449331469029E-001	3,000000000000000E+000
6,2630355E-002	7,174676108406870E-001	3,000000000000000E+000
6,3832067E-002	7,258687276496669E-001	3,000000000000000E+000
6,5017864E-002	7,333865004022506E-001	3,000000000000000E+000
6,6224098E-002	7,435133262382205E-001	3,000000000000000E+000
6,7503721E-002	7,473295250157328E-001	3,000000000000000E+000
6,8707764E-002	7,557858096228713E-001	3,000000000000000E+000
6,9692954E-002	7,629510228548018E-001	3,000000000000000E+000
7,1010150E-002	7,694886583938345E-001	3,000000000000000E+000
7,2206452E-002	7,797397273825490E-001	3,000000000000000E+000
7,3352329E-002	7,837303262333316E-001	3,000000000000000E+000
7,4382521E-002	7,922904588825421E-001	3,000000000000000E+000
7,5835370E-002	7,989216737138758E-001	3,000000000000000E+000
7,7012755E-002	8,090844361835874E-001	3,000000000000000E+000
7,8158215E-002	8,121807894721229E-001	3,000000000000000E+000
7,9385415E-002	8,211357026723149E-001	3,000000000000000E+000
8,0570787E-002	8,277815127512449E-001	3,000000000000000E+000
8,1782825E-002	8,353564141240578E-001	3,000000000000000E+000
8,3034128E-002	8,438772316634040E-001	3,000000000000000E+000
8,4199131E-002	8,482187210142413E-001	3,000000000000000E+000
8,5448816E-002	8,563360218346734E-001	3,000000000000000E+000
8,6425081E-002	8,626866483828062E-001	3,000000000000000E+000
8,8006839E-002	8,715991069071229E-001	3,000000000000000E+000
8,8990539E-002	8,755754002551051E-001	3,000000000000000E+000
9,0009056E-002	8,839413233411868E-001	3,000000000000000E+000
9,1397159E-002	8,894263809779677E-001	3,000000000000000E+000
9,2758082E-002	8,948107488427555E-001	3,000000000000000E+000
9,3735561E-002	9,040418618824351E-001	3,000000000000000E+000
9,4813436E-002	9,076927124082843E-001	3,000000000000000E+000
9,6111521E-002	9,135891938349241E-001	3,000000000000000E+000
9,7401120E-002	9,198127002325940E-001	3,000000000000000E+000
9,8601155E-002	9,249489625864165E-001	3,000000000000000E+000
9,9761665E-002	9,307485816922646E-001	3,000000000000000E+000
1,0094289E-001	9,381180951992705E-001	3,000000000000000E+000
1,0205927E-001	9,399357759523070E-001	3,000000000000000E+000
1,0349578E-001	9,467944904075321E-001	3,000000000000000E+000
1,0465142E-001	9,476148951669350E-001	3,000000000000000E+000
1,0578180E-001	9,532422603547790E-001	3,000000000000000E+000
1,0698862E-001	9,560702474296305E-001	3,000000000000000E+000
1,0819225E-001	9,584286873254735E-001	3,000000000000000E+000
1,0937145E-001	9,606010056773417E-001	3,000000000000000E+000
1,1060055E-001	9,639892282042037E-001	3,000000000000000E+000
1,1192699E-001	9,687651652946254E-001	3,000000000000000E+000
1,1292703E-001	9,709993907664334E-001	3,000000000000000E+000
1,1411685E-001	9,768563957962533E-001	3,000000000000000E+000
1,1540517E-001	9,816632445177280E-001	3,000000000000000E+000
1,1662961E-001	9,881068173951171E-001	3,000000000000000E+000
1,1783641E-001	9,935755841692773E-001	3,000000000000000E+000
1,1891549E-001	1,003971012787790E+000	3,000000000000000E+000
1,2013229E-001	1,009069685552582E+000	3,000000000000000E+000
1,2144438E-001	1,016909962778706E+000	3,000000000000000E+000
1,2253401E-001	1,026158667661045E+000	3,000000000000000E+000
1,2370989E-001	1,036379697473931E+000	3,000000000000000E+000
1,2495894E-001	1,041356473385045E+000	3,000000000000000E+000
1,2607278E-001	1,049631480787262E+000	3,000000000000000E+000
1,2727641E-001	1,059659359989588E+000	3,000000000000000E+000
1,2857838E-001	1,070404149152131E+000	3,000000000000000E+000
1,2980260E-001	1,074429885820589E+000	3,000000000000000E+000
1,3084255E-001	1,084138657147475E+000	3,000000000000000E+000
1,3223064E-001	1,091308492171164E+000	3,000000000000000E+000
1,3554107E-001	1,108059283717477E+000	3,000000000000000E+000
1,3929793E-001	1,137791760511593E+000	3,000000000000000E+000
1,4044736E-001	1,144606246962213E+000	3,000000000000000E+000
1,4166813E-001	1,154387697383452E+000	3,000000000000000E+000
1,4286557E-001	1,162450706844947E+000	3,000000000000000E+000
1,4408278E-001	1,169817813374620E+000	3,000000000000000E+000
1,4522500E-001	1,177534934159164E+000	3,000000000000000E+000
1,4643301E-001	1,182591702038838E+000	3,000000000000000E+000
1,4763094E-001	1,190821210840824E+000	3,000000000000000E+000
1,4882436E-001	1,197459572964967E+000	3,000000000000000E+000
1,5006892E-001	1,208027048540920E+000	3,000000000000000E+000
1,5126292E-001	1,212007050130826E+000	3,000000000000000E+000
1,5252365E-001	1,219103616636449E+000	3,000000000000000E+000
1,5362218E-001	1,227959034977381E+000	3,000000000000000E+000
1,5487307E-001	1,238624083744877E+000	3,000000000000000E+000
1,5606792E-001	1,245151068265033E+000	3,000000000000000E+000
1,5730424E-001	1,252713347966266E+000	3,000000000000000E+000
1,5846691E-001	1,260548313846815E+000	3,000000000000000E+000
1,5966853E-001	1,270719099479418E+000	3,000000000000000E+000
1,6087399E-001	1,277500615791525E+000	3,000000000000000E+000
1,6207698E-001	1,285919005775614E+000	3,000000000000000E+000
1,6332795E-001	1,290856934644076E+000	3,000000000000000E+000
1,6447151E-001	1,299701716000630E+000	3,000000000000000E+000
1,6569132E-001	1,308151808437998E+000	3,000000000000000E+000
1,6680175E-001	1,316787664597442E+000	3,000000000000000E+000
1,6806076E-001	1,323557554123301E+000	3,000000000000000E+000
1,6925229E-001	1,331455024243851E+000	3,000000000000000E+000
1,7050108E-001	1,337511065545390E+000	3,000000000000000E+000
1,7166221E-001	1,344510065184696E+000	3,000000000000000E+000
1,7295033E-001	1,349357811061466E+000	3,000000000000000E+000
1,7407519E-001	1,356309142765696E+000	3,000000000000000E+000
1,7526500E-001	1,360439709594683E+000	3,000000000000000E+000
1,7643985E-001	1,369207069381240E+000	3,000000000000000E+000
1,7766388E-001	1,368480536672806E+000	3,000000000000000E+000
1,7886601E-001	1,374211884207194E+000	3,000000000000000E+000
1,8004566E-001	1,377664730444348E+000	3,000000000000000E+000
1,8133184E-001	1,380249831799626E+000	3,000000000000000E+000
1,8248601E-001	1,384413409667708E+000	3,000000000000000E+000
1,8367733E-001	1,384880126298718E+000	3,000000000000000E+000
1,8481047E-001	1,388932301714604E+000	3,000000000000000E+000
1,8607523E-001	1,389696056359554E+000	3,000000000000000E+000
1,8723896E-001	1,390409994559981E+000	3,000000000000000E+000
1,8846378E-001	1,387767585279008E+000	3,000000000000000E+000
1,8965577E-001	1,383634750550200E+000	3,000000000000000E+000
1,9084071E-001	1,378600291571484E+000	3,000000000000000E+000
1,9210693E-001	1,371651195041421E+000	3,000000000000000E+000
1,9326611E-001	1,362980310624046E+000	3,000000000000000E+000
1,9446589E-001	1,361541886348276E+000	3,000000000000000E+000
1,9569115E-001	1,357483386993410E+000	3,000000000000000E+000
1,9685702E-001	1,355064874773638E+000	3,000000000000000E+000
1,9809484E-001	1,356692087810697E+000	3,000000000000000E+000
1,9925047E-001	1,359569877774145E+000	3,000000000000000E+000
2,0019360E-001	1,364287264645099E+000	3,000000000000000E+000
2,0050225E-001	1,384231090545654E+000	3,000000000000000E+000
2,0041093E-001	1,378254711627960E+000	3,000000000000000E+000
1,9984807E-001	1,195044119079189E+000	3,000000000000000E+000
1,9860028E-001	1,163602647151695E+000	3,000000000000000E+000
1,9741797E-001	1,142296901425452E+000	3,000000000000000E+000
1,9623654E-001	1,120945543050766E+000	3,000000000000000E+000
1,9498007E-001	1,109251475996444E+000	3,000000000000000E+000
1,9380122E-001	1,091162011130816E+000	3,000000000000000E+000
1,9261520E-001	1,080201021305080E+000	3,000000000000000E+000
1,9141908E-001	1,066099057206883E+000	3,000000000000000E+000
1,9020067E-001	1,055620642365993E+000	3,000000000000000E+000
1,8904969E-001	1,045013879542241E+000	3,000000000000000E+000
1,8780176E-001	1,034364724182524E+000	3,000000000000000E+000
1,8659079E-001	1,024244873254148E+000	3,000000000000000E+000
1,8540332E-001	1,013943762363251E+000	3,000000000000000E+000
1,8417419E-001	1,004122023587115E+000	3,000000000000000E+000
1,8302569E-001	9,968228178460983E-001	3,000000000000000E+000
1,8182397E-001	9,878645394152663E-001	3,000000000000000E+000
1,8061037E-001	9,786994260502997E-001	3,000000000000000E+000
1,7939773E-001	9,681785879009936E-001	3,000000000000000E+000
1,7823122E-001	9,615179265254314E-001	3,000000000000000E+000
1,7702530E-001	9,524175200430278E-001	3,000000000000000E+000
1,7574087E-001	9,404911862479315E-001	3,000000000000000E+000
1,7466658E-001	9,317875229882873E-001	3,000000000000000E+000
1,7339906E-001	9,230339541746714E-001	3,000000000000000E+000
1,7222218E-001	9,137892462054484E-001	3,000000000000000E+000
1,7094605E-001	9,035834927215323E-001	3,000000000000000E+000
1,6981232E-001	8,918290024286977E-001	3,000000000000000E+000
1,6863161E-001	8,820900029839116E-001	3,000000000000000E+000
1,6739483E-001	8,704012421011509E-001	3,000000000000000E+000
1,6619481E-001	8,621515870327165E-001	3,000000000000000E+000
1,6504340E-001	8,507036178165830E-001	3,000000000000000E+000
1,6374913E-001	8,434956349406608E-001	3,000000000000000E+000
1,6266324E-001	8,360893225762984E-001	3,000000000000000E+000
1,6138870E-001	8,268329819612639E-001	3,000000000000000E+000
1,6018489E-001	8,158613007075886E-001	3,000000000000000E+000
1,5904886E-001	8,101065800680489E-001	3,000000000000000E+000
1,5780744E-001	8,012904717664533E-001	3,000000000000000E+000
1,5664481E-001	7,920849722577277E-001	3,000000000000000E+000
1,5539356E-001	7,788570552495215E-001	3,000000000000000E+000
1,5419967E-001	7,710868954891339E-001	3,000000000000000E+000
1,5305296E-001	7,629549435158780E-001	3,000000000000000E+000
1,5180941E-001	7,529952557265971E-001	3,000000000000000E+000
1,5063396E-001	7,405608248664066E-001	3,000000000000000E+000
1,4942759E-001	7,329104832994435E-001	3,000000000000000E+000
1,4827129E-001	7,236360841327278E-001	3,000000000000000E+000
1,4700705E-001	7,132892834617621E-001	3,000000000000000E+000
1,4580496E-001	7,047892179754043E-001	3,000000000000000E+000
1,4464103E-001	6,947129124309885E-001	3,000000000000000E+000
1,4346245E-001	6,843978744129551E-001	3,000000000000000E+000
1,4226809E-001	6,757260463588555E-001	3,000000000000000E+000
1,4102668E-001	6,651256194519295E-001	3,000000000000000E+000
1,3986593E-001	6,552115950552331E-001	3,000000000000000E+000
1,3865839E-001	6,425013314259971E-001	3,000000000000000E+000
1,3748448E-001	6,335218368589715E-001	3,000000000000000E+000
1,3624570E-001	6,197826266288776E-001	3,000000000000000E+000
1,3505146E-001	6,087823313428107E-001	3,000000000000000E+000
1,3386633E-001	5,985627875133002E-001	3,000000000000000E+000
1,3262689E-001	5,848394865622879E-001	3,000000000000000E+000
1,3146006E-001	5,720539278570662E-001	3,000000000000000E+000
1,3028900E-001	5,599525913195169E-001	3,000000000000000E+000
1,2903281E-001	5,457709963407575E-001	3,000000000000000E+000
1,2786591E-001	5,321760804832194E-001	3,000000000000000E+000
1,2662330E-001	5,179786051028525E-001	3,000000000000000E+000
1,2540892E-001	5,028052294963157E-001	3,000000000000000E+000
1,2421705E-001	4,915418825500337E-001	3,000000000000000E+000
1,2303761E-001	4,784964427752936E-001	3,000000000000000E+000
1,2179862E-001	4,608493316789284E-001	3,000000000000000E+000
1,2065748E-001	4,494851900187022E-001	3,000000000000000E+000
1,1946137E-001	4,366317423539126E-001	3,000000000000000E+000
1,1824994E-001	4,251530331158477E-001	3,000000000000000E+000
1,1703657E-001	4,165310278250338E-001	3,000000000000000E+000
1,1574358E-001	4,071802577754067E-001	3,000000000000000E+000
1,1459691E-001	3,993739733123238E-001	3,000000000000000E+000
1,1341479E-001	3,904273702323229E-001	3,000000000000000E+000
1,0765221E-001	3,072127259381690E-001	3,000000000000000E+000
1,0656332E-001	3,927497620784886E-001	3,000000000000000E+000
1,0534281E-001	3,310974046018798E-001	3,000000000000000E+000
1,0413932E-001	3,545220944215544E-001	3,000000000000000E+000
1,0300646E-001	3,332110128184373E-001	3,000000000000000E+000
1,0164511E-001	3,347414852275197E-001	3,000000000000000E+000
1,0061938E-001	3,271798771974228E-001	3,000000000000000E+000
9,9459060E-002	3,201420998666435E-001	3,000000000000000E+000
9,8166853E-002	3,115824217998631E-001	3,000000000000000E+000
9,6856661E-002	3,086062121437871E-001	3,000000000000000E+000
9,5780827E-002	3,007845933639666E-001	3,000000000000000E+000
9,4464689E-002	2,948925744470530E-001	3,000000000000000E+000
9,3293123E-002	2,882643211503622E-001	3,000000000000000E+000
9,2137583E-002	2,790045913037229E-001	3,000000000000000E+000
9,0986393E-002	2,758343074173233E-001	3,000000000000000E+000
8,9689150E-002	2,667591949704926E-001	3,000000000000000E+000
8,8497207E-002	2,624572264224607E-001	3,000000000000000E+000
8,7448582E-002	2,540588602908738E-001	3,000000000000000E+000
8,6294919E-002	2,453351592509236E-001	3,000000000000000E+000
8,4848657E-002	2,409454115905751E-001	3,000000000000000E+000
8,3873235E-002	2,317367815994651E-001	3,000000000000000E+000
8,2609743E-002	2,262152654487490E-001	3,000000000000000E+000
8,1374437E-002	2,156657672247904E-001	3,000000000000000E+000
8,0022842E-002	2,105995943776282E-001	3,000000000000000E+000
7,9003900E-002	2,029747889674685E-001	3,000000000000000E+000
7,7870756E-002	1,971407722125549E-001	3,000000000000000E+000
7,6505445E-002	1,867419444509626E-001	3,000000000000000E+000
7,5343505E-002	1,813045297231937E-001	3,000000000000000E+000
7,4249417E-002	1,747251675988082E-001	3,000000000000000E+000
7,3022440E-002	1,661790697253309E-001	3,000000000000000E+000
7,1810111E-002	1,598691489133575E-001	3,000000000000000E+000
7,0482872E-002	1,482086718881166E-001	3,000000000000000E+000
6,9412984E-002	1,454331788295855E-001	3,000000000000000E+000
6,8252884E-002	1,363841373774140E-001	3,000000000000000E+000
6,6898964E-002	1,290770204731317E-001	3,000000000000000E+000
6,5759555E-002	1,183488410865219E-001	3,000000000000000E+000
6,4652100E-002	1,146398750101476E-001	3,000000000000000E+000
6,3272700E-002	1,052753645199117E-001	3,000000000000000E+000
6,2322754E-002	9,896810125145672E-002	3,000000000000000E+000
6,1048336E-002	8,807300452382294E-002	3,000000000000000E+000
5,9773594E-002	8,323164058997978E-002	3,000000000000000E+000
5,8624316E-002	7,437283662632888E-002	3,000000000000000E+000
5,7395011E-002	6,635705269016212E-002	3,000000000000000E+000
5,6276020E-002	5,603405297572162E-002	3,000000000000000E+000
5,5194244E-002	5,014575332461396E-002	3,000000000000000E+000
5,3884052E-002	4,082143074224909E-002	3,000000000000000E+000
5,2629899E-002	3,336532857105740E-002	3,000000000000000E+000
5,1349159E-002	2,147940006964041E-002	3,000000000000000E+000
5,0181832E-002	1,693642845990931E-002	3,000000000000000E+000
4,8987549E-002	6,974597620935871E-003	3,000000000000000E+000
4,7833603E-002	-1,114989943504147E-003	3,000000000000000E+000
4,6588305E-002	-1,310059780654334E-002	3,000000000000000E+000
4,5434352E-002	-1,779605400305523E-002	3,000000000000000E+000
4,4073433E-002	-2,921880102641999E-002	3,000000000000000E+000
4,3118495E-002	-3,946482455608519E-002	3,000000000000000E+000
4,1840997E-002	-4,753542793736809E-002	3,000000000000000E+000
4,0577088E-002	-5,599785485941955E-002	3,000000000000000E+000
3,9402153E-002	-6,597252241853202E-002	3,000000000000000E+000
3,8264196E-002	-7,793967968771298E-002	3,000000000000000E+000
3,6988400E-002	-8,360985321956438E-002	3,000000000000000E+000
3,5744943E-002	-9,648121350457783E-002	3,000000000000000E+000
3,4731597E-002	-1,030373540917127E-001	3,000000000000000E+000
3,3399541E-002	-1,101475545615864E-001	3,000000000000000E+000
3,2280825E-002	-1,205415075851812E-001	3,000000000000000E+000
3,0916791E-002	-1,289513373340017E-001	3,000000000000000E+000
2,9828299E-002	-1,366261948941325E-001	3,000000000000000E+000
2,8640807E-002	-1,439411716613304E-001	3,000000000000000E+000
2,7456287E-002	-1,520365964550163E-001	3,000000000000000E+000
2,6136123E-002	-1,600202395541896E-001	3,000000000000000E+000
2,4927977E-002	-1,686371710222570E-001	3,000000000000000E+000
2,3920286E-002	-1,737590170911663E-001	3,000000000000000E+000
2,2747867E-002	-1,820050135882214E-001	3,000000000000000E+000
2,1378027E-002	-1,890568930927352E-001	3,000000000000000E+000
2,0255568E-002	-1,982754843387133E-001	3,000000000000000E+000
1,9007402E-002	-2,031753901262872E-001	3,000000000000000E+000
1,7760260E-002	-2,119599649417481E-001	3,000000000000000E+000
1,6655132E-002	-2,188061137793635E-001	3,000000000000000E+000
1,5413546E-002	-2,268812930075597E-001	3,000000000000000E+000
1,4307433E-002	-2,356493219590954E-001	3,000000000000000E+000
1,3073452E-002	-2,398668564856037E-001	3,000000000000000E+000
1,1806992E-002	-2,493241490446958E-001	3,000000000000000E+000
1,0639316E-002	-2,562518639638762E-001	3,000000000000000E+000
9,5478501E-003	-2,654004730769275E-001	3,000000000000000E+000
8,0415132E-003	-2,698891457241382E-001	3,000000000000000E+000
6,8952050E-003	-2,791848506506838E-001	3,000000000000000E+000
6,0218894E-003	-2,861996052993656E-001	3,000000000000000E+000
4,9379272E-003	-2,960057729732295E-001	3,000000000000000E+000
3,1842827E-003	-3,011671728616205E-001	3,000000000000000E+000
2,1804140E-003	-3,092787275026141E-001	3,000000000000000E+000
8,8784361E-004	-3,170454905808180E-001	3,000000000000000E+000
-2,3050721E-004	-3,283138647675510E-001	3,000000000000000E+000
-1,3740568E-003	-3,311577521122260E-001	3,000000000000000E+000
-2,6632312E-003	-3,411161754952943E-001	3,000000000000000E+000
-3,7292982E-003	-3,472040651573072E-001	3,000000000000000E+000
-4,9910145E-003	-3,569512568841073E-001	3,000000000000000E+000
-6,1338893E-003	-3,629569403969463E-001	3,000000000000000E+000
-7,2806235E-003	-3,706385052581833E-001	3,000000000000000E+000
-8,6498270E-003	-3,789025288489118E-001	3,000000000000000E+000
-9,7759329E-003	-3,869124635368489E-001	3,000000000000000E+000
-1,0928323E-002	-3,948363163120421E-001	3,000000000000000E+000
-1,2080153E-002	-4,014481411755284E-001	3,000000000000000E+000
-1,3364444E-002	-4,087088963650682E-001	3,000000000000000E+000
-1,4525751E-002	-4,173294459663639E-001	3,000000000000000E+000
-1,5689394E-002	-4,266161106384558E-001	3,000000000000000E+000
-1,6951183E-002	-4,300450482017695E-001	3,000000000000000E+000
-1,8085180E-002	-4,411315114961729E-001	3,000000000000000E+000
-1,9282861E-002	-4,479326242516350E-001	3,000000000000000E+000
-2,0521363E-002	-4,563293120526275E-001	3,000000000000000E+000
-2,1816269E-002	-4,628449300523956E-001	3,000000000000000E+000
-2,2970857E-002	-4,702256331155577E-001	3,000000000000000E+000
-2,4058999E-002	-4,782843646761550E-001	3,000000000000000E+000
-2,5316821E-002	-4,889801001409078E-001	3,000000000000000E+000
-2,6434474E-002	-4,928502434114388E-001	3,000000000000000E+000
-2,7856324E-002	-5,017248860547401E-001	3,000000000000000E+000
-2,8980978E-002	-5,092147092024470E-001	3,000000000000000E+000
-3,0150352E-002	-5,173189119474646E-001	3,000000000000000E+000
-3,1313818E-002	-5,250557501308837E-001	3,000000000000000E+000
-3,2513835E-002	-5,306939002540370E-001	3,000000000000000E+000
-3,3804074E-002	-5,392206809871514E-001	3,000000000000000E+000
-3,4938034E-002	-5,467022239592758E-001	3,000000000000000E+000
-3,6173642E-002	-5,553055495709271E-001	3,000000000000000E+000
-3,7325893E-002	-5,612536770058787E-001	3,000000000000000E+000
-3,8589805E-002	-5,677206299539357E-001	3,000000000000000E+000
-3,9632093E-002	-5,755104818446046E-001	3,000000000000000E+000
-4,0941928E-002	-5,856544480128729E-001	3,000000000000000E+000
-4,2146824E-002	-5,893832682308506E-001	3,000000000000000E+000
-4,3414768E-002	-5,960581933743210E-001	3,000000000000000E+000
-4,4603746E-002	-6,032370693606559E-001	3,000000000000000E+000
-4,5717154E-002	-6,091199737857078E-001	3,000000000000000E+000
-4,6936341E-002	-6,187559785968091E-001	3,000000000000000E+000
-4,8053779E-002	-6,226052178276875E-001	3,000000000000000E+000
-4,9293913E-002	-6,290496556579854E-001	3,000000000000000E+000
-5,0522376E-002	-6,372934550616070E-001	3,000000000000000E+000
-5,1760744E-002	-6,448401100674870E-001	3,000000000000000E+000
-5,2860059E-002	-6,516417717793983E-001	3,000000000000000E+000
-5,4153267E-002	-6,590492791599680E-001	3,000000000000000E+000
-5,5345427E-002	-6,670255888926064E-001	3,000000000000000E+000
-5,6443553E-002	-6,745498759879007E-001	3,000000000000000E+000
-5,7573404E-002	-6,841880118138011E-001	3,000000000000000E+000
-5,8963623E-002	-6,891486679798815E-001	3,000000000000000E+000
-6,0088277E-002	-6,990366048283030E-001	3,000000000000000E+000
-6,1192311E-002	-7,065903239547175E-001	3,000000000000000E+000
-6,2612817E-002	-7,145256692310795E-001	3,000000000000000E+000
-6,3777171E-002	-7,204006623036925E-001	3,000000000000000E+000
-6,4902455E-002	-7,293996715452495E-001	3,000000000000000E+000
-6,6168062E-002	-7,363040689767022E-001	3,000000000000000E+000
-6,7304462E-002	-7,463744928439473E-001	3,000000000000000E+000
-6,8435706E-002	-7,512426686007547E-001	3,000000000000000E+000
-6,9752254E-002	-7,600403059946572E-001	3,000000000000000E+000
-7,0897721E-002	-7,666070189508094E-001	3,000000000000000E+000
-7,2206490E-002	-7,778115611419931E-001	3,000000000000000E+000
-7,3249422E-002	-7,814857655903360E-001	3,000000000000000E+000
-7,4515454E-002	-7,901425152215076E-001	3,000000000000000E+000
-7,5743280E-002	-7,995033266100406E-001	3,000000000000000E+000
-7,6872669E-002	-8,080774402478701E-001	3,000000000000000E+000
-7,8129582E-002	-8,116535851214479E-001	3,000000000000000E+000
-7,9398803E-002	-8,210181290050969E-001	3,000000000000000E+000
-8,0615163E-002	-8,276070695266977E-001	3,000000000000000E+000
-8,1755094E-002	-8,353901619427928E-001	3,000000000000000E+000
-8,2949057E-002	-8,445503423378469E-001	3,000000000000000E+000
-8,4073290E-002	-8,484517354388830E-001	3,000000000000000E+000
-8,5300691E-002	-8,582381992730159E-001	3,000000000000000E+000
-8,6419821E-002	-8,639472855461969E-001	3,000000000000000E+000
-8,7623551E-002	-8,732607544839581E-001	3,000000000000000E+000
-8,8930972E-002	-8,789184368086147E-001	3,000000000000000E+000
-9,0039298E-002	-8,861581379314902E-001	3,000000000000000E+000
-9,1263928E-002	-8,925577323211140E-001	3,000000000000000E+000
-9,2542976E-002	-9,045869434355858E-001	3,000000000000000E+000
-9,3711793E-002	-9,061511355685088E-001	3,000000000000000E+000
-9,4957657E-002	-9,155178231756267E-001	3,000000000000000E+000
-9,6045800E-002	-9,223495434529880E-001	3,000000000000000E+000
-9,7335622E-002	-9,290709915286364E-001	3,000000000000000E+000
-9,8465651E-002	-9,388058849791432E-001	3,000000000000000E+000
-9,9628516E-002	-9,428870326373708E-001	3,000000000000000E+000
-1,0084445E-001	-9,505571482392625E-001	3,000000000000000E+000
-1,0215486E-001	-9,589631704535933E-001	3,000000000000000E+000
-1,0324299E-001	-9,631068853583775E-001	3,000000000000000E+000
-1,0440530E-001	-9,749219001710596E-001	3,000000000000000E+000
-1,0567856E-001	-9,783873640828658E-001	3,000000000000000E+000
-1,0689235E-001	-9,852969131251381E-001	3,000000000000000E+000
-1,0799707E-001	-9,937266709360542E-001	3,000000000000000E+000
-1,0922036E-001	-1,000716566845465E+000	3,000000000000000E+000
-1,1035899E-001	-1,004945386369294E+000	3,000000000000000E+000
-1,1163839E-001	-1,012362031279023E+000	3,000000000000000E+000
-1,1284244E-001	-1,016983770661883E+000	3,000000000000000E+000
-1,1400807E-001	-1,024620982650152E+000	3,000000000000000E+000
-1,1524903E-001	-1,029446268881049E+000	3,000000000000000E+000
-1,1650181E-001	-1,036396725698269E+000	3,000000000000000E+000
-1,1767891E-001	-1,038876908766623E+000	3,000000000000000E+000
-1,1893772E-001	-1,045916095958090E+000	3,000000000000000E+000
-1,2014305E-001	-1,049588778922850E+000	3,000000000000000E+000
-1,2130591E-001	-1,054896704994865E+000	3,000000000000000E+000
-1,2244119E-001	-1,058886080980304E+000	3,000000000000000E+000
-1,2370006E-001	-1,065716853132471E+000	3,000000000000000E+000
-1,2487398E-001	-1,066852674858333E+000	3,000000000000000E+000
-1,2594940E-001	-1,070044269552455E+000	3,000000000000000E+000
-1,2726468E-001	-1,073084963692560E+000	3,000000000000000E+000
-1,2850608E-001	-1,071309671776054E+000	3,000000000000000E+000
-1,2977532E-001	-1,072891946222320E+000	3,000000000000000E+000
-1,3085687E-001	-1,073528176134758E+000	3,000000000000000E+000
-1,3200338E-001	-1,076107166073690E+000	3,000000000000000E+000
-1,3328536E-001	-1,076976681554999E+000	3,000000000000000E+000
-1,3443485E-001	-1,081497099276421E+000	3,000000000000000E+000
-1,3558753E-001	-1,084703321840302E+000	3,000000000000000E+000
-1,3684125E-001	-1,090724762166950E+000	3,000000000000000E+000
-1,4056490E-001	-1,104181573819535E+000	3,000000000000000E+000
-1,4400406E-001	-1,132442057999370E+000	3,000000000000000E+000
-1,4514481E-001	-1,145725139507300E+000	3,000000000000000E+000
-1,4639843E-001	-1,152976632894327E+000	3,000000000000000E+000
-1,4765216E-001	-1,159915144736360E+000	3,000000000000000E+000
-1,4876874E-001	-1,170748888282105E+000	3,000000000000000E+000
-1,4999834E-001	-1,181909351764865E+000	3,000000000000000E+000
-1,5115823E-001	-1,190929161565792E+000	3,000000000000000E+000
-1,5238097E-001	-1,200208852390968E+000	3,000000000000000E+000
-1,5356776E-001	-1,209540521984714E+000	3,000000000000000E+000
-1,5478170E-001	-1,219165008346955E+000	3,000000000000000E+000
-1,5599996E-001	-1,228935869009646E+000	3,000000000000000E+000
-1,5719914E-001	-1,238165681845409E+000	3,000000000000000E+000
-1,5837823E-001	-1,245296204592002E+000	3,000000000000000E+000
-1,5956190E-001	-1,254020108116994E+000	3,000000000000000E+000
-1,6074577E-001	-1,264589693423154E+000	3,000000000000000E+000
-1,6203728E-001	-1,270625543159742E+000	3,000000000000000E+000
-1,6321725E-001	-1,279790620785208E+000	3,000000000000000E+000
-1,6438946E-001	-1,287968143329230E+000	3,000000000000000E+000
-1,6554724E-001	-1,297007155371830E+000	3,000000000000000E+000
-1,6676918E-001	-1,308915444442800E+000	3,000000000000000E+000
-1,6796686E-001	-1,314796354259464E+000	3,000000000000000E+000
-1,6914672E-001	-1,323626235023969E+000	3,000000000000000E+000
-1,7032401E-001	-1,331362515299890E+000	3,000000000000000E+000
-1,7163427E-001	-1,341311515929792E+000	3,000000000000000E+000
-1,7263347E-001	-1,352165525054769E+000	3,000000000000000E+000
-1,7395596E-001	-1,358099447744380E+000	3,000000000000000E+000
-1,7515974E-001	-1,368213006088308E+000	3,000000000000000E+000
-1,7640342E-001	-1,377857630348043E+000	3,000000000000000E+000
-1,7758770E-001	-1,387737593225513E+000	3,000000000000000E+000
-1,7876431E-001	-1,395449480585132E+000	3,000000000000000E+000
-1,7997557E-001	-1,404142551175841E+000	3,000000000000000E+000
-1,8117639E-001	-1,411153242871574E+000	3,000000000000000E+000
-1,8236856E-001	-1,418990297061910E+000	3,000000000000000E+000
-1,8359192E-001	-1,427491400753045E+000	3,000000000000000E+000
-1,8477952E-001	-1,437534812423912E+000	3,000000000000000E+000
-1,8591180E-001	-1,441552036726432E+000	3,000000000000000E+000
-1,8716298E-001	-1,451198838702918E+000	3,000000000000000E+000
-1,8838373E-001	-1,463023272989730E+000	3,000000000000000E+000
-1,8958752E-001	-1,469312561882866E+000	3,000000000000000E+000
-1,9075970E-001	-1,477352303426919E+000	3,000000000000000E+000
-1,9196036E-001	-1,486676506749870E+000	3,000000000000000E+000
-1,9316936E-001	-1,495630560546282E+000	3,000000000000000E+000
-1,9435811E-001	-1,501941123822082E+000	3,000000000000000E+000
-1,9556451E-001	-1,507764781023273E+000	3,000000000000000E+000
-1,9679953E-001	-1,513811286176654E+000	3,000000000000000E+000
-1,9796920E-001	-1,518254824707075E+000	3,000000000000000E+000
-1,9894834E-001	-1,518159414331119E+000	3,000000000000000E+000
-1,9936778E-001	-1,544219493865967E+000	3,000000000000000E+000
-1,9930321E-001	-1,538777649402618E+000	3,000000000000000E+000
-1,9880944E-001	-1,347584022804059E+000	3,000000000000000E+000
-1,9757165E-001	-1,307964873267338E+000	3,000000000000000E+000
-1,9638498E-001	-1,276999750950683E+000	3,000000000000000E+000
-1,9515765E-001	-1,245951714278718E+000	3,000000000000000E+000
-1,9402424E-001	-1,218136011183056E+000	3,000000000000000E+000
-1,9270286E-001	-1,191481770158539E+000	3,000000000000000E+000
-1,9155543E-001	-1,164909224879617E+000	3,000000000000000E+000
-1,9038717E-001	-1,141410857439041E+000	3,000000000000000E+000
-1,8916751E-001	-1,112566168394146E+000	3,000000000000000E+000
-1,8799780E-001	-1,083854076323200E+000	3,000000000000000E+000
-1,8678325E-001	-1,054241388738674E+000	3,000000000000000E+000
-1,8558672E-001	-1,026022532502083E+000	3,000000000000000E+000
-1,8436119E-001	-9,980624625847376E-001	3,000000000000000E+000
-1,8313470E-001	-9,724043224964021E-001	3,000000000000000E+000
-1,8199803E-001	-9,519249541659107E-001	3,000000000000000E+000
-1,8073045E-001	-9,280319778740174E-001	3,000000000000000E+000
-1,7954130E-001	-9,109290326919623E-001	3,000000000000000E+000
-1,7837490E-001	-8,944710335280295E-001	3,000000000000000E+000
-1,7716627E-001	-8,803955480171748E-001	3,000000000000000E+000
-1,7592028E-001	-8,689592981245369E-001	3,000000000000000E+000
-1,7473407E-001	-8,581128186649671E-001	3,000000000000000E+000
-1,7357987E-001	-8,482391173925441E-001	3,000000000000000E+000
-1,7235322E-001	-8,427315146869265E-001	3,000000000000000E+000
-1,7111692E-001	-8,363997375256265E-001	3,000000000000000E+000
-1,6989397E-001	-8,285902755128023E-001	3,000000000000000E+000
-1,6869012E-001	-8,223963880445773E-001	3,000000000000000E+000
-1,6756196E-001	-8,141000191939787E-001	3,000000000000000E+000
-1,6633840E-001	-8,117270504719469E-001	3,000000000000000E+000
-1,6521673E-001	-8,058005188617638E-001	3,000000000000000E+000
-1,6391756E-001	-7,997529959538943E-001	3,000000000000000E+000
-1,6275555E-001	-7,939070512851094E-001	3,000000000000000E+000
-1,6153304E-001	-7,872177592297565E-001	3,000000000000000E+000
-1,6035756E-001	-7,778426282133664E-001	3,000000000000000E+000
-1,5922612E-001	-7,720900163339022E-001	3,000000000000000E+000
-1,5796326E-001	-7,662653006587394E-001	3,000000000000000E+000
-1,5674902E-001	-7,588112066991428E-001	3,000000000000000E+000
-1,5554826E-001	-7,512435881912491E-001	3,000000000000000E+000
-1,5431900E-001	-7,436378196968416E-001	3,000000000000000E+000
-1,5312238E-001	-7,370737051824099E-001	3,000000000000000E+000
-1,5197587E-001	-7,288812963783509E-001	3,000000000000000E+000
-1,5077996E-001	-7,212946081870335E-001	3,000000000000000E+000
-1,4960025E-001	-7,146679310050477E-001	3,000000000000000E+000
-1,4837766E-001	-7,058889560996455E-001	3,000000000000000E+000
-1,4716724E-001	-6,984729961647336E-001	3,000000000000000E+000
-1,4596385E-001	-6,890734739912059E-001	3,000000000000000E+000
-1,4474119E-001	-6,819545725981380E-001	3,000000000000000E+000
-1,4353313E-001	-6,751220872004824E-001	3,000000000000000E+000
-1,4239086E-001	-6,669180266584993E-001	3,000000000000000E+000
-1,4117025E-001	-6,596410594906441E-001	3,000000000000000E+000
-1,3994543E-001	-6,492380354708693E-001	3,000000000000000E+000
-1,3880111E-001	-6,440635728649813E-001	3,000000000000000E+000
-1,3757031E-001	-6,360376769443974E-001	3,000000000000000E+000
-1,3632771E-001	-6,260515196223011E-001	3,000000000000000E+000
-1,3513385E-001	-6,235014119366582E-001	3,000000000000000E+000
-1,3396490E-001	-6,102490395876681E-001	3,000000000000000E+000
-1,3278186E-001	-6,020057815929042E-001	3,000000000000000E+000
-1,3153641E-001	-5,954522893686480E-001	3,000000000000000E+000
-1,3038601E-001	-5,839735578305820E-001	3,000000000000000E+000
-1,2920170E-001	-5,773075989951995E-001	3,000000000000000E+000
-1,2797599E-001	-5,681138904959262E-001	3,000000000000000E+000
-1,2676939E-001	-5,579473539902295E-001	3,000000000000000E+000
-1,2554979E-001	-5,513418986423240E-001	3,000000000000000E+000
-1,2436080E-001	-5,408751999623016E-001	3,000000000000000E+000
-1,2317289E-001	-5,324801844997431E-001	3,000000000000000E+000
-1,2199737E-001	-5,252392833030561E-001	3,000000000000000E+000
-1,2075790E-001	-5,173057270003487E-001	3,000000000000000E+000
-1,1956744E-001	-5,083888118064763E-001	3,000000000000000E+000
-1,1841709E-001	-5,004414376970892E-001	3,000000000000000E+000
-1,1714162E-001	-4,880642682029332E-001	3,000000000000000E+000
-1,1597408E-001	-4,824209141661409E-001	3,000000000000000E+000
-1,1478787E-001	-4,724294471670878E-001	3,000000000000000E+000
-1,1355142E-001	-4,586488661524397E-001	3,000000000000000E+000
-1,1238608E-001	-4,500883704685181E-001	3,000000000000000E+000
-1,1116122E-001	-4,397669982863603E-001	3,000000000000000E+000
-1,0997410E-001	-4,274025496108349E-001	3,000000000000000E+000
-1,0876155E-001	-4,178046189675415E-001	3,000000000000000E+000
-1,0760207E-001	-4,066028039346237E-001	3,000000000000000E+000
-1,0635755E-001	-3,965667518334355E-001	3,000000000000000E+000
-1,0072294E-001	-2,850921836021980E-001	3,000000000000000E+000
-9,9311769E-002	-3,531828145755256E-001	3,000000000000000E+000
-9,7968370E-002	-2,891627769244618E-001	3,000000000000000E+000
-9,7170122E-002	-3,075585213373415E-001	3,000000000000000E+000
-9,5905058E-002	-2,805377091539807E-001	3,000000000000000E+000
-9,4359659E-002	-2,796432621576574E-001	3,000000000000000E+000
-9,3384020E-002	-2,666462371061139E-001	3,000000000000000E+000
-9,2102274E-002	-2,610571743086143E-001	3,000000000000000E+000
-9,0965457E-002	-2,475559337957143E-001	3,000000000000000E+000
-8,9862458E-002	-2,455380881826079E-001	3,000000000000000E+000
-8,8630810E-002	-2,362224742084640E-001	3,000000000000000E+000
-8,7254383E-002	-2,303967231192567E-001	3,000000000000000E+000
-8,6401522E-002	-2,232153738538420E-001	3,000000000000000E+000
-8,5082695E-002	-2,150887775124923E-001	3,000000000000000E+000
-8,3781436E-002	-2,118507398926246E-001	3,000000000000000E+000
-8,2627691E-002	-2,029984078415294E-001	3,000000000000000E+000
-8,1484988E-002	-1,980924574664737E-001	3,000000000000000E+000
-8,0183581E-002	-1,890543357650230E-001	3,000000000000000E+000
-7,9027779E-002	-1,843911264505654E-001	3,000000000000000E+000
-7,7850066E-002	-1,777960670005996E-001	3,000000000000000E+000
-7,6678075E-002	-1,728339122685916E-001	3,000000000000000E+000
-7,5252824E-002	-1,628426087683899E-001	3,000000000000000E+000
-7,4178480E-002	-1,587336502626485E-001	3,000000000000000E+000
-7,3039711E-002	-1,488255930728180E-001	3,000000000000000E+000
-7,1777076E-002	-1,457209490440112E-001	3,000000000000000E+000
-7,0630118E-002	-1,378688941056478E-001	3,000000000000000E+000
-6,9486789E-002	-1,318426295943527E-001	3,000000000000000E+000
-6,8257160E-002	-1,219533230937988E-001	3,000000000000000E+000
-6,6950798E-002	-1,181276056158823E-001	3,000000000000000E+000
-6,5792799E-002	-1,097407850611488E-001	3,000000000000000E+000
-6,4474978E-002	-1,035187798584551E-001	3,000000000000000E+000
-6,3511506E-002	-9,497915109710064E-002	3,000000000000000E+000
-6,2122211E-002	-8,727693780545276E-002	3,000000000000000E+000
-6,1017301E-002	-8,220238643924782E-002	3,000000000000000E+000
-5,9873536E-002	-7,347888635235400E-002	3,000000000000000E+000
-5,8554433E-002	-6,689125299453723E-002	3,000000000000000E+000
-5,7400413E-002	-5,633463903521063E-002	3,000000000000000E+000
-5,6100626E-002	-5,330295207628905E-002	3,000000000000000E+000
-5,5096544E-002	-4,445284122306881E-002	3,000000000000000E+000
-5,3713970E-002	-3,701699134318100E-002	3,000000000000000E+000
-5,2507658E-002	-2,794780478102954E-002	3,000000000000000E+000
-5,1507894E-002	-2,225111803232315E-002	3,000000000000000E+000
-5,0275620E-002	-1,513126699460876E-002	3,000000000000000E+000
-4,9123358E-002	-6,728329545088257E-003	3,000000000000000E+000
-4,7766048E-002	4,381796031856944E-004	3,000000000000000E+000
-4,6645958E-002	1,032504070250675E-002	3,000000000000000E+000
-4,5452308E-002	1,470439125680262E-002	3,000000000000000E+000
-4,4300266E-002	2,399912511545058E-002	3,000000000000000E+000
-4,2908777E-002	3,056915762095347E-002	3,000000000000000E+000
-4,1853219E-002	3,997417014034010E-002	3,000000000000000E+000
-4,0737696E-002	4,529028172853744E-002	3,000000000000000E+000
-3,9398212E-002	5,437961582922290E-002	3,000000000000000E+000
-3,8332142E-002	6,127009871933206E-002	3,000000000000000E+000
-3,7123784E-002	7,192267716163769E-002	3,000000000000000E+000
-3,5935443E-002	7,617329610689527E-002	3,000000000000000E+000
-3,4442481E-002	8,609557710588001E-002	3,000000000000000E+000
-3,3573408E-002	9,269922343567782E-002	3,000000000000000E+000
-3,2320891E-002	1,035322764024993E-001	3,000000000000000E+000
-3,0948507E-002	1,084627218887263E-001	3,000000000000000E+000
-2,9842740E-002	1,181209588458942E-001	3,000000000000000E+000
-2,8707046E-002	1,254625311671088E-001	3,000000000000000E+000
-2,7505271E-002	1,369234512450119E-001	3,000000000000000E+000
-2,6337732E-002	1,414703478302624E-001	3,000000000000000E+000
-2,5004616E-002	1,523638566706924E-001	3,000000000000000E+000
-2,3883993E-002	1,595237782231482E-001	3,000000000000000E+000
-2,2795072E-002	1,694073571642449E-001	3,000000000000000E+000
-2,1439068E-002	1,770494636277555E-001	3,000000000000000E+000
-2,0122934E-002	1,839472574291809E-001	3,000000000000000E+000
-1,9101698E-002	1,933052023652833E-001	3,000000000000000E+000
-1,7806863E-002	2,049845618021210E-001	3,000000000000000E+000
-1,6522996E-002	2,100167974971958E-001	3,000000000000000E+000
-1,5520191E-002	2,204755362537181E-001	3,000000000000000E+000
-1,4248995E-002	2,308952381556280E-001	3,000000000000000E+000
-1,3090798E-002	2,369556458660456E-001	3,000000000000000E+000
-1,1766173E-002	2,467113378289567E-001	3,000000000000000E+000
-1,0772282E-002	2,547346626718840E-001	3,000000000000000E+000
-9,4843172E-003	2,648118416125524E-001	3,000000000000000E+000
-8,1514129E-003	2,703798114283327E-001	3,000000000000000E+000
-7,1795983E-003	2,799693449762541E-001	3,000000000000000E+000
-5,7295151E-003	2,863706461373816E-001	3,000000000000000E+000
-4,4457968E-003	2,979398434076255E-001	3,000000000000000E+000
-3,4716474E-003	3,025577720384005E-001	3,000000000000000E+000
-2,2981660E-003	3,105462869409372E-001	3,000000000000000E+000
-1,0533584E-003	3,182399570941934E-001	3,000000000000000E+000
2,4805387E-004	3,279005272520913E-001	3,000000000000000E+000
1,1162371E-003	3,346574113173917E-001	4,000000000000000E+000
2,4707937E-003	3,417476703438720E-001	4,000000000000000E+000
3,9395574E-003	3,491390790635114E-001	4,000000000000000E+000
4,9225111E-003	3,590890417496371E-001	4,000000000000000E+000
5,9459093E-003	3,637062173867065E-001	4,000000000000000E+000
7,4121254E-003	3,722549724625437E-001	4,000000000000000E+000
8,6320955E-003	3,793025048928245E-001	4,000000000000000E+000
9,5375283E-003	3,898710800826342E-001	4,000000000000000E+000
1,0971477E-002	3,943508644329583E-001	4,000000000000000E+000
1,2219046E-002	4,023159716549962E-001	4,000000000000000E+000
1,3100428E-002	4,097515900244226E-001	4,000000000000000E+000
1,4638745E-002	4,189863277521604E-001	4,000000000000000E+000
1,5803235E-002	4,253807629833726E-001	4,000000000000000E+000
1,6812410E-002	4,329748160994834E-001	4,000000000000000E+000
1,8155929E-002	4,412897428846936E-001	4,000000000000000E+000
1,9424936E-002	4,477565940598853E-001	4,000000000000000E+000
2,0450735E-002	4,580171486142932E-001	4,000000000000000E+000
2,1780452E-002	4,623070793135842E-001	4,000000000000000E+000
2,2968367E-002	4,710033237934113E-001	4,000000000000000E+000
2,4106611E-002	4,790861622184631E-001	4,000000000000000E+000
2,5181731E-002	4,868817732139075E-001	4,000000000000000E+000
2,6528182E-002	4,963840583675654E-001	4,000000000000000E+000
2,7657511E-002	5,006136377083346E-001	4,000000000000000E+000
2,8942440E-002	5,096237688687537E-001	4,000000000000000E+000
3,0091818E-002	5,187044279559316E-001	4,000000000000000E+000
3,1284615E-002	5,244412581927875E-001	4,000000000000000E+000
3,2539617E-002	5,319545377149364E-001	4,000000000000000E+000
3,3597194E-002	5,388979427775160E-001	4,000000000000000E+000
3,4998938E-002	5,498823120336347E-001	4,000000000000000E+000
3,6097053E-002	5,531223808324715E-001	4,000000000000000E+000
3,7222140E-002	5,624953497188272E-001	4,000000000000000E+000
3,8425758E-002	5,692595872614128E-001	4,000000000000000E+000
3,9720803E-002	5,780059669438444E-001	4,000000000000000E+000
4,0898670E-002	5,857220586686829E-001	4,000000000000000E+000
4,2066842E-002	5,905535596539284E-001	4,000000000000000E+000
4,3344766E-002	6,008729916195296E-001	4,000000000000000E+000
4,4498295E-002	6,058751874499868E-001	4,000000000000000E+000
4,5667876E-002	6,153430024666413E-001	4,000000000000000E+000
4,6836618E-002	6,228283223980622E-001	4,000000000000000E+000
4,8143409E-002	6,287527275271732E-001	4,000000000000000E+000
4,9252361E-002	6,372362695660279E-001	4,000000000000000E+000
5,0491147E-002	6,450264679863000E-001	4,000000000000000E+000
5,1565025E-002	6,505216774013309E-001	4,000000000000000E+000
5,2946545E-002	6,587925005005668E-001	4,000000000000000E+000
5,3983528E-002	6,646526822070076E-001	4,000000000000000E+000
5,5192638E-002	6,726194907419583E-001	4,000000000000000E+000
5,6527585E-002	6,808160994357131E-001	4,000000000000000E+000
5,7566911E-002	6,853707511650606E-001	4,000000000000000E+000
5,8691561E-002	6,936226806655093E-001	4,000000000000000E+000
6,0137827E-002	6,985755656302599E-001	4,000000000000000E+000
6,1322909E-002	7,074327512721865E-001	4,000000000000000E+000
6,2362365E-002	7,140780008501482E-001	4,000000000000000E+000
6,3694626E-002	7,179132764253562E-001	4,000000000000000E+000
6,4865783E-002	7,258028400699752E-001	4,000000000000000E+000
6,6104643E-002	7,303148779837016E-001	4,000000000000000E+000
6,7164764E-002	7,365685070269850E-001	4,000000000000000E+000
6,8595588E-002	7,444000871360505E-001	4,000000000000000E+000
6,9569521E-002	7,456679518541538E-001	4,000000000000000E+000
7,0807323E-002	7,547483924362410E-001	4,000000000000000E+000
7,2062753E-002	7,575195299254522E-001	4,000000000000000E+000
7,3263191E-002	7,647702388154940E-001	4,000000000000000E+000
7,4371085E-002	7,707698280897208E-001	4,000000000000000E+000
7,5787894E-002	7,787996996064788E-001	4,000000000000000E+000
7,6583937E-002	7,843602442881101E-001	4,000000000000000E+000
7,8250133E-002	7,925483292201534E-001	4,000000000000000E+000
7,9360984E-002	7,989583447860138E-001	4,000000000000000E+000
8,0479622E-002	8,083628121918700E-001	4,000000000000000E+000
8,1665792E-002	8,142382809374880E-001	4,000000000000000E+000
8,2808070E-002	8,223404672979928E-001	4,000000000000000E+000
8,4034629E-002	8,296259641647343E-001	4,000000000000000E+000
8,5263819E-002	8,388537263963354E-001	4,000000000000000E+000
8,6445160E-002	8,456158490929173E-001	4,000000000000000E+000
8,7708861E-002	8,526612760809531E-001	4,000000000000000E+000
8,8787250E-002	8,605549977316214E-001	4,000000000000000E+000
9,0132162E-002	8,686585954209405E-001	4,000000000000000E+000
9,1242313E-002	8,766780785905794E-001	4,000000000000000E+000
9,2487335E-002	8,831966241769944E-001	4,000000000000000E+000
9,3736611E-002	8,913415508706990E-001	4,000000000000000E+000
9,4822407E-002	8,976490928067093E-001	4,000000000000000E+000
9,6002109E-002	9,092594706582702E-001	4,000000000000000E+000
9,7350299E-002	9,131932256665702E-001	4,000000000000000E+000
9,8493420E-002	9,208119796951202E-001	4,000000000000000E+000
9,9653751E-002	9,299228541009761E-001	4,000000000000000E+000
1,0078824E-001	9,378617403951207E-001	4,000000000000000E+000
1,0204344E-001	9,440446529123536E-001	4,000000000000000E+000
1,0327657E-001	9,521257183902616E-001	4,000000000000000E+000
1,0434179E-001	9,584554866240875E-001	4,000000000000000E+000
1,0579647E-001	9,673239360822183E-001	4,000000000000000E+000
1,0667696E-001	9,737772148801049E-001	4,000000000000000E+000
1,0809117E-001	9,801440044150986E-001	4,000000000000000E+000
1,0917039E-001	9,875852142253727E-001	4,000000000000000E+000
1,1033238E-001	9,946306153045352E-001	4,000000000000000E+000
1,1165269E-001	1,002876616186571E+000	4,000000000000000E+000
1,1285036E-001	1,008824915081885E+000	4,000000000000000E+000
1,1404210E-001	1,016018379259751E+000	4,000000000000000E+000
1,1525931E-001	1,023286123294385E+000	4,000000000000000E+000
1,1646023E-001	1,033113457896338E+000	4,000000000000000E+000
1,1769039E-001	1,037204966143086E+000	4,000000000000000E+000
1,1881866E-001	1,045936316639809E+000	4,000000000000000E+000
1,1998493E-001	1,051761776506389E+000	4,000000000000000E+000
1,2125493E-001	1,060060650795801E+000	4,000000000000000E+000
1,2240943E-001	1,067241644447980E+000	4,000000000000000E+000
1,2357146E-001	1,071674483763571E+000	4,000000000000000E+000
1,2477147E-001	1,082082039392035E+000	4,000000000000000E+000
1,2606107E-001	1,085516768145482E+000	4,000000000000000E+000
1,2962979E-001	1,097298048193693E+000	4,000000000000000E+000
1,3303255E-001	1,120916905851729E+000	4,000000000000000E+000
1,3427842E-001	1,126567735685969E+000	4,000000000000000E+000
1,3539734E-001	1,133879585696075E+000	4,000000000000000E+000
1,3660188E-001	1,142489971101490E+000	4,000000000000000E+000
1,3781270E-001	1,146937803016037E+000	4,000000000000000E+000
1,3902865E-001	1,150563603525779E+000	4,000000000000000E+000
1,4021975E-001	1,156128466038762E+000	4,000000000000000E+000
1,4144801E-001	1,161314526029550E+000	4,000000000000000E+000
1,4268325E-001	1,164284762499548E+000	4,000000000000000E+000
1,4382291E-001	1,171704920293347E+000	4,000000000000000E+000
1,4501378E-001	1,174758849380957E+000	4,000000000000000E+000
1,4620334E-001	1,178444038908414E+000	4,000000000000000E+000
1,4745601E-001	1,182569395194556E+000	4,000000000000000E+000
1,4860676E-001	1,182888709150980E+000	4,000000000000000E+000
1,4978237E-001	1,183117869439432E+000	4,000000000000000E+000
1,5106305E-001	1,184285759537792E+000	4,000000000000000E+000
1,5219767E-001	1,181367575824780E+000	4,000000000000000E+000
1,5341043E-001	1,179385956700166E+000	4,000000000000000E+000
1,5459143E-001	1,178377210796398E+000	4,000000000000000E+000
1,5583974E-001	1,179404003752607E+000	4,000000000000000E+000
1,5701544E-001	1,179048722571071E+000	4,000000000000000E+000
1,5823470E-001	1,181962649325012E+000	4,000000000000000E+000
1,5942368E-001	1,185009234481388E+000	4,000000000000000E+000
1,6062795E-001	1,190375691926524E+000	4,000000000000000E+000
1,6177298E-001	1,195650874882837E+000	4,000000000000000E+000
1,6297172E-001	1,202046305238682E+000	4,000000000000000E+000
1,6426359E-001	1,210864638482843E+000	4,000000000000000E+000
1,6543104E-001	1,220428609871309E+000	4,000000000000000E+000
1,6661981E-001	1,230282158435635E+000	4,000000000000000E+000
1,6784233E-001	1,239209606363954E+000	4,000000000000000E+000
1,6901866E-001	1,247548512390093E+000	4,000000000000000E+000
1,7011955E-001	1,258058663871559E+000	4,000000000000000E+000
1,7139810E-001	1,267875165135290E+000	4,000000000000000E+000
1,7257254E-001	1,280070958374480E+000	4,000000000000000E+000
1,7386000E-001	1,287085835847797E+000	4,000000000000000E+000
1,7503880E-001	1,297665022365335E+000	4,000000000000000E+000
1,7619939E-001	1,311167655823130E+000	4,000000000000000E+000
1,7741662E-001	1,318023516848267E+000	4,000000000000000E+000
1,7859264E-001	1,329974164177352E+000	4,000000000000000E+000
1,7982902E-001	1,341462463528538E+000	4,000000000000000E+000
1,8100610E-001	1,351712758445899E+000	4,000000000000000E+000
1,8229271E-001	1,361704236543221E+000	4,000000000000000E+000
1,8346570E-001	1,371687264026457E+000	4,000000000000000E+000
1,8461429E-001	1,382401144002664E+000	4,000000000000000E+000
1,8585952E-001	1,392586649240304E+000	4,000000000000000E+000
1,8704417E-001	1,403048131977105E+000	4,000000000000000E+000
1,8823290E-001	1,410736660162611E+000	4,000000000000000E+000
1,8937433E-001	1,420825684184415E+000	4,000000000000000E+000
1,9061443E-001	1,431276411206152E+000	4,000000000000000E+000
1,9185556E-001	1,437054462291098E+000	4,000000000000000E+000
1,9300503E-001	1,445857972294718E+000	4,000000000000000E+000
1,9419783E-001	1,454820410296733E+000	4,000000000000000E+000
1,9543514E-001	1,467080992620645E+000	4,000000000000000E+000
1,9664401E-001	1,474485142363442E+000	4,000000000000000E+000
1,9784868E-001	1,484416262582982E+000	4,000000000000000E+000
1,9906478E-001	1,495125830949604E+000	4,000000000000000E+000
2,0001169E-001	1,500833435100507E+000	4,000000000000000E+000
2,0045571E-001	1,527359902858734E+000	4,000000000000000E+000
2,0054400E-001	1,521593511104584E+000	4,000000000000000E+000
1,9980241E-001	1,337250055046752E+000	4,000000000000000E+000
1,9859143E-001	1,305846736326600E+000	4,000000000000000E+000
1,9743165E-001	1,277586592180241E+000	4,000000000000000E+000
1,9618647E-001	1,253546095944742E+000	4,000000000000000E+000
1,9499099E-001	1,235173432945484E+000	4,000000000000000E+000
1,9379678E-001	1,214069189878909E+000	4,000000000000000E+000
1,9263951E-001	1,195923587372011E+000	4,000000000000000E+000
1,9140080E-001	1,177687753845629E+000	4,000000000000000E+000
1,9021310E-001	1,161797230157795E+000	4,000000000000000E+000
1,8901722E-001	1,146877407639599E+000	4,000000000000000E+000
1,8780532E-001	1,131993594618201E+000	4,000000000000000E+000
1,8663599E-001	1,114068505522383E+000	4,000000000000000E+000
1,8538184E-001	1,103693069191653E+000	4,000000000000000E+000
1,8419915E-001	1,084806897768027E+000	4,000000000000000E+000
1,8305697E-001	1,068205728544858E+000	4,000000000000000E+000
1,8182667E-001	1,053417432833359E+000	4,000000000000000E+000
1,8064533E-001	1,037190705835300E+000	4,000000000000000E+000
1,7941129E-001	1,019767372726669E+000	4,000000000000000E+000
1,7825672E-001	1,004163353949679E+000	4,000000000000000E+000
1,7703578E-001	9,902332101741607E-001	4,000000000000000E+000
1,7582053E-001	9,704337681048647E-001	4,000000000000000E+000
1,7461888E-001	9,579834435523198E-001	4,000000000000000E+000
1,7343634E-001	9,389265466921266E-001	4,000000000000000E+000
1,7227378E-001	9,231750094461155E-001	4,000000000000000E+000
1,7096981E-001	9,061017549700230E-001	4,000000000000000E+000
1,6985013E-001	8,884260073019640E-001	4,000000000000000E+000
1,6854827E-001	8,713697356741079E-001	4,000000000000000E+000
1,6739587E-001	8,503005714026362E-001	4,000000000000000E+000
1,6623801E-001	8,336622133566486E-001	4,000000000000000E+000
1,6504672E-001	8,097639357567648E-001	4,000000000000000E+000
1,6379881E-001	7,930693931282597E-001	4,000000000000000E+000
1,6259938E-001	7,671885070675568E-001	4,000000000000000E+000
1,6144933E-001	7,486333587957166E-001	4,000000000000000E+000
1,6017254E-001	7,295223792963146E-001	4,000000000000000E+000
1,5899298E-001	7,151901720014106E-001	4,000000000000000E+000
1,5786691E-001	6,993060463573766E-001	4,000000000000000E+000
1,5659988E-001	6,874815788533983E-001	4,000000000000000E+000
1,5537678E-001	6,786749508076646E-001	4,000000000000000E+000
1,5420923E-001	6,694631673938893E-001	4,000000000000000E+000
1,5299797E-001	6,627770531793233E-001	4,000000000000000E+000
1,5180527E-001	6,533414384531273E-001	4,000000000000000E+000
1,5060377E-001	6,508465133633248E-001	4,000000000000000E+000
1,4943327E-001	6,449527916783033E-001	4,000000000000000E+000
1,4826360E-001	6,401676066193946E-001	4,000000000000000E+000
1,4702070E-001	6,349920934299007E-001	4,000000000000000E+000
1,4580145E-001	6,293370997429726E-001	4,000000000000000E+000
1,4465563E-001	6,201751456182034E-001	4,000000000000000E+000
1,4343143E-001	6,170532331388028E-001	4,000000000000000E+000
1,4219809E-001	6,109017972291149E-001	4,000000000000000E+000
1,4098871E-001	6,064772546976931E-001	4,000000000000000E+000
1,3987361E-001	6,001529417052431E-001	4,000000000000000E+000
1,3863122E-001	5,924770944079167E-001	4,000000000000000E+000
1,3744874E-001	5,891314398743113E-001	4,000000000000000E+000
1,3623509E-001	5,817897728346821E-001	4,000000000000000E+000
1,3501787E-001	5,748681988981033E-001	4,000000000000000E+000
1,3385098E-001	5,693860762079970E-001	4,000000000000000E+000
1,3265541E-001	5,627424021561946E-001	4,000000000000000E+000
1,3144132E-001	5,553402931869234E-001	4,000000000000000E+000
1,3024279E-001	5,481269922521388E-001	4,000000000000000E+000
1,2905087E-001	5,416477425347299E-001	4,000000000000000E+000
1,2780498E-001	5,327510285424082E-001	4,000000000000000E+000
1,2663077E-001	5,296079626487975E-001	4,000000000000000E+000
1,2541886E-001	5,214622000284095E-001	4,000000000000000E+000
1,2419083E-001	5,140653976252203E-001	4,000000000000000E+000
1,2307105E-001	5,075288921879206E-001	4,000000000000000E+000
1,2185809E-001	4,996738319880230E-001	4,000000000000000E+000
1,2069130E-001	4,905818966670070E-001	4,000000000000000E+000
1,1943056E-001	4,867365592055841E-001	4,000000000000000E+000
1,1824159E-001	4,800080543047640E-001	4,000000000000000E+000
1,1701886E-001	4,721763246990234E-001	4,000000000000000E+000
1,1582614E-001	4,600823754380063E-001	4,000000000000000E+000
1,1457715E-001	4,558848883801447E-001	4,000000000000000E+000
1,1341769E-001	4,483491051812756E-001	4,000000000000000E+000
1,1219071E-001	4,401482270138026E-001	4,000000000000000E+000
1,1104299E-001	4,313840608487647E-001	4,000000000000000E+000
1,0979655E-001	4,229158516132472E-001	4,000000000000000E+000
1,0862965E-001	4,154373801817801E-001	4,000000000000000E+000
1,0741711E-001	4,078326321711447E-001	4,000000000000000E+000
1,0620479E-001	4,004591582148969E-001	4,000000000000000E+000
1,0496727E-001	3,923548024678070E-001	4,000000000000000E+000
1,0183491E-001	3,440190457768049E-001	4,000000000000000E+000
9,7854197E-002	3,432727467055279E-001	4,000000000000000E+000
9,7192690E-002	3,449386212677279E-001	4,000000000000000E+000
9,5495015E-002	3,206101494272140E-001	4,000000000000000E+000
9,4678313E-002	3,248612864149940E-001	4,000000000000000E+000
9,3297586E-002	3,055468205291415E-001	4,000000000000000E+000
9,2271216E-002	3,043705404432133E-001	4,000000000000000E+000
9,0937033E-002	2,905313552053288E-001	4,000000000000000E+000
8,9717567E-002	2,809526267293330E-001	4,000000000000000E+000
8,8499106E-002	2,723097474695861E-001	4,000000000000000E+000
8,7379344E-002	2,645330734408668E-001	4,000000000000000E+000
8,6150348E-002	2,510977934774319E-001	4,000000000000000E+000
8,4921680E-002	2,448774873240233E-001	4,000000000000000E+000
8,3777077E-002	2,335887720530290E-001	4,000000000000000E+000
8,2577340E-002	2,217940348717899E-001	4,000000000000000E+000
8,1432380E-002	2,111507859695436E-001	4,000000000000000E+000
8,0085248E-002	2,015130197008455E-001	4,000000000000000E+000
7,9129860E-002	1,889317864002402E-001	4,000000000000000E+000
7,7740982E-002	1,773919695923625E-001	4,000000000000000E+000
7,6497875E-002	1,664321885198459E-001	4,000000000000000E+000
7,5399190E-002	1,563476768319054E-001	4,000000000000000E+000
7,4138753E-002	1,468247327397375E-001	4,000000000000000E+000
7,2958268E-002	1,382196835345694E-001	4,000000000000000E+000
7,1634702E-002	1,290450965364776E-001	4,000000000000000E+000
7,0497207E-002	1,190213482170496E-001	4,000000000000000E+000
6,9240093E-002	1,143239847216240E-001	4,000000000000000E+000
6,8111829E-002	1,051199083627177E-001	4,000000000000000E+000
6,6976562E-002	9,902525290251796E-002	4,000000000000000E+000
6,5733768E-002	8,996444333105424E-002	4,000000000000000E+000
6,4539269E-002	8,484144085216228E-002	4,000000000000000E+000
6,3333310E-002	7,786537339173605E-002	4,000000000000000E+000
6,2196765E-002	7,197951332475205E-002	4,000000000000000E+000
6,1100129E-002	6,493240524853022E-002	4,000000000000000E+000
5,9713036E-002	5,539335630035364E-002	4,000000000000000E+000
5,8623832E-002	5,166774322262635E-002	4,000000000000000E+000
5,7349302E-002	4,438469759204766E-002	4,000000000000000E+000
5,6265187E-002	3,683453705161810E-002	4,000000000000000E+000
5,4949351E-002	3,021042330470269E-002	4,000000000000000E+000
5,3676590E-002	2,279991615756041E-002	4,000000000000000E+000
5,2742559E-002	1,713790467268461E-002	4,000000000000000E+000
5,1376753E-002	9,302814199650622E-003	4,000000000000000E+000
5,0140016E-002	2,724086035578305E-003	4,000000000000000E+000
4,9030371E-002	-6,931184251748670E-003	4,000000000000000E+000
4,7836084E-002	-1,104458628429303E-002	4,000000000000000E+000
4,6624817E-002	-1,920914529748391E-002	4,000000000000000E+000
4,5404848E-002	-2,602455488643796E-002	4,000000000000000E+000
4,4269789E-002	-3,352074395701893E-002	4,000000000000000E+000
4,3074131E-002	-4,202813263125582E-002	4,000000000000000E+000
4,1708745E-002	-4,773415041967799E-002	4,000000000000000E+000
4,0648408E-002	-5,583455092791040E-002	4,000000000000000E+000
3,9412942E-002	-6,251836591238519E-002	4,000000000000000E+000
3,8270779E-002	-7,237798373049964E-002	4,000000000000000E+000
3,6928747E-002	-7,710800140921481E-002	4,000000000000000E+000
3,5670143E-002	-8,600137224453264E-002	4,000000000000000E+000
3,4670737E-002	-9,272400048697182E-002	4,000000000000000E+000
3,3420131E-002	-1,030993898538222E-001	4,000000000000000E+000
3,2187000E-002	-1,063938416854298E-001	4,000000000000000E+000
3,1038357E-002	-1,163940607431058E-001	4,000000000000000E+000
2,9886318E-002	-1,222516089263886E-001	4,000000000000000E+000
2,8557807E-002	-1,339976753111438E-001	4,000000000000000E+000
2,7321490E-002	-1,368760376854978E-001	4,000000000000000E+000
2,6316984E-002	-1,463524138105436E-001	4,000000000000000E+000
2,5074728E-002	-1,543450782353628E-001	4,000000000000000E+000
2,3844564E-002	-1,603799386098732E-001	4,000000000000000E+000
2,2533888E-002	-1,722937472449200E-001	4,000000000000000E+000
2,1426003E-002	-1,757963646959979E-001	4,000000000000000E+000
2,0321941E-002	-1,854376350012088E-001	4,000000000000000E+000
1,8895417E-002	-1,920518742667305E-001	4,000000000000000E+000
1,7828187E-002	-2,019877317878933E-001	4,000000000000000E+000
1,6653858E-002	-2,068674874802429E-001	4,000000000000000E+000
1,5423061E-002	-2,163791729544751E-001	4,000000000000000E+000
1,4151506E-002	-2,225067008015074E-001	4,000000000000000E+000
1,3130129E-002	-2,339051865726809E-001	4,000000000000000E+000
1,1885323E-002	-2,396304841127450E-001	4,000000000000000E+000
1,0621835E-002	-2,465314796944664E-001	4,000000000000000E+000
9,5682917E-003	-2,554644126373908E-001	4,000000000000000E+000
8,1873508E-003	-2,653730181498555E-001	4,000000000000000E+000
7,0062275E-003	-2,716215293298268E-001	4,000000000000000E+000
5,8270143E-003	-2,798929963416112E-001	4,000000000000000E+000
4,5594936E-003	-2,867975625785117E-001	4,000000000000000E+000
3,4107866E-003	-2,977149240873076E-001	4,000000000000000E+000
2,2479198E-003	-3,037863587281509E-001	4,000000000000000E+000
1,0120281E-003	-3,123017985813537E-001	4,000000000000000E+000
-1,5232459E-004	-3,206470553672665E-001	4,000000000000000E+000
-1,3016691E-003	-3,306964797019543E-001	4,000000000000000E+000
-2,5611243E-003	-3,371800040606310E-001	4,000000000000000E+000
-3,7840670E-003	-3,450715993725080E-001	4,000000000000000E+000
-4,9511800E-003	-3,522248550563940E-001	4,000000000000000E+000
-6,1695524E-003	-3,632677609437254E-001	4,000000000000000E+000
-7,4816537E-003	-3,688039159751491E-001	4,000000000000000E+000
-8,5844444E-003	-3,776801905413674E-001	4,000000000000000E+000
-9,7184051E-003	-3,855019421640051E-001	4,000000000000000E+000
-1,0908371E-002	-3,951562499407562E-001	4,000000000000000E+000
-1,2125582E-002	-4,010197456939055E-001	4,000000000000000E+000
-1,3354467E-002	-4,093979598061795E-001	4,000000000000000E+000
-1,4418974E-002	-4,175599887967110E-001	4,000000000000000E+000
-1,5754776E-002	-4,267112524572045E-001	4,000000000000000E+000
-1,6952880E-002	-4,337031994170211E-001	4,000000000000000E+000
-1,8214459E-002	-4,413967287918137E-001	4,000000000000000E+000
-1,9458981E-002	-4,503378191212608E-001	4,000000000000000E+000
-2,0585049E-002	-4,567422215736237E-001	4,000000000000000E+000
-2,1732630E-002	-4,647441032575417E-001	4,000000000000000E+000
-2,2891887E-002	-4,728911777621962E-001	4,000000000000000E+000
-2,4206750E-002	-4,802771944539721E-001	4,000000000000000E+000
-2,5570074E-002	-4,911493813851848E-001	4,000000000000000E+000
-2,6497735E-002	-4,947009796612987E-001	4,000000000000000E+000
-2,7705181E-002	-5,046370748702111E-001	4,000000000000000E+000
-2,8954018E-002	-5,112072102751357E-001	4,000000000000000E+000
-3,0236077E-002	-5,207708389821670E-001	4,000000000000000E+000
-3,1283677E-002	-5,264317879272209E-001	4,000000000000000E+000
-3,2704465E-002	-5,345370690597004E-001	4,000000000000000E+000
-3,3782423E-002	-5,416333040856336E-001	4,000000000000000E+000
-3,4964707E-002	-5,519721125278405E-001	4,000000000000000E+000
-3,6164515E-002	-5,570178413181601E-001	4,000000000000000E+000
-3,7297871E-002	-5,652661367849849E-001	4,000000000000000E+000
-3,8559660E-002	-5,724384836309282E-001	4,000000000000000E+000
-3,9807364E-002	-5,807630782494222E-001	4,000000000000000E+000
-4,0955298E-002	-5,896148887631067E-001	4,000000000000000E+000
-4,2132597E-002	-5,942233392334941E-001	4,000000000000000E+000
-4,3327309E-002	-6,033859563629242E-001	4,000000000000000E+000
-4,4660989E-002	-6,119380998425168E-001	4,000000000000000E+000
-4,5739934E-002	-6,187800218661641E-001	4,000000000000000E+000
-4,6979219E-002	-6,247136979493213E-001	4,000000000000000E+000
-4,8132110E-002	-6,332177954156801E-001	4,000000000000000E+000
-4,9440391E-002	-6,402626797272308E-001	4,000000000000000E+000
-5,0431583E-002	-6,500081051813638E-001	4,000000000000000E+000
-5,1757701E-002	-6,559992302079785E-001	4,000000000000000E+000
-5,2914195E-002	-6,629098852475490E-001	4,000000000000000E+000
-5,4108903E-002	-6,700723557862354E-001	4,000000000000000E+000
-5,5228602E-002	-6,797190665965864E-001	4,000000000000000E+000
-5,6513704E-002	-6,856009478085756E-001	4,000000000000000E+000
-5,7695247E-002	-6,930338611774562E-001	4,000000000000000E+000
-5,8848571E-002	-7,003049432662216E-001	4,000000000000000E+000
-6,0071900E-002	-7,080275273183352E-001	4,000000000000000E+000
-6,1402179E-002	-7,171112205445160E-001	4,000000000000000E+000
-6,2508576E-002	-7,206816062615766E-001	4,000000000000000E+000
-6,3753597E-002	-7,301082259509712E-001	4,000000000000000E+000
-6,4842306E-002	-7,375132156173763E-001	4,000000000000000E+000
-6,6076852E-002	-7,454566637105824E-001	4,000000000000000E+000
-6,7208514E-002	-7,506722872171325E-001	4,000000000000000E+000
-6,8529740E-002	-7,587584888226226E-001	4,000000000000000E+000
-6,9701955E-002	-7,655864085277706E-001	4,000000000000000E+000
-7,0978314E-002	-7,749002416126629E-001	4,000000000000000E+000
-7,2091006E-002	-7,801521889891250E-001	4,000000000000000E+000
-7,3317356E-002	-7,852883020467640E-001	4,000000000000000E+000
-7,4537314E-002	-7,940812822845205E-001	4,000000000000000E+000
-7,5553074E-002	-8,004930120659965E-001	4,000000000000000E+000
-7,6988578E-002	-8,088703014266994E-001	4,000000000000000E+000
-7,8197077E-002	-8,117738929059775E-001	4,000000000000000E+000
-7,9346783E-002	-8,203289866214618E-001	4,000000000000000E+000
-8,0491401E-002	-8,257727658039793E-001	4,000000000000000E+000
-8,1731968E-002	-8,327540355967358E-001	4,000000000000000E+000
-8,2853578E-002	-8,392167155656729E-001	4,000000000000000E+000
-8,4220827E-002	-8,426656048072276E-001	4,000000000000000E+000
-8,5258447E-002	-8,498666255295040E-001	4,000000000000000E+000
-8,6557806E-002	-8,556379096375553E-001	4,000000000000000E+000
-8,7669298E-002	-8,576527545616628E-001	4,000000000000000E+000
-8,8902444E-002	-8,626059053155277E-001	4,000000000000000E+000
-9,0084627E-002	-8,669921244468721E-001	4,000000000000000E+000
-9,1373906E-002	-8,720402765320614E-001	4,000000000000000E+000
-9,2424251E-002	-8,745032937472885E-001	4,000000000000000E+000
-9,3713850E-002	-8,802204328821936E-001	4,000000000000000E+000
-9,4857194E-002	-8,845424138837368E-001	4,000000000000000E+000
-9,6041285E-002	-8,908313577089260E-001	4,000000000000000E+000
-9,7333856E-002	-8,964423491464286E-001	4,000000000000000E+000
-9,8470256E-002	-9,061022706640269E-001	4,000000000000000E+000
-9,9558398E-002	-9,092310714768246E-001	4,000000000000000E+000
-1,0097960E-001	-9,184260436514795E-001	4,000000000000000E+000
-1,0212380E-001	-9,247687477489092E-001	4,000000000000000E+000
-1,0342097E-001	-9,340974127537462E-001	4,000000000000000E+000
-1,0451753E-001	-9,419859347787352E-001	4,000000000000000E+000
-1,0572879E-001	-9,482824740051798E-001	4,000000000000000E+000
-1,0692138E-001	-9,563789693897373E-001	4,000000000000000E+000
-1,0803153E-001	-9,662865884343379E-001	4,000000000000000E+000
-1,0933104E-001	-9,730897224378907E-001	4,000000000000000E+000
-1,1040283E-001	-9,799598262567706E-001	4,000000000000000E+000
-1,1159202E-001	-9,895457691616496E-001	4,000000000000000E+000
-1,1298775E-001	-9,960932071294817E-001	4,000000000000000E+000
-1,1406220E-001	-1,006788718151959E+000	4,000000000000000E+000
-1,1522910E-001	-1,011683844469692E+000	4,000000000000000E+000
-1,1644123E-001	-1,020506362896414E+000	4,000000000000000E+000
-1,1763271E-001	-1,028225681653970E+000	4,000000000000000E+000
-1,1887659E-001	-1,038147106184621E+000	4,000000000000000E+000
-1,2009358E-001	-1,043521427445938E+000	4,000000000000000E+000
-1,2121952E-001	-1,052016706438730E+000	4,000000000000000E+000
-1,2235373E-001	-1,058399917932945E+000	4,000000000000000E+000
-1,2384336E-001	-1,070206641077270E+000	4,000000000000000E+000
-1,2496483E-001	-1,073921092488385E+000	4,000000000000000E+000
-1,2606806E-001	-1,082560871158622E+000	4,000000000000000E+000
-1,2718846E-001	-1,091086056497360E+000	4,000000000000000E+000
-1,3084444E-001	-1,105653069628547E+000	4,000000000000000E+000
-1,3434471E-001	-1,130844483384861E+000	4,000000000000000E+000
-1,3559589E-001	-1,138390843963460E+000	4,000000000000000E+000
-1,3679512E-001	-1,149935384591421E+000	4,000000000000000E+000
-1,3801764E-001	-1,155776004772632E+000	4,000000000000000E+000
-1,3918285E-001	-1,164020378013241E+000	4,000000000000000E+000
-1,4037281E-001	-1,172323053366405E+000	4,000000000000000E+000
-1,4162603E-001	-1,180920748053008E+000	4,000000000000000E+000
-1,4278424E-001	-1,188412963179868E+000	4,000000000000000E+000
-1,4394730E-001	-1,194921913298053E+000	4,000000000000000E+000
-1,4508760E-001	-1,203245819093556E+000	4,000000000000000E+000
-1,4640543E-001	-1,209904334417335E+000	4,000000000000000E+000
-1,4758690E-001	-1,217356303642090E+000	4,000000000000000E+000
-1,4878671E-001	-1,225174340548822E+000	4,000000000000000E+000
-1,4999372E-001	-1,232330296938823E+000	4,000000000000000E+000
-1,5114634E-001	-1,239393025248621E+000	4,000000000000000E+000
-1,5239833E-001	-1,244932380763608E+000	4,000000000000000E+000
-1,5356036E-001	-1,252402409031573E+000	4,000000000000000E+000
-1,5479411E-001	-1,258405383702158E+000	4,000000000000000E+000
-1,5597202E-001	-1,266338851328731E+000	4,000000000000000E+000
-1,5720193E-001	-1,266534129390493E+000	4,000000000000000E+000
-1,5839615E-001	-1,277729581963889E+000	4,000000000000000E+000
-1,5961890E-001	-1,280301874167183E+000	4,000000000000000E+000
-1,6070916E-001	-1,283647675920900E+000	4,000000000000000E+000
-1,6201979E-001	-1,288154853326786E+000	4,000000000000000E+000
-1,6317372E-001	-1,291815697370716E+000	4,000000000000000E+000
-1,6438521E-001	-1,295925044351153E+000	4,000000000000000E+000
-1,6555735E-001	-1,300411166312784E+000	4,000000000000000E+000
-1,6677094E-001	-1,305283317963277E+000	4,000000000000000E+000
-1,6802503E-001	-1,307212865626852E+000	4,000000000000000E+000
-1,6916029E-001	-1,308259815753752E+000	4,000000000000000E+000
-1,7035542E-001	-1,308989618723801E+000	4,000000000000000E+000
-1,7156054E-001	-1,307333759627205E+000	4,000000000000000E+000
-1,7273644E-001	-1,300847105345579E+000	4,000000000000000E+000
-1,7397878E-001	-1,298221730523638E+000	4,000000000000000E+000
-1,7519939E-001	-1,294570410753497E+000	4,000000000000000E+000
-1,7635545E-001	-1,291750927766161E+000	4,000000000000000E+000
-1,7758220E-001	-1,289021524341983E+000	4,000000000000000E+000
-1,7885078E-001	-1,287962894809120E+000	4,000000000000000E+000
-1,7994846E-001	-1,289702576947292E+000	4,000000000000000E+000
-1,8120731E-001	-1,293008975736381E+000	4,000000000000000E+000
-1,8234852E-001	-1,298147465671516E+000	4,000000000000000E+000
-1,8350630E-001	-1,303850132454599E+000	4,000000000000000E+000
-1,8476793E-001	-1,316611351341834E+000	4,000000000000000E+000
-1,8595926E-001	-1,323824644476795E+000	4,000000000000000E+000
-1,8721360E-001	-1,333563705285389E+000	4,000000000000000E+000
-1,8836069E-001	-1,345570577515495E+000	4,000000000000000E+000
-1,8955216E-001	-1,357325116017211E+000	4,000000000000000E+000
-1,9078752E-001	-1,369075411283929E+000	4,000000000000000E+000
-1,9188580E-001	-1,381772824744175E+000	4,000000000000000E+000
-1,9317114E-001	-1,393115742727080E+000	4,000000000000000E+000
-1,9438177E-001	-1,405169477453456E+000	4,000000000000000E+000
-1,9560717E-001	-1,414971051841142E+000	4,000000000000000E+000
-1,9677913E-001	-1,427303595287302E+000	4,000000000000000E+000
-1,9803680E-001	-1,441843713219793E+000	4,000000000000000E+000
-1,9897720E-001	-1,450060586716669E+000	4,000000000000000E+000
-1,9949453E-001	-1,440252482891083E+000	4,000000000000000E+000
-1,9958283E-001	-1,440920770168304E+000	4,000000000000000E+000
-1,9877768E-001	-1,293339993830561E+000	4,000000000000000E+000
-1,9758438E-001	-1,260183163711599E+000	4,000000000000000E+000
-1,9632995E-001	-1,232151030420532E+000	4,000000000000000E+000
-1,9519269E-001	-1,213927839701581E+000	4,000000000000000E+000
-1,9394407E-001	-1,195335640235698E+000	4,000000000000000E+000
-1,9278304E-001	-1,177359702440699E+000	4,000000000000000E+000
-1,9152254E-001	-1,162394116024693E+000	4,000000000000000E+000
-1,9037758E-001	-1,146858998755405E+000	4,000000000000000E+000
-1,8917400E-001	-1,134296237646289E+000	4,000000000000000E+000
-1,8796305E-001	-1,116968391864145E+000	4,000000000000000E+000
-1,8676472E-001	-1,106604576110840E+000	4,000000000000000E+000
-1,8553790E-001	-1,089239647676649E+000	4,000000000000000E+000
-1,8433173E-001	-1,078540714056643E+000	4,000000000000000E+000
-1,8315493E-001	-1,063077706623718E+000	4,000000000000000E+000
-1,8195838E-001	-1,050424721117853E+000	4,000000000000000E+000
-1,8071230E-001	-1,039174075510042E+000	4,000000000000000E+000
-1,7957911E-001	-1,025249212294714E+000	4,000000000000000E+000
-1,7834172E-001	-1,013395077652400E+000	4,000000000000000E+000
-1,7716467E-001	-1,001517447384281E+000	4,000000000000000E+000
-1,7594369E-001	-9,923533784587744E-001	4,000000000000000E+000
-1,7471565E-001	-9,813328885938972E-001	4,000000000000000E+000
-1,7351703E-001	-9,664661290201644E-001	4,000000000000000E+000
-1,7234759E-001	-9,588401799685231E-001	4,000000000000000E+000
-1,7115839E-001	-9,471015965229685E-001	4,000000000000000E+000
-1,6991903E-001	-9,333528619156102E-001	4,000000000000000E+000
-1,6875468E-001	-9,258488549126476E-001	4,000000000000000E+000
-1,6750009E-001	-9,130410406893752E-001	4,000000000000000E+000
-1,6639322E-001	-9,007667418983241E-001	4,000000000000000E+000
-1,6520531E-001	-8,893389929758602E-001	4,000000000000000E+000
-1,6392653E-001	-8,801261300557384E-001	4,000000000000000E+000
-1,6275574E-001	-8,665534357229818E-001	4,000000000000000E+000
-1,6155063E-001	-8,564038824988507E-001	4,000000000000000E+000
-1,6040432E-001	-8,444966512163070E-001	4,000000000000000E+000
-1,5915602E-001	-8,348658390653636E-001	4,000000000000000E+000
-1,5795751E-001	-8,232895941344189E-001	4,000000000000000E+000
-1,5677266E-001	-8,085341068864285E-001	4,000000000000000E+000
-1,5553975E-001	-8,004934243314574E-001	4,000000000000000E+000
-1,5431751E-001	-7,867701007829355E-001	4,000000000000000E+000
-1,5311947E-001	-7,717388820601632E-001	4,000000000000000E+000
-1,5197168E-001	-7,594710025522464E-001	4,000000000000000E+000
-1,5073170E-001	-7,442732262425125E-001	4,000000000000000E+000
-1,4957775E-001	-7,324285490645313E-001	4,000000000000000E+000
-1,4834319E-001	-7,167290384855338E-001	4,000000000000000E+000
-1,4719270E-001	-7,033971566577532E-001	4,000000000000000E+000
-1,4600968E-001	-6,895253496606717E-001	4,000000000000000E+000
-1,4480384E-001	-6,780891128194835E-001	4,000000000000000E+000
-1,4355588E-001	-6,589632584558176E-001	4,000000000000000E+000
-1,4236401E-001	-6,461744680483310E-001	4,000000000000000E+000
-1,4118084E-001	-6,266466243283082E-001	4,000000000000000E+000
-1,3994630E-001	-6,116492933813582E-001	4,000000000000000E+000
-1,3885398E-001	-5,915676898310047E-001	4,000000000000000E+000
-1,3750924E-001	-5,770021590805197E-001	4,000000000000000E+000
-1,3638680E-001	-5,622838291973391E-001	4,000000000000000E+000
-1,3512467E-001	-5,487800897422446E-001	4,000000000000000E+000
-1,3394672E-001	-5,377320687661662E-001	4,000000000000000E+000
-1,3283083E-001	-5,273576912521891E-001	4,000000000000000E+000
-1,3158077E-001	-5,190485845410455E-001	4,000000000000000E+000
-1,3037671E-001	-5,108211783614616E-001	4,000000000000000E+000
-1,2917776E-001	-5,029066883855373E-001	4,000000000000000E+000
-1,2799187E-001	-4,945350145701219E-001	4,000000000000000E+000
-1,2678081E-001	-4,909018600010304E-001	4,000000000000000E+000
-1,2555447E-001	-4,856923617965849E-001	4,000000000000000E+000
-1,2437248E-001	-4,805348789668644E-001	4,000000000000000E+000
-1,2321790E-001	-4,745499331491185E-001	4,000000000000000E+000
-1,2198613E-001	-4,657772867616989E-001	4,000000000000000E+000
-1,2077323E-001	-4,610483430183709E-001	4,000000000000000E+000
-1,1959254E-001	-4,548830761535401E-001	4,000000000000000E+000
-1,1841291E-001	-4,503737392951740E-001	4,000000000000000E+000
-1,1718678E-001	-4,432983415964462E-001	4,000000000000000E+000
-1,1379799E-001	-3,855406628906771E-001	4,000000000000000E+000
-1,0994708E-001	-4,094606374015306E-001	4,000000000000000E+000
-1,0908850E-001	-4,022492550171188E-001	4,000000000000000E+000
-1,0773622E-001	-3,817843861050063E-001	4,000000000000000E+000
-1,0647923E-001	-3,901569722026279E-001	4,000000000000000E+000
-1,0526557E-001	-3,713464222706140E-001	4,000000000000000E+000
-1,0418209E-001	-3,720248681945835E-001	4,000000000000000E+000
-1,0300204E-001	-3,626776329345159E-001	4,000000000000000E+000
-1,0184406E-001	-3,563016613609027E-001	4,000000000000000E+000
-1,0056897E-001	-3,450221846902020E-001	4,000000000000000E+000
-9,9366270E-002	-3,412209605578234E-001	4,000000000000000E+000
-9,8249033E-002	-3,333351773778990E-001	4,000000000000000E+000
-9,6950307E-002	-3,256438825434698E-001	4,000000000000000E+000
-9,5752835E-002	-3,193273681616926E-001	4,000000000000000E+000
-9,4555266E-002	-3,089103451347901E-001	4,000000000000000E+000
-9,3220241E-002	-3,056036865746130E-001	4,000000000000000E+000
-9,2079870E-002	-2,966091335789921E-001	4,000000000000000E+000
-9,0892598E-002	-2,896482285125068E-001	4,000000000000000E+000
-8,9844048E-002	-2,813677808961876E-001	4,000000000000000E+000
-8,8624716E-002	-2,756598652437479E-001	4,000000000000000E+000
-8,7363772E-002	-2,665722301236304E-001	4,000000000000000E+000
-8,6197719E-002	-2,596433500164288E-001	4,000000000000000E+000
-8,4988303E-002	-2,501299704114603E-001	4,000000000000000E+000
-8,3717592E-002	-2,447103403165881E-001	4,000000000000000E+000
-8,2666606E-002	-2,370738612565502E-001	4,000000000000000E+000
-8,1417121E-002	-2,287745423899556E-001	4,000000000000000E+000
-8,0226310E-002	-2,210795223169657E-001	4,000000000000000E+000
-7,8938276E-002	-2,122556032748730E-001	4,000000000000000E+000
-7,7950321E-002	-2,068898649821576E-001	4,000000000000000E+000
-7,6670073E-002	-1,978138867836803E-001	4,000000000000000E+000
-7,5383089E-002	-1,879839792705349E-001	4,000000000000000E+000
-7,4147485E-002	-1,816470188399154E-001	4,000000000000000E+000
-7,3003508E-002	-1,729319007718004E-001	4,000000000000000E+000
-7,1932770E-002	-1,637071476499035E-001	4,000000000000000E+000
-7,0561096E-002	-1,555694199099277E-001	4,000000000000000E+000
-6,9395289E-002	-1,468752945462861E-001	4,000000000000000E+000
-6,8258956E-002	-1,391286475732665E-001	4,000000000000000E+000
-6,7012064E-002	-1,296507730666135E-001	4,000000000000000E+000
-6,5711290E-002	-1,195381536009437E-001	4,000000000000000E+000
-6,4462245E-002	-1,131863515895220E-001	4,000000000000000E+000
-6,3380674E-002	-1,037468675009829E-001	4,000000000000000E+000
-6,2221702E-002	-9,301412811651560E-002	4,000000000000000E+000
-6,0915194E-002	-8,363561916566031E-002	4,000000000000000E+000
-5,9728760E-002	-7,693823470779304E-002	4,000000000000000E+000
-5,8647621E-002	-6,643824916601349E-002	4,000000000000000E+000
-5,7420578E-002	-5,366656195757139E-002	4,000000000000000E+000
-5,6149241E-002	-4,544622431583582E-002	4,000000000000000E+000
-5,4965355E-002	-3,566731507978853E-002	4,000000000000000E+000
-5,3858683E-002	-2,296805457566126E-002	4,000000000000000E+000
-5,2514523E-002	-1,617756463565453E-002	4,000000000000000E+000
-5,1479880E-002	-5,417461884412146E-003	4,000000000000000E+000
-5,0234716E-002	3,767732917204905E-003	4,000000000000000E+000
-4,9122203E-002	1,202178887069752E-002	4,000000000000000E+000
-4,7786962E-002	1,959941419631323E-002	4,000000000000000E+000
-4,6640050E-002	2,841728527305859E-002	4,000000000000000E+000
-4,5470469E-002	3,845207050471808E-002	4,000000000000000E+000
-4,4286791E-002	4,237004095597929E-002	4,000000000000000E+000
-4,3047935E-002	5,154792017290477E-002	4,000000000000000E+000
-4,1932613E-002	5,828623844960666E-002	4,000000000000000E+000
-4,0789146E-002	6,594869687412741E-002	4,000000000000000E+000
-3,9347623E-002	7,371008598258633E-002	4,000000000000000E+000
-3,8205136E-002	8,027714870695490E-002	4,000000000000000E+000
-3,7161991E-002	8,726233262212994E-002	4,000000000000000E+000
-3,5842892E-002	9,463444973031698E-002	4,000000000000000E+000
-3,4583371E-002	1,043183544000688E-001	4,000000000000000E+000
-3,3427082E-002	1,079664550650503E-001	4,000000000000000E+000
-3,2255087E-002	1,162793650324198E-001	4,000000000000000E+000
-3,1006457E-002	1,239690718308950E-001	4,000000000000000E+000
-2,9769156E-002	1,317433996333022E-001	4,000000000000000E+000
-2,8626103E-002	1,382423864270095E-001	4,000000000000000E+000
-2,7525436E-002	1,461618832416007E-001	4,000000000000000E+000
-2,6322020E-002	1,523761460864790E-001	4,000000000000000E+000
-2,5087830E-002	1,607308350503445E-001	4,000000000000000E+000
-2,3768412E-002	1,707743184492250E-001	4,000000000000000E+000
-2,2645028E-002	1,741187173659755E-001	4,000000000000000E+000
-2,1522710E-002	1,837946735807539E-001	4,000000000000000E+000
-2,0174518E-002	1,891648616227846E-001	4,000000000000000E+000
-1,9132553E-002	1,994442721835288E-001	4,000000000000000E+000
-1,7879251E-002	2,045266857150843E-001	4,000000000000000E+000
-1,6490730E-002	2,117808751419128E-001	4,000000000000000E+000
-1,5390697E-002	2,201033423544789E-001	4,000000000000000E+000
-1,4257697E-002	2,299476716111215E-001	4,000000000000000E+000
-1,3073604E-002	2,351019571910404E-001	4,000000000000000E+000
-1,1882503E-002	2,433172158069080E-001	4,000000000000000E+000
-1,0653617E-002	2,501246562234072E-001	4,000000000000000E+000
-9,5678829E-003	2,601022759788778E-001	4,000000000000000E+000
-8,2611628E-003	2,659638753167304E-001	4,000000000000000E+000
-7,0314258E-003	2,737797674490148E-001	4,000000000000000E+000
-5,8906358E-003	2,805193449118324E-001	4,000000000000000E+000
-4,6993983E-003	2,906799283292572E-001	4,000000000000000E+000
-3,4315262E-003	2,961319554467803E-001	4,000000000000000E+000
-2,2287501E-003	3,048335075436639E-001	4,000000000000000E+000
-1,1401814E-003	3,116391485220653E-001	4,000000000000000E+000
1,2988788E-004	3,198288540330001E-001	4,000000000000000E+000
1,3204517E-003	3,298455001010243E-001	5,000000000000000E+000
2,5525219E-003	3,343294117754958E-001	5,000000000000000E+000
3,7355556E-003	3,424122123655646E-001	5,000000000000000E+000
4,9368083E-003	3,512212907274577E-001	5,000000000000000E+000
6,1813290E-003	3,607336008572026E-001	5,000000000000000E+000
7,2185248E-003	3,647041836003257E-001	5,000000000000000E+000
8,4975092E-003	3,738120510889646E-001	5,000000000000000E+000
9,6743861E-003	3,807480463809849E-001	5,000000000000000E+000
1,0920742E-002	3,913267196880441E-001	5,000000000000000E+000
1,2119273E-002	3,963465400868001E-001	5,000000000000000E+000
1,3383610E-002	4,037502615958353E-001	5,000000000000000E+000
1,4679153E-002	4,127282580140870E-001	5,000000000000000E+000
1,5756395E-002	4,206621879647066E-001	5,000000000000000E+000
1,6807526E-002	4,292084832300644E-001	5,000000000000000E+000
1,8152533E-002	4,347591544307461E-001	5,000000000000000E+000
1,9399462E-002	4,436233727869379E-001	5,000000000000000E+000
2,0564163E-002	4,522815209412414E-001	5,000000000000000E+000
2,1730354E-002	4,594174099038368E-001	5,000000000000000E+000
2,3028869E-002	4,657343134684995E-001	5,000000000000000E+000
2,4146728E-002	4,742455030597439E-001	5,000000000000000E+000
2,5462229E-002	4,800648849470432E-001	5,000000000000000E+000
2,6588047E-002	4,930911747376578E-001	5,000000000000000E+000
2,7616750E-002	4,951779470817805E-001	5,000000000000000E+000
2,8899768E-002	5,049384768095084E-001	5,000000000000000E+000
3,0183850E-002	5,104026277290856E-001	5,000000000000000E+000
3,1281222E-002	5,199561269578723E-001	5,000000000000000E+000
3,2581646E-002	5,251388393484806E-001	5,000000000000000E+000
3,3775508E-002	5,338745074825262E-001	5,000000000000000E+000
3,4852609E-002	5,401769210325780E-001	5,000000000000000E+000
3,6095645E-002	5,494491189601831E-001	5,000000000000000E+000
3,7346534E-002	5,554992540015128E-001	5,000000000000000E+000
3,8499210E-002	5,630820802115437E-001	5,000000000000000E+000
3,9671630E-002	5,719688711041169E-001	5,000000000000000E+000
4,0921669E-002	5,805210117638762E-001	5,000000000000000E+000
4,2055167E-002	5,871928653731509E-001	5,000000000000000E+000
4,3295093E-002	5,945598730985591E-001	5,000000000000000E+000
4,4396825E-002	6,030530469401532E-001	5,000000000000000E+000
4,5714371E-002	6,112671582636215E-001	5,000000000000000E+000
4,6911132E-002	6,188524895244170E-001	5,000000000000000E+000
4,8148289E-002	6,256002200405237E-001	5,000000000000000E+000
4,9345125E-002	6,340151797307456E-001	5,000000000000000E+000
5,0488885E-002	6,407342069109694E-001	5,000000000000000E+000
5,1677540E-002	6,509371832297699E-001	5,000000000000000E+000
5,2856535E-002	6,552030601952641E-001	5,000000000000000E+000
5,4131277E-002	6,652334781441223E-001	5,000000000000000E+000
5,5352274E-002	6,718037174238543E-001	5,000000000000000E+000
5,6509547E-002	6,803650532642180E-001	5,000000000000000E+000
5,7724215E-002	6,856731485135654E-001	5,000000000000000E+000
5,8865633E-002	6,951602244516835E-001	5,000000000000000E+000
6,0010888E-002	7,010988007791141E-001	5,000000000000000E+000
6,1288863E-002	7,123525670548494E-001	5,000000000000000E+000
6,2390387E-002	7,159376078181792E-001	5,000000000000000E+000
6,3696966E-002	7,247248596848053E-001	5,000000000000000E+000
6,4903989E-002	7,322404560917590E-001	5,000000000000000E+000
6,6037275E-002	7,398580794817660E-001	5,000000000000000E+000
6,7258865E-002	7,467375106514531E-001	5,000000000000000E+000
6,8446137E-002	7,543724096483659E-001	5,000000000000000E+000
6,9598615E-002	7,607377715952106E-001	5,000000000000000E+000
7,0806906E-002	7,686590421815511E-001	5,000000000000000E+000
7,1884282E-002	7,779949417518894E-001	5,000000000000000E+000
7,3207431E-002	7,822290127191511E-001	5,000000000000000E+000
7,4601889E-002	7,905327466368242E-001	5,000000000000000E+000
7,5555235E-002	7,982062149094413E-001	5,000000000000000E+000
7,6790832E-002	8,077026346517311E-001	5,000000000000000E+000
7,8108631E-002	8,130535127905514E-001	5,000000000000000E+000
7,9316080E-002	8,194453747451538E-001	5,000000000000000E+000
8,0427580E-002	8,272461295127869E-001	5,000000000000000E+000
8,1802271E-002	8,339196667592539E-001	5,000000000000000E+000
8,2813703E-002	8,426079797791330E-001	5,000000000000000E+000
8,4252745E-002	8,476706194924186E-001	5,000000000000000E+000
8,5298009E-002	8,554630051625711E-001	5,000000000000000E+000
8,6566806E-002	8,621988390029136E-001	5,000000000000000E+000
8,7680474E-002	8,711167038288998E-001	5,000000000000000E+000
8,8824019E-002	8,762094148615791E-001	5,000000000000000E+000
9,0079866E-002	8,834854362454891E-001	5,000000000000000E+000
9,1358431E-002	8,903104449596473E-001	5,000000000000000E+000
9,2461653E-002	8,976478734467594E-001	5,000000000000000E+000
9,3679994E-002	9,062297056920592E-001	5,000000000000000E+000
9,4866626E-002	9,097662067506489E-001	5,000000000000000E+000
9,6130766E-002	9,171781347055639E-001	5,000000000000000E+000
9,7177923E-002	9,234624937461255E-001	5,000000000000000E+000
9,8482810E-002	9,290955497158926E-001	5,000000000000000E+000
9,9676095E-002	9,378537101308950E-001	5,000000000000000E+000
1,0082496E-001	9,403100462708034E-001	5,000000000000000E+000
1,0204302E-001	9,473571502732945E-001	5,000000000000000E+000
1,0325619E-001	9,528289888209365E-001	5,000000000000000E+000
1,0458463E-001	9,590634348181375E-001	5,000000000000000E+000
1,0572904E-001	9,628094173709165E-001	5,000000000000000E+000
1,0694040E-001	9,705049491021809E-001	5,000000000000000E+000
1,0809414E-001	9,728725842821095E-001	5,000000000000000E+000
1,0923981E-001	9,777720051481289E-001	5,000000000000000E+000
1,1043261E-001	9,800422993204059E-001	5,000000000000000E+000
1,1148063E-001	9,841009442720359E-001	5,000000000000000E+000
1,1285769E-001	9,855642416126411E-001	5,000000000000000E+000
1,1414772E-001	9,885766150740292E-001	5,000000000000000E+000
1,1528806E-001	9,894661708579680E-001	5,000000000000000E+000
1,1637177E-001	9,935387437257734E-001	5,000000000000000E+000
1,1764100E-001	9,955488555392078E-001	5,000000000000000E+000
1,1887655E-001	1,001874925361740E+000	5,000000000000000E+000
1,2001479E-001	1,005145521821557E+000	5,000000000000000E+000
1,2119338E-001	1,008530233029484E+000	5,000000000000000E+000
1,2242693E-001	1,017766836228678E+000	5,000000000000000E+000
1,2351210E-001	1,022381174701476E+000	5,000000000000000E+000
1,2475175E-001	1,031125897968499E+000	5,000000000000000E+000
1,2603702E-001	1,039678068818631E+000	5,000000000000000E+000
1,2719670E-001	1,045491108903664E+000	5,000000000000000E+000
1,2845063E-001	1,056599624700741E+000	5,000000000000000E+000
1,2954465E-001	1,063269848042792E+000	5,000000000000000E+000
1,3078238E-001	1,072636605382695E+000	5,000000000000000E+000
1,3209619E-001	1,079333284029012E+000	5,000000000000000E+000
1,3318433E-001	1,087419501415246E+000	5,000000000000000E+000
1,3694000E-001	1,107937861557890E+000	5,000000000000000E+000
1,4027487E-001	1,130861778277906E+000	5,000000000000000E+000
1,4150284E-001	1,143370425587314E+000	5,000000000000000E+000
1,4264867E-001	1,150606026640162E+000	5,000000000000000E+000
1,4385292E-001	1,158009226020013E+000	5,000000000000000E+000
1,4501005E-001	1,166031882658391E+000	5,000000000000000E+000
1,4616053E-001	1,177475550302516E+000	5,000000000000000E+000
1,4741419E-001	1,183748995755902E+000	5,000000000000000E+000
1,4858937E-001	1,193746823895099E+000	5,000000000000000E+000
1,4986345E-001	1,199461205526152E+000	5,000000000000000E+000
1,5102519E-001	1,209302080226028E+000	5,000000000000000E+000
1,5224785E-001	1,216544026935785E+000	5,000000000000000E+000
1,5346931E-001	1,221589083666911E+000	5,000000000000000E+000
1,5458907E-001	1,233305352287264E+000	5,000000000000000E+000
1,5584421E-001	1,240457157682004E+000	5,000000000000000E+000
1,5700619E-001	1,246225701438060E+000	5,000000000000000E+000
1,5823147E-001	1,253661754282402E+000	5,000000000000000E+000
1,5941341E-001	1,264664156569376E+000	5,000000000000000E+000
1,6068192E-001	1,269748501143322E+000	5,000000000000000E+000
1,6177176E-001	1,277038149587398E+000	5,000000000000000E+000
1,6302590E-001	1,284641887242390E+000	5,000000000000000E+000
1,6420679E-001	1,292024788705433E+000	5,000000000000000E+000
1,6543010E-001	1,303492832618449E+000	5,000000000000000E+000
1,6658823E-001	1,310304164498425E+000	5,000000000000000E+000
1,6781670E-001	1,316850243834775E+000	5,000000000000000E+000
1,6895534E-001	1,325873196901131E+000	5,000000000000000E+000
1,7025381E-001	1,335187921533357E+000	5,000000000000000E+000
1,7141491E-001	1,342747065756056E+000	5,000000000000000E+000
1,7260408E-001	1,352032007546065E+000	5,000000000000000E+000
1,7380981E-001	1,359097905405282E+000	5,000000000000000E+000
1,7502908E-001	1,365939961539373E+000	5,000000000000000E+000
1,7626978E-001	1,373554167984473E+000	5,000000000000000E+000
1,7743561E-001	1,380538386266881E+000	5,000000000000000E+000
1,7865877E-001	1,388707392357505E+000	5,000000000000000E+000
1,7979869E-001	1,393511701452855E+000	5,000000000000000E+000
1,8104048E-001	1,400008996715769E+000	5,000000000000000E+000
1,8217422E-001	1,402846561537849E+000	5,000000000000000E+000
1,8346298E-001	1,406325896969065E+000	5,000000000000000E+000
1,8467553E-001	1,411648901464002E+000	5,000000000000000E+000
1,8580888E-001	1,413841521626129E+000	5,000000000000000E+000
1,8705729E-001	1,417957354026537E+000	5,000000000000000E+000
1,8826132E-001	1,419917650469063E+000	5,000000000000000E+000
1,8941891E-001	1,422477264422923E+000	5,000000000000000E+000
1,9061340E-001	1,424359118436570E+000	5,000000000000000E+000
1,9189048E-001	1,424487590401745E+000	5,000000000000000E+000
1,9305335E-001	1,425239598249188E+000	5,000000000000000E+000
1,9423787E-001	1,422281039309587E+000	5,000000000000000E+000
1,9546993E-001	1,417491709684125E+000	5,000000000000000E+000
1,9662960E-001	1,410873464903695E+000	5,000000000000000E+000
1,9785835E-001	1,402815803005875E+000	5,000000000000000E+000
1,9902804E-001	1,395371256111609E+000	5,000000000000000E+000
2,0000327E-001	1,390627508362138E+000	5,000000000000000E+000
2,0048314E-001	1,404585361480713E+000	5,000000000000000E+000
2,0051409E-001	1,379667639732361E+000	5,000000000000000E+000
1,9980794E-001	1,209252163871295E+000	5,000000000000000E+000
1,9869281E-001	1,166444491517421E+000	5,000000000000000E+000
1,9735964E-001	1,132163339100469E+000	5,000000000000000E+000
1,9623549E-001	1,108671300552989E+000	5,000000000000000E+000
1,9497131E-001	1,082221855331835E+000	5,000000000000000E+000
1,9380383E-001	1,064686080117502E+000	5,000000000000000E+000
1,9263190E-001	1,048555855367644E+000	5,000000000000000E+000
1,9139984E-001	1,035823322004743E+000	5,000000000000000E+000
1,9024497E-001	1,024768968720716E+000	5,000000000000000E+000
1,8898256E-001	1,013256293398126E+000	5,000000000000000E+000
1,8786541E-001	1,004355330873899E+000	5,000000000000000E+000
1,8661533E-001	9,981859033254672E-001	5,000000000000000E+000
1,8539321E-001	9,890472500378049E-001	5,000000000000000E+000
1,8420129E-001	9,802110143549152E-001	5,000000000000000E+000
1,8300712E-001	9,703330184307202E-001	5,000000000000000E+000
1,8182322E-001	9,663232886361790E-001	5,000000000000000E+000
1,8059836E-001	9,566786752806795E-001	5,000000000000000E+000
1,7948411E-001	9,481903180195443E-001	5,000000000000000E+000
1,7826365E-001	9,355957088345246E-001	5,000000000000000E+000
1,7701377E-001	9,301432611731233E-001	5,000000000000000E+000
1,7584176E-001	9,220251343601076E-001	5,000000000000000E+000
1,7461286E-001	9,153549313778075E-001	5,000000000000000E+000
1,7339857E-001	9,045498580542528E-001	5,000000000000000E+000
1,7224357E-001	8,964147694382998E-001	5,000000000000000E+000
1,7104609E-001	8,891568906579392E-001	5,000000000000000E+000
1,6975671E-001	8,802834927466616E-001	5,000000000000000E+000
1,6860943E-001	8,718205736173941E-001	5,000000000000000E+000
1,6743070E-001	8,620190022435685E-001	5,000000000000000E+000
1,6626339E-001	8,537693297386966E-001	5,000000000000000E+000
1,6498913E-001	8,447123699718047E-001	5,000000000000000E+000
1,6383308E-001	8,361158402145141E-001	5,000000000000000E+000
1,6262692E-001	8,274216877891547E-001	5,000000000000000E+000
1,6141780E-001	8,163471267713893E-001	5,000000000000000E+000
1,6023296E-001	8,098265206337789E-001	5,000000000000000E+000
1,5896118E-001	8,028689070682375E-001	5,000000000000000E+000
1,5782441E-001	7,935488930153172E-001	5,000000000000000E+000
1,5662003E-001	7,826292272269129E-001	5,000000000000000E+000
1,5547420E-001	7,747709718015456E-001	5,000000000000000E+000
1,5417188E-001	7,663515257881968E-001	5,000000000000000E+000
1,5299033E-001	7,575905867464261E-001	5,000000000000000E+000
1,5182084E-001	7,460662480055706E-001	5,000000000000000E+000
1,5061168E-001	7,359867158294167E-001	5,000000000000000E+000
1,4938660E-001	7,279927341991819E-001	5,000000000000000E+000
1,4824793E-001	7,182484138627636E-001	5,000000000000000E+000
1,4700201E-001	7,098194582827588E-001	5,000000000000000E+000
1,4581813E-001	7,002671099940532E-001	5,000000000000000E+000
1,4462256E-001	6,916334513160933E-001	5,000000000000000E+000
1,4348927E-001	6,837720434672914E-001	5,000000000000000E+000
1,4222309E-001	6,765767898824477E-001	5,000000000000000E+000
1,4103197E-001	6,665895256964074E-001	5,000000000000000E+000
1,3983925E-001	6,575856109460192E-001	5,000000000000000E+000
1,3864543E-001	6,462586406204442E-001	5,000000000000000E+000
1,3748534E-001	6,391131762001274E-001	5,000000000000000E+000
1,3623549E-001	6,270107948350621E-001	5,000000000000000E+000
1,3508007E-001	6,170946407364695E-001	5,000000000000000E+000
1,3385910E-001	6,069440019653296E-001	5,000000000000000E+000
1,3263616E-001	5,966025178462981E-001	5,000000000000000E+000
1,3138536E-001	5,829905435158356E-001	5,000000000000000E+000
1,3023204E-001	5,719839187416573E-001	5,000000000000000E+000
1,2907913E-001	5,616795178114753E-001	5,000000000000000E+000
1,2778863E-001	5,482606603958047E-001	5,000000000000000E+000
1,2665550E-001	5,373463049246417E-001	5,000000000000000E+000
1,2540154E-001	5,257011004335568E-001	5,000000000000000E+000
1,2416048E-001	5,162962085386335E-001	5,000000000000000E+000
1,2300801E-001	5,041481785333932E-001	5,000000000000000E+000
1,2187922E-001	4,869232556601579E-001	5,000000000000000E+000
1,2061232E-001	4,771842479822235E-001	5,000000000000000E+000
1,1945038E-001	4,607909716238883E-001	5,000000000000000E+000
1,1823559E-001	4,479396244860254E-001	5,000000000000000E+000
1,1704287E-001	4,310955178807503E-001	5,000000000000000E+000
1,1580471E-001	4,182495080361459E-001	5,000000000000000E+000
1,1459003E-001	4,071484263145568E-001	5,000000000000000E+000
1,1341586E-001	3,953112153944360E-001	5,000000000000000E+000
1,1222752E-001	3,844608227696478E-001	5,000000000000000E+000
1,0622314E-001	2,976250181026341E-001	5,000000000000000E+000
1,0535489E-001	3,743646506207159E-001	5,000000000000000E+000
1,0413331E-001	3,154869199885670E-001	5,000000000000000E+000
1,0301644E-001	3,390883817984210E-001	5,000000000000000E+000
1,0175855E-001	3,185178781665563E-001	5,000000000000000E+000
1,0049993E-001	3,200516523017241E-001	5,000000000000000E+000
9,9412292E-002	3,083935819482164E-001	5,000000000000000E+000
9,8177686E-002	3,065071379144990E-001	5,000000000000000E+000
9,6894868E-002	2,993546311368442E-001	5,000000000000000E+000
9,5769569E-002	2,935811756954845E-001	5,000000000000000E+000
9,4548121E-002	2,871222838132068E-001	5,000000000000000E+000
9,3375601E-002	2,781171255014163E-001	5,000000000000000E+000
9,2118904E-002	2,755025974636536E-001	5,000000000000000E+000
9,0865605E-002	2,668316125927959E-001	5,000000000000000E+000
8,9791670E-002	2,610128599109078E-001	5,000000000000000E+000
8,8488325E-002	2,551056762394084E-001	5,000000000000000E+000
8,7300912E-002	2,471062355228555E-001	5,000000000000000E+000
8,6220838E-002	2,424714339819425E-001	5,000000000000000E+000
8,5088320E-002	2,337953403249338E-001	5,000000000000000E+000
8,3598323E-002	2,285529297886466E-001	5,000000000000000E+000
8,2504168E-002	2,187253462228305E-001	5,000000000000000E+000
8,1465706E-002	2,158648008901065E-001	5,000000000000000E+000
8,0220260E-002	2,054496568453034E-001	5,000000000000000E+000
7,9021305E-002	2,000526306672124E-001	5,000000000000000E+000
7,7746995E-002	1,924023748271997E-001	5,000000000000000E+000
7,6585971E-002	1,816594390547825E-001	5,000000000000000E+000
7,5281732E-002	1,783883196670408E-001	5,000000000000000E+000
7,4104637E-002	1,700263220118359E-001	5,000000000000000E+000
7,2964273E-002	1,619472213432246E-001	5,000000000000000E+000
7,1754575E-002	1,558223496879998E-001	5,000000000000000E+000
7,0554622E-002	1,476370061265901E-001	5,000000000000000E+000
6,9284558E-002	1,411731168029493E-001	5,000000000000000E+000
6,8225071E-002	1,340024789032113E-001	5,000000000000000E+000
6,6992573E-002	1,262924069160366E-001	5,000000000000000E+000
6,5634526E-002	1,164606924171998E-001	5,000000000000000E+000
6,4617284E-002	1,120720076335903E-001	5,000000000000000E+000
6,3443162E-002	1,033687663503875E-001	5,000000000000000E+000
6,2232994E-002	9,500474581404383E-002	5,000000000000000E+000
6,0917147E-002	8,740887969906930E-002	5,000000000000000E+000
5,9742179E-002	8,161813462599365E-002	5,000000000000000E+000
5,8705408E-002	7,305401947168155E-002	5,000000000000000E+000
5,7430886E-002	6,587680253303718E-002	5,000000000000000E+000
5,6117445E-002	5,608039165478351E-002	5,000000000000000E+000
5,4991301E-002	5,050914853927679E-002	5,000000000000000E+000
5,3827163E-002	4,217768469647540E-002	5,000000000000000E+000
5,2602097E-002	3,433294447879454E-002	5,000000000000000E+000
5,1352769E-002	2,431745790373602E-002	5,000000000000000E+000
5,0257407E-002	1,901227066729112E-002	5,000000000000000E+000
4,8947424E-002	9,353076892643419E-003	5,000000000000000E+000
4,7782011E-002	2,068121907915000E-003	5,000000000000000E+000
4,6675127E-002	-9,983761517610740E-003	5,000000000000000E+000
4,5371737E-002	-1,471007497234997E-002	5,000000000000000E+000
4,4192944E-002	-2,514908759500639E-002	5,000000000000000E+000
4,2848364E-002	-3,118669432498980E-002	5,000000000000000E+000
4,1874964E-002	-4,387884647924983E-002	5,000000000000000E+000
4,0525075E-002	-4,892561416070551E-002	5,000000000000000E+000
3,9453488E-002	-5,969716789291435E-002	5,000000000000000E+000
3,8262501E-002	-7,023098692863816E-002	5,000000000000000E+000
3,6992010E-002	-7,731701153615078E-002	5,000000000000000E+000
3,5810038E-002	-8,454173340740256E-002	5,000000000000000E+000
3,4590144E-002	-9,693856960964475E-002	5,000000000000000E+000
3,3397205E-002	-1,066520452085464E-001	5,000000000000000E+000
3,2213535E-002	-1,126788393804519E-001	5,000000000000000E+000
3,1000357E-002	-1,245590482592682E-001	5,000000000000000E+000
2,9841812E-002	-1,321576816311181E-001	5,000000000000000E+000
2,8555049E-002	-1,418096498738217E-001	5,000000000000000E+000
2,7421262E-002	-1,488542158428272E-001	5,000000000000000E+000
2,6205538E-002	-1,585788441201049E-001	5,000000000000000E+000
2,4886793E-002	-1,678649819902300E-001	5,000000000000000E+000
2,3828793E-002	-1,731762125402583E-001	5,000000000000000E+000
2,2640452E-002	-1,827092259093965E-001	5,000000000000000E+000
2,1391613E-002	-1,883538426482110E-001	5,000000000000000E+000
2,0329053E-002	-1,998726580705910E-001	5,000000000000000E+000
1,9072996E-002	-2,034210893357848E-001	5,000000000000000E+000
1,7754951E-002	-2,132050910699439E-001	5,000000000000000E+000
1,6520118E-002	-2,193819216271438E-001	5,000000000000000E+000
1,5457137E-002	-2,288572441999954E-001	5,000000000000000E+000
1,4198957E-002	-2,336884225692817E-001	5,000000000000000E+000
1,2866690E-002	-2,427896394155039E-001	5,000000000000000E+000
1,2026701E-002	-2,494093067944034E-001	5,000000000000000E+000
1,0738027E-002	-2,575303926035608E-001	5,000000000000000E+000
9,4077457E-003	-2,663000159049669E-001	5,000000000000000E+000
8,2493369E-003	-2,700686741833729E-001	5,000000000000000E+000
7,0130201E-003	-2,814114687142943E-001	5,000000000000000E+000
5,8280770E-003	-2,860160447113824E-001	5,000000000000000E+000
4,7562150E-003	-2,967055425332434E-001	5,000000000000000E+000
3,4014464E-003	-3,019529319814558E-001	5,000000000000000E+000
2,1712861E-003	-3,099363882081683E-001	5,000000000000000E+000
1,0869633E-003	-3,173723253938885E-001	5,000000000000000E+000
-1,4241053E-004	-3,276417909396998E-001	5,000000000000000E+000
-1,3316007E-003	-3,325576967262238E-001	5,000000000000000E+000
-2,4766363E-003	-3,402560007525604E-001	5,000000000000000E+000
-3,6539386E-003	-3,483010314262671E-001	5,000000000000000E+000
-5,0171246E-003	-3,572611053500117E-001	5,000000000000000E+000
-6,2510683E-003	-3,635668192615007E-001	5,000000000000000E+000
-7,3914337E-003	-3,710406189849071E-001	5,000000000000000E+000
-8,5349837E-003	-3,795035611967457E-001	5,000000000000000E+000
-9,7702006E-003	-3,861940447111718E-001	5,000000000000000E+000
-1,0965686E-002	-3,953879339258286E-001	5,000000000000000E+000
-1,2114118E-002	-4,013838865406196E-001	5,000000000000000E+000
-1,3408811E-002	-4,096438684112718E-001	5,000000000000000E+000
-1,4596440E-002	-4,178464863604558E-001	5,000000000000000E+000
-1,5493455E-002	-4,257290935493077E-001	5,000000000000000E+000
-1,6875612E-002	-4,321045231772596E-001	5,000000000000000E+000
-1,8169031E-002	-4,393343692710108E-001	5,000000000000000E+000
-1,9323198E-002	-4,481838377671199E-001	5,000000000000000E+000
-2,0353451E-002	-4,570406161106400E-001	5,000000000000000E+000
-2,1733267E-002	-4,621597062925700E-001	5,000000000000000E+000
-2,3016710E-002	-4,707991151630686E-001	5,000000000000000E+000
-2,4184885E-002	-4,783892488339898E-001	5,000000000000000E+000
-2,5304085E-002	-4,896931252830345E-001	5,000000000000000E+000
-2,6554625E-002	-4,923269564622172E-001	5,000000000000000E+000
-2,7926801E-002	-5,019135322719297E-001	5,000000000000000E+000
-2,8976310E-002	-5,094949700481566E-001	5,000000000000000E+000
-3,0163726E-002	-5,185418669975141E-001	5,000000000000000E+000
-3,1313397E-002	-5,238828537791651E-001	5,000000000000000E+000
-3,2591745E-002	-5,317999031006666E-001	5,000000000000000E+000
-3,3792187E-002	-5,389836577620972E-001	5,000000000000000E+000
-3,4707919E-002	-5,477961305684107E-001	5,000000000000000E+000
-3,6151774E-002	-5,550469336384474E-001	5,000000000000000E+000
-3,7345212E-002	-5,610981495443017E-001	5,000000000000000E+000
-3,8536523E-002	-5,691008804973929E-001	5,000000000000000E+000
-3,9655231E-002	-5,762204772327095E-001	5,000000000000000E+000
-4,1026630E-002	-5,856104406929150E-001	5,000000000000000E+000
-4,2256575E-002	-5,898220619936989E-001	5,000000000000000E+000
-4,3298226E-002	-5,991654692592832E-001	5,000000000000000E+000
-4,4615846E-002	-6,046719424452416E-001	5,000000000000000E+000
-4,5822799E-002	-6,131112325690804E-001	5,000000000000000E+000
-4,7004905E-002	-6,216504301151460E-001	5,000000000000000E+000
-4,8128713E-002	-6,251765715553308E-001	5,000000000000000E+000
-4,9285423E-002	-6,317310898124950E-001	5,000000000000000E+000
-5,0530657E-002	-6,382918295502238E-001	5,000000000000000E+000
-5,1716588E-002	-6,459072217629789E-001	5,000000000000000E+000
-5,2805714E-002	-6,517274106024882E-001	5,000000000000000E+000
-5,4174498E-002	-6,572993931412281E-001	5,000000000000000E+000
-5,5284929E-002	-6,651785085365809E-001	5,000000000000000E+000
-5,6474544E-002	-6,710915372629334E-001	5,000000000000000E+000
-5,7675760E-002	-6,797768490182039E-001	5,000000000000000E+000
-5,9053637E-002	-6,853604848470729E-001	5,000000000000000E+000
-6,0001031E-002	-6,934102999641407E-001	5,000000000000000E+000
-6,1257306E-002	-7,013893578356774E-001	5,000000000000000E+000
-6,2662907E-002	-7,110384058905752E-001	5,000000000000000E+000
-6,3733429E-002	-7,154858532077153E-001	5,000000000000000E+000
-6,4914778E-002	-7,242775383120801E-001	5,000000000000000E+000
-6,6102266E-002	-7,321855843636289E-001	5,000000000000000E+000
-6,7315288E-002	-7,425961674630841E-001	5,000000000000000E+000
-6,8516582E-002	-7,462254054585689E-001	5,000000000000000E+000
-6,9691770E-002	-7,553573430955591E-001	5,000000000000000E+000
-7,1007684E-002	-7,628210431430524E-001	5,000000000000000E+000
-7,1953095E-002	-7,717487942556716E-001	5,000000000000000E+000
-7,3170014E-002	-7,792436465905569E-001	5,000000000000000E+000
-7,4402094E-002	-7,852708262960526E-001	5,000000000000000E+000
-7,5678103E-002	-7,947942825913845E-001	5,000000000000000E+000
-7,6951362E-002	-8,018593341112119E-001	5,000000000000000E+000
-7,8028537E-002	-8,110106250452311E-001	5,000000000000000E+000
-7,9320244E-002	-8,173756439678570E-001	5,000000000000000E+000
-8,0474414E-002	-8,242768293712253E-001	5,000000000000000E+000
-8,1723258E-002	-8,316055782682543E-001	5,000000000000000E+000
-8,2918912E-002	-8,428532224045053E-001	5,000000000000000E+000
-8,4101945E-002	-8,454983491554007E-001	5,000000000000000E+000
-8,5313007E-002	-8,548949346230849E-001	5,000000000000000E+000
-8,6631678E-002	-8,614179057638260E-001	5,000000000000000E+000
-8,7652080E-002	-8,686323809670284E-001	5,000000000000000E+000
-8,8838220E-002	-8,786879248089234E-001	5,000000000000000E+000
-9,0060525E-002	-8,812220742305095E-001	5,000000000000000E+000
-9,1275811E-002	-8,912590710937764E-001	5,000000000000000E+000
-9,2439540E-002	-8,969333287742396E-001	5,000000000000000E+000
-9,3608625E-002	-9,075660223477620E-001	5,000000000000000E+000
-9,4858736E-002	-9,125928591497079E-001	5,000000000000000E+000
-9,5948800E-002	-9,200502406133140E-001	5,000000000000000E+000
-9,7231805E-002	-9,269312959060922E-001	5,000000000000000E+000
-9,8478034E-002	-9,348268089169220E-001	5,000000000000000E+000
-9,9679887E-002	-9,428164075620273E-001	5,000000000000000E+000
-1,0085633E-001	-9,475846116224087E-001	5,000000000000000E+000
-1,0205743E-001	-9,568292934887346E-001	5,000000000000000E+000
-1,0333215E-001	-9,618621790885111E-001	5,000000000000000E+000
-1,0443184E-001	-9,726165292474160E-001	5,000000000000000E+000
-1,0554481E-001	-9,763597607379744E-001	5,000000000000000E+000
-1,0694394E-001	-9,849525901437186E-001	5,000000000000000E+000
-1,0816943E-001	-9,918478843238638E-001	5,000000000000000E+000
-1,0925984E-001	-1,000661829227786E+000	5,000000000000000E+000
-1,1047722E-001	-1,004759161978857E+000	5,000000000000000E+000
-1,1172055E-001	-1,012887953638301E+000	5,000000000000000E+000
-1,1281909E-001	-1,018791316866148E+000	5,000000000000000E+000
-1,1407024E-001	-1,026877047481115E+000	5,000000000000000E+000
-1,1535189E-001	-1,033231153890179E+000	5,000000000000000E+000
-1,1626957E-001	-1,038397652161720E+000	5,000000000000000E+000
-1,1770884E-001	-1,045586336184190E+000	5,000000000000000E+000
-1,1890143E-001	-1,050210725735975E+000	5,000000000000000E+000
-1,1995710E-001	-1,057145343200924E+000	5,000000000000000E+000
-1,2129961E-001	-1,064507861932116E+000	5,000000000000000E+000
-1,2250303E-001	-1,065522774174395E+000	5,000000000000000E+000
-1,2364869E-001	-1,072973723794954E+000	5,000000000000000E+000
-1,2479416E-001	-1,077274556155315E+000	5,000000000000000E+000
-1,2620710E-001	-1,082259922443576E+000	5,000000000000000E+000
-1,2734364E-001	-1,087430471295697E+000	5,000000000000000E+000
-1,2845874E-001	-1,089627446891328E+000	5,000000000000000E+000
-1,3191006E-001	-1,091538715452138E+000	5,000000000000000E+000
-1,3541968E-001	-1,101329361204989E+000	5,000000000000000E+000
-1,3658786E-001	-1,102585325638446E+000	5,000000000000000E+000
-1,3789400E-001	-1,103379904240789E+000	5,000000000000000E+000
-1,3905667E-001	-1,105299820890643E+000	5,000000000000000E+000
-1,4026390E-001	-1,108694394132023E+000	5,000000000000000E+000
-1,4141756E-001	-1,112794282289944E+000	5,000000000000000E+000
-1,4269036E-001	-1,117130750143485E+000	5,000000000000000E+000
-1,4382222E-001	-1,121505371980476E+000	5,000000000000000E+000
-1,4501461E-001	-1,128716590646133E+000	5,000000000000000E+000
-1,4626874E-001	-1,136011504076629E+000	5,000000000000000E+000
-1,4744136E-001	-1,147421275381923E+000	5,000000000000000E+000
-1,4863068E-001	-1,152383618496557E+000	5,000000000000000E+000
-1,4985722E-001	-1,161807596774047E+000	5,000000000000000E+000
-1,5102002E-001	-1,174273805188328E+000	5,000000000000000E+000
-1,5226689E-001	-1,181709948810749E+000	5,000000000000000E+000
-1,5344056E-001	-1,190708513643279E+000	5,000000000000000E+000
-1,5460344E-001	-1,199763353551841E+000	5,000000000000000E+000
-1,5581669E-001	-1,212314425527843E+000	5,000000000000000E+000
-1,5703429E-001	-1,220653212344686E+000	5,000000000000000E+000
-1,5823200E-001	-1,229957270371308E+000	5,000000000000000E+000
-1,5941368E-001	-1,239058820246200E+000	5,000000000000000E+000
-1,6062954E-001	-1,249345199541292E+000	5,000000000000000E+000
-1,6185485E-001	-1,259302761431574E+000	5,000000000000000E+000
-1,6307393E-001	-1,268672582564045E+000	5,000000000000000E+000
-1,6425924E-001	-1,277313709647087E+000	5,000000000000000E+000
-1,6542865E-001	-1,286006766397303E+000	5,000000000000000E+000
-1,6663057E-001	-1,294409210974766E+000	5,000000000000000E+000
-1,6781457E-001	-1,306308057961157E+000	5,000000000000000E+000
-1,6905023E-001	-1,311219457123013E+000	5,000000000000000E+000
-1,7025554E-001	-1,320191426021559E+000	5,000000000000000E+000
-1,7140189E-001	-1,328935478244807E+000	5,000000000000000E+000
-1,7260300E-001	-1,341377403612972E+000	5,000000000000000E+000
-1,7382596E-001	-1,347681596771711E+000	5,000000000000000E+000
-1,7499647E-001	-1,356297222224789E+000	5,000000000000000E+000
-1,7621149E-001	-1,365975731337029E+000	5,000000000000000E+000
-1,7744857E-001	-1,375588498078283E+000	5,000000000000000E+000
-1,7864923E-001	-1,384886301226086E+000	5,000000000000000E+000
-1,7983501E-001	-1,392028470834086E+000	5,000000000000000E+000
-1,8099542E-001	-1,402738152563366E+000	5,000000000000000E+000
-1,8219224E-001	-1,411980693642455E+000	5,000000000000000E+000
-1,8346462E-001	-1,420943147994371E+000	5,000000000000000E+000
-1,8463705E-001	-1,430055319098756E+000	5,000000000000000E+000
-1,8579535E-001	-1,437891345005481E+000	5,000000000000000E+000
-1,8706964E-001	-1,445344264800141E+000	5,000000000000000E+000
-1,8823679E-001	-1,453648029593744E+000	5,000000000000000E+000
-1,8947454E-001	-1,464124335183037E+000	5,000000000000000E+000
-1,9064689E-001	-1,470099697510396E+000	5,000000000000000E+000
-1,9183609E-001	-1,477397873506160E+000	5,000000000000000E+000
-1,9307232E-001	-1,489892750590418E+000	5,000000000000000E+000
-1,9422056E-001	-1,492274197879148E+000	5,000000000000000E+000
-1,9545192E-001	-1,506827013360125E+000	5,000000000000000E+000
-1,9668949E-001	-1,513967120761258E+000	5,000000000000000E+000
-1,9786000E-001	-1,521823358101155E+000	5,000000000000000E+000
-1,9890149E-001	-1,526763689870548E+000	5,000000000000000E+000
-1,9949386E-001	-1,546759009361267E+000	5,000000000000000E+000
-1,9957833E-001	-1,524208962917328E+000	5,000000000000000E+000
-1,9879715E-001	-1,357941350899633E+000	5,000000000000000E+000
-1,9757670E-001	-1,320987070108657E+000	5,000000000000000E+000
-1,9635794E-001	-1,288952653891300E+000	5,000000000000000E+000
-1,9512965E-001	-1,261396737070751E+000	5,000000000000000E+000
-1,9397938E-001	-1,237449651157172E+000	5,000000000000000E+000
-1,9273657E-001	-1,212347338299473E+000	5,000000000000000E+000
-1,9160038E-001	-1,187028710937337E+000	5,000000000000000E+000
-1,9037771E-001	-1,163905834740333E+000	5,000000000000000E+000
-1,8919137E-001	-1,142499239326249E+000	5,000000000000000E+000
-1,8793969E-001	-1,119750820242594E+000	5,000000000000000E+000
-1,8673061E-001	-1,096755312846248E+000	5,000000000000000E+000
-1,8553896E-001	-1,076653569639248E+000	5,000000000000000E+000
-1,8437834E-001	-1,052442286525750E+000	5,000000000000000E+000
-1,8310623E-001	-1,028012626015372E+000	5,000000000000000E+000
-1,8200797E-001	-1,001935469555772E+000	5,000000000000000E+000
-1,8074317E-001	-9,752101158956012E-001	5,000000000000000E+000
-1,7954470E-001	-9,534301921440704E-001	5,000000000000000E+000
-1,7837097E-001	-9,240572323970921E-001	5,000000000000000E+000
-1,7715621E-001	-9,003339684439027E-001	5,000000000000000E+000
-1,7595819E-001	-8,795013201759279E-001	5,000000000000000E+000
-1,7474040E-001	-8,613311991147246E-001	5,000000000000000E+000
-1,7350388E-001	-8,459966282049818E-001	5,000000000000000E+000
-1,7231588E-001	-8,343407815555111E-001	5,000000000000000E+000
-1,7115666E-001	-8,198208343366984E-001	5,000000000000000E+000
-1,6991594E-001	-8,129735106938618E-001	5,000000000000000E+000
-1,6870277E-001	-8,041881194286455E-001	5,000000000000000E+000
-1,6756220E-001	-7,956233380051945E-001	5,000000000000000E+000
-1,6636683E-001	-7,899641655644185E-001	5,000000000000000E+000
-1,6517887E-001	-7,787856397270749E-001	5,000000000000000E+000
-1,6401473E-001	-7,761124681241576E-001	5,000000000000000E+000
-1,6280028E-001	-7,689968121574395E-001	5,000000000000000E+000
-1,6159178E-001	-7,625493716008762E-001	5,000000000000000E+000
-1,6031796E-001	-7,562483501387747E-001	5,000000000000000E+000
-1,5919457E-001	-7,498051752077632E-001	5,000000000000000E+000
-1,5794793E-001	-7,442785244331596E-001	5,000000000000000E+000
-1,5676722E-001	-7,371712713631702E-001	5,000000000000000E+000
-1,5553197E-001	-7,317846728126618E-001	5,000000000000000E+000
-1,5431987E-001	-7,269199862558811E-001	5,000000000000000E+000
-1,5316068E-001	-7,197289131840439E-001	5,000000000000000E+000
-1,5195626E-001	-7,114166263878943E-001	5,000000000000000E+000
-1,5081698E-001	-7,062654896484055E-001	5,000000000000000E+000
-1,4956982E-001	-6,989991503198532E-001	5,000000000000000E+000
-1,4834987E-001	-6,918929914633400E-001	5,000000000000000E+000
-1,4718728E-001	-6,852822419669886E-001	5,000000000000000E+000
-1,4591469E-001	-6,811112601749834E-001	5,000000000000000E+000
-1,4471319E-001	-6,724171013209130E-001	5,000000000000000E+000
-1,4357071E-001	-6,660693933566404E-001	5,000000000000000E+000
-1,4239132E-001	-6,554446801827810E-001	5,000000000000000E+000
-1,4118522E-001	-6,519578454705552E-001	5,000000000000000E+000
-1,3997798E-001	-6,433857248889048E-001	5,000000000000000E+000
-1,3880642E-001	-6,354977424230608E-001	5,000000000000000E+000
-1,3753238E-001	-6,235087981395839E-001	5,000000000000000E+000
-1,3633096E-001	-6,179768606735809E-001	5,000000000000000E+000
-1,3517785E-001	-6,108706967465345E-001	5,000000000000000E+000
-1,3394260E-001	-6,036202408916607E-001	5,000000000000000E+000
-1,3274880E-001	-5,922794496420671E-001	5,000000000000000E+000
-1,3159125E-001	-5,853822676840039E-001	5,000000000000000E+000
-1,3035288E-001	-5,795278591556570E-001	5,000000000000000E+000
-1,2915054E-001	-5,703701114398445E-001	5,000000000000000E+000
-1,2797005E-001	-5,617130884719606E-001	5,000000000000000E+000
-1,2676501E-001	-5,520992877039412E-001	5,000000000000000E+000
-1,2558757E-001	-5,451660559435076E-001	5,000000000000000E+000
-1,2439243E-001	-5,370181703474364E-001	5,000000000000000E+000
-1,2318564E-001	-5,272568966805320E-001	5,000000000000000E+000
-1,2201100E-001	-5,231336357149601E-001	5,000000000000000E+000
-1,2079760E-001	-5,133087056520798E-001	5,000000000000000E+000
-1,1957764E-001	-5,059331036560852E-001	5,000000000000000E+000
-1,1835130E-001	-4,979602815777371E-001	5,000000000000000E+000
-1,1720000E-001	-4,876855755444733E-001	5,000000000000000E+000
-1,1597366E-001	-4,831475584327971E-001	5,000000000000000E+000
-1,1477831E-001	-4,744173167079380E-001	5,000000000000000E+000
-1,1354463E-001	-4,620879043165269E-001	5,000000000000000E+000
-1,1236952E-001	-4,535857448289691E-001	5,000000000000000E+000
-1,1120198E-001	-4,467628333303646E-001	5,000000000000000E+000
-1,0997839E-001	-4,355864549676574E-001	5,000000000000000E+000
-1,0882077E-001	-4,233089831023893E-001	5,000000000000000E+000
-1,0756237E-001	-4,146424564080200E-001	5,000000000000000E+000
-1,0637979E-001	-4,046329374800237E-001	5,000000000000000E+000
-1,0518917E-001	-3,940707511372032E-001	5,000000000000000E+000
-1,0398774E-001	-3,828795391535902E-001	5,000000000000000E+000
-1,0275037E-001	-3,736072740220049E-001	5,000000000000000E+000
-1,0154558E-001	-3,644898865928148E-001	5,000000000000000E+000
-1,0035554E-001	-3,540687708106498E-001	5,000000000000000E+000
-9,7176023E-002	-2,865596423184985E-001	5,000000000000000E+000
-9,3327254E-002	-2,787428655299466E-001	5,000000000000000E+000
-9,2404068E-002	-2,756082267797968E-001	5,000000000000000E+000
-9,1128752E-002	-2,518633939810861E-001	5,000000000000000E+000
-8,9951202E-002	-2,544575414439247E-001	5,000000000000000E+000
-8,8671871E-002	-2,349605850532591E-001	5,000000000000000E+000
-8,7512828E-002	-2,318307056880768E-001	5,000000000000000E+000
-8,6350314E-002	-2,182507933984097E-001	5,000000000000000E+000
-8,5053712E-002	-2,154492156373126E-001	5,000000000000000E+000
-8,3958782E-002	-2,060762140770542E-001	5,000000000000000E+000
-8,2835175E-002	-2,003008493888458E-001	5,000000000000000E+000
-8,1592143E-002	-1,915574167279477E-001	5,000000000000000E+000
-8,0306865E-002	-1,848457077996701E-001	5,000000000000000E+000
-7,8883745E-002	-1,803484515468070E-001	5,000000000000000E+000
-7,8081965E-002	-1,724940534752222E-001	5,000000000000000E+000
-7,6627851E-002	-1,670370243146962E-001	5,000000000000000E+000
-7,5513452E-002	-1,565824288603227E-001	5,000000000000000E+000
-7,4374862E-002	-1,532207470316074E-001	5,000000000000000E+000
-7,3129207E-002	-1,470254440387686E-001	5,000000000000000E+000
-7,1891405E-002	-1,386119113513909E-001	5,000000000000000E+000
-7,0680134E-002	-1,349124893345612E-001	5,000000000000000E+000
-6,9540694E-002	-1,243864114399509E-001	5,000000000000000E+000
-6,8273634E-002	-1,198830972943036E-001	5,000000000000000E+000
-6,7048565E-002	-1,132682104976586E-001	5,000000000000000E+000
-6,5839425E-002	-1,063510079079097E-001	5,000000000000000E+000
-6,4603321E-002	-9,962424012580107E-002	5,000000000000000E+000
-6,3476436E-002	-9,132204593172188E-002	5,000000000000000E+000
-6,2284485E-002	-8,532176490633825E-002	5,000000000000000E+000
-6,1156217E-002	-7,860125975680132E-002	5,000000000000000E+000
-5,9854306E-002	-7,167959891942000E-002	5,000000000000000E+000
-5,8635615E-002	-6,525357230728124E-002	5,000000000000000E+000
-5,7493273E-002	-5,400801128012561E-002	5,000000000000000E+000
-5,6339961E-002	-5,123813752854567E-002	5,000000000000000E+000
-5,5076048E-002	-4,220161039484083E-002	5,000000000000000E+000
-5,3836126E-002	-3,497784203702591E-002	5,000000000000000E+000
-5,2747697E-002	-2,595223543337638E-002	5,000000000000000E+000
-5,1591631E-002	-2,129304598484951E-002	5,000000000000000E+000
-5,0312851E-002	-1,306274253875019E-002	5,000000000000000E+000
-4,9210701E-002	-5,230830837667261E-003	5,000000000000000E+000
-4,8037291E-002	3,821919461573651E-003	5,000000000000000E+000
-4,6664767E-002	9,721141985715415E-003	5,000000000000000E+000
-4,5592971E-002	1,720884531803479E-002	5,000000000000000E+000
-4,4314619E-002	2,489251229498132E-002	5,000000000000000E+000
-4,3143690E-002	3,170972357636664E-002	5,000000000000000E+000
-4,1934866E-002	4,214958693773962E-002	5,000000000000000E+000
-4,0631678E-002	4,591846271877231E-002	5,000000000000000E+000
-3,9580900E-002	5,572123171198967E-002	5,000000000000000E+000
-3,8351588E-002	6,265657568615590E-002	5,000000000000000E+000
-3,7082691E-002	7,135546570255702E-002	5,000000000000000E+000
-3,5913244E-002	7,742774755024651E-002	5,000000000000000E+000
-3,4800898E-002	8,607881635543901E-002	5,000000000000000E+000
-3,3481155E-002	9,251492065151168E-002	5,000000000000000E+000
-3,2390401E-002	1,035506191353005E-001	5,000000000000000E+000
-3,1199088E-002	1,082755544533336E-001	5,000000000000000E+000
-2,9871915E-002	1,171021235899794E-001	5,000000000000000E+000
-2,8741105E-002	1,241355562233366E-001	5,000000000000000E+000
-2,7479388E-002	1,332728089214976E-001	5,000000000000000E+000
-2,6372425E-002	1,411684545520178E-001	5,000000000000000E+000
-2,5176862E-002	1,498890883279578E-001	5,000000000000000E+000
-2,3934182E-002	1,571690495701561E-001	5,000000000000000E+000
-2,2800470E-002	1,664157493731993E-001	5,000000000000000E+000
-2,1594798E-002	1,740579499681996E-001	5,000000000000000E+000
-2,0285882E-002	1,815262613397666E-001	5,000000000000000E+000
-1,9038953E-002	1,892999567434243E-001	5,000000000000000E+000
-1,7958101E-002	2,011405966833185E-001	5,000000000000000E+000
-1,6537134E-002	2,058620368156370E-001	5,000000000000000E+000
-1,5444532E-002	2,158398821322614E-001	5,000000000000000E+000
-1,4295887E-002	2,218550173630429E-001	5,000000000000000E+000
-1,3253072E-002	2,343622223997954E-001	5,000000000000000E+000
-1,2015269E-002	2,406279262569224E-001	5,000000000000000E+000
-1,0806761E-002	2,493951098844667E-001	5,000000000000000E+000
-9,5323091E-003	2,583022687855800E-001	5,000000000000000E+000
-8,3661191E-003	2,681065156713078E-001	5,000000000000000E+000
-7,1741696E-003	2,747972107996848E-001	5,000000000000000E+000
-5,9168367E-003	2,835337542540715E-001	5,000000000000000E+000
-4,8971968E-003	2,949109116905473E-001	5,000000000000000E+000
-3,6101451E-003	2,989749045551033E-001	5,000000000000000E+000
-2,4018495E-003	3,077427168059834E-001	5,000000000000000E+000
-1,2307036E-003	3,173440162079513E-001	5,000000000000000E+000
-3,3733508E-005	3,253267262803607E-001	5,000000000000000E+000
8,4749761E-004	3,307672441005707E-001	5,000000000000000E+000