Ewe/V	<I>/mA	cycle number	
1,8933546E-003	6,274811457842588E-003	1,000000000000000E+000
3,6752638E-003	3,885669568046946E-002	1,000000000000000E+000
4,6021086E-003	4,883801763342610E-002	1,000000000000000E+000
5,4873489E-003	5,768096935072986E-002	1,000000000000000E+000
6,4547420E-003	6,541809255981568E-002	1,000000000000000E+000
7,5363424E-003	7,261873092674825E-002	1,000000000000000E+000
8,5756974E-003	7,935679582361521E-002	1,000000000000000E+000
9,6159037E-003	8,634560389651169E-002	1,000000000000000E+000
1,0485860E-002	9,376428302170539E-002	1,000000000000000E+000
1,1566822E-002	1,010259044425634E-001	1,000000000000000E+000
1,2633380E-002	1,159457436961753E-001	1,000000000000000E+000
1,4183554E-002	1,197727187881596E-001	1,000000000000000E+000
1,5212722E-002	1,260803322204282E-001	1,000000000000000E+000
1,6170349E-002	1,324635937258050E-001	1,000000000000000E+000
1,7212464E-002	1,386677038993822E-001	1,000000000000000E+000
1,8291520E-002	1,438981590758045E-001	1,000000000000000E+000
1,9215608E-002	1,477745304022127E-001	1,000000000000000E+000
2,0148823E-002	1,519141640100214E-001	1,000000000000000E+000
2,1208102E-002	1,597877105318557E-001	1,000000000000000E+000
2,2230050E-002	1,660063412316422E-001	1,000000000000000E+000
2,3189586E-002	1,729415914699155E-001	1,000000000000000E+000
2,4152309E-002	1,798852611402113E-001	1,000000000000000E+000
2,5312025E-002	1,859284795958686E-001	1,000000000000000E+000
2,6267320E-002	1,926854781771983E-001	1,000000000000000E+000
2,7273135E-002	1,985439710594976E-001	1,000000000000000E+000
2,8252628E-002	2,045522275622238E-001	1,000000000000000E+000
2,9104115E-002	2,089253901676438E-001	1,000000000000000E+000
3,0173827E-002	2,119394861920569E-001	1,000000000000000E+000
3,1145681E-002	2,133392761633894E-001	1,000000000000000E+000
3,2148100E-002	2,183056254698723E-001	1,000000000000000E+000
3,3268120E-002	2,256739443788932E-001	1,000000000000000E+000
3,4058895E-002	2,330661759608317E-001	1,000000000000000E+000
3,5143469E-002	2,402043662344420E-001	1,000000000000000E+000
3,6139734E-002	2,469037873325526E-001	1,000000000000000E+000
3,7195437E-002	2,532953710329764E-001	1,000000000000000E+000
3,8112093E-002	2,596162180243837E-001	1,000000000000000E+000
3,9241884E-002	2,654476240277290E-001	1,000000000000000E+000
4,0253635E-002	2,698783316063107E-001	1,000000000000000E+000
4,1215304E-002	2,724386398094119E-001	1,000000000000000E+000
4,2253807E-002	2,718548752298504E-001	1,000000000000000E+000
4,3178745E-002	2,742863080153857E-001	1,000000000000000E+000
4,4291548E-002	2,819412870815494E-001	1,000000000000000E+000
4,5081265E-002	2,903141986095810E-001	1,000000000000000E+000
4,6101514E-002	2,981975979551127E-001	1,000000000000000E+000
4,7116034E-002	3,052560404908887E-001	1,000000000000000E+000
4,8125457E-002	3,121125685671983E-001	1,000000000000000E+000
4,9229138E-002	3,210701866213359E-001	1,000000000000000E+000
5,0168894E-002	3,260337073286923E-001	1,000000000000000E+000
5,1082373E-002	3,303160116559378E-001	1,000000000000000E+000
5,2119389E-002	3,327227291064685E-001	1,000000000000000E+000
5,3193774E-002	3,304116384781617E-001	1,000000000000000E+000
5,4210201E-002	3,297427655025218E-001	1,000000000000000E+000
5,5255290E-002	3,368517543292695E-001	1,000000000000000E+000
5,6186806E-002	3,460767930028603E-001	1,000000000000000E+000
5,7134245E-002	3,549134656786910E-001	1,000000000000000E+000
5,8195893E-002	3,629058150367577E-001	1,000000000000000E+000
5,9151184E-002	3,702674935123449E-001	1,000000000000000E+000
6,0176954E-002	3,775080333774277E-001	1,000000000000000E+000
6,1160907E-002	3,839617213579247E-001	1,000000000000000E+000
6,2106226E-002	3,892466366911931E-001	1,000000000000000E+000
6,3172325E-002	3,912315236887434E-001	1,000000000000000E+000
6,4218894E-002	3,886476228082638E-001	1,000000000000000E+000
6,5164424E-002	3,845399103161924E-001	1,000000000000000E+000
6,6130973E-002	3,899308511366444E-001	1,000000000000000E+000
6,7109190E-002	4,001150478229487E-001	1,000000000000000E+000
6,8097584E-002	4,099037007739148E-001	1,000000000000000E+000
6,9196820E-002	4,190749643991403E-001	1,000000000000000E+000
7,0154659E-002	4,267129709047310E-001	1,000000000000000E+000
7,1125872E-002	4,347776524308662E-001	1,000000000000000E+000
7,2141878E-002	4,419435499304978E-001	1,000000000000000E+000
7,3136434E-002	4,479332615241969E-001	1,000000000000000E+000
7,4178129E-002	4,504719860851782E-001	1,000000000000000E+000
7,5142972E-002	4,482324565588325E-001	1,000000000000000E+000
7,6067708E-002	4,399365499891627E-001	1,000000000000000E+000
7,7211291E-002	4,424390782498647E-001	1,000000000000000E+000
7,8115642E-002	4,532413022523674E-001	1,000000000000000E+000
7,9184063E-002	4,644591010141159E-001	1,000000000000000E+000
8,0259830E-002	4,768512332467063E-001	1,000000000000000E+000
8,1066392E-002	4,849737110651207E-001	1,000000000000000E+000
8,2223348E-002	4,933986942525292E-001	1,000000000000000E+000
8,3081201E-002	5,009247774465218E-001	1,000000000000000E+000
8,4144980E-002	5,080196105495638E-001	1,000000000000000E+000
8,5153766E-002	5,108440400411691E-001	1,000000000000000E+000
8,6133040E-002	5,089308166255595E-001	1,000000000000000E+000
8,7145016E-002	4,984401278887649E-001	1,000000000000000E+000
8,8137873E-002	4,944870569225817E-001	1,000000000000000E+000
8,9196548E-002	5,050265193675408E-001	1,000000000000000E+000
9,0132736E-002	5,181881193485521E-001	1,000000000000000E+000
9,1020949E-002	5,306070967128971E-001	1,000000000000000E+000
9,2049263E-002	5,407014551262090E-001	1,000000000000000E+000
9,3187116E-002	5,502955214706828E-001	1,000000000000000E+000
9,4186783E-002	5,589838817853625E-001	1,000000000000000E+000
9,5098354E-002	5,666046107394842E-001	1,000000000000000E+000
9,6122205E-002	5,707736111211545E-001	1,000000000000000E+000
9,7189806E-002	5,693093701093304E-001	1,000000000000000E+000
9,8128743E-002	5,577826473034082E-001	1,000000000000000E+000
9,9181041E-002	5,473542333477104E-001	1,000000000000000E+000
1,0012020E-001	5,561459786776046E-001	1,000000000000000E+000
1,0112432E-001	5,710007591104085E-001	1,000000000000000E+000
1,0205010E-001	5,849484403238243E-001	1,000000000000000E+000
1,0312194E-001	5,975960413752892E-001	1,000000000000000E+000
1,0410802E-001	6,074895462090204E-001	1,000000000000000E+000
1,0512551E-001	6,175987296220331E-001	1,000000000000000E+000
1,0610585E-001	6,261285598631279E-001	1,000000000000000E+000
1,0712207E-001	6,314195353813732E-001	1,000000000000000E+000
1,0806590E-001	6,304438795066538E-001	1,000000000000000E+000
1,0918719E-001	6,197720642581039E-001	1,000000000000000E+000
1,1014567E-001	6,021081881804626E-001	1,000000000000000E+000
1,1112049E-001	6,065595851590260E-001	1,000000000000000E+000
1,1202398E-001	6,230035627743735E-001	1,000000000000000E+000
1,1311297E-001	6,407583749818553E-001	1,000000000000000E+000
1,1411583E-001	6,546604073158044E-001	1,000000000000000E+000
1,1519489E-001	6,659367817833477E-001	1,000000000000000E+000
1,1603597E-001	6,774508247358941E-001	1,000000000000000E+000
1,1708127E-001	6,867589985744837E-001	1,000000000000000E+000
1,1822847E-001	6,946819417040645E-001	1,000000000000000E+000
1,1909354E-001	6,947248960948684E-001	1,000000000000000E+000
1,2005604E-001	6,854713052787176E-001	1,000000000000000E+000
1,2107927E-001	6,622111670396933E-001	1,000000000000000E+000
1,2216809E-001	6,591383252568843E-001	1,000000000000000E+000
1,2306118E-001	6,759306698761591E-001	1,000000000000000E+000
1,2413833E-001	6,948298436624007E-001	1,000000000000000E+000
1,2510253E-001	7,114902057305530E-001	1,000000000000000E+000
1,2608393E-001	7,252690191898092E-001	1,000000000000000E+000
1,2704051E-001	7,373769613051824E-001	1,000000000000000E+000
1,2805906E-001	7,487930676175518E-001	1,000000000000000E+000
1,2909821E-001	7,576978189387797E-001	1,000000000000000E+000
1,3008003E-001	7,593614116173129E-001	1,000000000000000E+000
1,3107374E-001	7,515851019157314E-001	1,000000000000000E+000
1,3220014E-001	7,257881363922802E-001	1,000000000000000E+000
1,3316116E-001	7,109788917694893E-001	1,000000000000000E+000
1,3403451E-001	7,265115707974736E-001	1,000000000000000E+000
1,3516113E-001	7,485949201854254E-001	1,000000000000000E+000
1,3610664E-001	7,691319706953230E-001	1,000000000000000E+000
1,3711990E-001	7,845681800886419E-001	1,000000000000000E+000
1,3809530E-001	8,003238784494258E-001	1,000000000000000E+000
1,3907905E-001	8,120633733493339E-001	1,000000000000000E+000
1,4009802E-001	8,226036032040902E-001	1,000000000000000E+000
1,4099517E-001	8,267021587601420E-001	1,000000000000000E+000
1,4207825E-001	8,191676624119282E-001	1,000000000000000E+000
1,4315316E-001	7,934674904997685E-001	1,000000000000000E+000
1,4407162E-001	7,658847219966027E-001	1,000000000000000E+000
1,4509778E-001	7,766631700236477E-001	1,000000000000000E+000
1,4598846E-001	8,020551426819083E-001	1,000000000000000E+000
1,4702472E-001	8,250950356876423E-001	1,000000000000000E+000
1,4808445E-001	8,454083554722640E-001	1,000000000000000E+000
1,4913930E-001	8,602436517399745E-001	1,000000000000000E+000
1,5001287E-001	8,755541114067604E-001	1,000000000000000E+000
1,5100086E-001	8,870887432109473E-001	1,000000000000000E+000
1,5207270E-001	8,935711462464617E-001	1,000000000000000E+000
1,5319079E-001	8,875684423579138E-001	1,000000000000000E+000
1,5402658E-001	8,651603493425575E-001	1,000000000000000E+000
1,5515234E-001	8,258094368157565E-001	1,000000000000000E+000
1,5616749E-001	8,277843927067767E-001	1,000000000000000E+000
1,5714486E-001	8,550060064428386E-001	1,000000000000000E+000
1,5808974E-001	8,818803175731915E-001	1,000000000000000E+000
1,5909089E-001	9,058274868185876E-001	1,000000000000000E+000
1,6014129E-001	9,230333344527963E-001	1,000000000000000E+000
1,6101550E-001	9,398893977480896E-001	1,000000000000000E+000
1,6215549E-001	9,551901493083506E-001	1,000000000000000E+000
1,6303857E-001	9,652225059215596E-001	1,000000000000000E+000
1,6411379E-001	9,614646705212415E-001	1,000000000000000E+000
1,6519126E-001	9,413236811975167E-001	1,000000000000000E+000
1,6611785E-001	8,929561103383676E-001	1,000000000000000E+000
1,6702090E-001	8,802785866514407E-001	1,000000000000000E+000
1,6809396E-001	9,076859141113598E-001	1,000000000000000E+000
1,6903840E-001	9,395318693584880E-001	1,000000000000000E+000
1,7004569E-001	9,677592754639939E-001	1,000000000000000E+000
1,7103559E-001	9,892102147418047E-001	1,000000000000000E+000
1,7205882E-001	1,007606413629320E+000	1,000000000000000E+000
1,7306292E-001	1,023731830909298E+000	1,000000000000000E+000
1,7407085E-001	1,036074971573218E+000	1,000000000000000E+000
1,7512402E-001	1,035163559157539E+000	1,000000000000000E+000
1,7603451E-001	1,017716521190275E+000	1,000000000000000E+000
1,7712271E-001	9,672921015708553E-001	1,000000000000000E+000
1,7798515E-001	9,319470331697524E-001	1,000000000000000E+000
1,7915174E-001	9,559662277223868E-001	1,000000000000000E+000
1,8008004E-001	9,931067489087582E-001	1,000000000000000E+000
1,8105401E-001	1,027666766472432E+000	1,000000000000000E+000
1,8209167E-001	1,052928303264910E+000	1,000000000000000E+000
1,8309090E-001	1,074405285495297E+000	1,000000000000000E+000
1,8444882E-001	1,094243610451613E+000	1,000000000000000E+000
1,8575282E-001	1,100576083417295E+000	1,000000000000000E+000
1,8678489E-001	1,091671091125910E+000	1,000000000000000E+000
1,8774030E-001	1,060369125946801E+000	1,000000000000000E+000
1,8880405E-001	9,941976447072314E-001	1,000000000000000E+000
1,8977308E-001	9,801953999256661E-001	1,000000000000000E+000
1,9070436E-001	1,018305569611217E+000	1,000000000000000E+000
1,9171143E-001	1,059170386995431E+000	1,000000000000000E+000
1,9273229E-001	1,096222389765360E+000	1,000000000000000E+000
1,9376811E-001	1,121424639804495E+000	1,000000000000000E+000
1,9480789E-001	1,143598904626240E+000	1,000000000000000E+000
1,9581158E-001	1,161973622248134E+000	1,000000000000000E+000
1,9674566E-001	1,175789488962403E+000	1,000000000000000E+000
1,9774531E-001	1,170082069243547E+000	1,000000000000000E+000
1,9880991E-001	1,142297164295563E+000	1,000000000000000E+000
1,9973373E-001	1,070230354411461E+000	1,000000000000000E+000
2,0036010E-001	1,032504553596179E+000	1,000000000000000E+000
2,0057331E-001	1,030062397321064E+000	1,000000000000000E+000
1,9998422E-001	1,029042935067858E+000	1,000000000000000E+000
1,9901150E-001	1,053047170793573E+000	1,000000000000000E+000
1,9800006E-001	1,080237661223563E+000	1,000000000000000E+000
1,9702612E-001	1,102289073031254E+000	1,000000000000000E+000
1,9600590E-001	1,112869992576268E+000	1,000000000000000E+000
1,9502091E-001	1,121429762630545E+000	1,000000000000000E+000
1,9402470E-001	1,125234602088180E+000	1,000000000000000E+000
1,9299065E-001	1,124247464454836E+000	1,000000000000000E+000
1,9199401E-001	1,103850276657827E+000	1,000000000000000E+000
1,9102728E-001	1,063102847999997E+000	1,000000000000000E+000
1,8996835E-001	9,835078305116411E-001	1,000000000000000E+000
1,8898715E-001	9,403792340998294E-001	1,000000000000000E+000
1,8798815E-001	9,586612492523789E-001	1,000000000000000E+000
1,8700227E-001	9,875107133002192E-001	1,000000000000000E+000
1,8594551E-001	1,010433516706581E+000	1,000000000000000E+000
1,8502037E-001	1,024905816548401E+000	1,000000000000000E+000
1,8398608E-001	1,032052555018002E+000	1,000000000000000E+000
1,8299302E-001	1,037968638732482E+000	1,000000000000000E+000
1,8202434E-001	1,039294622700524E+000	1,000000000000000E+000
1,8100154E-001	1,027255745259698E+000	1,000000000000000E+000
1,8000507E-001	9,970934051606335E-001	1,000000000000000E+000
1,7906044E-001	9,363412352071858E-001	1,000000000000000E+000
1,7804654E-001	8,783386954002903E-001	1,000000000000000E+000
1,7700467E-001	8,842938797617386E-001	1,000000000000000E+000
1,7603555E-001	9,093599272546937E-001	1,000000000000000E+000
1,7503211E-001	9,319182270527584E-001	1,000000000000000E+000
1,7400043E-001	9,454720530796905E-001	1,000000000000000E+000
1,7302330E-001	9,528110515740202E-001	1,000000000000000E+000
1,7200477E-001	9,581591210983440E-001	1,000000000000000E+000
1,7097117E-001	9,601003386908094E-001	1,000000000000000E+000
1,6998747E-001	9,535127375964736E-001	1,000000000000000E+000
1,6897255E-001	9,295301233176811E-001	1,000000000000000E+000
1,6805461E-001	8,859930582068607E-001	1,000000000000000E+000
1,6702655E-001	8,247318503757359E-001	1,000000000000000E+000
1,6596448E-001	8,159236896921097E-001	1,000000000000000E+000
1,6494317E-001	8,364909643100340E-001	1,000000000000000E+000
1,6398491E-001	8,553547635674477E-001	1,000000000000000E+000
1,6300203E-001	8,704988136887550E-001	1,000000000000000E+000
1,6199769E-001	8,767648560029464E-001	1,000000000000000E+000
1,6102670E-001	8,838427244789102E-001	1,000000000000000E+000
1,6001472E-001	8,843828275523791E-001	1,000000000000000E+000
1,5900698E-001	8,814508582430811E-001	1,000000000000000E+000
1,5797889E-001	8,641539177408908E-001	1,000000000000000E+000
1,5704589E-001	8,315841510064113E-001	1,000000000000000E+000
1,5600950E-001	7,759899886807879E-001	1,000000000000000E+000
1,5499692E-001	7,539952086215767E-001	1,000000000000000E+000
1,5399159E-001	7,684303653522200E-001	1,000000000000000E+000
1,5296568E-001	7,855270459420165E-001	1,000000000000000E+000
1,5199724E-001	7,981149623239472E-001	1,000000000000000E+000
1,5100378E-001	8,051590813254865E-001	1,000000000000000E+000
1,4999290E-001	8,089227381127841E-001	1,000000000000000E+000
1,4896205E-001	8,109558880053189E-001	1,000000000000000E+000
1,4796709E-001	8,096420858745228E-001	1,000000000000000E+000
1,4694518E-001	7,987905390284702E-001	1,000000000000000E+000
1,4598864E-001	7,750320978186744E-001	1,000000000000000E+000
1,4503285E-001	7,284435289049576E-001	1,000000000000000E+000
1,4404188E-001	6,980021729099528E-001	1,000000000000000E+000
1,4303033E-001	7,039497843771070E-001	1,000000000000000E+000
1,4199521E-001	7,185321789648800E-001	1,000000000000000E+000
1,4101763E-001	7,299906832200556E-001	1,000000000000000E+000
1,4002669E-001	7,363765871635206E-001	1,000000000000000E+000
1,3903870E-001	7,394625777033745E-001	1,000000000000000E+000
1,3800082E-001	7,418224193431706E-001	1,000000000000000E+000
1,3699777E-001	7,406971241450986E-001	1,000000000000000E+000
1,3599811E-001	7,328914095544121E-001	1,000000000000000E+000
1,3504155E-001	7,151291459384916E-001	1,000000000000000E+000
1,3396399E-001	6,814418533058086E-001	1,000000000000000E+000
1,3303480E-001	6,428409304331870E-001	1,000000000000000E+000
1,3201094E-001	6,411263738517388E-001	1,000000000000000E+000
1,3100088E-001	6,518017119141639E-001	1,000000000000000E+000
1,2997255E-001	6,632718987486990E-001	1,000000000000000E+000
1,2902236E-001	6,682722636119083E-001	1,000000000000000E+000
1,2805243E-001	6,716191956290523E-001	1,000000000000000E+000
1,2698612E-001	6,727933159305000E-001	1,000000000000000E+000
1,2596163E-001	6,724457328932179E-001	1,000000000000000E+000
1,2501058E-001	6,678069115926837E-001	1,000000000000000E+000
1,2399753E-001	6,545441741192775E-001	1,000000000000000E+000
1,2300022E-001	6,285855107837244E-001	1,000000000000000E+000
1,2207562E-001	5,898799433338446E-001	1,000000000000000E+000
1,2100434E-001	5,798575249673055E-001	1,000000000000000E+000
1,2003162E-001	5,872907625442301E-001	1,000000000000000E+000
1,1906040E-001	5,959113669340255E-001	1,000000000000000E+000
1,1799557E-001	6,023771656292061E-001	1,000000000000000E+000
1,1699997E-001	6,039796363286394E-001	1,000000000000000E+000
1,1600122E-001	6,063380225352129E-001	1,000000000000000E+000
1,1499284E-001	6,049621499798921E-001	1,000000000000000E+000
1,1400316E-001	6,017336123105563E-001	1,000000000000000E+000
1,1296041E-001	5,904082012949181E-001	1,000000000000000E+000
1,1201424E-001	5,709480661898867E-001	1,000000000000000E+000
1,1102287E-001	5,394340674220404E-001	1,000000000000000E+000
1,1000262E-001	5,236387190029581E-001	1,000000000000000E+000
1,0894266E-001	5,266844014878631E-001	1,000000000000000E+000
1,0795595E-001	5,330707847520131E-001	1,000000000000000E+000
1,0696436E-001	5,381993472024238E-001	1,000000000000000E+000
1,0599973E-001	5,403625799549943E-001	1,000000000000000E+000
1,0499603E-001	5,407208236693251E-001	1,000000000000000E+000
1,0402589E-001	5,397899755173263E-001	1,000000000000000E+000
1,0303429E-001	5,370137508682635E-001	1,000000000000000E+000
1,0201255E-001	5,293981886848247E-001	1,000000000000000E+000
1,0100271E-001	5,151148249429696E-001	1,000000000000000E+000
9,9965259E-002	4,890230743697410E-001	1,000000000000000E+000
9,9023558E-002	4,678419551087756E-001	1,000000000000000E+000
9,7983986E-002	4,664984960108990E-001	1,000000000000000E+000
9,6984319E-002	4,716899513646409E-001	1,000000000000000E+000
9,5979579E-002	4,750476385708184E-001	1,000000000000000E+000
9,5046148E-002	4,763628394101502E-001	1,000000000000000E+000
9,3985982E-002	4,766752555000568E-001	1,000000000000000E+000
9,3015194E-002	4,752492005074458E-001	1,000000000000000E+000
9,2015967E-002	4,728488513716957E-001	1,000000000000000E+000
9,1005892E-002	4,678122571635042E-001	1,000000000000000E+000
8,9570686E-002	4,228956480696784E-001	1,000000000000000E+000
8,8295370E-002	4,072744043337009E-001	1,000000000000000E+000
8,7163456E-002	3,951278905625688E-001	1,000000000000000E+000
8,6329177E-002	3,963173116660776E-001	1,000000000000000E+000
8,5352860E-002	3,992651006965726E-001	1,000000000000000E+000
8,4268294E-002	4,016429719135699E-001	1,000000000000000E+000
8,3284974E-002	4,011114046529487E-001	1,000000000000000E+000
8,2208894E-002	4,001143537461778E-001	1,000000000000000E+000
8,1280768E-002	3,981965780258179E-001	1,000000000000000E+000
8,0381311E-002	3,948058254188962E-001	1,000000000000000E+000
7,9264045E-002	3,876312673436816E-001	1,000000000000000E+000
7,8307703E-002	3,754899819140081E-001	1,000000000000000E+000
7,7388063E-002	3,548642883629158E-001	1,000000000000000E+000
7,6263160E-002	3,386569546052707E-001	1,000000000000000E+000
7,5267956E-002	3,368721885813621E-001	1,000000000000000E+000
7,4267872E-002	3,383596184215052E-001	1,000000000000000E+000
7,3262691E-002	3,395305822637904E-001	1,000000000000000E+000
7,2270676E-002	3,392936589748223E-001	1,000000000000000E+000
7,1301796E-002	3,375306463007028E-001	1,000000000000000E+000
7,0202157E-002	3,351298885213001E-001	1,000000000000000E+000
6,9286764E-002	3,318350826631535E-001	1,000000000000000E+000
6,8317890E-002	3,262778821366802E-001	1,000000000000000E+000
6,7449205E-002	3,164043139183410E-001	1,000000000000000E+000
6,6404969E-002	3,003375458151654E-001	1,000000000000000E+000
6,5291725E-002	2,815643010178102E-001	1,000000000000000E+000
6,4395502E-002	2,772730351598174E-001	1,000000000000000E+000
6,3317716E-002	2,776615249544925E-001	1,000000000000000E+000
6,2295977E-002	2,779079709822938E-001	1,000000000000000E+000
6,1272331E-002	2,769946671884362E-001	1,000000000000000E+000
6,0335930E-002	2,746161830232098E-001	1,000000000000000E+000
5,9309524E-002	2,720795173749870E-001	1,000000000000000E+000
5,8310289E-002	2,686116993427277E-001	1,000000000000000E+000
5,7308923E-002	2,642582608731807E-001	1,000000000000000E+000
5,6289736E-002	2,560985059373915E-001	1,000000000000000E+000
5,5296022E-002	2,440757847011650E-001	1,000000000000000E+000
5,4317590E-002	2,278166795494387E-001	1,000000000000000E+000
5,3280365E-002	2,201154419669398E-001	1,000000000000000E+000
5,2363068E-002	2,185588458690930E-001	1,000000000000000E+000
5,1368710E-002	2,178753937284159E-001	1,000000000000000E+000
5,0297726E-002	2,163726302139732E-001	1,000000000000000E+000
4,9338613E-002	2,139037775427663E-001	1,000000000000000E+000
4,8363369E-002	2,109002131209881E-001	1,000000000000000E+000
4,7352247E-002	2,072634402731505E-001	1,000000000000000E+000
4,6356834E-002	2,028658491800783E-001	1,000000000000000E+000
4,5295827E-002	1,960760567475237E-001	1,000000000000000E+000
4,4312503E-002	1,865953661639379E-001	1,000000000000000E+000
4,3334503E-002	1,729522993684642E-001	1,000000000000000E+000
4,2405535E-002	1,628720431105675E-001	1,000000000000000E+000
4,1315865E-002	1,596101826677718E-001	1,000000000000000E+000
4,0400691E-002	1,580454060221435E-001	1,000000000000000E+000
3,9356031E-002	1,559107021463135E-001	1,000000000000000E+000
3,8332809E-002	1,530632568626777E-001	1,000000000000000E+000
3,7182856E-002	1,495732949632737E-001	1,000000000000000E+000
3,6324997E-002	1,458425536165360E-001	1,000000000000000E+000
3,5343595E-002	1,417659056476424E-001	1,000000000000000E+000
3,4428630E-002	1,359657811483852E-001	1,000000000000000E+000
3,3463150E-002	1,280913802588152E-001	1,000000000000000E+000
3,2307461E-002	1,143358685248708E-001	1,000000000000000E+000
3,1337772E-002	1,054117860858912E-001	1,000000000000000E+000
3,0402858E-002	1,007636732042390E-001	1,000000000000000E+000
2,9288564E-002	9,821381708779575E-002	1,000000000000000E+000
2,8444724E-002	9,526961408900458E-002	1,000000000000000E+000
2,7445488E-002	9,235467935946795E-002	1,000000000000000E+000
2,6354121E-002	8,834582906975230E-002	1,000000000000000E+000
2,5308609E-002	8,452236041840588E-002	1,000000000000000E+000
2,4288999E-002	8,002789970487378E-002	1,000000000000000E+000
2,3407156E-002	7,474752678535879E-002	1,000000000000000E+000
2,2319397E-002	6,805374279307808E-002	1,000000000000000E+000
2,1336295E-002	5,932189319800152E-002	1,000000000000000E+000
2,0386945E-002	4,967588838189829E-002	1,000000000000000E+000
1,9026423E-002	4,522976622554564E-002	1,000000000000000E+000
1,7813303E-002	3,809579851588717E-002	1,000000000000000E+000
1,6749749E-002	3,389957172934106E-002	1,000000000000000E+000
1,5719093E-002	3,011363730507172E-002	1,000000000000000E+000
1,4599285E-002	2,591922427786314E-002	1,000000000000000E+000
1,3619792E-002	2,135941250620543E-002	1,000000000000000E+000
1,2584683E-002	1,684303530621234E-002	1,000000000000000E+000
1,1800701E-002	1,143989122270056E-002	1,000000000000000E+000
1,0775992E-002	4,971144290283086E-003	1,000000000000000E+000
9,6971514E-003	-2,842551940510148E-003	1,000000000000000E+000
8,8293189E-003	-1,040430200885535E-002	1,000000000000000E+000
7,9672160E-003	-1,548149907763144E-002	1,000000000000000E+000
6,7909393E-003	-1,994819158507091E-002	1,000000000000000E+000
5,6280354E-003	-2,399550840965714E-002	1,000000000000000E+000
4,6576699E-003	-2,828918741067377E-002	1,000000000000000E+000
3,8399359E-003	-3,301909226596494E-002	1,000000000000000E+000
2,6913150E-003	-4,009557066105851E-002	1,000000000000000E+000
1,7803630E-003	-4,334734340146582E-002	1,000000000000000E+000
8,2082459E-004	-4,863959389169636E-002	1,000000000000000E+000
-1,8668933E-004	-5,408112136474652E-002	1,000000000000000E+000
-9,5581182E-004	-6,032957563487190E-002	1,000000000000000E+000
-2,2709218E-003	-6,651766621507715E-002	1,000000000000000E+000
-3,2122042E-003	-7,231032255933512E-002	1,000000000000000E+000
-4,1025393E-003	-7,718969303769652E-002	1,000000000000000E+000
-5,2357237E-003	-8,226558075424451E-002	1,000000000000000E+000
-6,2491815E-003	-8,683782519289740E-002	1,000000000000000E+000
-7,0934519E-003	-9,188923750210654E-002	1,000000000000000E+000
-8,1892759E-003	-9,685394349852916E-002	1,000000000000000E+000
-9,3377447E-003	-1,018866981828099E-001	1,000000000000000E+000
-1,0206214E-002	-1,068889087376497E-001	1,000000000000000E+000
-1,1565552E-002	-1,193254150486742E-001	1,000000000000000E+000
-1,2779008E-002	-1,202761810962796E-001	1,000000000000000E+000
-1,3765293E-002	-1,253526088505703E-001	1,000000000000000E+000
-1,4851352E-002	-1,313105268334902E-001	1,000000000000000E+000
-1,5795395E-002	-1,367160528898234E-001	1,000000000000000E+000
-1,6823925E-002	-1,423204838712180E-001	1,000000000000000E+000
-1,7705766E-002	-1,476500034677208E-001	1,000000000000000E+000
-1,8855086E-002	-1,531544180793893E-001	1,000000000000000E+000
-1,9894017E-002	-1,583904640369673E-001	1,000000000000000E+000
-2,0843577E-002	-1,633360486443118E-001	1,000000000000000E+000
-2,1930486E-002	-1,686470316102104E-001	1,000000000000000E+000
-2,2842262E-002	-1,731522210563226E-001	1,000000000000000E+000
-2,3795854E-002	-1,768459749787499E-001	1,000000000000000E+000
-2,4866419E-002	-1,801266261307450E-001	1,000000000000000E+000
-2,5814069E-002	-1,860328265120872E-001	1,000000000000000E+000
-2,6789315E-002	-1,924042167762918E-001	1,000000000000000E+000
-2,7792687E-002	-2,002730350596480E-001	1,000000000000000E+000
-2,8786695E-002	-2,055530120032261E-001	1,000000000000000E+000
-2,9737102E-002	-2,111635429577694E-001	1,000000000000000E+000
-3,0962419E-002	-2,167252057956333E-001	1,000000000000000E+000
-3,1924080E-002	-2,221825964817850E-001	1,000000000000000E+000
-3,2837339E-002	-2,273709271448086E-001	1,000000000000000E+000
-3,3840187E-002	-2,317358795208504E-001	1,000000000000000E+000
-3,4837298E-002	-2,345103768424854E-001	1,000000000000000E+000
-3,5858188E-002	-2,353324611429817E-001	1,000000000000000E+000
-3,6792040E-002	-2,403518190193523E-001	1,000000000000000E+000
-3,7865572E-002	-2,473841397850602E-001	1,000000000000000E+000
-3,8837001E-002	-2,544293414663381E-001	1,000000000000000E+000
-3,9909687E-002	-2,609323589476173E-001	1,000000000000000E+000
-4,0742069E-002	-2,672393630707157E-001	1,000000000000000E+000
-4,1826423E-002	-2,734688817764865E-001	1,000000000000000E+000
-4,2878732E-002	-2,793435964526401E-001	1,000000000000000E+000
-4,3789864E-002	-2,847239309921861E-001	1,000000000000000E+000
-4,4789314E-002	-2,889705693901146E-001	1,000000000000000E+000
-4,5702998E-002	-2,917094742879280E-001	1,000000000000000E+000
-4,6810500E-002	-2,904807407822876E-001	1,000000000000000E+000
-4,7830544E-002	-2,929338556541898E-001	1,000000000000000E+000
-4,8803449E-002	-3,005861666536449E-001	1,000000000000000E+000
-4,9928363E-002	-3,084524943389826E-001	1,000000000000000E+000
-5,0799165E-002	-3,162371879788459E-001	1,000000000000000E+000
-5,1778659E-002	-3,229766478762021E-001	1,000000000000000E+000
-5,2767284E-002	-3,296689910952137E-001	1,000000000000000E+000
-5,3903438E-002	-3,361393902105876E-001	1,000000000000000E+000
-5,4804597E-002	-3,420886424956500E-001	1,000000000000000E+000
-5,5811264E-002	-3,466320098895155E-001	1,000000000000000E+000
-5,6747239E-002	-3,486534408466149E-001	1,000000000000000E+000
-5,7792321E-002	-3,465136641084610E-001	1,000000000000000E+000
-5,8854185E-002	-3,458786108703524E-001	1,000000000000000E+000
-5,9756197E-002	-3,531264459921255E-001	1,000000000000000E+000
-6,0808737E-002	-3,635953157036393E-001	1,000000000000000E+000
-6,1746139E-002	-3,722079223780721E-001	1,000000000000000E+000
-6,2815212E-002	-3,797863459352533E-001	1,000000000000000E+000
-6,3762017E-002	-3,866535652152918E-001	1,000000000000000E+000
-6,4795643E-002	-3,938026237129071E-001	1,000000000000000E+000
-6,5808468E-002	-4,000020730826588E-001	1,000000000000000E+000
-6,6844001E-002	-4,047775672817657E-001	1,000000000000000E+000
-6,7790583E-002	-4,069684157492942E-001	1,000000000000000E+000
-6,8823151E-002	-4,047042425307975E-001	1,000000000000000E+000
-6,9806248E-002	-3,996487165352782E-001	1,000000000000000E+000
-7,0846468E-002	-4,054207136095660E-001	1,000000000000000E+000
-7,1809813E-002	-4,152300086700258E-001	1,000000000000000E+000
-7,2848961E-002	-4,253187620391445E-001	1,000000000000000E+000
-7,3766254E-002	-4,345545621795779E-001	1,000000000000000E+000
-7,4797325E-002	-4,422408244400131E-001	1,000000000000000E+000
-7,5766206E-002	-4,504957951743300E-001	1,000000000000000E+000
-7,6771818E-002	-4,572453392600560E-001	1,000000000000000E+000
-7,7797167E-002	-4,633205334345512E-001	1,000000000000000E+000
-7,8868151E-002	-4,659395117174707E-001	1,000000000000000E+000
-7,9859957E-002	-4,638424174929106E-001	1,000000000000000E+000
-8,0823742E-002	-4,550982016932092E-001	1,000000000000000E+000
-8,1758440E-002	-4,574562011079633E-001	1,000000000000000E+000
-8,2853198E-002	-4,678966001504001E-001	1,000000000000000E+000
-8,3872810E-002	-4,794757580039679E-001	1,000000000000000E+000
-8,4842749E-002	-4,897884886573847E-001	1,000000000000000E+000
-8,5776605E-002	-4,992052892705903E-001	1,000000000000000E+000
-8,6781152E-002	-5,073646790589459E-001	1,000000000000000E+000
-8,7860629E-002	-5,151902531032198E-001	1,000000000000000E+000
-8,8809729E-002	-5,229345546966337E-001	1,000000000000000E+000
-8,9805156E-002	-5,259593599648378E-001	1,000000000000000E+000
-9,0785071E-002	-5,243069099745288E-001	1,000000000000000E+000
-9,1803364E-002	-5,130997760781799E-001	1,000000000000000E+000
-9,2767932E-002	-5,096134614475352E-001	1,000000000000000E+000
-9,3749091E-002	-5,203504692763099E-001	1,000000000000000E+000
-9,4694085E-002	-5,336638581421633E-001	1,000000000000000E+000
-9,5751271E-002	-5,460782680246561E-001	1,000000000000000E+000
-9,6751571E-002	-5,562181542455047E-001	1,000000000000000E+000
-9,7794525E-002	-5,658293338837448E-001	1,000000000000000E+000
-9,8751739E-002	-5,744543590893336E-001	1,000000000000000E+000
-9,9757768E-002	-5,822610297688731E-001	1,000000000000000E+000
-1,0083853E-001	-5,862076824737916E-001	1,000000000000000E+000
-1,0190463E-001	-5,846237551972799E-001	1,000000000000000E+000
-1,0280155E-001	-5,727640845019506E-001	1,000000000000000E+000
-1,0369315E-001	-5,622564968825472E-001	1,000000000000000E+000
-1,0470512E-001	-5,710444456587224E-001	1,000000000000000E+000
-1,0573494E-001	-5,862489177810915E-001	1,000000000000000E+000
-1,0668301E-001	-6,002728539622524E-001	1,000000000000000E+000
-1,0763638E-001	-6,131641938592538E-001	1,000000000000000E+000
-1,0884705E-001	-6,234807340359227E-001	1,000000000000000E+000
-1,0974673E-001	-6,336157755167360E-001	1,000000000000000E+000
-1,1075869E-001	-6,423423873881511E-001	1,000000000000000E+000
-1,1178277E-001	-6,476518560062963E-001	1,000000000000000E+000
-1,1288052E-001	-6,465172030169644E-001	1,000000000000000E+000
-1,1378442E-001	-6,353802774791379E-001	1,000000000000000E+000
-1,1483992E-001	-6,179454123808288E-001	1,000000000000000E+000
-1,1570224E-001	-6,225577746690387E-001	1,000000000000000E+000
-1,1677405E-001	-6,387882867345120E-001	1,000000000000000E+000
-1,1779156E-001	-6,557239732808515E-001	1,000000000000000E+000
-1,1882667E-001	-6,704843741048272E-001	1,000000000000000E+000
-1,1977540E-001	-6,842124996775816E-001	1,000000000000000E+000
-1,2073086E-001	-6,948410489906873E-001	1,000000000000000E+000
-1,2182030E-001	-7,042842434236265E-001	1,000000000000000E+000
-1,2275034E-001	-7,119972509228525E-001	1,000000000000000E+000
-1,2372941E-001	-7,119221463109593E-001	1,000000000000000E+000
-1,2467919E-001	-7,025911496193320E-001	1,000000000000000E+000
-1,2578453E-001	-6,778848882617092E-001	1,000000000000000E+000
-1,2680331E-001	-6,753283762545501E-001	1,000000000000000E+000
-1,2777068E-001	-6,920852051289000E-001	1,000000000000000E+000
-1,2883084E-001	-7,118656970560533E-001	1,000000000000000E+000
-1,2971056E-001	-7,294416566965758E-001	1,000000000000000E+000
-1,3082613E-001	-7,434694457247346E-001	1,000000000000000E+000
-1,3177803E-001	-7,559089556474365E-001	1,000000000000000E+000
-1,3266604E-001	-7,674792685580449E-001	1,000000000000000E+000
-1,3366909E-001	-7,762530921371988E-001	1,000000000000000E+000
-1,3475515E-001	-7,776969307688617E-001	1,000000000000000E+000
-1,3572635E-001	-7,697355176011724E-001	1,000000000000000E+000
-1,3679904E-001	-7,425568243833593E-001	1,000000000000000E+000
-1,3773458E-001	-7,276871907352289E-001	1,000000000000000E+000
-1,3867058E-001	-7,427735114125227E-001	1,000000000000000E+000
-1,3989015E-001	-7,654512086538272E-001	1,000000000000000E+000
-1,4082061E-001	-7,872871151538919E-001	1,000000000000000E+000
-1,4184405E-001	-8,034100906440536E-001	1,000000000000000E+000
-1,4272483E-001	-8,181930108478790E-001	1,000000000000000E+000
-1,4376414E-001	-8,317863110590835E-001	1,000000000000000E+000
-1,4473006E-001	-8,427519936252530E-001	1,000000000000000E+000
-1,4575902E-001	-8,468096379052730E-001	1,000000000000000E+000
-1,4681281E-001	-8,388808771140042E-001	1,000000000000000E+000
-1,4784011E-001	-8,121444524050472E-001	1,000000000000000E+000
-1,4878589E-001	-7,841486814949237E-001	1,000000000000000E+000
-1,4977852E-001	-7,949344776570815E-001	1,000000000000000E+000
-1,5075713E-001	-8,206137708491745E-001	1,000000000000000E+000
-1,5166864E-001	-8,453884501424120E-001	1,000000000000000E+000
-1,5280436E-001	-8,661588066154060E-001	1,000000000000000E+000
-1,5368004E-001	-8,819997440333696E-001	1,000000000000000E+000
-1,5477312E-001	-8,967608489372090E-001	1,000000000000000E+000
-1,5572013E-001	-9,090722062521506E-001	1,000000000000000E+000
-1,5673675E-001	-9,150633184170263E-001	1,000000000000000E+000
-1,5784596E-001	-9,086428331556151E-001	1,000000000000000E+000
-1,5878129E-001	-8,846972417776211E-001	1,000000000000000E+000
-1,5974891E-001	-8,443770708033309E-001	1,000000000000000E+000
-1,6082224E-001	-8,458056455409080E-001	1,000000000000000E+000
-1,6179152E-001	-8,733094040718328E-001	1,000000000000000E+000
-1,6274874E-001	-9,020174366456502E-001	1,000000000000000E+000
-1,6375922E-001	-9,271267235830969E-001	1,000000000000000E+000
-1,6473617E-001	-9,450622518305423E-001	1,000000000000000E+000
-1,6578233E-001	-9,628826040360643E-001	1,000000000000000E+000
-1,6671106E-001	-9,767232869786255E-001	1,000000000000000E+000
-1,6768238E-001	-9,894547761866370E-001	1,000000000000000E+000
-1,6868949E-001	-9,843572522339219E-001	1,000000000000000E+000
-1,6973421E-001	-9,630284607410431E-001	1,000000000000000E+000
-1,7066805E-001	-9,134996721038071E-001	1,000000000000000E+000
-1,7172457E-001	-9,010218185959040E-001	1,000000000000000E+000
-1,7279041E-001	-9,278762046661626E-001	1,000000000000000E+000
-1,7361684E-001	-9,611973180263119E-001	1,000000000000000E+000
-1,7466776E-001	-9,906108251048442E-001	1,000000000000000E+000
-1,7577183E-001	-1,013034432850503E+000	1,000000000000000E+000
-1,7670016E-001	-1,031763419784880E+000	1,000000000000000E+000
-1,7771511E-001	-1,049230830536944E+000	1,000000000000000E+000
-1,7875576E-001	-1,061467270608301E+000	1,000000000000000E+000
-1,7969385E-001	-1,060371508062989E+000	1,000000000000000E+000
-1,8080920E-001	-1,041662077936859E+000	1,000000000000000E+000
-1,8174715E-001	-9,888232972384994E-001	1,000000000000000E+000
-1,8274012E-001	-9,548646618646579E-001	1,000000000000000E+000
-1,8372184E-001	-9,785237088799512E-001	1,000000000000000E+000
-1,8473478E-001	-1,016637673946444E+000	1,000000000000000E+000
-1,8574889E-001	-1,053486133891123E+000	1,000000000000000E+000
-1,8672711E-001	-1,079175026604425E+000	1,000000000000000E+000
-1,8808311E-001	-1,103041200637819E+000	1,000000000000000E+000
-1,8942387E-001	-1,119275357160305E+000	1,000000000000000E+000
-1,9041619E-001	-1,129879608474398E+000	1,000000000000000E+000
-1,9146241E-001	-1,119646651090452E+000	1,000000000000000E+000
-1,9242705E-001	-1,085771214492898E+000	1,000000000000000E+000
-1,9342138E-001	-1,016691774819732E+000	1,000000000000000E+000
-1,9444349E-001	-1,004247152694948E+000	1,000000000000000E+000
-1,9541724E-001	-1,041745268360334E+000	1,000000000000000E+000
-1,9640669E-001	-1,085172896169950E+000	1,000000000000000E+000
-1,9747405E-001	-1,122820987883538E+000	1,000000000000000E+000
-1,9844149E-001	-1,150332319239772E+000	1,000000000000000E+000
-1,9919971E-001	-1,167347985319797E+000	1,000000000000000E+000
-1,9959036E-001	-1,202159663041433E+000	1,000000000000000E+000
-1,9949014E-001	-1,178059816360474E+000	1,000000000000000E+000
-1,9896978E-001	-1,177190684747911E+000	1,000000000000000E+000
-1,9788648E-001	-1,172247776140769E+000	1,000000000000000E+000
-1,9699359E-001	-1,155534832289927E+000	1,000000000000000E+000
-1,9595720E-001	-1,118266212719457E+000	1,000000000000000E+000
-1,9495057E-001	-1,048796813383145E+000	1,000000000000000E+000
-1,9391170E-001	-9,758593535257729E-001	1,000000000000000E+000
-1,9293940E-001	-9,771651595279032E-001	1,000000000000000E+000
-1,9190969E-001	-1,005858673244746E+000	1,000000000000000E+000
-1,9095419E-001	-1,034447873494141E+000	1,000000000000000E+000
-1,8994097E-001	-1,051510964830722E+000	1,000000000000000E+000
-1,8893711E-001	-1,060325961422031E+000	1,000000000000000E+000
-1,8794300E-001	-1,068189703204016E+000	1,000000000000000E+000
-1,8694657E-001	-1,070709387599319E+000	1,000000000000000E+000
-1,8592592E-001	-1,065376043871595E+000	1,000000000000000E+000
-1,8490973E-001	-1,041299422719963E+000	1,000000000000000E+000
-1,8392068E-001	-9,920753086054734E-001	1,000000000000000E+000
-1,8291673E-001	-9,196486638652015E-001	1,000000000000000E+000
-1,8191175E-001	-9,039551490158964E-001	1,000000000000000E+000
-1,8093269E-001	-9,270299495094356E-001	1,000000000000000E+000
-1,7995851E-001	-9,519013141592312E-001	1,000000000000000E+000
-1,7894822E-001	-9,712886153547884E-001	1,000000000000000E+000
-1,7793095E-001	-9,800725820715765E-001	1,000000000000000E+000
-1,7690074E-001	-9,870701117281691E-001	1,000000000000000E+000
-1,7592254E-001	-9,898011796176407E-001	1,000000000000000E+000
-1,7493735E-001	-9,885881244193726E-001	1,000000000000000E+000
-1,7388378E-001	-9,701880636038602E-001	1,000000000000000E+000
-1,7287497E-001	-9,348880013933876E-001	1,000000000000000E+000
-1,7188977E-001	-8,703481182455999E-001	1,000000000000000E+000
-1,7087290E-001	-8,383086752836348E-001	1,000000000000000E+000
-1,6990983E-001	-8,525055851140682E-001	1,000000000000000E+000
-1,6892768E-001	-8,753218892271875E-001	1,000000000000000E+000
-1,6787860E-001	-8,938466136654188E-001	1,000000000000000E+000
-1,6688280E-001	-9,030234056214503E-001	1,000000000000000E+000
-1,6592816E-001	-9,098802930502954E-001	1,000000000000000E+000
-1,6493617E-001	-9,129051330188886E-001	1,000000000000000E+000
-1,6385333E-001	-9,137894776132338E-001	1,000000000000000E+000
-1,6292354E-001	-9,017448553608514E-001	1,000000000000000E+000
-1,6195872E-001	-8,755969699058248E-001	1,000000000000000E+000
-1,6092645E-001	-8,229590094199886E-001	1,000000000000000E+000
-1,5992895E-001	-7,821728995552775E-001	1,000000000000000E+000
-1,5892270E-001	-7,868520309803628E-001	1,000000000000000E+000
-1,5790713E-001	-8,056460289215579E-001	1,000000000000000E+000
-1,5694629E-001	-8,221275519441669E-001	1,000000000000000E+000
-1,5596637E-001	-8,323898449264169E-001	1,000000000000000E+000
-1,5492828E-001	-8,366340554698724E-001	1,000000000000000E+000
-1,5390529E-001	-8,403881244637352E-001	1,000000000000000E+000
-1,5287867E-001	-8,402222974432806E-001	1,000000000000000E+000
-1,5191425E-001	-8,326524220131049E-001	1,000000000000000E+000
-1,5093836E-001	-8,125679904112104E-001	1,000000000000000E+000
-1,4984849E-001	-7,741791282400996E-001	1,000000000000000E+000
-1,4893715E-001	-7,282051038410930E-001	1,000000000000000E+000
-1,4794829E-001	-7,230834466301719E-001	1,000000000000000E+000
-1,4687456E-001	-7,376076841933816E-001	1,000000000000000E+000
-1,4594580E-001	-7,517524860385407E-001	1,000000000000000E+000
-1,4489561E-001	-7,621212338131897E-001	1,000000000000000E+000
-1,4392991E-001	-7,655733525063191E-001	1,000000000000000E+000
-1,4290266E-001	-7,686970055931148E-001	1,000000000000000E+000
-1,4194568E-001	-7,687838267259011E-001	1,000000000000000E+000
-1,4095834E-001	-7,660629203612062E-001	1,000000000000000E+000
-1,3987991E-001	-7,511103287063241E-001	1,000000000000000E+000
-1,3889809E-001	-7,231921971672115E-001	1,000000000000000E+000
-1,3790669E-001	-6,789616452599017E-001	1,000000000000000E+000
-1,3687481E-001	-6,639780969255498E-001	1,000000000000000E+000
-1,3593712E-001	-6,725228557846048E-001	1,000000000000000E+000
-1,3491085E-001	-6,847224812350272E-001	1,000000000000000E+000
-1,3391535E-001	-6,947644655595937E-001	1,000000000000000E+000
-1,3289045E-001	-6,983217177567678E-001	1,000000000000000E+000
-1,3193774E-001	-7,007282566364168E-001	1,000000000000000E+000
-1,3089180E-001	-7,009823549262908E-001	1,000000000000000E+000
-1,2989277E-001	-6,989323826575777E-001	1,000000000000000E+000
-1,2889144E-001	-6,876563239428730E-001	1,000000000000000E+000
-1,2790813E-001	-6,673973785644328E-001	1,000000000000000E+000
-1,2692672E-001	-6,285319870544783E-001	1,000000000000000E+000
-1,2594044E-001	-6,065669601300239E-001	1,000000000000000E+000
-1,2494480E-001	-6,106886124169373E-001	1,000000000000000E+000
-1,2397952E-001	-6,201394371412441E-001	1,000000000000000E+000
-1,2289240E-001	-6,288668396710220E-001	1,000000000000000E+000
-1,2197448E-001	-6,323527174277448E-001	1,000000000000000E+000
-1,2091983E-001	-6,333213999039580E-001	1,000000000000000E+000
-1,1997154E-001	-6,335597076211812E-001	1,000000000000000E+000
-1,1891840E-001	-6,319618652126291E-001	1,000000000000000E+000
-1,1788350E-001	-6,246238795143544E-001	1,000000000000000E+000
-1,1687769E-001	-6,087595717636525E-001	1,000000000000000E+000
-1,1588735E-001	-5,786636880840401E-001	1,000000000000000E+000
-1,1486376E-001	-5,507463075358556E-001	1,000000000000000E+000
-1,1383537E-001	-5,477912006517212E-001	1,000000000000000E+000
-1,1292127E-001	-5,558194947877411E-001	1,000000000000000E+000
-1,1191698E-001	-5,623871174261552E-001	1,000000000000000E+000
-1,1091501E-001	-5,660227593724376E-001	1,000000000000000E+000
-1,0989244E-001	-5,671682287421485E-001	1,000000000000000E+000
-1,0890790E-001	-5,684174468257925E-001	1,000000000000000E+000
-1,0788936E-001	-5,658425830166651E-001	1,000000000000000E+000
-1,0683750E-001	-5,603825903877047E-001	1,000000000000000E+000
-1,0588944E-001	-5,481645582864676E-001	1,000000000000000E+000
-1,0486420E-001	-5,250487523498357E-001	1,000000000000000E+000
-1,0391551E-001	-4,979942560333894E-001	1,000000000000000E+000
-1,0293749E-001	-4,910298739732406E-001	1,000000000000000E+000
-1,0188603E-001	-4,948530920815699E-001	1,000000000000000E+000
-1,0094263E-001	-4,999593347311038E-001	1,000000000000000E+000
-9,9941052E-002	-5,025779158566817E-001	1,000000000000000E+000
-9,8946080E-002	-5,030536756471387E-001	1,000000000000000E+000
-9,7868711E-002	-5,029672177991351E-001	1,000000000000000E+000
-9,6910655E-002	-5,010001848417325E-001	1,000000000000000E+000
-9,5854111E-002	-4,981890627769413E-001	1,000000000000000E+000
-9,4894990E-002	-4,885623263264147E-001	1,000000000000000E+000
-9,3889169E-002	-4,721432135060954E-001	1,000000000000000E+000
-9,2597894E-002	-4,187306883572441E-001	1,000000000000000E+000
-9,1288127E-002	-4,198941493340103E-001	1,000000000000000E+000
-9,0185098E-002	-4,219980661377880E-001	1,000000000000000E+000
-8,9299448E-002	-4,255193926531966E-001	1,000000000000000E+000
-8,8234648E-002	-4,262446028490849E-001	1,000000000000000E+000
-8,7248385E-002	-4,256695368223733E-001	1,000000000000000E+000
-8,6125001E-002	-4,244260477523021E-001	1,000000000000000E+000
-8,5221104E-002	-4,216895672596177E-001	1,000000000000000E+000
-8,4174350E-002	-4,164880941173532E-001	1,000000000000000E+000
-8,3143927E-002	-4,057816403607530E-001	1,000000000000000E+000
-8,2243219E-002	-3,886431347992678E-001	1,000000000000000E+000
-8,1281848E-002	-3,667039002671295E-001	1,000000000000000E+000
-8,0189005E-002	-3,600310004074814E-001	1,000000000000000E+000
-7,9128623E-002	-3,616998507468798E-001	1,000000000000000E+000
-7,8179926E-002	-3,640225398250756E-001	1,000000000000000E+000
-7,7285551E-002	-3,646265101722559E-001	1,000000000000000E+000
-7,6238759E-002	-3,632678216392229E-001	1,000000000000000E+000
-7,5198777E-002	-3,616936550372172E-001	1,000000000000000E+000
-7,4166209E-002	-3,592565455646426E-001	1,000000000000000E+000
-7,3200934E-002	-3,547613407243739E-001	1,000000000000000E+000
-7,2249040E-002	-3,461511997437032E-001	1,000000000000000E+000
-7,1146213E-002	-3,332839216347088E-001	1,000000000000000E+000
-7,0194744E-002	-3,130830292486486E-001	1,000000000000000E+000
-6,9224797E-002	-3,028687223861058E-001	1,000000000000000E+000
-6,8002239E-002	-3,026966138363433E-001	1,000000000000000E+000
-6,7284919E-002	-3,031979178388913E-001	1,000000000000000E+000
-6,6250660E-002	-3,034473043969932E-001	1,000000000000000E+000
-6,5149955E-002	-3,019849047478698E-001	1,000000000000000E+000
-6,4245820E-002	-2,998032970353961E-001	1,000000000000000E+000
-6,3158914E-002	-2,969420758869363E-001	1,000000000000000E+000
-6,2331833E-002	-2,927800135824958E-001	1,000000000000000E+000
-6,1240897E-002	-2,860369354279508E-001	1,000000000000000E+000
-6,0309581E-002	-2,753867764301869E-001	1,000000000000000E+000
-5,9244130E-002	-2,587462950980768E-001	1,000000000000000E+000
-5,8214538E-002	-2,463247274152103E-001	1,000000000000000E+000
-5,7208072E-002	-2,440035285911080E-001	1,000000000000000E+000
-5,6164265E-002	-2,432330830229653E-001	1,000000000000000E+000
-5,5241026E-002	-2,428277819589892E-001	1,000000000000000E+000
-5,4241784E-002	-2,407855795075493E-001	1,000000000000000E+000
-5,3280976E-002	-2,379865508043654E-001	1,000000000000000E+000
-5,2146945E-002	-2,350261749492750E-001	1,000000000000000E+000
-5,1271893E-002	-2,314743201627771E-001	1,000000000000000E+000
-5,0286654E-002	-2,238555795133665E-001	1,000000000000000E+000
-4,9364313E-002	-2,161343175641921E-001	1,000000000000000E+000
-4,8236433E-002	-2,031486179955577E-001	1,000000000000000E+000
-4,7289632E-002	-1,901608462686886E-001	1,000000000000000E+000
-4,6237536E-002	-1,853825487368916E-001	1,000000000000000E+000
-4,5235965E-002	-1,837197217089985E-001	1,000000000000000E+000
-4,4307422E-002	-1,821722565391277E-001	1,000000000000000E+000
-4,3282073E-002	-1,800400417263583E-001	1,000000000000000E+000
-4,2305976E-002	-1,766240246318018E-001	1,000000000000000E+000
-4,1230958E-002	-1,733460272662342E-001	1,000000000000000E+000
-4,0316209E-002	-1,694171924868386E-001	1,000000000000000E+000
-3,9330352E-002	-1,643027685306691E-001	1,000000000000000E+000
-3,8205229E-002	-1,573961426296995E-001	1,000000000000000E+000
-3,7205145E-002	-1,472252620280615E-001	1,000000000000000E+000
-3,6320120E-002	-1,346136631306127E-001	1,000000000000000E+000
-3,5176534E-002	-1,277738663333430E-001	1,000000000000000E+000
-3,4171145E-002	-1,250706510273396E-001	1,000000000000000E+000
-3,3142187E-002	-1,229824477772190E-001	1,000000000000000E+000
-3,2322541E-002	-1,201036338418437E-001	1,000000000000000E+000
-3,1175770E-002	-1,165206859716106E-001	1,000000000000000E+000
-3,0387966E-002	-1,129193080382215E-001	1,000000000000000E+000
-2,9307431E-002	-1,089696585787114E-001	1,000000000000000E+000
-2,8135611E-002	-1,041289416866169E-001	1,000000000000000E+000
-2,7265441E-002	-9,779553416323061E-002	1,000000000000000E+000
-2,6098501E-002	-8,989416366374048E-002	1,000000000000000E+000
-2,5344666E-002	-7,860557622862618E-002	1,000000000000000E+000
-2,4166478E-002	-7,086166162561203E-002	1,000000000000000E+000
-2,3299318E-002	-6,620194578405292E-002	1,000000000000000E+000
-2,2175256E-002	-6,276711124788820E-002	1,000000000000000E+000
-2,1250106E-002	-5,942210517133834E-002	1,000000000000000E+000
-2,0343004E-002	-5,590574586488040E-002	1,000000000000000E+000
-1,9280719E-002	-5,181261296901418E-002	1,000000000000000E+000
-1,8274056E-002	-4,753106470754445E-002	1,000000000000000E+000
-1,7269937E-002	-4,305299359839397E-002	1,000000000000000E+000
-1,6229946E-002	-3,726008931537045E-002	1,000000000000000E+000
-1,4988680E-002	-3,151540889765780E-002	1,000000000000000E+000
-1,3600684E-002	-1,703575613727379E-002	1,000000000000000E+000
-1,2587651E-002	-1,071416051558186E-002	1,000000000000000E+000
-1,1555937E-002	-6,292005736786122E-003	1,000000000000000E+000
-1,0587906E-002	-2,561542506386842E-003	1,000000000000000E+000
-9,6780416E-003	1,550893557839149E-003	1,000000000000000E+000
-8,5866777E-003	5,675640903603013E-003	1,000000000000000E+000
-7,6927324E-003	1,028561008300771E-002	1,000000000000000E+000
-6,8043075E-003	1,486790781469877E-002	1,000000000000000E+000
-5,6630564E-003	1,988437564405436E-002	1,000000000000000E+000
-4,6844119E-003	2,530160355079849E-002	1,000000000000000E+000
-3,8543651E-003	3,118155656934335E-002	1,000000000000000E+000
-2,6543117E-003	3,881114246582407E-002	1,000000000000000E+000
-1,4814305E-003	4,507184679257792E-002	1,000000000000000E+000
-5,7220244E-004	5,000726973931136E-002	1,000000000000000E+000
3,2862314E-004	5,431675290067983E-002	1,000000000000000E+000
7,8443135E-004	5,719873091826833E-002	2,000000000000000E+000
1,4203239E-003	5,945448573954683E-002	2,000000000000000E+000
2,2161934E-003	6,405264120204046E-002	2,000000000000000E+000
3,3313341E-003	6,879469571221208E-002	2,000000000000000E+000
3,9686295E-003	7,364224441590927E-002	2,000000000000000E+000
5,2164462E-003	7,864386383961430E-002	2,000000000000000E+000
6,1195176E-003	8,367505485916305E-002	2,000000000000000E+000
7,3594791E-003	8,903116940658684E-002	2,000000000000000E+000
8,3407592E-003	9,690333203481583E-002	2,000000000000000E+000
9,3585523E-003	1,007487733796650E-001	2,000000000000000E+000
1,0224687E-002	1,066372360240808E-001	2,000000000000000E+000
1,1524796E-002	1,190343825420475E-001	2,000000000000000E+000
1,2989592E-002	1,206131405024620E-001	2,000000000000000E+000
1,3845114E-002	1,257486623125497E-001	2,000000000000000E+000
1,4740118E-002	1,308243558397170E-001	2,000000000000000E+000
1,5953545E-002	1,359735764735550E-001	2,000000000000000E+000
1,6889093E-002	1,413266993024287E-001	2,000000000000000E+000
1,7869225E-002	1,458812338920931E-001	2,000000000000000E+000
1,9008568E-002	1,502935256705518E-001	2,000000000000000E+000
1,9899538E-002	1,540109811661144E-001	2,000000000000000E+000
2,0966491E-002	1,594454301176245E-001	2,000000000000000E+000
2,1847272E-002	1,654773335558943E-001	2,000000000000000E+000
2,2946067E-002	1,714050952621089E-001	2,000000000000000E+000
2,4039555E-002	1,773284054016344E-001	2,000000000000000E+000
2,4827570E-002	1,827850149668482E-001	2,000000000000000E+000
2,5909593E-002	1,884374342410380E-001	2,000000000000000E+000
2,6857246E-002	1,940631473747403E-001	2,000000000000000E+000
2,7933536E-002	1,991980944035781E-001	2,000000000000000E+000
2,8922159E-002	2,037775841093172E-001	2,000000000000000E+000
2,9980198E-002	2,072939953111379E-001	2,000000000000000E+000
3,0890485E-002	2,093010450954784E-001	2,000000000000000E+000
3,1790372E-002	2,132833284429381E-001	2,000000000000000E+000
3,2895111E-002	2,198551526914043E-001	2,000000000000000E+000
3,3858471E-002	2,265066953927834E-001	2,000000000000000E+000
3,4905046E-002	2,330991923119182E-001	2,000000000000000E+000
3,5957351E-002	2,391645442349486E-001	2,000000000000000E+000
3,6925167E-002	2,450435288871329E-001	2,000000000000000E+000
3,7862629E-002	2,509630981970719E-001	2,000000000000000E+000
3,8874697E-002	2,585959785997316E-001	2,000000000000000E+000
3,9791863E-002	2,623956595306041E-001	2,000000000000000E+000
4,0894479E-002	2,658518588998251E-001	2,000000000000000E+000
4,1818354E-002	2,662749071088104E-001	2,000000000000000E+000
4,2920116E-002	2,675910311647586E-001	2,000000000000000E+000
4,3929968E-002	2,736995727237730E-001	2,000000000000000E+000
4,4968683E-002	2,815294803499619E-001	2,000000000000000E+000
4,5928650E-002	2,887658713109516E-001	2,000000000000000E+000
4,6947207E-002	2,958040483019970E-001	2,000000000000000E+000
4,7923088E-002	3,021073572130666E-001	2,000000000000000E+000
4,8931662E-002	3,085087214562081E-001	2,000000000000000E+000
4,9935568E-002	3,144511038575462E-001	2,000000000000000E+000
5,0927375E-002	3,194327709023597E-001	2,000000000000000E+000
5,1956538E-002	3,225657255906178E-001	2,000000000000000E+000
5,2977215E-002	3,227755503246081E-001	2,000000000000000E+000
5,3957976E-002	3,210266436691631E-001	2,000000000000000E+000
5,4957639E-002	3,257821519272752E-001	2,000000000000000E+000
5,5908687E-002	3,345195052593397E-001	2,000000000000000E+000
5,6796469E-002	3,430008064886501E-001	2,000000000000000E+000
5,7793796E-002	3,507296827932205E-001	2,000000000000000E+000
5,8909573E-002	3,580571434426094E-001	2,000000000000000E+000
5,9902016E-002	3,647156827565681E-001	2,000000000000000E+000
6,1013762E-002	3,709985835615672E-001	2,000000000000000E+000
6,1910890E-002	3,770226683743587E-001	2,000000000000000E+000
6,2961288E-002	3,800025446409414E-001	2,000000000000000E+000
6,3797705E-002	3,799723786888292E-001	2,000000000000000E+000
6,4921327E-002	3,754941728655936E-001	2,000000000000000E+000
6,5927364E-002	3,773115466314332E-001	2,000000000000000E+000
6,6909395E-002	3,865759501026753E-001	2,000000000000000E+000
6,7869358E-002	3,961300207646912E-001	2,000000000000000E+000
6,8870716E-002	4,053228087033389E-001	2,000000000000000E+000
6,9756173E-002	4,129672471295898E-001	2,000000000000000E+000
7,0792578E-002	4,227794588164056E-001	2,000000000000000E+000
7,1741872E-002	4,284733851198803E-001	2,000000000000000E+000
7,2880574E-002	4,349112400302193E-001	2,000000000000000E+000
7,3896796E-002	4,384581227269431E-001	2,000000000000000E+000
7,4811965E-002	4,384839848649732E-001	2,000000000000000E+000
7,5884864E-002	4,318768553159895E-001	2,000000000000000E+000
7,6958612E-002	4,300176062517700E-001	2,000000000000000E+000
7,8083083E-002	4,388892858254696E-001	2,000000000000000E+000
7,8849234E-002	4,499689658620836E-001	2,000000000000000E+000
7,9779267E-002	4,601901666157779E-001	2,000000000000000E+000
8,0839001E-002	4,691736537411249E-001	2,000000000000000E+000
8,1851833E-002	4,773840413739308E-001	2,000000000000000E+000
8,2829192E-002	4,851452800686706E-001	2,000000000000000E+000
8,3883844E-002	4,924541101963459E-001	2,000000000000000E+000
8,4739134E-002	4,968053390858340E-001	2,000000000000000E+000
8,5792296E-002	4,975672070350908E-001	2,000000000000000E+000
8,6900003E-002	4,901837939051550E-001	2,000000000000000E+000
8,7900519E-002	4,829335471408243E-001	2,000000000000000E+000
8,8947937E-002	4,898589616986331E-001	2,000000000000000E+000
8,9922339E-002	5,023581994766451E-001	2,000000000000000E+000
9,0911165E-002	5,142307469828236E-001	2,000000000000000E+000
9,1839075E-002	5,248919646773063E-001	2,000000000000000E+000
9,2803285E-002	5,339592199910550E-001	2,000000000000000E+000
9,3935408E-002	5,428772703227089E-001	2,000000000000000E+000
9,4873935E-002	5,503195040617843E-001	2,000000000000000E+000
9,5767871E-002	5,561857619495285E-001	2,000000000000000E+000
9,6833549E-002	5,568093450533009E-001	2,000000000000000E+000
9,7833008E-002	5,506281145606877E-001	2,000000000000000E+000
9,8910347E-002	5,372187612509327E-001	2,000000000000000E+000
9,9882632E-002	5,398061114742809E-001	2,000000000000000E+000
1,0088716E-001	5,535115708631491E-001	2,000000000000000E+000
1,0178493E-001	5,675126754989215E-001	2,000000000000000E+000
1,0289486E-001	5,818432605376960E-001	2,000000000000000E+000
1,0390330E-001	5,913912592524722E-001	2,000000000000000E+000
1,0486285E-001	6,013980994897858E-001	2,000000000000000E+000
1,0589965E-001	6,098779557203802E-001	2,000000000000000E+000
1,0679574E-001	6,169560125304585E-001	2,000000000000000E+000
1,0792083E-001	6,183276802163429E-001	2,000000000000000E+000
1,0889226E-001	6,126707780554355E-001	2,000000000000000E+000
1,0991081E-001	5,953174323119503E-001	2,000000000000000E+000
1,1083852E-001	5,915248263627308E-001	2,000000000000000E+000
1,1180484E-001	6,055214979030470E-001	2,000000000000000E+000
1,1289961E-001	6,214165624782995E-001	2,000000000000000E+000
1,1378613E-001	6,362065742551186E-001	2,000000000000000E+000
1,1473548E-001	6,481534784176817E-001	2,000000000000000E+000
1,1585083E-001	6,594210120124950E-001	2,000000000000000E+000
1,1675262E-001	6,689621357040281E-001	2,000000000000000E+000
1,1784187E-001	6,770084345092364E-001	2,000000000000000E+000
1,1894298E-001	6,796759808504991E-001	2,000000000000000E+000
1,1991569E-001	6,749609764665387E-001	2,000000000000000E+000
1,2082938E-001	6,557330625752620E-001	2,000000000000000E+000
1,2187998E-001	6,433724235329383E-001	2,000000000000000E+000
1,2276947E-001	6,556555214165556E-001	2,000000000000000E+000
1,2380989E-001	6,739219586468419E-001	2,000000000000000E+000
1,2484820E-001	6,912522175245774E-001	2,000000000000000E+000
1,2589711E-001	7,055860530860993E-001	2,000000000000000E+000
1,2684199E-001	7,176009449004006E-001	2,000000000000000E+000
1,2788537E-001	7,290796888647222E-001	2,000000000000000E+000
1,2891541E-001	7,389805036148545E-001	2,000000000000000E+000
1,2981649E-001	7,461556438356638E-001	2,000000000000000E+000
1,3089135E-001	7,409749273565751E-001	2,000000000000000E+000
1,3186829E-001	7,221999948526054E-001	2,000000000000000E+000
1,3290681E-001	6,996160889803260E-001	2,000000000000000E+000
1,3379182E-001	7,072040322754107E-001	2,000000000000000E+000
1,3487607E-001	7,282771157721655E-001	2,000000000000000E+000
1,3583522E-001	7,478738228480069E-001	2,000000000000000E+000
1,3691342E-001	7,652880990256854E-001	2,000000000000000E+000
1,3788867E-001	7,787580078260739E-001	2,000000000000000E+000
1,3884480E-001	7,921097001267832E-001	2,000000000000000E+000
1,3986143E-001	8,028739014709441E-001	2,000000000000000E+000
1,4076833E-001	8,100868689793117E-001	2,000000000000000E+000
1,4187308E-001	8,067054795446200E-001	2,000000000000000E+000
1,4292113E-001	7,909529386433221E-001	2,000000000000000E+000
1,4386454E-001	7,581171756955190E-001	2,000000000000000E+000
1,4495611E-001	7,572352692346911E-001	2,000000000000000E+000
1,4581057E-001	7,791288306039750E-001	2,000000000000000E+000
1,4679410E-001	8,031845105191060E-001	2,000000000000000E+000
1,4792475E-001	8,239916812766488E-001	2,000000000000000E+000
1,4888768E-001	8,396425581088778E-001	2,000000000000000E+000
1,4984871E-001	8,545711929047570E-001	2,000000000000000E+000
1,5082884E-001	8,672592506088588E-001	2,000000000000000E+000
1,5167457E-001	8,763407093507318E-001	2,000000000000000E+000
1,5290309E-001	8,748603762575868E-001	2,000000000000000E+000
1,5379661E-001	8,601369925395206E-001	2,000000000000000E+000
1,5476358E-001	8,220215285265873E-001	2,000000000000000E+000
1,5585347E-001	8,073433229216782E-001	2,000000000000000E+000
1,5671705E-001	8,300997554152123E-001	2,000000000000000E+000
1,5776172E-001	8,568906560540199E-001	2,000000000000000E+000
1,5879999E-001	8,818462575199435E-001	2,000000000000000E+000
1,5994784E-001	9,033529221735637E-001	2,000000000000000E+000
1,6084491E-001	9,186652233755157E-001	2,000000000000000E+000
1,6186753E-001	9,328865073621291E-001	2,000000000000000E+000
1,6284892E-001	9,444256121361718E-001	2,000000000000000E+000
1,6376770E-001	9,453643238930809E-001	2,000000000000000E+000
1,6483594E-001	9,326014369726163E-001	2,000000000000000E+000
1,6582128E-001	8,931614574935018E-001	2,000000000000000E+000
1,6676261E-001	8,622912426513629E-001	2,000000000000000E+000
1,6785221E-001	8,806332127639518E-001	2,000000000000000E+000
1,6885236E-001	9,123179564873389E-001	2,000000000000000E+000
1,6977325E-001	9,410333869357981E-001	2,000000000000000E+000
1,7074661E-001	9,641970387763448E-001	2,000000000000000E+000
1,7181993E-001	9,824286582017390E-001	2,000000000000000E+000
1,7278180E-001	9,997212557053103E-001	2,000000000000000E+000
1,7383091E-001	1,013313571612038E+000	2,000000000000000E+000
1,7490062E-001	1,019097362955414E+000	2,000000000000000E+000
1,7575657E-001	1,007779689574683E+000	2,000000000000000E+000
1,7672525E-001	9,710829527013818E-001	2,000000000000000E+000
1,7787158E-001	9,233083177219990E-001	2,000000000000000E+000
1,7878103E-001	9,312122352421293E-001	2,000000000000000E+000
1,7975649E-001	9,672038791080340E-001	2,000000000000000E+000
1,8085805E-001	1,000497948654271E+000	2,000000000000000E+000
1,8181035E-001	1,028849027361035E+000	2,000000000000000E+000
1,8277353E-001	1,051446669769506E+000	2,000000000000000E+000
1,8381581E-001	1,070308964147614E+000	2,000000000000000E+000
1,8474774E-001	1,085368504126868E+000	2,000000000000000E+000
1,8580152E-001	1,094733385438170E+000	2,000000000000000E+000
1,8683198E-001	1,084980766254443E+000	2,000000000000000E+000
1,8786985E-001	1,053603317588573E+000	2,000000000000000E+000
1,8882607E-001	9,891878211875422E-001	2,000000000000000E+000
1,8976209E-001	9,798307743061478E-001	2,000000000000000E+000
1,9074772E-001	1,017292943679621E+000	2,000000000000000E+000
1,9180740E-001	1,057832681746394E+000	2,000000000000000E+000
1,9309762E-001	1,095783621100360E+000	2,000000000000000E+000
1,9453955E-001	1,117214186599957E+000	2,000000000000000E+000
1,9553345E-001	1,137455580963032E+000	2,000000000000000E+000
1,9649066E-001	1,153684125040416E+000	2,000000000000000E+000
1,9751048E-001	1,156964448039183E+000	2,000000000000000E+000
1,9843860E-001	1,137693747464153E+000	2,000000000000000E+000
1,9949156E-001	1,082810320512021E+000	2,000000000000000E+000
2,0011260E-001	1,029138784855606E+000	2,000000000000000E+000
2,0056768E-001	1,018727033369004E+000	2,000000000000000E+000
1,9991207E-001	1,011129956554480E+000	2,000000000000000E+000
1,9892144E-001	1,033345119443974E+000	2,000000000000000E+000
1,9795351E-001	1,061145686992900E+000	2,000000000000000E+000
1,9692037E-001	1,083702938148271E+000	2,000000000000000E+000
1,9590393E-001	1,094903200726815E+000	2,000000000000000E+000
1,9490558E-001	1,101963404979971E+000	2,000000000000000E+000
1,9388835E-001	1,105672013014558E+000	2,000000000000000E+000
1,9293033E-001	1,103858127086252E+000	2,000000000000000E+000
1,9185512E-001	1,084582766449007E+000	2,000000000000000E+000
1,9096212E-001	1,046630501747130E+000	2,000000000000000E+000
1,8991126E-001	9,715452576401020E-001	2,000000000000000E+000
1,8896024E-001	9,231571288848368E-001	2,000000000000000E+000
1,8789497E-001	9,398778788745421E-001	2,000000000000000E+000
1,8688768E-001	9,692634102646949E-001	2,000000000000000E+000
1,8595509E-001	9,912310983571757E-001	2,000000000000000E+000
1,8491830E-001	1,005733030261817E+000	2,000000000000000E+000
1,8389975E-001	1,014039490371948E+000	2,000000000000000E+000
1,8294528E-001	1,019829174848613E+000	2,000000000000000E+000
1,8193097E-001	1,020991948743664E+000	2,000000000000000E+000
1,8096295E-001	1,010624281924078E+000	2,000000000000000E+000
1,7997326E-001	9,838510479916067E-001	2,000000000000000E+000
1,7896743E-001	9,252186022974840E-001	2,000000000000000E+000
1,7792957E-001	8,673140020282197E-001	2,000000000000000E+000
1,7694291E-001	8,688281166056778E-001	2,000000000000000E+000
1,7590910E-001	8,935577619317030E-001	2,000000000000000E+000
1,7494263E-001	9,142372460552917E-001	2,000000000000000E+000
1,7391774E-001	9,294424262587633E-001	2,000000000000000E+000
1,7288330E-001	9,370910100362924E-001	2,000000000000000E+000
1,7193292E-001	9,429946239623774E-001	2,000000000000000E+000
1,7097276E-001	9,440762264033156E-001	2,000000000000000E+000
1,6992770E-001	9,395258396312021E-001	2,000000000000000E+000
1,6895948E-001	9,174257171926641E-001	2,000000000000000E+000
1,6795450E-001	8,768208995461464E-001	2,000000000000000E+000
1,6696948E-001	8,160373899671782E-001	2,000000000000000E+000
1,6592929E-001	8,032564177281341E-001	2,000000000000000E+000
1,6490607E-001	8,233569009160533E-001	2,000000000000000E+000
1,6395013E-001	8,422943059768944E-001	2,000000000000000E+000
1,6293921E-001	8,572806321360495E-001	2,000000000000000E+000
1,6185336E-001	8,636461867502447E-001	2,000000000000000E+000
1,6093524E-001	8,697730865743429E-001	2,000000000000000E+000
1,5992622E-001	8,713049782371076E-001	2,000000000000000E+000
1,5892337E-001	8,685289378519379E-001	2,000000000000000E+000
1,5794602E-001	8,526178040990087E-001	2,000000000000000E+000
1,5690815E-001	8,223882502427813E-001	2,000000000000000E+000
1,5588407E-001	7,679874532062669E-001	2,000000000000000E+000
1,5492092E-001	7,427697131341287E-001	2,000000000000000E+000
1,5389684E-001	7,561496614168108E-001	2,000000000000000E+000
1,5290484E-001	7,721269305933411E-001	2,000000000000000E+000
1,5195464E-001	7,852558474297917E-001	2,000000000000000E+000
1,5089808E-001	7,930478278409545E-001	2,000000000000000E+000
1,4991711E-001	7,980568115082072E-001	2,000000000000000E+000
1,4888325E-001	7,989646626843321E-001	2,000000000000000E+000
1,4794241E-001	7,982599318579400E-001	2,000000000000000E+000
1,4685550E-001	7,874792631439593E-001	2,000000000000000E+000
1,4592059E-001	7,651177233567967E-001	2,000000000000000E+000
1,4493302E-001	7,216183221036676E-001	2,000000000000000E+000
1,4394891E-001	6,858295731384443E-001	2,000000000000000E+000
1,4291485E-001	6,916166559827542E-001	2,000000000000000E+000
1,4191902E-001	7,048359340815615E-001	2,000000000000000E+000
1,4092506E-001	7,169922254979664E-001	2,000000000000000E+000
1,3998476E-001	7,240358458475580E-001	2,000000000000000E+000
1,3895665E-001	7,275713853262094E-001	2,000000000000000E+000
1,3794725E-001	7,300357546105420E-001	2,000000000000000E+000
1,3690898E-001	7,292140401485874E-001	2,000000000000000E+000
1,3595012E-001	7,230469916981690E-001	2,000000000000000E+000
1,3499254E-001	7,050687395450161E-001	2,000000000000000E+000
1,3396759E-001	6,728381940887989E-001	2,000000000000000E+000
1,3296753E-001	6,360804375123088E-001	2,000000000000000E+000
1,3192606E-001	6,315947243322939E-001	2,000000000000000E+000
1,3090751E-001	6,432974325423978E-001	2,000000000000000E+000
1,2994753E-001	6,526899209452992E-001	2,000000000000000E+000
1,2895107E-001	6,590204733527356E-001	2,000000000000000E+000
1,2791277E-001	6,615958847795360E-001	2,000000000000000E+000
1,2693349E-001	6,635381712543769E-001	2,000000000000000E+000
1,2589584E-001	6,629591546952733E-001	2,000000000000000E+000
1,2491657E-001	6,581978664078072E-001	2,000000000000000E+000
1,2391095E-001	6,447284303053680E-001	2,000000000000000E+000
1,2294144E-001	6,218596237401188E-001	2,000000000000000E+000
1,2193074E-001	5,849634441374623E-001	2,000000000000000E+000
1,2093171E-001	5,723942547208756E-001	2,000000000000000E+000
1,1991742E-001	5,795972858452130E-001	2,000000000000000E+000
1,1894195E-001	5,876767012394124E-001	2,000000000000000E+000
1,1795481E-001	5,937970707675913E-001	2,000000000000000E+000
1,1693201E-001	5,957714889750447E-001	2,000000000000000E+000
1,1594339E-001	5,974556751963171E-001	2,000000000000000E+000
1,1489916E-001	5,965715208677231E-001	2,000000000000000E+000
1,1389886E-001	5,935302398822930E-001	2,000000000000000E+000
1,1293231E-001	5,842846829306207E-001	2,000000000000000E+000
1,1189187E-001	5,653760931971972E-001	2,000000000000000E+000
1,1088102E-001	5,336120252807941E-001	2,000000000000000E+000
1,0987350E-001	5,151452598058537E-001	2,000000000000000E+000
1,0894624E-001	5,177987641482424E-001	2,000000000000000E+000
1,0793214E-001	5,241309536138088E-001	2,000000000000000E+000
1,0694140E-001	5,300025316300234E-001	2,000000000000000E+000
1,0594217E-001	5,318555358659367E-001	2,000000000000000E+000
1,0496819E-001	5,321146985171046E-001	2,000000000000000E+000
1,0396875E-001	5,311750062499874E-001	2,000000000000000E+000
1,0293959E-001	5,290052275414836E-001	2,000000000000000E+000
1,0195393E-001	5,221155834970630E-001	2,000000000000000E+000
1,0093410E-001	5,076411283678484E-001	2,000000000000000E+000
9,9970102E-002	4,822107341002546E-001	2,000000000000000E+000
9,8907813E-002	4,595728427585639E-001	2,000000000000000E+000
9,7941920E-002	4,590502308198712E-001	2,000000000000000E+000
9,6511021E-002	4,324775084298942E-001	2,000000000000000E+000
9,5211446E-002	4,552160920230328E-001	2,000000000000000E+000
9,4198868E-002	4,556492649156754E-001	2,000000000000000E+000
9,3318760E-002	4,552072417680861E-001	2,000000000000000E+000
9,2224240E-002	4,534115890661878E-001	2,000000000000000E+000
9,1186397E-002	4,502283666558833E-001	2,000000000000000E+000
9,0203106E-002	4,417663818156279E-001	2,000000000000000E+000
8,9147210E-002	4,271213251545429E-001	2,000000000000000E+000
8,8229366E-002	4,029986871475435E-001	2,000000000000000E+000
8,7240100E-002	3,892538778276906E-001	2,000000000000000E+000
8,6169109E-002	3,899194313282223E-001	2,000000000000000E+000
8,5079655E-002	3,925593894113000E-001	2,000000000000000E+000
8,4229648E-002	3,943822216242516E-001	2,000000000000000E+000
8,3209187E-002	3,942237643318034E-001	2,000000000000000E+000
8,2270034E-002	3,931835464857247E-001	2,000000000000000E+000
8,1167422E-002	3,913399001790430E-001	2,000000000000000E+000
8,0215514E-002	3,880301688763275E-001	2,000000000000000E+000
7,9218403E-002	3,814546970512582E-001	2,000000000000000E+000
7,8314684E-002	3,702912119872588E-001	2,000000000000000E+000
7,7293597E-002	3,503475618652185E-001	2,000000000000000E+000
7,6134935E-002	3,336545265176234E-001	2,000000000000000E+000
7,5202994E-002	3,308286392992292E-001	2,000000000000000E+000
7,4224144E-002	3,322740490720784E-001	2,000000000000000E+000
7,3211320E-002	3,334178546167657E-001	2,000000000000000E+000
7,2243497E-002	3,327440609465597E-001	2,000000000000000E+000
7,1206480E-002	3,312842903520781E-001	2,000000000000000E+000
7,0161387E-002	3,291711290194481E-001	2,000000000000000E+000
6,9185086E-002	3,259189758035865E-001	2,000000000000000E+000
6,8196245E-002	3,205559782821825E-001	2,000000000000000E+000
6,7201041E-002	3,110096053806721E-001	2,000000000000000E+000
6,6195011E-002	2,961483641562093E-001	2,000000000000000E+000
6,5271772E-002	2,787580517362127E-001	2,000000000000000E+000
6,4311817E-002	2,724838318234246E-001	2,000000000000000E+000
6,3197315E-002	2,726903615036491E-001	2,000000000000000E+000
6,2271740E-002	2,725548185753053E-001	2,000000000000000E+000
6,1275899E-002	2,718391364992221E-001	2,000000000000000E+000
6,0258407E-002	2,698267041878020E-001	2,000000000000000E+000
5,9358306E-002	2,673773723826907E-001	2,000000000000000E+000
5,8308337E-002	2,638241019858809E-001	2,000000000000000E+000
5,7336275E-002	2,594641401880868E-001	2,000000000000000E+000
5,6224536E-002	2,514951159763661E-001	2,000000000000000E+000
5,5195913E-002	2,379988814807597E-001	2,000000000000000E+000
5,4220363E-002	2,230313091918277E-001	2,000000000000000E+000
5,3247452E-002	2,147257695733389E-001	2,000000000000000E+000
5,2356906E-002	2,131604982402036E-001	2,000000000000000E+000
5,1316068E-002	2,122923215092341E-001	2,000000000000000E+000
5,0262064E-002	2,108857424722776E-001	2,000000000000000E+000
4,9146067E-002	2,084322553128005E-001	2,000000000000000E+000
4,8276756E-002	2,053813690112696E-001	2,000000000000000E+000
4,7174990E-002	2,018033031167272E-001	2,000000000000000E+000
4,6194009E-002	1,976554049351442E-001	2,000000000000000E+000
4,5255907E-002	1,912701367917991E-001	2,000000000000000E+000
4,4257738E-002	1,819956075848537E-001	2,000000000000000E+000
4,3263383E-002	1,687592517205125E-001	2,000000000000000E+000
4,2106211E-002	1,589779704981656E-001	2,000000000000000E+000
4,1294001E-002	1,553100530506561E-001	2,000000000000000E+000
4,0366091E-002	1,535121326645219E-001	2,000000000000000E+000
3,9179195E-002	1,512812398960470E-001	2,000000000000000E+000
3,8252562E-002	1,483673922959026E-001	2,000000000000000E+000
3,7286233E-002	1,449476374416716E-001	2,000000000000000E+000
3,6273409E-002	1,413482276688292E-001	2,000000000000000E+000
3,5311751E-002	1,369709177632576E-001	2,000000000000000E+000
3,4284491E-002	1,311172263662306E-001	2,000000000000000E+000
3,3271883E-002	1,236193957911045E-001	2,000000000000000E+000
3,2239322E-002	1,130364192304785E-001	2,000000000000000E+000
3,1337310E-002	1,025904217493476E-001	2,000000000000000E+000
3,0235332E-002	9,779278394179758E-002	2,000000000000000E+000
2,9238433E-002	9,454142127220566E-002	2,000000000000000E+000
2,8222214E-002	9,193368570844607E-002	2,000000000000000E+000
2,7298339E-002	8,835084989011577E-002	2,000000000000000E+000
2,6230751E-002	8,451755099964320E-002	2,000000000000000E+000
2,5237147E-002	7,897975063813778E-002	2,000000000000000E+000
2,4378145E-002	7,525185245537669E-002	2,000000000000000E+000
2,3218857E-002	7,013515320916969E-002	2,000000000000000E+000
2,2290101E-002	6,376103131548949E-002	2,000000000000000E+000
2,1295747E-002	5,526702674278217E-002	2,000000000000000E+000
2,0273587E-002	4,578248474367508E-002	2,000000000000000E+000
1,9306831E-002	3,961973245842039E-002	2,000000000000000E+000
1,7970080E-002	3,960421733402958E-002	2,000000000000000E+000
1,6871169E-002	2,922071487625583E-002	2,000000000000000E+000
1,5632695E-002	2,588155204473352E-002	2,000000000000000E+000
1,4521587E-002	2,188791244083810E-002	2,000000000000000E+000
1,3686446E-002	1,722913774385769E-002	2,000000000000000E+000
1,2748772E-002	1,273488383136545E-002	2,000000000000000E+000
1,1775224E-002	7,312865278907774E-003	2,000000000000000E+000
1,0539508E-002	1,109137533923646E-003	2,000000000000000E+000
9,6780425E-003	-6,392809877676597E-003	2,000000000000000E+000
8,6724395E-003	-1,406540678969276E-002	2,000000000000000E+000
7,7114152E-003	-1,946246609333212E-002	2,000000000000000E+000
6,7722560E-003	-2,366885075483605E-002	2,000000000000000E+000
5,7399045E-003	-2,797417232715005E-002	2,000000000000000E+000
4,8173028E-003	-3,217237343563240E-002	2,000000000000000E+000
3,7250889E-003	-3,706711613900832E-002	2,000000000000000E+000
2,7498421E-003	-4,152317632300151E-002	2,000000000000000E+000
1,7990069E-003	-4,637704981939406E-002	2,000000000000000E+000
7,9934747E-004	-5,168115686521763E-002	2,000000000000000E+000
-2,6251041E-004	-5,707638834913575E-002	2,000000000000000E+000
-1,2218369E-003	-6,306536704370802E-002	2,000000000000000E+000
-2,2529147E-003	-6,921426947573564E-002	2,000000000000000E+000
-3,2602164E-003	-7,493163485735377E-002	2,000000000000000E+000
-4,2207791E-003	-8,016734492654581E-002	2,000000000000000E+000
-5,4106461E-003	-8,674111304356313E-002	2,000000000000000E+000
-6,2113991E-003	-9,088750686324021E-002	2,000000000000000E+000
-7,2564865E-003	-9,587021371246207E-002	2,000000000000000E+000
-8,3128260E-003	-1,005469966093422E-001	2,000000000000000E+000
-9,2258751E-003	-1,055343460153649E-001	2,000000000000000E+000
-1,0505140E-002	-1,177761817144023E-001	2,000000000000000E+000
-1,1819047E-002	-1,193616195685330E-001	2,000000000000000E+000
-1,2943103E-002	-1,237330510005077E-001	2,000000000000000E+000
-1,3985219E-002	-1,286064208209239E-001	2,000000000000000E+000
-1,4924168E-002	-1,344333850364712E-001	2,000000000000000E+000
-1,5914487E-002	-1,402011784310970E-001	2,000000000000000E+000
-1,6854707E-002	-1,457851683307021E-001	2,000000000000000E+000
-1,7921872E-002	-1,510028433641080E-001	2,000000000000000E+000
-1,8882047E-002	-1,565565428248150E-001	2,000000000000000E+000
-1,9916734E-002	-1,617426005950957E-001	2,000000000000000E+000
-2,0944415E-002	-1,670754829559611E-001	2,000000000000000E+000
-2,1874234E-002	-1,721438351259736E-001	2,000000000000000E+000
-2,2946067E-002	-1,766861562824091E-001	2,000000000000000E+000
-2,3998799E-002	-1,802685566039552E-001	2,000000000000000E+000
-2,4915881E-002	-1,830123605689522E-001	2,000000000000000E+000
-2,5819164E-002	-1,889727031639610E-001	2,000000000000000E+000
-2,6931334E-002	-1,952106649814933E-001	2,000000000000000E+000
-2,7943943E-002	-2,015825147499095E-001	2,000000000000000E+000
-2,8831519E-002	-2,074919070151673E-001	2,000000000000000E+000
-2,9910149E-002	-2,132247002381416E-001	2,000000000000000E+000
-3,0854404E-002	-2,192873587072999E-001	2,000000000000000E+000
-3,1971455E-002	-2,245563155178119E-001	2,000000000000000E+000
-3,2914650E-002	-2,296515868769750E-001	2,000000000000000E+000
-3,3856358E-002	-2,339847614229837E-001	2,000000000000000E+000
-3,4896560E-002	-2,368432987067433E-001	2,000000000000000E+000
-3,5824046E-002	-2,376532918532148E-001	2,000000000000000E+000
-3,6928359E-002	-2,421723394137287E-001	2,000000000000000E+000
-3,7960794E-002	-2,516430616378784E-001	2,000000000000000E+000
-3,8823627E-002	-2,574270022343148E-001	2,000000000000000E+000
-3,9957453E-002	-2,641481198370461E-001	2,000000000000000E+000
-4,0917199E-002	-2,701572842413094E-001	2,000000000000000E+000
-4,1909851E-002	-2,764896077828283E-001	2,000000000000000E+000
-4,2961732E-002	-2,822735239924095E-001	2,000000000000000E+000
-4,3936983E-002	-2,880044912022584E-001	2,000000000000000E+000
-4,4897579E-002	-2,922768037835195E-001	2,000000000000000E+000
-4,5848630E-002	-2,947454776752882E-001	2,000000000000000E+000
-4,6846807E-002	-2,937525410412087E-001	2,000000000000000E+000
-4,7935199E-002	-2,956832438293446E-001	2,000000000000000E+000
-4,8869688E-002	-3,031920827235339E-001	2,000000000000000E+000
-4,9893972E-002	-3,112517621851068E-001	2,000000000000000E+000
-5,0882589E-002	-3,188437209982006E-001	2,000000000000000E+000
-5,1841710E-002	-3,259229604499749E-001	2,000000000000000E+000
-5,2791480E-002	-3,324456716094311E-001	2,000000000000000E+000
-5,3863533E-002	-3,390932060709164E-001	2,000000000000000E+000
-5,4823924E-002	-3,448423419699624E-001	2,000000000000000E+000
-5,5897877E-002	-3,494876895306833E-001	2,000000000000000E+000
-5,6837674E-002	-3,518051182575241E-001	2,000000000000000E+000
-5,7810795E-002	-3,500151173729034E-001	2,000000000000000E+000
-5,8897495E-002	-3,482875651507484E-001	2,000000000000000E+000
-5,9855331E-002	-3,553347471342612E-001	2,000000000000000E+000
-6,0801711E-002	-3,643058923038609E-001	2,000000000000000E+000
-6,1912596E-002	-3,731319831201323E-001	2,000000000000000E+000
-6,2922664E-002	-3,811691868705331E-001	2,000000000000000E+000
-6,3746981E-002	-3,885110152747364E-001	2,000000000000000E+000
-6,4717554E-002	-3,953337205091021E-001	2,000000000000000E+000
-6,5928228E-002	-4,021494874247811E-001	2,000000000000000E+000
-6,6890903E-002	-4,086780910276717E-001	2,000000000000000E+000
-6,7885265E-002	-4,102845000172088E-001	2,000000000000000E+000
-6,8904899E-002	-4,083144230147209E-001	2,000000000000000E+000
-6,9825187E-002	-4,026181573151391E-001	2,000000000000000E+000
-7,0882939E-002	-4,074610289600171E-001	2,000000000000000E+000
-7,1941189E-002	-4,175835653311699E-001	2,000000000000000E+000
-7,2822608E-002	-4,277987491201475E-001	2,000000000000000E+000
-7,4000798E-002	-4,369396747400369E-001	2,000000000000000E+000
-7,4748904E-002	-4,448712781347616E-001	2,000000000000000E+000
-7,5820953E-002	-4,527594820354830E-001	2,000000000000000E+000
-7,7006780E-002	-4,597307817527545E-001	2,000000000000000E+000
-7,8002833E-002	-4,654427047267031E-001	2,000000000000000E+000
-7,8884885E-002	-4,680957198143005E-001	2,000000000000000E+000
-7,9789229E-002	-4,662610782241412E-001	2,000000000000000E+000
-8,0882505E-002	-4,572097471466776E-001	2,000000000000000E+000
-8,1884287E-002	-4,587872033869774E-001	2,000000000000000E+000
-8,2866110E-002	-4,692492745126837E-001	2,000000000000000E+000
-8,3834358E-002	-4,807710778658025E-001	2,000000000000000E+000
-8,4904708E-002	-4,914344074549479E-001	2,000000000000000E+000
-8,5923478E-002	-5,003284672620101E-001	2,000000000000000E+000
-8,6909987E-002	-5,089876034331537E-001	2,000000000000000E+000
-8,7952308E-002	-5,166846486843286E-001	2,000000000000000E+000
-8,8846043E-002	-5,238732164380706E-001	2,000000000000000E+000
-8,9931875E-002	-5,273098858004373E-001	2,000000000000000E+000
-9,0966992E-002	-5,259929351784574E-001	2,000000000000000E+000
-9,1822937E-002	-5,149212631362445E-001	2,000000000000000E+000
-9,2815168E-002	-5,108474356432762E-001	2,000000000000000E+000
-9,3872346E-002	-5,207497892142428E-001	2,000000000000000E+000
-9,4872870E-002	-5,341190492251400E-001	2,000000000000000E+000
-9,5836230E-002	-5,462860481606591E-001	2,000000000000000E+000
-9,6945211E-002	-5,569697025197509E-001	2,000000000000000E+000
-9,7802848E-002	-5,688958187346089E-001	2,000000000000000E+000
-9,8993316E-002	-5,763187509857950E-001	2,000000000000000E+000
-9,9776663E-002	-5,839532051511367E-001	2,000000000000000E+000
-1,0076316E-001	-5,883627608418474E-001	2,000000000000000E+000
-1,0191991E-001	-5,872628586711732E-001	2,000000000000000E+000
-1,0292424E-001	-5,765454238625582E-001	2,000000000000000E+000
-1,0388089E-001	-5,641527909469373E-001	2,000000000000000E+000
-1,0480700E-001	-5,719975793251268E-001	2,000000000000000E+000
-1,0584061E-001	-5,867875411554628E-001	2,000000000000000E+000
-1,0674728E-001	-6,017622764187802E-001	2,000000000000000E+000
-1,0781296E-001	-6,143039628449429E-001	2,000000000000000E+000
-1,0891983E-001	-6,248456798493849E-001	2,000000000000000E+000
-1,0985284E-001	-6,345964209349093E-001	2,000000000000000E+000
-1,1084507E-001	-6,437096485385183E-001	2,000000000000000E+000
-1,1183114E-001	-6,493473061256947E-001	2,000000000000000E+000
-1,1289364E-001	-6,483976853390560E-001	2,000000000000000E+000
-1,1384554E-001	-6,387037039492962E-001	2,000000000000000E+000
-1,1489508E-001	-6,195615445850082E-001	2,000000000000000E+000
-1,1599239E-001	-6,221640691575072E-001	2,000000000000000E+000
-1,1684238E-001	-6,384984436962355E-001	2,000000000000000E+000
-1,1776414E-001	-6,553515157213932E-001	2,000000000000000E+000
-1,1889478E-001	-6,707307040967292E-001	2,000000000000000E+000
-1,1980444E-001	-6,826375856719613E-001	2,000000000000000E+000
-1,2075781E-001	-6,943982269063005E-001	2,000000000000000E+000
-1,2187019E-001	-7,038412907471301E-001	2,000000000000000E+000
-1,2284119E-001	-7,113529223672792E-001	2,000000000000000E+000
-1,2391537E-001	-7,114983565967368E-001	2,000000000000000E+000
-1,2479212E-001	-7,026785346506941E-001	2,000000000000000E+000
-1,2588730E-001	-6,785460673962476E-001	2,000000000000000E+000
-1,2681501E-001	-6,738172706768473E-001	2,000000000000000E+000
-1,2790489E-001	-6,901168306530634E-001	2,000000000000000E+000
-1,2877887E-001	-7,097596314356256E-001	2,000000000000000E+000
-1,2984858E-001	-7,301826167299801E-001	2,000000000000000E+000
-1,3073103E-001	-7,426085278253858E-001	2,000000000000000E+000
-1,3190264E-001	-7,552144213545091E-001	2,000000000000000E+000
-1,3287598E-001	-7,666319898433152E-001	2,000000000000000E+000
-1,3369986E-001	-7,760275585093988E-001	2,000000000000000E+000
-1,3482861E-001	-7,782928140627057E-001	2,000000000000000E+000
-1,3588643E-001	-7,709684729300186E-001	2,000000000000000E+000
-1,3680075E-001	-7,445843312199489E-001	2,000000000000000E+000
-1,3790379E-001	-7,288013104073424E-001	2,000000000000000E+000
-1,3875060E-001	-7,427530844730357E-001	2,000000000000000E+000
-1,3981628E-001	-7,653303953508512E-001	2,000000000000000E+000
-1,4088643E-001	-7,859783009108536E-001	2,000000000000000E+000
-1,4180966E-001	-8,032181262969983E-001	2,000000000000000E+000
-1,4272928E-001	-8,170148232192931E-001	2,000000000000000E+000
-1,4378838E-001	-8,303044777777480E-001	2,000000000000000E+000
-1,4481543E-001	-8,410317064435375E-001	2,000000000000000E+000
-1,4578070E-001	-8,454725026256513E-001	2,000000000000000E+000
-1,4677037E-001	-8,387938365340268E-001	2,000000000000000E+000
-1,4774372E-001	-8,143672945874681E-001	2,000000000000000E+000
-1,4890704E-001	-7,839458401970312E-001	2,000000000000000E+000
-1,4973052E-001	-7,924120786289421E-001	2,000000000000000E+000
-1,5089999E-001	-8,175943422096772E-001	2,000000000000000E+000
-1,5175891E-001	-8,430681579090944E-001	2,000000000000000E+000
-1,5285198E-001	-8,634155725163399E-001	2,000000000000000E+000
-1,5385647E-001	-8,811255293311913E-001	2,000000000000000E+000
-1,5477888E-001	-8,953888595656139E-001	2,000000000000000E+000
-1,5571719E-001	-9,084410507369913E-001	2,000000000000000E+000
-1,5688200E-001	-9,154332138046044E-001	2,000000000000000E+000
-1,5782052E-001	-9,096230527868965E-001	2,000000000000000E+000
-1,5880576E-001	-8,877083664690903E-001	2,000000000000000E+000
-1,5984263E-001	-8,457297015257210E-001	2,000000000000000E+000
-1,6077545E-001	-8,433314316250602E-001	2,000000000000000E+000
-1,6181594E-001	-8,709694537575565E-001	2,000000000000000E+000
-1,6277741E-001	-8,998398426230310E-001	2,000000000000000E+000
-1,6385624E-001	-9,254527774949892E-001	2,000000000000000E+000
-1,6494484E-001	-9,438030076799588E-001	2,000000000000000E+000
-1,6578232E-001	-9,614539863886602E-001	2,000000000000000E+000
-1,6679046E-001	-9,750808412554086E-001	2,000000000000000E+000
-1,6771136E-001	-9,849902125144503E-001	2,000000000000000E+000
-1,6878979E-001	-9,813940835495760E-001	2,000000000000000E+000
-1,6986246E-001	-9,617983090380803E-001	2,000000000000000E+000
-1,7080100E-001	-9,132836917760176E-001	2,000000000000000E+000
-1,7184524E-001	-8,960530824131414E-001	2,000000000000000E+000
-1,7273684E-001	-9,217700468445260E-001	2,000000000000000E+000
-1,7373267E-001	-9,550961592683116E-001	2,000000000000000E+000
-1,7480409E-001	-9,854747916537292E-001	2,000000000000000E+000
-1,7581329E-001	-1,007895480151533E+000	2,000000000000000E+000
-1,7680170E-001	-1,027640596859989E+000	2,000000000000000E+000
-1,7775761E-001	-1,044743030987405E+000	2,000000000000000E+000
-1,7880462E-001	-1,058126716702068E+000	2,000000000000000E+000
-1,7977008E-001	-1,058857787814397E+000	2,000000000000000E+000
-1,8081687E-001	-1,041694423528735E+000	2,000000000000000E+000
-1,8187848E-001	-9,905473653633692E-001	2,000000000000000E+000
-1,8281101E-001	-9,539815513072174E-001	2,000000000000000E+000
-1,8380956E-001	-9,740499496735922E-001	2,000000000000000E+000
-1,8479390E-001	-1,012314534849589E+000	2,000000000000000E+000
-1,8579353E-001	-1,047117450722936E+000	2,000000000000000E+000
-1,8684642E-001	-1,075444717788033E+000	2,000000000000000E+000
-1,8815133E-001	-1,099599156236792E+000	2,000000000000000E+000
-1,8948165E-001	-1,115148176059679E+000	2,000000000000000E+000
-1,9050081E-001	-1,125861209161858E+000	2,000000000000000E+000
-1,9150537E-001	-1,117181423775575E+000	2,000000000000000E+000
-1,9251437E-001	-1,088219061217925E+000	2,000000000000000E+000
-1,9345421E-001	-1,019097062681965E+000	2,000000000000000E+000
-1,9452344E-001	-9,998953950901843E-001	2,000000000000000E+000
-1,9551082E-001	-1,035274146607623E+000	2,000000000000000E+000
-1,9647284E-001	-1,078892910232145E+000	2,000000000000000E+000
-1,9752155E-001	-1,118467606880046E+000	2,000000000000000E+000
-1,9855158E-001	-1,144865244489019E+000	2,000000000000000E+000
-1,9918890E-001	-1,162707205033962E+000	2,000000000000000E+000
-1,9940218E-001	-1,165580183267593E+000	2,000000000000000E+000
-1,9933257E-001	-1,170832773049673E+000	2,000000000000000E+000
-1,9890751E-001	-1,170794008782611E+000	2,000000000000000E+000
-1,9792692E-001	-1,167448876356628E+000	2,000000000000000E+000
-1,9689862E-001	-1,153439682390957E+000	2,000000000000000E+000
-1,9586137E-001	-1,118762480164008E+000	2,000000000000000E+000
-1,9488816E-001	-1,058086792214045E+000	2,000000000000000E+000
-1,9394784E-001	-9,767985179744372E-001	2,000000000000000E+000
-1,9292337E-001	-9,682217444534675E-001	2,000000000000000E+000
-1,9191159E-001	-9,959742379961209E-001	2,000000000000000E+000
-1,9090006E-001	-1,023007885587440E+000	2,000000000000000E+000
-1,8985888E-001	-1,044790540324598E+000	2,000000000000000E+000
-1,8888712E-001	-1,053866973077811E+000	2,000000000000000E+000
-1,8790360E-001	-1,063267958798896E+000	2,000000000000000E+000
-1,8689547E-001	-1,064603484477157E+000	2,000000000000000E+000
-1,8584533E-001	-1,060095422521783E+000	2,000000000000000E+000
-1,8492402E-001	-1,038344064244519E+000	2,000000000000000E+000
-1,8391733E-001	-9,947115530570336E-001	2,000000000000000E+000
-1,8287542E-001	-9,206447122549566E-001	2,000000000000000E+000
-1,8185814E-001	-8,957866089487574E-001	2,000000000000000E+000
-1,8089946E-001	-9,163565249354768E-001	2,000000000000000E+000
-1,7996623E-001	-9,419043351102765E-001	2,000000000000000E+000
-1,7892455E-001	-9,621977637763361E-001	2,000000000000000E+000
-1,7786375E-001	-9,732733624124990E-001	2,000000000000000E+000
-1,7686726E-001	-9,804519670153127E-001	2,000000000000000E+000
-1,7585422E-001	-9,832584659258536E-001	2,000000000000000E+000
-1,7486265E-001	-9,835920569797345E-001	2,000000000000000E+000
-1,7386086E-001	-9,692731335483185E-001	2,000000000000000E+000
-1,7288668E-001	-9,373412012226092E-001	2,000000000000000E+000
-1,7184114E-001	-8,757610550081321E-001	2,000000000000000E+000
-1,7086765E-001	-8,372855680408300E-001	2,000000000000000E+000
-1,6986501E-001	-8,472063287540728E-001	2,000000000000000E+000
-1,6889210E-001	-8,688939400017190E-001	2,000000000000000E+000
-1,6788924E-001	-8,872410842545655E-001	2,000000000000000E+000
-1,6689682E-001	-8,980614806490905E-001	2,000000000000000E+000
-1,6589315E-001	-9,035833673896612E-001	2,000000000000000E+000
-1,6489224E-001	-9,079090348548355E-001	2,000000000000000E+000
-1,6385780E-001	-9,089827235374166E-001	2,000000000000000E+000
-1,6289617E-001	-8,982817247785917E-001	2,000000000000000E+000
-1,6187328E-001	-8,747467744957511E-001	2,000000000000000E+000
-1,6088679E-001	-8,283516352099376E-001	2,000000000000000E+000
-1,5989371E-001	-7,804569835878077E-001	2,000000000000000E+000
-1,5891698E-001	-7,802744752692981E-001	2,000000000000000E+000
-1,5791030E-001	-7,980310544371605E-001	2,000000000000000E+000
-1,5691237E-001	-8,151857778429985E-001	2,000000000000000E+000
-1,5593073E-001	-8,256438204811651E-001	2,000000000000000E+000
-1,5487885E-001	-8,316918913688927E-001	2,000000000000000E+000
-1,5389341E-001	-8,349827768074150E-001	2,000000000000000E+000
-1,5287042E-001	-8,363226854966719E-001	2,000000000000000E+000
-1,5189411E-001	-8,301215820290402E-001	2,000000000000000E+000
-1,5094477E-001	-8,118436325479398E-001	2,000000000000000E+000
-1,4988288E-001	-7,781301491928332E-001	2,000000000000000E+000
-1,4892772E-001	-7,279931072973511E-001	2,000000000000000E+000
-1,4789529E-001	-7,164403751354547E-001	2,000000000000000E+000
-1,4688414E-001	-7,305283913457803E-001	2,000000000000000E+000
-1,4584367E-001	-7,440866022633852E-001	2,000000000000000E+000
-1,4486220E-001	-7,562568454002889E-001	2,000000000000000E+000
-1,4385408E-001	-7,602583194772394E-001	2,000000000000000E+000
-1,4289455E-001	-7,632712971557041E-001	2,000000000000000E+000
-1,4191297E-001	-7,645203222831078E-001	2,000000000000000E+000
-1,4091462E-001	-7,611373405627653E-001	2,000000000000000E+000
-1,3989460E-001	-7,475193910024807E-001	2,000000000000000E+000
-1,3894276E-001	-7,223798255263603E-001	2,000000000000000E+000
-1,3792676E-001	-6,791713036320814E-001	2,000000000000000E+000
-1,3686064E-001	-6,588308415203166E-001	2,000000000000000E+000
-1,3588476E-001	-6,665906203151852E-001	2,000000000000000E+000
-1,3488403E-001	-6,786652871718011E-001	2,000000000000000E+000
-1,3383110E-001	-6,880733469432174E-001	2,000000000000000E+000
-1,3290192E-001	-6,918226676406700E-001	2,000000000000000E+000
-1,3186976E-001	-6,945699311240938E-001	2,000000000000000E+000
-1,3092594E-001	-6,960686187225313E-001	2,000000000000000E+000
-1,2991737E-001	-6,937044888596848E-001	2,000000000000000E+000
-1,2888351E-001	-6,856185067445031E-001	2,000000000000000E+000
-1,2794055E-001	-6,671827011914164E-001	2,000000000000000E+000
-1,2689206E-001	-6,312184298617969E-001	2,000000000000000E+000
-1,2584189E-001	-6,044047606626028E-001	2,000000000000000E+000
-1,2488722E-001	-6,051994360707411E-001	2,000000000000000E+000
-1,2386720E-001	-6,136808832762366E-001	2,000000000000000E+000
-1,2289471E-001	-6,225578759417496E-001	2,000000000000000E+000
-1,2188166E-001	-6,276285618681603E-001	2,000000000000000E+000
-1,2086885E-001	-6,286585839396261E-001	2,000000000000000E+000
-1,1983056E-001	-6,302092701058715E-001	2,000000000000000E+000
-1,1893830E-001	-6,269169592609023E-001	2,000000000000000E+000
-1,1787136E-001	-6,216056151660485E-001	2,000000000000000E+000
-1,1687253E-001	-6,072188005265263E-001	2,000000000000000E+000
-1,1589888E-001	-5,813146146635200E-001	2,000000000000000E+000
-1,1490892E-001	-5,497123733576803E-001	2,000000000000000E+000
-1,1392518E-001	-5,433892481442939E-001	2,000000000000000E+000
-1,1288159E-001	-5,500108401670492E-001	2,000000000000000E+000
-1,1184604E-001	-5,574822564505872E-001	2,000000000000000E+000
-1,1091898E-001	-5,626135915517771E-001	2,000000000000000E+000
-1,0986752E-001	-5,633221778466728E-001	2,000000000000000E+000
-1,0888103E-001	-5,633686830600095E-001	2,000000000000000E+000
-1,0788201E-001	-5,632155992228682E-001	2,000000000000000E+000
-1,0688510E-001	-5,585981463944467E-001	2,000000000000000E+000
-1,0589053E-001	-5,471463771881881E-001	2,000000000000000E+000
-1,0490426E-001	-5,277756564319134E-001	2,000000000000000E+000
-1,0387996E-001	-4,976942091490386E-001	2,000000000000000E+000
-1,0285929E-001	-4,860601314791921E-001	2,000000000000000E+000
-1,0192840E-001	-4,899325003778436E-001	2,000000000000000E+000
-1,0086972E-001	-4,948974703611038E-001	2,000000000000000E+000
-9,9877298E-002	-4,987337818990141E-001	2,000000000000000E+000
-9,8838583E-002	-4,995005592289896E-001	2,000000000000000E+000
-9,7855046E-002	-4,991421791276442E-001	2,000000000000000E+000
-9,6872799E-002	-4,983405973762274E-001	2,000000000000000E+000
-9,5875055E-002	-4,947365752110855E-001	2,000000000000000E+000
-9,4875380E-002	-4,853907664202985E-001	2,000000000000000E+000
-9,3849815E-002	-4,708676438226753E-001	2,000000000000000E+000
-9,2853136E-002	-4,454400692549001E-001	2,000000000000000E+000
-9,1361031E-002	-3,975951577564976E-001	2,000000000000000E+000
-9,0101130E-002	-4,173963854494840E-001	2,000000000000000E+000
-8,9172944E-002	-4,208585294308476E-001	2,000000000000000E+000
-8,8113613E-002	-4,222364565012615E-001	2,000000000000000E+000
-8,7085083E-002	-4,216728783730002E-001	2,000000000000000E+000
-8,6216629E-002	-4,207520767080559E-001	2,000000000000000E+000
-8,5233323E-002	-4,179914045940962E-001	2,000000000000000E+000
-8,4149383E-002	-4,139722298002909E-001	2,000000000000000E+000
-8,3219349E-002	-4,040253010612940E-001	2,000000000000000E+000
-8,2278706E-002	-3,883556219645676E-001	2,000000000000000E+000
-8,1242740E-002	-3,661494049140153E-001	2,000000000000000E+000
-8,0192357E-002	-3,576832803104208E-001	2,000000000000000E+000
-7,9225391E-002	-3,587024043555607E-001	2,000000000000000E+000
-7,8245468E-002	-3,604661273873506E-001	2,000000000000000E+000
-7,7012300E-002	-3,616375044609108E-001	2,000000000000000E+000
-7,6203905E-002	-3,603294891546733E-001	2,000000000000000E+000
-7,5157970E-002	-3,585965503007147E-001	2,000000000000000E+000
-7,4161276E-002	-3,560117315156059E-001	2,000000000000000E+000
-7,3165655E-002	-3,521865044065098E-001	2,000000000000000E+000
-7,2226278E-002	-3,442315810049577E-001	2,000000000000000E+000
-7,1018800E-002	-3,323569379195028E-001	2,000000000000000E+000
-7,0140779E-002	-3,126622148341044E-001	2,000000000000000E+000
-6,9256812E-002	-3,007358640294389E-001	2,000000000000000E+000
-6,8072677E-002	-2,994002151406470E-001	2,000000000000000E+000
-6,7171730E-002	-3,001410717282584E-001	2,000000000000000E+000
-6,6256560E-002	-3,005917707665104E-001	2,000000000000000E+000
-6,5147363E-002	-2,990390648720446E-001	2,000000000000000E+000
-6,4199708E-002	-2,970206431561599E-001	2,000000000000000E+000
-6,3156746E-002	-2,941890864253587E-001	2,000000000000000E+000
-6,2245388E-002	-2,905240591822404E-001	2,000000000000000E+000
-6,1132800E-002	-2,843784063502601E-001	2,000000000000000E+000
-6,0184076E-002	-2,745228609484114E-001	2,000000000000000E+000
-5,9234641E-002	-2,566617458920790E-001	2,000000000000000E+000
-5,8205172E-002	-2,437493601055065E-001	2,000000000000000E+000
-5,7199359E-002	-2,398889977484931E-001	2,000000000000000E+000
-5,6157250E-002	-2,395588550026773E-001	2,000000000000000E+000
-5,5273704E-002	-2,391930588831492E-001	2,000000000000000E+000
-5,4194864E-002	-2,375695310119128E-001	2,000000000000000E+000
-5,3061675E-002	-2,349004113563784E-001	2,000000000000000E+000
-5,2131861E-002	-2,322070824879194E-001	2,000000000000000E+000
-5,1164683E-002	-2,281920225187015E-001	2,000000000000000E+000
-5,0203014E-002	-2,230479867645986E-001	2,000000000000000E+000
-4,9201868E-002	-2,147625099729599E-001	2,000000000000000E+000
-4,8181403E-002	-2,026950058492796E-001	2,000000000000000E+000
-4,7348388E-002	-1,887251817517797E-001	2,000000000000000E+000
-4,6249803E-002	-1,827790811140515E-001	2,000000000000000E+000
-4,5181364E-002	-1,808287358532346E-001	2,000000000000000E+000
-4,4289332E-002	-1,794525462168233E-001	2,000000000000000E+000
-4,3199662E-002	-1,773466047209999E-001	2,000000000000000E+000
-4,2170286E-002	-1,742586234618946E-001	2,000000000000000E+000
-4,1206289E-002	-1,709094795191451E-001	2,000000000000000E+000
-4,0163536E-002	-1,669624020448992E-001	2,000000000000000E+000
-3,9128426E-002	-1,624572415905140E-001	2,000000000000000E+000
-3,8087584E-002	-1,557739547246861E-001	2,000000000000000E+000
-3,7242889E-002	-1,462365940075228E-001	2,000000000000000E+000
-3,6233250E-002	-1,335067581040439E-001	2,000000000000000E+000
-3,5225525E-002	-1,258971989844684E-001	2,000000000000000E+000
-3,4255803E-002	-1,228182982756856E-001	2,000000000000000E+000
-3,3202216E-002	-1,203318662010133E-001	2,000000000000000E+000
-3,2234397E-002	-1,174850440066719E-001	2,000000000000000E+000
-3,1307761E-002	-1,143277557566762E-001	2,000000000000000E+000
-3,0218523E-002	-1,104767109543364E-001	2,000000000000000E+000
-2,9290825E-002	-1,064588539819749E-001	2,000000000000000E+000
-2,8292654E-002	-1,021542773340587E-001	2,000000000000000E+000
-2,7208850E-002	-9,378134800742055E-002	2,000000000000000E+000
-2,6261523E-002	-8,753074059711285E-002	2,000000000000000E+000
-2,5237028E-002	-7,665414176018981E-002	2,000000000000000E+000
-2,4231849E-002	-6,827440835466499E-002	2,000000000000000E+000
-2,3328776E-002	-6,402973013205654E-002	2,000000000000000E+000
-2,2189859E-002	-6,087547379407865E-002	2,000000000000000E+000
-2,1319266E-002	-5,780522396822518E-002	2,000000000000000E+000
-2,0156363E-002	-5,386844809443048E-002	2,000000000000000E+000
-1,9175384E-002	-4,985445939625310E-002	2,000000000000000E+000
-1,8239195E-002	-4,560661495714968E-002	2,000000000000000E+000
-1,6888266E-002	-4,447135361066701E-002	2,000000000000000E+000
-1,5631376E-002	-3,151998332598144E-002	2,000000000000000E+000
-1,4662922E-002	-2,449882279055332E-002	2,000000000000000E+000
-1,3454165E-002	-1,514577941054950E-002	2,000000000000000E+000
-1,2621358E-002	-8,731729194685720E-003	2,000000000000000E+000
-1,1697908E-002	-4,330129311980537E-003	2,000000000000000E+000
-1,0729029E-002	-4,688657129105623E-004	2,000000000000000E+000
-9,7123841E-003	3,607505332588010E-003	2,000000000000000E+000
-8,7579414E-003	7,790832036536993E-003	2,000000000000000E+000
-7,7544609E-003	1,221296375000813E-002	2,000000000000000E+000
-6,5597142E-003	1,669318384827220E-002	2,000000000000000E+000
-5,8752918E-003	2,163511726798290E-002	2,000000000000000E+000
-4,8331758E-003	2,719477081188454E-002	2,000000000000000E+000
-3,7944559E-003	3,317185035579046E-002	2,000000000000000E+000
-2,7625293E-003	4,023816064431290E-002	2,000000000000000E+000
-1,6815661E-003	4,676077672694334E-002	2,000000000000000E+000
-7,3964673E-004	5,183912082402813E-002	2,000000000000000E+000
2,4545452E-004	5,635245253991650E-002	2,000000000000000E+000
4,9874646E-004	5,899761493007338E-002	3,000000000000000E+000
1,2295545E-003	6,267316749802343E-002	3,000000000000000E+000
2,2998438E-003	6,684304706545335E-002	3,000000000000000E+000
3,2154401E-003	7,169195482748814E-002	3,000000000000000E+000
4,2632874E-003	7,654076768085372E-002	3,000000000000000E+000
5,3809751E-003	8,128009078575854E-002	3,000000000000000E+000
6,2428648E-003	8,648205646831131E-002	3,000000000000000E+000
7,1799010E-003	9,186653187498428E-002	3,000000000000000E+000
8,2379375E-003	9,684792334317383E-002	3,000000000000000E+000
9,2299562E-003	1,026590255572017E-001	3,000000000000000E+000
1,0603344E-002	1,155287197653068E-001	3,000000000000000E+000
1,2025431E-002	1,173266271405200E-001	3,000000000000000E+000
1,2812383E-002	1,223609003548824E-001	3,000000000000000E+000
1,3944719E-002	1,276206219982768E-001	3,000000000000000E+000
1,4890247E-002	1,326840811374568E-001	3,000000000000000E+000
1,5966963E-002	1,376279142892194E-001	3,000000000000000E+000
1,7013112E-002	1,431210291295963E-001	3,000000000000000E+000
1,8090680E-002	1,477309469892470E-001	3,000000000000000E+000
1,8990779E-002	1,520863473760312E-001	3,000000000000000E+000
2,0006785E-002	1,559218215859604E-001	3,000000000000000E+000
2,1047203E-002	1,607685350916457E-001	3,000000000000000E+000
2,1992732E-002	1,669557875850138E-001	3,000000000000000E+000
2,3052890E-002	1,728362109926014E-001	3,000000000000000E+000
2,3908412E-002	1,788707570931707E-001	3,000000000000000E+000
2,4930784E-002	1,843112701619119E-001	3,000000000000000E+000
2,5945729E-002	1,904376646055379E-001	3,000000000000000E+000
2,7017562E-002	1,955687924874603E-001	3,000000000000000E+000
2,7929125E-002	2,010127709902547E-001	3,000000000000000E+000
2,9026857E-002	2,055252804593367E-001	3,000000000000000E+000
2,9928021E-002	2,096323010822143E-001	3,000000000000000E+000
3,0904114E-002	2,116818998560865E-001	3,000000000000000E+000
3,1952813E-002	2,145268653553949E-001	3,000000000000000E+000
3,2970306E-002	2,211119543278112E-001	3,000000000000000E+000
3,3882018E-002	2,300407648500462E-001	3,000000000000000E+000
3,4899112E-002	2,354972449786690E-001	3,000000000000000E+000
3,5833813E-002	2,417416289724686E-001	3,000000000000000E+000
3,6876991E-002	2,475768427399041E-001	3,000000000000000E+000
3,8020156E-002	2,532976892673302E-001	3,000000000000000E+000
3,8931292E-002	2,588984009430368E-001	3,000000000000000E+000
3,9958544E-002	2,637618570071139E-001	3,000000000000000E+000
4,0855248E-002	2,671434345689638E-001	3,000000000000000E+000
4,1926451E-002	2,685492266038501E-001	3,000000000000000E+000
4,2927381E-002	2,688963682287273E-001	3,000000000000000E+000
4,3979049E-002	2,747383179419023E-001	3,000000000000000E+000
4,4980627E-002	2,823091955441566E-001	3,000000000000000E+000
4,5938458E-002	2,898656410958494E-001	3,000000000000000E+000
4,7006898E-002	2,969485891775960E-001	3,000000000000000E+000
4,7940325E-002	3,032019421182298E-001	3,000000000000000E+000
4,8882246E-002	3,096060653872508E-001	3,000000000000000E+000
4,9853884E-002	3,155693977864267E-001	3,000000000000000E+000
5,0912347E-002	3,209170354875148E-001	3,000000000000000E+000
5,1857449E-002	3,244049867132195E-001	3,000000000000000E+000
5,3043276E-002	3,251526982833937E-001	3,000000000000000E+000
5,3930424E-002	3,229357824419385E-001	3,000000000000000E+000
5,4980822E-002	3,269989167305623E-001	3,000000000000000E+000
5,5960741E-002	3,352477253863104E-001	3,000000000000000E+000
5,6946386E-002	3,436359177102102E-001	3,000000000000000E+000
5,7809342E-002	3,519195641770421E-001	3,000000000000000E+000
5,8970124E-002	3,588608425731454E-001	3,000000000000000E+000
5,9828613E-002	3,657417600560521E-001	3,000000000000000E+000
6,0946509E-002	3,722521154278988E-001	3,000000000000000E+000
6,1976105E-002	3,782620537957104E-001	3,000000000000000E+000
6,2867917E-002	3,815683624879620E-001	3,000000000000000E+000
6,3918963E-002	3,824673187401544E-001	3,000000000000000E+000
6,4817354E-002	3,783636622268847E-001	3,000000000000000E+000
6,5922730E-002	3,784018977096792E-001	3,000000000000000E+000
6,6846706E-002	3,885218377259605E-001	3,000000000000000E+000
6,8021573E-002	3,979979816962209E-001	3,000000000000000E+000
6,8937607E-002	4,069461683156312E-001	3,000000000000000E+000
6,9947451E-002	4,150548306880173E-001	3,000000000000000E+000
7,0965365E-002	4,224232062007554E-001	3,000000000000000E+000
7,1827464E-002	4,295093523407427E-001	3,000000000000000E+000
7,2868735E-002	4,361393895966028E-001	3,000000000000000E+000
7,3838033E-002	4,403530833207920E-001	3,000000000000000E+000
7,4816048E-002	4,409288872999166E-001	3,000000000000000E+000
7,5812727E-002	4,355617459449507E-001	3,000000000000000E+000
7,6947190E-002	4,310263826477296E-001	3,000000000000000E+000
7,7893354E-002	4,388877336901658E-001	3,000000000000000E+000
7,8959249E-002	4,498381774734579E-001	3,000000000000000E+000
7,9824105E-002	4,603041791253624E-001	3,000000000000000E+000
8,0991685E-002	4,697016067802906E-001	3,000000000000000E+000
8,1957370E-002	4,779799353607284E-001	3,000000000000000E+000
8,2847282E-002	4,860233197471615E-001	3,000000000000000E+000
8,3850980E-002	4,930540126644871E-001	3,000000000000000E+000
8,4923021E-002	4,979558952014767E-001	3,000000000000000E+000
8,5949436E-002	4,987507289344517E-001	3,000000000000000E+000
8,6867146E-002	4,935667934241144E-001	3,000000000000000E+000
8,7870620E-002	4,843622236340126E-001	3,000000000000000E+000
8,8899583E-002	4,890194760152582E-001	3,000000000000000E+000
8,9946151E-002	5,014315902910869E-001	3,000000000000000E+000
9,0821423E-002	5,135937734610518E-001	3,000000000000000E+000
9,2014678E-002	5,246116371342433E-001	3,000000000000000E+000
9,2914350E-002	5,335347851807324E-001	3,000000000000000E+000
9,3787499E-002	5,427198310693102E-001	3,000000000000000E+000
9,4770558E-002	5,520471363431887E-001	3,000000000000000E+000
9,5926039E-002	5,579391762062356E-001	3,000000000000000E+000
9,6923567E-002	5,594085027912143E-001	3,000000000000000E+000
9,7881205E-002	5,546519038163948E-001	3,000000000000000E+000
9,8855421E-002	5,411485439039241E-001	3,000000000000000E+000
9,9903077E-002	5,413375433396399E-001	3,000000000000000E+000
1,0089330E-001	5,540090996634053E-001	3,000000000000000E+000
1,0189403E-001	5,679258631059412E-001	3,000000000000000E+000
1,0291725E-001	5,805104287962104E-001	3,000000000000000E+000
1,0383328E-001	5,908357528624697E-001	3,000000000000000E+000
1,0493228E-001	6,010549609997775E-001	3,000000000000000E+000
1,0591559E-001	6,097970188215935E-001	3,000000000000000E+000
1,0683480E-001	6,171385672081413E-001	3,000000000000000E+000
1,0788669E-001	6,196604328299022E-001	3,000000000000000E+000
1,0892518E-001	6,156883245265037E-001	3,000000000000000E+000
1,0990277E-001	5,998564364595553E-001	3,000000000000000E+000
1,1084979E-001	5,919886724678491E-001	3,000000000000000E+000
1,1191991E-001	6,044575060131363E-001	3,000000000000000E+000
1,1289092E-001	6,205694163563091E-001	3,000000000000000E+000
1,1387571E-001	6,357515884080414E-001	3,000000000000000E+000
1,1484268E-001	6,475327458508566E-001	3,000000000000000E+000
1,1594636E-001	6,591036196936040E-001	3,000000000000000E+000
1,1690017E-001	6,686942600817594E-001	3,000000000000000E+000
1,1781259E-001	6,776070538218351E-001	3,000000000000000E+000
1,1889503E-001	6,815069732428665E-001	3,000000000000000E+000
1,1982952E-001	6,778408295854380E-001	3,000000000000000E+000
1,2096377E-001	6,614198884064404E-001	3,000000000000000E+000
1,2180338E-001	6,444655178735665E-001	3,000000000000000E+000
1,2288157E-001	6,541349823000244E-001	3,000000000000000E+000
1,2378762E-001	6,726332956718095E-001	3,000000000000000E+000
1,2481510E-001	6,898378195861992E-001	3,000000000000000E+000
1,2590075E-001	7,070811377769266E-001	3,000000000000000E+000
1,2679188E-001	7,182744744199279E-001	3,000000000000000E+000
1,2780130E-001	7,298347543649122E-001	3,000000000000000E+000
1,2889668E-001	7,395580960782593E-001	3,000000000000000E+000
1,2987068E-001	7,451375012320502E-001	3,000000000000000E+000
1,3081853E-001	7,419362867733952E-001	3,000000000000000E+000
1,3196594E-001	7,271249966212974E-001	3,000000000000000E+000
1,3286211E-001	7,014070746288341E-001	3,000000000000000E+000
1,3376842E-001	7,048385393702290E-001	3,000000000000000E+000
1,3492668E-001	7,255052056301494E-001	3,000000000000000E+000
1,3594034E-001	7,454034876492290E-001	3,000000000000000E+000
1,3700877E-001	7,634696226429076E-001	3,000000000000000E+000
1,3782758E-001	7,768519880870990E-001	3,000000000000000E+000
1,3884632E-001	7,904528909259381E-001	3,000000000000000E+000
1,3986914E-001	8,012938972700523E-001	3,000000000000000E+000
1,4080532E-001	8,100581530619593E-001	3,000000000000000E+000
1,4193682E-001	8,087244854757110E-001	3,000000000000000E+000
1,4296831E-001	7,956689596176154E-001	3,000000000000000E+000
1,4401637E-001	7,631964495198638E-001	3,000000000000000E+000
1,4476788E-001	7,561895799719642E-001	3,000000000000000E+000
1,4594564E-001	7,769464637946193E-001	3,000000000000000E+000
1,4671837E-001	8,007982046239928E-001	3,000000000000000E+000
1,4787066E-001	8,218812296787896E-001	3,000000000000000E+000
1,4875846E-001	8,385007983004624E-001	3,000000000000000E+000
1,4984748E-001	8,530878781996361E-001	3,000000000000000E+000
1,5082653E-001	8,678334435379034E-001	3,000000000000000E+000
1,5189263E-001	8,772650074075763E-001	3,000000000000000E+000
1,5283369E-001	8,776107382167235E-001	3,000000000000000E+000
1,5386562E-001	8,659479710514910E-001	3,000000000000000E+000
1,5482111E-001	8,313828457239012E-001	3,000000000000000E+000
1,5586650E-001	8,081552309018614E-001	3,000000000000000E+000
1,5680139E-001	8,266309796384057E-001	3,000000000000000E+000
1,5783457E-001	8,544582921873598E-001	3,000000000000000E+000
1,5889022E-001	8,807226362879605E-001	3,000000000000000E+000
1,5995525E-001	9,000770088147263E-001	3,000000000000000E+000
1,6091244E-001	9,170934454434461E-001	3,000000000000000E+000
1,6183208E-001	9,316914518950163E-001	3,000000000000000E+000
1,6282897E-001	9,442460825321852E-001	3,000000000000000E+000
1,6387957E-001	9,480418820899921E-001	3,000000000000000E+000
1,6477014E-001	9,367056902911930E-001	3,000000000000000E+000
1,6593537E-001	9,034488732340167E-001	3,000000000000000E+000
1,6692612E-001	8,643828709092407E-001	3,000000000000000E+000
1,6787483E-001	8,761910796165473E-001	3,000000000000000E+000
1,6883245E-001	9,079178916635335E-001	3,000000000000000E+000
1,6985016E-001	9,369822726757450E-001	3,000000000000000E+000
1,7078422E-001	9,622211241059802E-001	3,000000000000000E+000
1,7181659E-001	9,807468380917008E-001	3,000000000000000E+000
1,7277102E-001	9,985855036863569E-001	3,000000000000000E+000
1,7380443E-001	1,013667551317699E+000	3,000000000000000E+000
1,7488408E-001	1,020234560938897E+000	3,000000000000000E+000
1,7587078E-001	1,010616090780138E+000	3,000000000000000E+000
1,7680551E-001	9,803552790372496E-001	3,000000000000000E+000
1,7774101E-001	9,270128487712812E-001	3,000000000000000E+000
1,7887333E-001	9,264857542735534E-001	3,000000000000000E+000
1,7977297E-001	9,611371934965831E-001	3,000000000000000E+000
1,8078791E-001	9,954198841695430E-001	3,000000000000000E+000
1,8180354E-001	1,025204683205599E+000	3,000000000000000E+000
1,8287815E-001	1,046638501187170E+000	3,000000000000000E+000
1,8385956E-001	1,067213391540223E+000	3,000000000000000E+000
1,8476792E-001	1,083128936864714E+000	3,000000000000000E+000
1,8578649E-001	1,095180137979764E+000	3,000000000000000E+000
1,8676725E-001	1,088448009695163E+000	3,000000000000000E+000
1,8781552E-001	1,061962642741424E+000	3,000000000000000E+000
1,8888061E-001	9,993917368908607E-001	3,000000000000000E+000
1,8982713E-001	9,805332212536406E-001	3,000000000000000E+000
1,9087057E-001	1,014052747852271E+000	3,000000000000000E+000
1,9175893E-001	1,054190995378628E+000	3,000000000000000E+000
1,9316864E-001	1,093947056344909E+000	3,000000000000000E+000
1,9451533E-001	1,115084392191081E+000	3,000000000000000E+000
1,9549736E-001	1,136578572431098E+000	3,000000000000000E+000
1,9654877E-001	1,152808229956367E+000	3,000000000000000E+000
1,9751790E-001	1,159497045946345E+000	3,000000000000000E+000
1,9851676E-001	1,143421387038790E+000	3,000000000000000E+000
1,9948828E-001	1,096287328473945E+000	3,000000000000000E+000
2,0022748E-001	1,039683489335903E+000	3,000000000000000E+000
2,0064212E-001	1,023334880669912E+000	3,000000000000000E+000
2,0002756E-001	1,011044762476729E+000	3,000000000000000E+000
1,9897604E-001	1,025204539712936E+000	3,000000000000000E+000
1,9805479E-001	1,053923882352997E+000	3,000000000000000E+000
1,9704093E-001	1,078405282287683E+000	3,000000000000000E+000
1,9604999E-001	1,091306118087640E+000	3,000000000000000E+000
1,9498330E-001	1,099383195517238E+000	3,000000000000000E+000
1,9405244E-001	1,103671706247113E+000	3,000000000000000E+000
1,9303712E-001	1,105378865919734E+000	3,000000000000000E+000
1,9205064E-001	1,092528083396180E+000	3,000000000000000E+000
1,9097798E-001	1,057480818005625E+000	3,000000000000000E+000
1,9002143E-001	9,930050150939707E-001	3,000000000000000E+000
1,8902048E-001	9,262864127479240E-001	3,000000000000000E+000
1,8806224E-001	9,319018349051511E-001	3,000000000000000E+000
1,8706939E-001	9,612430034688195E-001	3,000000000000000E+000
1,8604657E-001	9,852542874437794E-001	3,000000000000000E+000
1,8504819E-001	1,004196197208433E+000	3,000000000000000E+000
1,8399417E-001	1,011825080133153E+000	3,000000000000000E+000
1,8301447E-001	1,019041528994287E+000	3,000000000000000E+000
1,8203200E-001	1,019561159114044E+000	3,000000000000000E+000
1,8104784E-001	1,013104901821530E+000	3,000000000000000E+000
1,8003842E-001	9,886671278487775E-001	3,000000000000000E+000
1,7906596E-001	9,411994126383876E-001	3,000000000000000E+000
1,7798935E-001	8,724354701461614E-001	3,000000000000000E+000
1,7703184E-001	8,621635655010209E-001	3,000000000000000E+000
1,7604406E-001	8,859092515022802E-001	3,000000000000000E+000
1,7505325E-001	9,074344732971129E-001	3,000000000000000E+000
1,7406274E-001	9,246307160291405E-001	3,000000000000000E+000
1,7300303E-001	9,338527819900584E-001	3,000000000000000E+000
1,7197792E-001	9,394351569590711E-001	3,000000000000000E+000
1,7103030E-001	9,421194604149559E-001	3,000000000000000E+000
1,6998652E-001	9,400528954962919E-001	3,000000000000000E+000
1,6903700E-001	9,225574433803594E-001	3,000000000000000E+000
1,6797778E-001	8,889873132661590E-001	3,000000000000000E+000
1,6702317E-001	8,273190922207285E-001	3,000000000000000E+000
1,6603625E-001	8,029980758825941E-001	3,000000000000000E+000
1,6500305E-001	8,175753459886268E-001	3,000000000000000E+000
1,6403523E-001	8,373496755957621E-001	3,000000000000000E+000
1,6301009E-001	8,519739156795882E-001	3,000000000000000E+000
1,6201469E-001	8,622869923710850E-001	3,000000000000000E+000
1,6100250E-001	8,666754148348588E-001	3,000000000000000E+000
1,6005442E-001	8,699239147482096E-001	3,000000000000000E+000
1,5903120E-001	8,696597763509670E-001	3,000000000000000E+000
1,5806593E-001	8,568390256000882E-001	3,000000000000000E+000
1,5706606E-001	8,315558517696662E-001	3,000000000000000E+000
1,5603711E-001	7,829237650666006E-001	3,000000000000000E+000
1,5500179E-001	7,440559523938965E-001	3,000000000000000E+000
1,5400700E-001	7,514638693796307E-001	3,000000000000000E+000
1,5300247E-001	7,671132055283676E-001	3,000000000000000E+000
1,5200090E-001	7,823160739822503E-001	3,000000000000000E+000
1,5101461E-001	7,907731193635179E-001	3,000000000000000E+000
1,5006101E-001	7,961097641123622E-001	3,000000000000000E+000
1,4903100E-001	7,979917747003071E-001	3,000000000000000E+000
1,4805850E-001	7,987268807159555E-001	3,000000000000000E+000
1,4697288E-001	7,908472004863931E-001	3,000000000000000E+000
1,4603817E-001	7,714075792442863E-001	3,000000000000000E+000
1,4501074E-001	7,339235764962631E-001	3,000000000000000E+000
1,4406988E-001	6,904837399445185E-001	3,000000000000000E+000
1,4301971E-001	6,868832837790260E-001	3,000000000000000E+000
1,4206992E-001	7,006304483446808E-001	3,000000000000000E+000
1,4105839E-001	7,128377020083110E-001	3,000000000000000E+000
1,4008178E-001	7,218752858263429E-001	3,000000000000000E+000
1,3905524E-001	7,254008597193282E-001	3,000000000000000E+000
1,3802823E-001	7,277349626852416E-001	3,000000000000000E+000
1,3704981E-001	7,281360813864950E-001	3,000000000000000E+000
1,3603128E-001	7,232133639907410E-001	3,000000000000000E+000
1,3498364E-001	7,087629146322065E-001	3,000000000000000E+000
1,3400373E-001	6,819124759899244E-001	3,000000000000000E+000
1,3306946E-001	6,407901020375677E-001	3,000000000000000E+000
1,3205302E-001	6,283141313879588E-001	3,000000000000000E+000
1,3103956E-001	6,385297642123913E-001	3,000000000000000E+000
1,3001993E-001	6,486073626136335E-001	3,000000000000000E+000
1,2905660E-001	6,553788588002867E-001	3,000000000000000E+000
1,2804037E-001	6,589943104320124E-001	3,000000000000000E+000
1,2703584E-001	6,609939216049723E-001	3,000000000000000E+000
1,2600495E-001	6,610762520382809E-001	3,000000000000000E+000
1,2499937E-001	6,581052126431910E-001	3,000000000000000E+000
1,2404343E-001	6,477237332750260E-001	3,000000000000000E+000
1,2300237E-001	6,269734498389363E-001	3,000000000000000E+000
1,2205198E-001	5,930377075931528E-001	3,000000000000000E+000
1,2100221E-001	5,736541150620703E-001	3,000000000000000E+000
1,2008002E-001	5,771300934117161E-001	3,000000000000000E+000
1,1904300E-001	5,856872040916343E-001	3,000000000000000E+000
1,1803994E-001	5,921411911646519E-001	3,000000000000000E+000
1,1701673E-001	5,945634337625041E-001	3,000000000000000E+000
1,1600604E-001	5,961710919660570E-001	3,000000000000000E+000
1,1499810E-001	5,957078374922284E-001	3,000000000000000E+000
1,1403007E-001	5,936996283492557E-001	3,000000000000000E+000
1,1298455E-001	5,855336091308674E-001	3,000000000000000E+000
1,1201239E-001	5,708316988829107E-001	3,000000000000000E+000
1,1101817E-001	5,410473156306477E-001	3,000000000000000E+000
1,1003932E-001	5,168709183042801E-001	3,000000000000000E+000
1,0905197E-001	5,158478120272916E-001	3,000000000000000E+000
1,0798948E-001	5,222121513690126E-001	3,000000000000000E+000
1,0704246E-001	5,282449861643492E-001	3,000000000000000E+000
1,0598718E-001	5,301464061356249E-001	3,000000000000000E+000
1,0504973E-001	5,312045322800119E-001	3,000000000000000E+000
1,0403096E-001	5,304552899604587E-001	3,000000000000000E+000
1,0303003E-001	5,292863322904848E-001	3,000000000000000E+000
1,0199831E-001	5,225464636804884E-001	3,000000000000000E+000
1,0103219E-001	5,111146051160729E-001	3,000000000000000E+000
1,0002021E-001	4,897500617360637E-001	3,000000000000000E+000
9,9046253E-002	4,635886068421389E-001	3,000000000000000E+000
9,7974196E-002	4,564999262629819E-001	3,000000000000000E+000
9,6641548E-002	4,331996068708666E-001	3,000000000000000E+000
9,5216878E-002	4,550277985026305E-001	3,000000000000000E+000
9,4275780E-002	4,554753533254057E-001	3,000000000000000E+000
9,3304373E-002	4,550706875958923E-001	3,000000000000000E+000
9,2277147E-002	4,535067040749157E-001	3,000000000000000E+000
9,1316365E-002	4,506401461721605E-001	3,000000000000000E+000
9,0303354E-002	4,430337555154612E-001	3,000000000000000E+000
8,9388214E-002	4,301682226359862E-001	3,000000000000000E+000
8,8301994E-002	4,078698637032954E-001	3,000000000000000E+000
8,7308459E-002	3,898224201812228E-001	3,000000000000000E+000
8,6258277E-002	3,882727740953351E-001	3,000000000000000E+000
8,5349269E-002	3,910517143085599E-001	3,000000000000000E+000
8,4250048E-002	3,931543588362376E-001	3,000000000000000E+000
8,3210059E-002	3,937891910749478E-001	3,000000000000000E+000
8,2401656E-002	3,925864119772564E-001	3,000000000000000E+000
8,1216246E-002	3,909493942089659E-001	3,000000000000000E+000
8,0233790E-002	3,880709244490195E-001	3,000000000000000E+000
7,9298444E-002	3,826197772804232E-001	3,000000000000000E+000
7,8256965E-002	3,725049577446455E-001	3,000000000000000E+000
7,7397637E-002	3,550476835764655E-001	3,000000000000000E+000
7,6271027E-002	3,358560727426294E-001	3,000000000000000E+000
7,5289413E-002	3,304919085844809E-001	3,000000000000000E+000
7,4336447E-002	3,315580782515034E-001	3,000000000000000E+000
7,3374152E-002	3,326354680789860E-001	3,000000000000000E+000
7,2313786E-002	3,327078871704927E-001	3,000000000000000E+000
7,1313694E-002	3,309086209025094E-001	3,000000000000000E+000
7,0273280E-002	3,291912120249529E-001	3,000000000000000E+000
6,9248989E-002	3,261163148822046E-001	3,000000000000000E+000
6,8321511E-002	3,216429623878652E-001	3,000000000000000E+000
6,7360483E-002	3,132390360589388E-001	3,000000000000000E+000
6,6429399E-002	3,002821813785915E-001	3,000000000000000E+000
6,5352045E-002	2,819152978697286E-001	3,000000000000000E+000
6,4344309E-002	2,728183959024371E-001	3,000000000000000E+000
6,3410245E-002	2,721853016841189E-001	3,000000000000000E+000
6,2348388E-002	2,723660150335900E-001	3,000000000000000E+000
6,1389059E-002	2,717573008396559E-001	3,000000000000000E+000
6,0472619E-002	2,698858690758543E-001	3,000000000000000E+000
5,9358750E-002	2,675009326043503E-001	3,000000000000000E+000
5,8405366E-002	2,643810288842623E-001	3,000000000000000E+000
5,7353489E-002	2,601867077044324E-001	3,000000000000000E+000
5,6525774E-002	2,533944177061884E-001	3,000000000000000E+000
5,5252969E-002	2,409525094208886E-001	3,000000000000000E+000
5,4418016E-002	2,266128239808261E-001	3,000000000000000E+000
5,3282283E-002	2,155366724150056E-001	3,000000000000000E+000
5,2239742E-002	2,131447575779415E-001	3,000000000000000E+000
5,1333275E-002	2,120439959689975E-001	3,000000000000000E+000
5,0301984E-002	2,108197176691007E-001	3,000000000000000E+000
4,9312305E-002	2,087048042427613E-001	3,000000000000000E+000
4,8365500E-002	2,057526037441915E-001	3,000000000000000E+000
4,7293030E-002	2,023553050088660E-001	3,000000000000000E+000
4,6341982E-002	1,985796591680913E-001	3,000000000000000E+000
4,5299873E-002	1,923941108225680E-001	3,000000000000000E+000
4,4300210E-002	1,841136864731423E-001	3,000000000000000E+000
4,3385465E-002	1,715390402651219E-001	3,000000000000000E+000
4,2339314E-002	1,600428917100301E-001	3,000000000000000E+000
4,1435815E-002	1,553706683873853E-001	3,000000000000000E+000
4,0407501E-002	1,533592918853239E-001	3,000000000000000E+000
3,9401472E-002	1,512332562943572E-001	3,000000000000000E+000
3,8317319E-002	1,486238943481886E-001	3,000000000000000E+000
3,7253980E-002	1,452553123235706E-001	3,000000000000000E+000
3,6405887E-002	1,417560082066935E-001	3,000000000000000E+000
3,5228975E-002	1,375962030315017E-001	3,000000000000000E+000
3,4353286E-002	1,324938266469093E-001	3,000000000000000E+000
3,3255763E-002	1,254410916870401E-001	3,000000000000000E+000
3,2393664E-002	1,154593092527380E-001	3,000000000000000E+000
3,1272154E-002	1,047378440594506E-001	3,000000000000000E+000
3,0379908E-002	9,844204948145785E-002	3,000000000000000E+000
2,9467285E-002	9,527860988034931E-002	3,000000000000000E+000
2,8412642E-002	9,240117356939970E-002	3,000000000000000E+000
2,7377537E-002	8,961066159557718E-002	3,000000000000000E+000
2,6515620E-002	8,366753934468651E-002	3,000000000000000E+000
2,5299922E-002	8,046646373932842E-002	3,000000000000000E+000
2,4397483E-002	7,627720516002601E-002	3,000000000000000E+000
2,3288287E-002	7,144540592303728E-002	3,000000000000000E+000
2,2355074E-002	6,528401366193545E-002	3,000000000000000E+000
2,1237174E-002	5,755480876433894E-002	3,000000000000000E+000
2,0372100E-002	4,803463482918841E-002	3,000000000000000E+000
1,9486012E-002	4,091736366454934E-002	3,000000000000000E+000
1,8024141E-002	3,976062323846363E-002	3,000000000000000E+000
1,6917463E-002	2,963777164135273E-002	3,000000000000000E+000
1,5582610E-002	2,669217066701358E-002	3,000000000000000E+000
1,4808394E-002	2,255877725245359E-002	3,000000000000000E+000
1,3658651E-002	1,833677096982245E-002	3,000000000000000E+000
1,2829878E-002	1,389381891608027E-002	3,000000000000000E+000
1,1770144E-002	8,706749456770826E-003	3,000000000000000E+000
1,0765603E-002	2,542227252854870E-003	3,000000000000000E+000
9,8050022E-003	-4,612075594599838E-003	3,000000000000000E+000
8,9034168E-003	-1,239211730663320E-002	3,000000000000000E+000
7,7717174E-003	-1,821862517950912E-002	3,000000000000000E+000
6,8030506E-003	-2,266382331597716E-002	3,000000000000000E+000
5,9116548E-003	-2,697305161833621E-002	3,000000000000000E+000
4,8202900E-003	-3,110470392534298E-002	3,000000000000000E+000
4,0104096E-003	-3,602024576523238E-002	3,000000000000000E+000
2,8362554E-003	-4,029462959065477E-002	3,000000000000000E+000
1,7954132E-003	-4,506740306883505E-002	3,000000000000000E+000
8,1358524E-004	-5,032914984298675E-002	3,000000000000000E+000
-3,9175720E-005	-5,576488115238387E-002	3,000000000000000E+000
-1,2593957E-003	-6,187331610083291E-002	3,000000000000000E+000
-1,9701410E-003	-6,764838600496725E-002	3,000000000000000E+000
-3,0728576E-003	-7,437126825701545E-002	3,000000000000000E+000
-4,0248320E-003	-8,012491648292397E-002	3,000000000000000E+000
-5,0803223E-003	-8,482794299790686E-002	3,000000000000000E+000
-5,9927339E-003	-8,946136201524868E-002	3,000000000000000E+000
-7,1121212E-003	-9,459449083509774E-002	3,000000000000000E+000
-8,2771480E-003	-9,929859708925642E-002	3,000000000000000E+000
-9,1367029E-003	-1,041883183988161E-001	3,000000000000000E+000
-1,0354404E-002	-1,164524729467102E-001	3,000000000000000E+000
-1,1723505E-002	-1,178882986962519E-001	3,000000000000000E+000
-1,2913580E-002	-1,226781149291331E-001	3,000000000000000E+000
-1,3769738E-002	-1,270769515799146E-001	3,000000000000000E+000
-1,4695313E-002	-1,330138337970883E-001	3,000000000000000E+000
-1,5826587E-002	-1,385535560548306E-001	3,000000000000000E+000
-1,6835589E-002	-1,443071214447690E-001	3,000000000000000E+000
-1,7816778E-002	-1,496885590496713E-001	3,000000000000000E+000
-1,8713482E-002	-1,551607364650673E-001	3,000000000000000E+000
-1,9802088E-002	-1,605046210396621E-001	3,000000000000000E+000
-2,0726811E-002	-1,657516053291385E-001	3,000000000000000E+000
-2,1816054E-002	-1,708039243326147E-001	3,000000000000000E+000
-2,2837579E-002	-1,755259378847702E-001	3,000000000000000E+000
-2,3718359E-002	-1,794066938778585E-001	3,000000000000000E+000
-2,4716111E-002	-1,821773621874545E-001	3,000000000000000E+000
-2,5825093E-002	-1,869663548724794E-001	3,000000000000000E+000
-2,6823482E-002	-1,934393764370015E-001	3,000000000000000E+000
-2,7837366E-002	-1,998145806568647E-001	3,000000000000000E+000
-2,8861653E-002	-2,059361258935586E-001	3,000000000000000E+000
-2,9701250E-002	-2,117444499982177E-001	3,000000000000000E+000
-3,0775202E-002	-2,174889404602620E-001	3,000000000000000E+000
-3,1702477E-002	-2,230771106357388E-001	3,000000000000000E+000
-3,2758817E-002	-2,282408794595130E-001	3,000000000000000E+000
-3,3747442E-002	-2,329436041483728E-001	3,000000000000000E+000
-3,4834564E-002	-2,364680279322244E-001	3,000000000000000E+000
-3,5797711E-002	-2,372324464635712E-001	3,000000000000000E+000
-3,6793213E-002	-2,420911874829077E-001	3,000000000000000E+000
-3,7858553E-002	-2,482888559224427E-001	3,000000000000000E+000
-3,8780734E-002	-2,553881190510268E-001	3,000000000000000E+000
-3,9739843E-002	-2,620035809361267E-001	3,000000000000000E+000
-4,0840548E-002	-2,684173185240333E-001	3,000000000000000E+000
-4,1801151E-002	-2,745400664776002E-001	3,000000000000000E+000
-4,2802300E-002	-2,806090026128087E-001	3,000000000000000E+000
-4,3808114E-002	-2,859299814811456E-001	3,000000000000000E+000
-4,4733472E-002	-2,907595733111661E-001	3,000000000000000E+000
-4,5777075E-002	-2,935703187077152E-001	3,000000000000000E+000
-4,6779707E-002	-2,934822734721274E-001	3,000000000000000E+000
-4,7756441E-002	-2,938353423788039E-001	3,000000000000000E+000
-4,8780512E-002	-3,004707426384641E-001	3,000000000000000E+000
-4,9760219E-002	-3,086041830204158E-001	3,000000000000000E+000
-5,0906569E-002	-3,163973293439648E-001	3,000000000000000E+000
-5,1713262E-002	-3,235558879527238E-001	3,000000000000000E+000
-5,2798685E-002	-3,300122629713126E-001	3,000000000000000E+000
-5,3744428E-002	-3,367807597128878E-001	3,000000000000000E+000
-5,4757457E-002	-3,428092650655246E-001	3,000000000000000E+000
-5,5723999E-002	-3,480221086216191E-001	3,000000000000000E+000
-5,6741707E-002	-3,508083979357739E-001	3,000000000000000E+000
-5,7705279E-002	-3,503896290160433E-001	3,000000000000000E+000
-5,8879651E-002	-3,474527349419625E-001	3,000000000000000E+000
-5,9724770E-002	-3,528602273996775E-001	3,000000000000000E+000
-6,0805306E-002	-3,616666902477519E-001	3,000000000000000E+000
-6,1781399E-002	-3,703817893854442E-001	3,000000000000000E+000
-6,2832646E-002	-3,786647387400826E-001	3,000000000000000E+000
-6,3886441E-002	-3,858862059466794E-001	3,000000000000000E+000
-6,4760000E-002	-3,931692381975811E-001	3,000000000000000E+000
-6,5856561E-002	-4,013722056040043E-001	3,000000000000000E+000
-6,6696018E-002	-4,063560521850995E-001	3,000000000000000E+000
-6,7665964E-002	-4,093533488749364E-001	3,000000000000000E+000
-6,8784721E-002	-4,088848118704771E-001	3,000000000000000E+000
-6,9742784E-002	-4,027533347683923E-001	3,000000000000000E+000
-7,0802510E-002	-4,049852633227875E-001	3,000000000000000E+000
-7,1743578E-002	-4,142617018962333E-001	3,000000000000000E+000
-7,2731771E-002	-4,247998702857245E-001	3,000000000000000E+000
-7,3783658E-002	-4,341024844734758E-001	3,000000000000000E+000
-7,4807093E-002	-4,421749239856450E-001	3,000000000000000E+000
-7,5941548E-002	-4,499968096475904E-001	3,000000000000000E+000
-7,6786451E-002	-4,577087867591105E-001	3,000000000000000E+000
-7,7657044E-002	-4,635288660173051E-001	3,000000000000000E+000
-7,8766659E-002	-4,673571688709437E-001	3,000000000000000E+000
-7,9777576E-002	-4,669376744854219E-001	3,000000000000000E+000
-8,0702081E-002	-4,586689305250280E-001	3,000000000000000E+000
-8,1700258E-002	-4,561914285575908E-001	3,000000000000000E+000
-8,2763188E-002	-4,655163283287367E-001	3,000000000000000E+000
-8,3876841E-002	-4,770013852113904E-001	3,000000000000000E+000
-8,4777147E-002	-4,882527063428235E-001	3,000000000000000E+000
-8,5825846E-002	-4,978600536231639E-001	3,000000000000000E+000
-8,6751208E-002	-5,064259768912091E-001	3,000000000000000E+000
-8,7805845E-002	-5,144029716374678E-001	3,000000000000000E+000
-8,8728033E-002	-5,216267538705353E-001	3,000000000000000E+000
-8,9809194E-002	-5,258112711211052E-001	3,000000000000000E+000
-9,0764493E-002	-5,255127674727547E-001	3,000000000000000E+000
-9,1697708E-002	-5,171283028881861E-001	3,000000000000000E+000
-9,2698433E-002	-5,089777133393061E-001	3,000000000000000E+000
-9,3642682E-002	-5,166045821927199E-001	3,000000000000000E+000
-9,4797947E-002	-5,298202518649697E-001	3,000000000000000E+000
-9,5825203E-002	-5,422465067218836E-001	3,000000000000000E+000
-9,6709810E-002	-5,535807203225538E-001	3,000000000000000E+000
-9,7738646E-002	-5,645747349632018E-001	3,000000000000000E+000
-9,8779358E-002	-5,730342925698642E-001	3,000000000000000E+000
-9,9766076E-002	-5,809584849134621E-001	3,000000000000000E+000
-1,0070778E-001	-5,868822189254859E-001	3,000000000000000E+000
-1,0175668E-001	-5,871387006783930E-001	3,000000000000000E+000
-1,0286673E-001	-5,794339199309004E-001	3,000000000000000E+000
-1,0380828E-001	-5,647801640262804E-001	3,000000000000000E+000
-1,0468092E-001	-5,683907107622517E-001	3,000000000000000E+000
-1,0574658E-001	-5,823489993948618E-001	3,000000000000000E+000
-1,0663905E-001	-5,970406009367228E-001	3,000000000000000E+000
-1,0771002E-001	-6,105501733858283E-001	3,000000000000000E+000
-1,0867403E-001	-6,212682800574454E-001	3,000000000000000E+000
-1,0973801E-001	-6,317587071960755E-001	3,000000000000000E+000
-1,1067972E-001	-6,407075322198637E-001	3,000000000000000E+000
-1,1169488E-001	-6,477644541473317E-001	3,000000000000000E+000
-1,1275504E-001	-6,486338906817966E-001	3,000000000000000E+000
-1,1369378E-001	-6,421915707350898E-001	3,000000000000000E+000
-1,1480531E-001	-6,227369409192507E-001	3,000000000000000E+000
-1,1571326E-001	-6,187927613931654E-001	3,000000000000000E+000
-1,1669168E-001	-6,333192767644356E-001	3,000000000000000E+000
-1,1780111E-001	-6,506900763897971E-001	3,000000000000000E+000
-1,1873282E-001	-6,668298819826712E-001	3,000000000000000E+000
-1,1976708E-001	-6,789105099936332E-001	3,000000000000000E+000
-1,2071006E-001	-6,907392654016045E-001	3,000000000000000E+000
-1,2170188E-001	-7,010290924183806E-001	3,000000000000000E+000
-1,2270343E-001	-7,095839753746969E-001	3,000000000000000E+000
-1,2361373E-001	-7,120524050874841E-001	3,000000000000000E+000
-1,2476389E-001	-7,063762248942176E-001	3,000000000000000E+000
-1,2571685E-001	-6,846340372468585E-001	3,000000000000000E+000
-1,2672798E-001	-6,718941720685478E-001	3,000000000000000E+000
-1,2758797E-001	-6,844586892812377E-001	3,000000000000000E+000
-1,2867552E-001	-7,040354836456171E-001	3,000000000000000E+000
-1,2977092E-001	-7,245269756488213E-001	3,000000000000000E+000
-1,3071132E-001	-7,389018182401301E-001	3,000000000000000E+000
-1,3167107E-001	-7,515778236643023E-001	3,000000000000000E+000
-1,3268813E-001	-7,634258061923376E-001	3,000000000000000E+000
-1,3376634E-001	-7,731939931572605E-001	3,000000000000000E+000
-1,3469976E-001	-7,773071217730028E-001	3,000000000000000E+000
-1,3572277E-001	-7,720470117336085E-001	3,000000000000000E+000
-1,3671203E-001	-7,511749996079358E-001	3,000000000000000E+000
-1,3772953E-001	-7,273989708887179E-001	3,000000000000000E+000
-1,3868397E-001	-7,360401261183958E-001	3,000000000000000E+000
-1,3976493E-001	-7,577837485544094E-001	3,000000000000000E+000
-1,4079601E-001	-7,793437259064785E-001	3,000000000000000E+000
-1,4185256E-001	-7,975418856022554E-001	3,000000000000000E+000
-1,4250705E-001	-8,118518419839749E-001	3,000000000000000E+000
-1,4379179E-001	-8,259753082637449E-001	3,000000000000000E+000
-1,4471674E-001	-8,370747791120294E-001	3,000000000000000E+000
-1,4575036E-001	-8,448115274034187E-001	3,000000000000000E+000
-1,4670694E-001	-8,410541598719519E-001	3,000000000000000E+000
-1,4777833E-001	-8,223347174072702E-001	3,000000000000000E+000
-1,4864765E-001	-7,885920684094785E-001	3,000000000000000E+000
-1,4968362E-001	-7,885880215024486E-001	3,000000000000000E+000
-1,5078136E-001	-8,116447245357197E-001	3,000000000000000E+000
-1,5154240E-001	-8,364888748360961E-001	3,000000000000000E+000
-1,5259811E-001	-8,584926302234344E-001	3,000000000000000E+000
-1,5374760E-001	-8,760915918758618E-001	3,000000000000000E+000
-1,5462415E-001	-8,914620102279756E-001	3,000000000000000E+000
-1,5564884E-001	-9,045015333427280E-001	3,000000000000000E+000
-1,5662408E-001	-9,139363433199890E-001	3,000000000000000E+000
-1,5770952E-001	-9,113805568604558E-001	3,000000000000000E+000
-1,5868500E-001	-8,955306846786364E-001	3,000000000000000E+000
-1,5973319E-001	-8,538864024781425E-001	3,000000000000000E+000
-1,6076078E-001	-8,403653405882636E-001	3,000000000000000E+000
-1,6163708E-001	-8,628837186153326E-001	3,000000000000000E+000
-1,6259189E-001	-8,927466483027828E-001	3,000000000000000E+000
-1,6377175E-001	-9,195298614601297E-001	3,000000000000000E+000
-1,6463450E-001	-9,387493460542657E-001	3,000000000000000E+000
-1,6564351E-001	-9,566432537028060E-001	3,000000000000000E+000
-1,6665716E-001	-9,717674067726882E-001	3,000000000000000E+000
-1,6781922E-001	-9,832576394633001E-001	3,000000000000000E+000
-1,6859812E-001	-9,841909884578639E-001	3,000000000000000E+000
-1,6972792E-001	-9,689224751459182E-001	3,000000000000000E+000
-1,7063458E-001	-9,255315864251745E-001	3,000000000000000E+000
-1,7162150E-001	-8,937137982359662E-001	3,000000000000000E+000
-1,7266257E-001	-9,129578235248701E-001	3,000000000000000E+000
-1,7362441E-001	-9,464706821298172E-001	3,000000000000000E+000
-1,7467865E-001	-9,782099425792694E-001	3,000000000000000E+000
-1,7563884E-001	-1,003148784516031E+000	3,000000000000000E+000
-1,7673507E-001	-1,022264044869829E+000	3,000000000000000E+000
-1,7760809E-001	-1,042596795354724E+000	3,000000000000000E+000
-1,7868489E-001	-1,054521296173332E+000	3,000000000000000E+000
-1,7982340E-001	-1,058240164899160E+000	3,000000000000000E+000
-1,8068676E-001	-1,044712524033255E+000	3,000000000000000E+000
-1,8169808E-001	-1,004218818474872E+000	3,000000000000000E+000
-1,8267384E-001	-9,535363724938133E-001	3,000000000000000E+000
-1,8367901E-001	-9,638580931005656E-001	3,000000000000000E+000
-1,8471344E-001	-1,000823476800212E+000	3,000000000000000E+000
-1,8562703E-001	-1,037581451375177E+000	3,000000000000000E+000
-1,8665648E-001	-1,067694940224847E+000	3,000000000000000E+000
-1,8804042E-001	-1,093973848705785E+000	3,000000000000000E+000
-1,8939547E-001	-1,107910726081446E+000	3,000000000000000E+000
-1,9040552E-001	-1,122802635447847E+000	3,000000000000000E+000
-1,9134934E-001	-1,120125436948406E+000	3,000000000000000E+000
-1,9233903E-001	-1,096736820483645E+000	3,000000000000000E+000
-1,9339900E-001	-1,034446218361454E+000	3,000000000000000E+000
-1,9440794E-001	-9,981149501589122E-001	3,000000000000000E+000
-1,9539456E-001	-1,024661284354000E+000	3,000000000000000E+000
-1,9641599E-001	-1,068264045511139E+000	3,000000000000000E+000
-1,9741033E-001	-1,108989476605698E+000	3,000000000000000E+000
-1,9839749E-001	-1,138439411228452E+000	3,000000000000000E+000
-1,9914146E-001	-1,156066991388798E+000	3,000000000000000E+000
-1,9936779E-001	-1,162386700510979E+000	3,000000000000000E+000
-1,9926378E-001	-1,165750533342365E+000	3,000000000000000E+000
-1,9890940E-001	-1,167479952728304E+000	3,000000000000000E+000
-1,9792546E-001	-1,163148254156113E+000	3,000000000000000E+000
-1,9692557E-001	-1,152846896951942E+000	3,000000000000000E+000
-1,9589302E-001	-1,122175327881612E+000	3,000000000000000E+000
-1,9488724E-001	-1,068417201853464E+000	3,000000000000000E+000
-1,9386847E-001	-9,831435473428787E-001	3,000000000000000E+000
-1,9287285E-001	-9,621586829975797E-001	3,000000000000000E+000
-1,9189313E-001	-9,888744511538103E-001	3,000000000000000E+000
-1,9089772E-001	-1,017794225778847E+000	3,000000000000000E+000
-1,8989086E-001	-1,039303153654377E+000	3,000000000000000E+000
-1,8887186E-001	-1,050556163269061E+000	3,000000000000000E+000
-1,8790577E-001	-1,058287502025009E+000	3,000000000000000E+000
-1,8689235E-001	-1,062417993253030E+000	3,000000000000000E+000
-1,8586873E-001	-1,060394497105365E+000	3,000000000000000E+000
-1,8487035E-001	-1,040413624572534E+000	3,000000000000000E+000
-1,8389228E-001	-1,000856724740174E+000	3,000000000000000E+000
-1,8289091E-001	-9,287188967896824E-001	3,000000000000000E+000
-1,8191078E-001	-8,934343213008500E-001	3,000000000000000E+000
-1,8089563E-001	-9,101414390736124E-001	3,000000000000000E+000
-1,7986561E-001	-9,350108711255913E-001	3,000000000000000E+000
-1,7890288E-001	-9,564996140974564E-001	3,000000000000000E+000
-1,7791343E-001	-9,689312264047292E-001	3,000000000000000E+000
-1,7690229E-001	-9,766397509309976E-001	3,000000000000000E+000
-1,7585552E-001	-9,810279940289490E-001	3,000000000000000E+000
-1,7482613E-001	-9,805404143752874E-001	3,000000000000000E+000
-1,7384961E-001	-9,673464211324836E-001	3,000000000000000E+000
-1,7287266E-001	-9,387352741150963E-001	3,000000000000000E+000
-1,7186612E-001	-8,816397408092467E-001	3,000000000000000E+000
-1,7084070E-001	-8,339522115334361E-001	3,000000000000000E+000
-1,6990663E-001	-8,399784995449870E-001	3,000000000000000E+000
-1,6884200E-001	-8,605855341862743E-001	3,000000000000000E+000
-1,6788946E-001	-8,807149034131418E-001	3,000000000000000E+000
-1,6692299E-001	-8,923609049376715E-001	3,000000000000000E+000
-1,6590005E-001	-8,994055010930282E-001	3,000000000000000E+000
-1,6491464E-001	-9,037967576748827E-001	3,000000000000000E+000
-1,6392922E-001	-9,044616487291144E-001	3,000000000000000E+000
-1,6290921E-001	-8,982762813016238E-001	3,000000000000000E+000
-1,6189472E-001	-8,773849254681032E-001	3,000000000000000E+000
-1,6094305E-001	-8,356215491614982E-001	3,000000000000000E+000
-1,5988608E-001	-7,841633422369183E-001	3,000000000000000E+000
-1,5886624E-001	-7,780088510502257E-001	3,000000000000000E+000
-1,5788631E-001	-7,954542541669465E-001	3,000000000000000E+000
-1,5682764E-001	-8,109200393988019E-001	3,000000000000000E+000
-1,5590209E-001	-8,231345769707765E-001	3,000000000000000E+000
-1,5488459E-001	-8,281987143887370E-001	3,000000000000000E+000
-1,5390530E-001	-8,330694722632597E-001	3,000000000000000E+000
-1,5285090E-001	-8,331948380779330E-001	3,000000000000000E+000
-1,5185611E-001	-8,295565488989709E-001	3,000000000000000E+000
-1,5092205E-001	-8,132909133478456E-001	3,000000000000000E+000
-1,4985552E-001	-7,828638501189373E-001	3,000000000000000E+000
-1,4889772E-001	-7,323969712963816E-001	3,000000000000000E+000
-1,4790250E-001	-7,146449950696123E-001	3,000000000000000E+000
-1,4689541E-001	-7,261263521181203E-001	3,000000000000000E+000
-1,4589781E-001	-7,416478722796498E-001	3,000000000000000E+000
-1,4489307E-001	-7,535177609986743E-001	3,000000000000000E+000
-1,4388345E-001	-7,578020689802027E-001	3,000000000000000E+000
-1,4289126E-001	-7,612625130762680E-001	3,000000000000000E+000
-1,4192197E-001	-7,633137202097302E-001	3,000000000000000E+000
-1,4089347E-001	-7,605076027965101E-001	3,000000000000000E+000
-1,3996263E-001	-7,495460608215252E-001	3,000000000000000E+000
-1,3887420E-001	-7,258874942307152E-001	3,000000000000000E+000
-1,3787472E-001	-6,831455069973487E-001	3,000000000000000E+000
-1,3687402E-001	-6,571249405818973E-001	3,000000000000000E+000
-1,3585758E-001	-6,630368363112220E-001	3,000000000000000E+000
-1,3489719E-001	-6,746559058212576E-001	3,000000000000000E+000
-1,3391346E-001	-6,853080796146820E-001	3,000000000000000E+000
-1,3291593E-001	-6,910861673316444E-001	3,000000000000000E+000
-1,3189588E-001	-6,936385549466921E-001	3,000000000000000E+000
-1,3091363E-001	-6,940550916586723E-001	3,000000000000000E+000
-1,2995431E-001	-6,934145640719831E-001	3,000000000000000E+000
-1,2888862E-001	-6,854769383315666E-001	3,000000000000000E+000
-1,2792145E-001	-6,674534017565055E-001	3,000000000000000E+000
-1,2692666E-001	-6,348131939906740E-001	3,000000000000000E+000
-1,2587371E-001	-6,035513175582397E-001	3,000000000000000E+000
-1,2488425E-001	-6,018699938086431E-001	3,000000000000000E+000
-1,2393192E-001	-6,111217713742343E-001	3,000000000000000E+000
-1,2287559E-001	-6,204764383534611E-001	3,000000000000000E+000
-1,2190203E-001	-6,241820956131923E-001	3,000000000000000E+000
-1,2088921E-001	-6,269915882084121E-001	3,000000000000000E+000
-1,1987662E-001	-6,277083095025104E-001	3,000000000000000E+000
-1,1888713E-001	-6,265248504501795E-001	3,000000000000000E+000
-1,1791571E-001	-6,226218231022340E-001	3,000000000000000E+000
-1,1689080E-001	-6,084244073954999E-001	3,000000000000000E+000
-1,1587632E-001	-5,845996233876090E-001	3,000000000000000E+000
-1,1489236E-001	-5,502318171439342E-001	3,000000000000000E+000
-1,1386955E-001	-5,422754239428897E-001	3,000000000000000E+000
-1,1287308E-001	-5,485964404350065E-001	3,000000000000000E+000
-1,1190124E-001	-5,559565019276445E-001	3,000000000000000E+000
-1,1092789E-001	-5,606032100816565E-001	3,000000000000000E+000
-1,0988515E-001	-5,617859780236500E-001	3,000000000000000E+000
-1,0888612E-001	-5,628646505927577E-001	3,000000000000000E+000
-1,0788497E-001	-5,612614173442115E-001	3,000000000000000E+000
-1,0690060E-001	-5,577019932507366E-001	3,000000000000000E+000
-1,0582940E-001	-5,479019986534563E-001	3,000000000000000E+000
-1,0488747E-001	-5,300550992704078E-001	3,000000000000000E+000
-1,0392412E-001	-4,998884743976362E-001	3,000000000000000E+000
-1,0293550E-001	-4,861490396713761E-001	3,000000000000000E+000
-1,0191397E-001	-4,883731427705964E-001	3,000000000000000E+000
-1,0088078E-001	-4,930225578999083E-001	3,000000000000000E+000
-9,9866673E-002	-4,969350674224107E-001	3,000000000000000E+000
-9,8865114E-002	-4,979693218375800E-001	3,000000000000000E+000
-9,7876705E-002	-4,987148571483506E-001	3,000000000000000E+000
-9,6872993E-002	-4,979618980238847E-001	3,000000000000000E+000
-9,5859759E-002	-4,946736549199731E-001	3,000000000000000E+000
-9,4897673E-002	-4,872105521046439E-001	3,000000000000000E+000
-9,3885697E-002	-4,724544045963768E-001	3,000000000000000E+000
-9,2900477E-002	-4,488099963852630E-001	3,000000000000000E+000
-9,1558874E-002	-3,995454878442810E-001	3,000000000000000E+000
-9,0027191E-002	-4,158900815840143E-001	3,000000000000000E+000
-8,9110538E-002	-4,194586467624060E-001	3,000000000000000E+000
-8,8218704E-002	-4,214021453150991E-001	3,000000000000000E+000
-8,7211199E-002	-4,209611866347203E-001	3,000000000000000E+000
-8,6104333E-002	-4,204477361506894E-001	3,000000000000000E+000
-8,5159868E-002	-4,177225386654877E-001	3,000000000000000E+000
-8,4189720E-002	-4,139481088905441E-001	3,000000000000000E+000
-8,3159909E-002	-4,046209615275842E-001	3,000000000000000E+000
-8,2112923E-002	-3,902151250038994E-001	3,000000000000000E+000
-8,1259519E-002	-3,674743795008570E-001	3,000000000000000E+000
-8,0163911E-002	-3,565819156873546E-001	3,000000000000000E+000
-7,9191841E-002	-3,570223819050535E-001	3,000000000000000E+000
-7,8255869E-002	-3,589695904196963E-001	3,000000000000000E+000
-7,7074490E-002	-3,601551293912855E-001	3,000000000000000E+000
-7,6267160E-002	-3,594036059868007E-001	3,000000000000000E+000
-7,5157546E-002	-3,576534535321922E-001	3,000000000000000E+000
-7,4151941E-002	-3,555045278604965E-001	3,000000000000000E+000
-7,3141672E-002	-3,519981347921268E-001	3,000000000000000E+000
-7,2229892E-002	-3,450990536560621E-001	3,000000000000000E+000
-7,1242549E-002	-3,339027799320993E-001	3,000000000000000E+000
-7,0271328E-002	-3,149004961122523E-001	3,000000000000000E+000
-6,9206923E-002	-3,013055693634130E-001	3,000000000000000E+000
-6,8193890E-002	-2,990336351579526E-001	3,000000000000000E+000
-6,7127787E-002	-2,996749961748737E-001	3,000000000000000E+000
-6,6225991E-002	-2,998374066212106E-001	3,000000000000000E+000
-6,5234825E-002	-2,987675036959072E-001	3,000000000000000E+000
-6,4202890E-002	-2,964537650070795E-001	3,000000000000000E+000
-6,3218519E-002	-2,940103061911121E-001	3,000000000000000E+000
-6,2059011E-002	-2,906027088217704E-001	3,000000000000000E+000
-6,1151683E-002	-2,847257516933248E-001	3,000000000000000E+000
-6,0167313E-002	-2,753601657157695E-001	3,000000000000000E+000
-5,9159636E-002	-2,592236470017166E-001	3,000000000000000E+000
-5,8251671E-002	-2,447167692223076E-001	3,000000000000000E+000
-5,7265166E-002	-2,398571434120340E-001	3,000000000000000E+000
-5,6237273E-002	-2,392403959400120E-001	3,000000000000000E+000
-5,5170104E-002	-2,390364752392529E-001	3,000000000000000E+000
-5,4108463E-002	-2,372516184631328E-001	3,000000000000000E+000
-5,3265892E-002	-2,348647782303117E-001	3,000000000000000E+000
-5,2124847E-002	-2,319495610340874E-001	3,000000000000000E+000
-5,1167220E-002	-2,282476457939653E-001	3,000000000000000E+000
-5,0259486E-002	-2,235950903139194E-001	3,000000000000000E+000
-4,9276803E-002	-2,156674476271423E-001	3,000000000000000E+000
-4,8153386E-002	-2,044583094064836E-001	3,000000000000000E+000
-4,7252011E-002	-1,896608702976401E-001	3,000000000000000E+000
-4,6233248E-002	-1,826614108350533E-001	3,000000000000000E+000
-4,5271795E-002	-1,805885526420616E-001	3,000000000000000E+000
-4,4246450E-002	-1,791573069058350E-001	3,000000000000000E+000
-4,3150410E-002	-1,771126477289253E-001	3,000000000000000E+000
-4,2240974E-002	-1,742987583770805E-001	3,000000000000000E+000
-4,1178055E-002	-1,711871525341713E-001	3,000000000000000E+000
-4,0251207E-002	-1,671115110145398E-001	3,000000000000000E+000
-3,9163876E-002	-1,628025961453443E-001	3,000000000000000E+000
-3,8197331E-002	-1,559266866253755E-001	3,000000000000000E+000
-3,7206803E-002	-1,469991637255856E-001	3,000000000000000E+000
-3,6176573E-002	-1,345772929144677E-001	3,000000000000000E+000
-3,5186466E-002	-1,258669386583344E-001	3,000000000000000E+000
-3,4326911E-002	-1,225519212204269E-001	3,000000000000000E+000
-3,3328105E-002	-1,199648628459762E-001	3,000000000000000E+000
-3,2087713E-002	-1,175220318104105E-001	3,000000000000000E+000
-3,1174447E-002	-1,140086992505795E-001	3,000000000000000E+000
-3,0204087E-002	-1,104864882546717E-001	3,000000000000000E+000
-2,9172376E-002	-1,066216110700260E-001	3,000000000000000E+000
-2,8247438E-002	-1,020482510190321E-001	3,000000000000000E+000
-2,7177850E-002	-9,420264634752151E-002	3,000000000000000E+000
-2,6399298E-002	-8,818290563714182E-002	3,000000000000000E+000
-2,5151690E-002	-7,779921561100123E-002	3,000000000000000E+000
-2,4265390E-002	-6,882097744555393E-002	3,000000000000000E+000
-2,3345757E-002	-6,408738117251134E-002	3,000000000000000E+000
-2,2233166E-002	-6,079125947629416E-002	3,000000000000000E+000
-2,1173429E-002	-5,757769734460716E-002	3,000000000000000E+000
-2,0176318E-002	-5,426692998002253E-002	3,000000000000000E+000
-1,9214233E-002	-4,976807105251463E-002	3,000000000000000E+000
-1,8211810E-002	-4,584294305338177E-002	3,000000000000000E+000
-1,6841903E-002	-4,510559558599356E-002	3,000000000000000E+000
-1,5640080E-002	-3,083919480236025E-002	3,000000000000000E+000
-1,4693492E-002	-2,491741727270114E-002	3,000000000000000E+000
-1,3730768E-002	-1,595796054203269E-002	3,000000000000000E+000
-1,2602040E-002	-9,003381217890238E-003	3,000000000000000E+000
-1,1693237E-002	-4,301471701452370E-003	3,000000000000000E+000
-1,0601021E-002	-6,280248760546173E-004	3,000000000000000E+000
-9,7516580E-003	3,363580352419779E-003	3,000000000000000E+000
-8,7352274E-003	7,669733215826216E-003	3,000000000000000E+000
-7,6546888E-003	1,203066721683602E-002	3,000000000000000E+000
-6,7057628E-003	1,651909343760316E-002	3,000000000000000E+000
-5,6519713E-003	2,144279929645437E-002	3,000000000000000E+000
-4,6608038E-003	2,665995889239836E-002	3,000000000000000E+000
-3,5664665E-003	3,261894634407403E-002	3,000000000000000E+000
-2,6107486E-003	3,958069927197098E-002	3,000000000000000E+000
-1,4985799E-003	4,640676798212731E-002	3,000000000000000E+000
-5,1165669E-004	5,164628274980265E-002	3,000000000000000E+000
3,7035544E-004	5,602971668122336E-002	3,000000000000000E+000
9,7255799E-004	5,918858821193373E-002	4,000000000000000E+000
1,2885688E-003	6,259120303999510E-002	4,000000000000000E+000
2,3316860E-003	6,636837614631186E-002	4,000000000000000E+000
3,3292228E-003	7,132051910135756E-002	4,000000000000000E+000
4,4072140E-003	7,635391258669122E-002	4,000000000000000E+000
5,1086191E-003	8,107046838159909E-002	4,000000000000000E+000
6,2577240E-003	8,604071792904966E-002	4,000000000000000E+000
7,0871338E-003	9,141153573162009E-002	4,000000000000000E+000
8,2082190E-003	9,649429602238035E-002	4,000000000000000E+000
9,1225412E-003	1,021543466830970E-001	4,000000000000000E+000
1,0577999E-002	1,146114576738646E-001	4,000000000000000E+000
1,1925445E-002	1,160696641093608E-001	4,000000000000000E+000
1,3040797E-002	1,219411204155123E-001	4,000000000000000E+000
1,3935379E-002	1,271228617988525E-001	4,000000000000000E+000
1,4963483E-002	1,322192057484282E-001	4,000000000000000E+000
1,5945734E-002	1,373558298995095E-001	4,000000000000000E+000
1,6824182E-002	1,427525006993504E-001	4,000000000000000E+000
1,8030604E-002	1,473029362106759E-001	4,000000000000000E+000
1,8951932E-002	1,518864580430090E-001	4,000000000000000E+000
2,0067286E-002	1,555136107770652E-001	4,000000000000000E+000
2,0850206E-002	1,602644872748189E-001	4,000000000000000E+000
2,2014381E-002	1,663828068757778E-001	4,000000000000000E+000
2,2968402E-002	1,724290581661518E-001	4,000000000000000E+000
2,3992477E-002	1,780842127347437E-001	4,000000000000000E+000
2,4938425E-002	1,839262595641671E-001	4,000000000000000E+000
2,5919830E-002	1,895939034099383E-001	4,000000000000000E+000
2,6957698E-002	1,949148553044151E-001	4,000000000000000E+000
2,7963938E-002	2,005300589457706E-001	4,000000000000000E+000
2,8995441E-002	2,052333110736475E-001	4,000000000000000E+000
2,9942241E-002	2,093692941039240E-001	4,000000000000000E+000
3,0926831E-002	2,117622129412160E-001	4,000000000000000E+000
3,1897828E-002	2,144072480775692E-001	4,000000000000000E+000
3,2928061E-002	2,203463725400741E-001	4,000000000000000E+000
3,4009393E-002	2,291451644635316E-001	4,000000000000000E+000
3,4990605E-002	2,348348317253923E-001	4,000000000000000E+000
3,6014888E-002	2,411341115280443E-001	4,000000000000000E+000
3,6987159E-002	2,468048383102373E-001	4,000000000000000E+000
3,7979823E-002	2,528335399994690E-001	4,000000000000000E+000
3,8979478E-002	2,584243486807849E-001	4,000000000000000E+000
3,9877668E-002	2,635360281845474E-001	4,000000000000000E+000
4,0985804E-002	2,672837026831174E-001	4,000000000000000E+000
4,1944917E-002	2,687369338064287E-001	4,000000000000000E+000
4,2982999E-002	2,689465342986370E-001	4,000000000000000E+000
4,4003036E-002	2,736392077748420E-001	4,000000000000000E+000
4,4921815E-002	2,816057543235799E-001	4,000000000000000E+000
4,5998964E-002	2,890463211677141E-001	4,000000000000000E+000
4,7011569E-002	2,960857471313187E-001	4,000000000000000E+000
4,7961351E-002	3,024558923724623E-001	4,000000000000000E+000
4,8814103E-002	3,090488646455403E-001	4,000000000000000E+000
5,0055765E-002	3,150107236924007E-001	4,000000000000000E+000
5,0923809E-002	3,203588191212869E-001	4,000000000000000E+000
5,1986728E-002	3,239358371744560E-001	4,000000000000000E+000
5,2940741E-002	3,254086770876148E-001	4,000000000000000E+000
5,3911537E-002	3,234346474831304E-001	4,000000000000000E+000
5,4887850E-002	3,258342398675493E-001	4,000000000000000E+000
5,6009561E-002	3,340062472831311E-001	4,000000000000000E+000
5,7003282E-002	3,426352664138426E-001	4,000000000000000E+000
5,7996359E-002	3,507658691593889E-001	4,000000000000000E+000
5,9035923E-002	3,579215902697150E-001	4,000000000000000E+000
5,9941333E-002	3,649911729411954E-001	4,000000000000000E+000
6,0980480E-002	3,712648051549436E-001	4,000000000000000E+000
6,2043827E-002	3,774933938143974E-001	4,000000000000000E+000
6,2916324E-002	3,814779967759501E-001	4,000000000000000E+000
6,3853584E-002	3,829826324557262E-001	4,000000000000000E+000
6,4940482E-002	3,792444713482706E-001	4,000000000000000E+000
6,5886013E-002	3,781571932895855E-001	4,000000000000000E+000
6,6895530E-002	3,876499816154452E-001	4,000000000000000E+000
6,7885503E-002	3,968057697983798E-001	4,000000000000000E+000
6,8938233E-002	4,056981968245026E-001	4,000000000000000E+000
6,9872089E-002	4,139915868915889E-001	4,000000000000000E+000
7,0895098E-002	4,213825300749789E-001	4,000000000000000E+000
7,1897097E-002	4,287335313166738E-001	4,000000000000000E+000
7,2871700E-002	4,352529480087544E-001	4,000000000000000E+000
7,3769897E-002	4,399247332993479E-001	4,000000000000000E+000
7,4952744E-002	4,413026229099000E-001	4,000000000000000E+000
7,6025009E-002	4,371088788051289E-001	4,000000000000000E+000
7,6948889E-002	4,313353788521574E-001	4,000000000000000E+000
7,7870637E-002	4,377007376816549E-001	4,000000000000000E+000
7,8921676E-002	4,484272317064039E-001	4,000000000000000E+000
7,9936191E-002	4,591260335097704E-001	4,000000000000000E+000
8,0907196E-002	4,685270902873171E-001	4,000000000000000E+000
8,1938483E-002	4,769850901707451E-001	4,000000000000000E+000
8,2887620E-002	4,849599094854460E-001	4,000000000000000E+000
8,3894499E-002	4,926327004062934E-001	4,000000000000000E+000
8,4913261E-002	4,979948271755825E-001	4,000000000000000E+000
8,5961103E-002	4,995675905159214E-001	4,000000000000000E+000
8,6879678E-002	4,955231425938793E-001	4,000000000000000E+000
8,7974861E-002	4,853785656806495E-001	4,000000000000000E+000
8,8967942E-002	4,880062136109231E-001	4,000000000000000E+000
8,9791611E-002	5,000472190893355E-001	4,000000000000000E+000
9,1039009E-002	5,119047829950287E-001	4,000000000000000E+000
9,1934226E-002	5,234605062201090E-001	4,000000000000000E+000
9,2833266E-002	5,325074873312747E-001	4,000000000000000E+000
9,3850538E-002	5,417465444792224E-001	4,000000000000000E+000
9,4968103E-002	5,514066618763707E-001	4,000000000000000E+000
9,5834337E-002	5,572933422884461E-001	4,000000000000000E+000
9,6875817E-002	5,592724214549465E-001	4,000000000000000E+000
9,7935967E-002	5,555696422579093E-001	4,000000000000000E+000
9,8921485E-002	5,421781103321770E-001	4,000000000000000E+000
9,9738762E-002	5,397448395551372E-001	4,000000000000000E+000
1,0094363E-001	5,516086372512383E-001	4,000000000000000E+000
1,0194030E-001	5,656095316840553E-001	4,000000000000000E+000
1,0289221E-001	5,786310039046736E-001	4,000000000000000E+000
1,0384262E-001	5,892713248591761E-001	4,000000000000000E+000
1,0485734E-001	5,993413322915615E-001	4,000000000000000E+000
1,0585148E-001	6,084440896218579E-001	4,000000000000000E+000
1,0688213E-001	6,164907641984776E-001	4,000000000000000E+000
1,0783870E-001	6,199100201742525E-001	4,000000000000000E+000
1,0885873E-001	6,170192845855587E-001	4,000000000000000E+000
1,0987687E-001	6,023318010071907E-001	4,000000000000000E+000
1,1081709E-001	5,923589857088185E-001	4,000000000000000E+000
1,1185346E-001	6,028109592282078E-001	4,000000000000000E+000
1,1284804E-001	6,187280822131331E-001	4,000000000000000E+000
1,1391881E-001	6,336670048120938E-001	4,000000000000000E+000
1,1489915E-001	6,465336478280808E-001	4,000000000000000E+000
1,1593576E-001	6,576238193169788E-001	4,000000000000000E+000
1,1675519E-001	6,679010487127082E-001	4,000000000000000E+000
1,1788031E-001	6,765474860590910E-001	4,000000000000000E+000
1,1895722E-001	6,818984678636015E-001	4,000000000000000E+000
1,1981360E-001	6,792463685765335E-001	4,000000000000000E+000
1,2087461E-001	6,653676580085781E-001	4,000000000000000E+000
1,2186068E-001	6,460456644633297E-001	4,000000000000000E+000
1,2296267E-001	6,526049525925401E-001	4,000000000000000E+000
1,2375641E-001	6,707622321943445E-001	4,000000000000000E+000
1,2493650E-001	6,884977156641297E-001	4,000000000000000E+000
1,2596075E-001	7,051764924631030E-001	4,000000000000000E+000
1,2692326E-001	7,170185225291377E-001	4,000000000000000E+000
1,2801528E-001	7,288721524592869E-001	4,000000000000000E+000
1,2886104E-001	7,390628266665669E-001	4,000000000000000E+000
1,2990654E-001	7,456291026815212E-001	4,000000000000000E+000
1,3085631E-001	7,439139868926112E-001	4,000000000000000E+000
1,3187848E-001	7,311425479473908E-001	4,000000000000000E+000
1,3288164E-001	7,038808097726381E-001	4,000000000000000E+000
1,3394378E-001	7,025345528015401E-001	4,000000000000000E+000
1,3480482E-001	7,225963165638642E-001	4,000000000000000E+000
1,3593355E-001	7,428835491753283E-001	4,000000000000000E+000
1,3694701E-001	7,620291926518590E-001	4,000000000000000E+000
1,3795856E-001	7,757060450536235E-001	4,000000000000000E+000
1,3894463E-001	7,893855789745317E-001	4,000000000000000E+000
1,3998166E-001	8,005961916512918E-001	4,000000000000000E+000
1,4087816E-001	8,091914390248327E-001	4,000000000000000E+000
1,4195976E-001	8,089079571266939E-001	4,000000000000000E+000
1,4298573E-001	7,976919044223152E-001	4,000000000000000E+000
1,4384061E-001	7,663533982855313E-001	4,000000000000000E+000
1,4490798E-001	7,539262415634287E-001	4,000000000000000E+000
1,4583121E-001	7,727483097739771E-001	4,000000000000000E+000
1,4685380E-001	7,967999845191311E-001	4,000000000000000E+000
1,4782228E-001	8,187809205717507E-001	4,000000000000000E+000
1,4888263E-001	8,357237867183223E-001	4,000000000000000E+000
1,4988697E-001	8,503509289412614E-001	4,000000000000000E+000
1,5096666E-001	8,662137037350082E-001	4,000000000000000E+000
1,5180111E-001	8,756184813876970E-001	4,000000000000000E+000
1,5289165E-001	8,784176454775832E-001	4,000000000000000E+000
1,5386540E-001	8,686209881195310E-001	4,000000000000000E+000
1,5484414E-001	8,360762613607203E-001	4,000000000000000E+000
1,5581980E-001	8,093883368979999E-001	4,000000000000000E+000
1,5690136E-001	8,236717835620553E-001	4,000000000000000E+000
1,5780590E-001	8,518879096265231E-001	4,000000000000000E+000
1,5882865E-001	8,772061704485488E-001	4,000000000000000E+000
1,5990768E-001	8,983775075111176E-001	4,000000000000000E+000
1,6081247E-001	9,148412483433876E-001	4,000000000000000E+000
1,6183037E-001	9,305208235703111E-001	4,000000000000000E+000
1,6290350E-001	9,422648349018026E-001	4,000000000000000E+000
1,6382992E-001	9,480399069962679E-001	4,000000000000000E+000
1,6483934E-001	9,389930022535520E-001	4,000000000000000E+000
1,6590460E-001	9,104174837746024E-001	4,000000000000000E+000
1,6684121E-001	8,670617162629384E-001	4,000000000000000E+000
1,6786528E-001	8,725177186230830E-001	4,000000000000000E+000
1,6885154E-001	9,027544712578832E-001	4,000000000000000E+000
1,6985971E-001	9,339220904641650E-001	4,000000000000000E+000
1,7082201E-001	9,590011750934337E-001	4,000000000000000E+000
1,7181998E-001	9,780223442724538E-001	4,000000000000000E+000
1,7285340E-001	9,960083900778391E-001	4,000000000000000E+000
1,7383043E-001	1,012597649599662E+000	4,000000000000000E+000
1,7483313E-001	1,020662937451295E+000	4,000000000000000E+000
1,7587505E-001	1,013382549777078E+000	4,000000000000000E+000
1,7689036E-001	9,870308193237509E-001	4,000000000000000E+000
1,7790975E-001	9,322776586093262E-001	4,000000000000000E+000
1,7884229E-001	9,224604593107024E-001	4,000000000000000E+000
1,7988500E-001	9,554257536375994E-001	4,000000000000000E+000
1,8088125E-001	9,899171603222701E-001	4,000000000000000E+000
1,8182938E-001	1,020840798401171E+000	4,000000000000000E+000
1,8284822E-001	1,043418653999213E+000	4,000000000000000E+000
1,8385658E-001	1,063902875201567E+000	4,000000000000000E+000
1,8487066E-001	1,080065840372336E+000	4,000000000000000E+000
1,8587752E-001	1,092609897945765E+000	4,000000000000000E+000
1,8681946E-001	1,088131906533681E+000	4,000000000000000E+000
1,8791677E-001	1,064678996801378E+000	4,000000000000000E+000
1,8887472E-001	1,004555337152160E+000	4,000000000000000E+000
1,8982521E-001	9,748518065445957E-001	4,000000000000000E+000
1,9082263E-001	1,004668748213184E+000	4,000000000000000E+000
1,9179182E-001	1,045462357225247E+000	4,000000000000000E+000
1,9286260E-001	1,081623639635463E+000	4,000000000000000E+000
1,9454335E-001	1,108357203519677E+000	4,000000000000000E+000
1,9552815E-001	1,131216640273729E+000	4,000000000000000E+000
1,9661397E-001	1,148340248813234E+000	4,000000000000000E+000
1,9756167E-001	1,158459630691340E+000	4,000000000000000E+000
1,9854562E-001	1,145655632130624E+000	4,000000000000000E+000
1,9957078E-001	1,105766761496115E+000	4,000000000000000E+000
2,0019940E-001	1,050462626334696E+000	4,000000000000000E+000
2,0059542E-001	1,034419015049934E+000	4,000000000000000E+000
1,9997346E-001	1,010889651184836E+000	4,000000000000000E+000
1,9903687E-001	1,017961837903217E+000	4,000000000000000E+000
1,9803374E-001	1,047573424221893E+000	4,000000000000000E+000
1,9704199E-001	1,070601941810709E+000	4,000000000000000E+000
1,9605805E-001	1,087421302994090E+000	4,000000000000000E+000
1,9510110E-001	1,094176664396575E+000	4,000000000000000E+000
1,9401699E-001	1,101084334016953E+000	4,000000000000000E+000
1,9306193E-001	1,102046342221673E+000	4,000000000000000E+000
1,9199310E-001	1,091476802886641E+000	4,000000000000000E+000
1,9107115E-001	1,061201206511925E+000	4,000000000000000E+000
1,9004923E-001	1,002826833890543E+000	4,000000000000000E+000
1,8901782E-001	9,302631166798108E-001	4,000000000000000E+000
1,8803279E-001	9,273592586870549E-001	4,000000000000000E+000
1,8703739E-001	9,543647672291158E-001	4,000000000000000E+000
1,8604727E-001	9,806594739633576E-001	4,000000000000000E+000
1,8506736E-001	9,995082796171850E-001	4,000000000000000E+000
1,8403183E-001	1,008111329818215E+000	4,000000000000000E+000
1,8304533E-001	1,014699832984693E+000	4,000000000000000E+000
1,8207410E-001	1,017514375900781E+000	4,000000000000000E+000
1,8098783E-001	1,013151995147822E+000	4,000000000000000E+000
1,8006758E-001	9,917267536123615E-001	4,000000000000000E+000
1,7906006E-001	9,485069535396728E-001	4,000000000000000E+000
1,7803852E-001	8,779034182705256E-001	4,000000000000000E+000
1,7703296E-001	8,575111689666910E-001	4,000000000000000E+000
1,7604753E-001	8,790451862193926E-001	4,000000000000000E+000
1,7507435E-001	9,026764888081438E-001	4,000000000000000E+000
1,7402774E-001	9,206133632472300E-001	4,000000000000000E+000
1,7300986E-001	9,297127555365883E-001	4,000000000000000E+000
1,7203145E-001	9,361633434891736E-001	4,000000000000000E+000
1,7106070E-001	9,396340354449224E-001	4,000000000000000E+000
1,7003071E-001	9,381485988420515E-001	4,000000000000000E+000
1,6900730E-001	9,222892368281332E-001	4,000000000000000E+000
1,6803880E-001	8,914257012031666E-001	4,000000000000000E+000
1,6706656E-001	8,317519120044174E-001	4,000000000000000E+000
1,6598833E-001	7,975281986097480E-001	4,000000000000000E+000
1,6502266E-001	8,113460845693332E-001	4,000000000000000E+000
1,6407055E-001	8,311711708428682E-001	4,000000000000000E+000
1,6306388E-001	8,472658157072672E-001	4,000000000000000E+000
1,6204044E-001	8,567479610167172E-001	4,000000000000000E+000
1,6104352E-001	8,621047130889370E-001	4,000000000000000E+000
1,6003560E-001	8,661957599774546E-001	4,000000000000000E+000
1,5906034E-001	8,658918443101449E-001	4,000000000000000E+000
1,5802629E-001	8,567924887217835E-001	4,000000000000000E+000
1,5702900E-001	8,343688619357579E-001	4,000000000000000E+000
1,5603018E-001	7,871424163933156E-001	4,000000000000000E+000
1,5498824E-001	7,451926834053459E-001	4,000000000000000E+000
1,5399964E-001	7,478298273765365E-001	4,000000000000000E+000
1,5303436E-001	7,638007200978389E-001	4,000000000000000E+000
1,5197062E-001	7,781647592782974E-001	4,000000000000000E+000
1,5100895E-001	7,877318638342459E-001	4,000000000000000E+000
1,5002392E-001	7,927023634590507E-001	4,000000000000000E+000
1,4903127E-001	7,959195215392967E-001	4,000000000000000E+000
1,4801399E-001	7,962637356034001E-001	4,000000000000000E+000
1,4707717E-001	7,908078143718065E-001	4,000000000000000E+000
1,4599726E-001	7,726129972962337E-001	4,000000000000000E+000
1,4504436E-001	7,394043828050296E-001	4,000000000000000E+000
1,4406803E-001	6,923839384344990E-001	4,000000000000000E+000
1,4304969E-001	6,842923295442720E-001	4,000000000000000E+000
1,4210524E-001	6,974848661295798E-001	4,000000000000000E+000
1,4105590E-001	7,102667565147103E-001	4,000000000000000E+000
1,4007407E-001	7,184282028702684E-001	4,000000000000000E+000
1,3908820E-001	7,226824543818289E-001	4,000000000000000E+000
1,3803165E-001	7,265880627350665E-001	4,000000000000000E+000
1,3706128E-001	7,266472773971397E-001	4,000000000000000E+000
1,3606375E-001	7,233599036656067E-001	4,000000000000000E+000
1,3502651E-001	7,105678333728414E-001	4,000000000000000E+000
1,3398440E-001	6,850642368059443E-001	4,000000000000000E+000
1,3298048E-001	6,437302220060880E-001	4,000000000000000E+000
1,3202266E-001	6,262533560533221E-001	4,000000000000000E+000
1,3103510E-001	6,352556925956866E-001	4,000000000000000E+000
1,3005985E-001	6,449621151442884E-001	4,000000000000000E+000
1,2904343E-001	6,527620956163691E-001	4,000000000000000E+000
1,2806776E-001	6,571267887398067E-001	4,000000000000000E+000
1,2703605E-001	6,592275329210118E-001	4,000000000000000E+000
1,2603213E-001	6,591916196738143E-001	4,000000000000000E+000
1,2499088E-001	6,572726968399907E-001	4,000000000000000E+000
1,2404384E-001	6,471811109394991E-001	4,000000000000000E+000
1,2303379E-001	6,289649088349609E-001	4,000000000000000E+000
1,2203860E-001	5,953521267683435E-001	4,000000000000000E+000
1,2104607E-001	5,708271101531039E-001	4,000000000000000E+000
1,2009152E-001	5,726843674821236E-001	4,000000000000000E+000
1,1905817E-001	5,817069963376440E-001	4,000000000000000E+000
1,1799583E-001	5,882667711001215E-001	4,000000000000000E+000
1,1701652E-001	5,922565590070388E-001	4,000000000000000E+000
1,1606436E-001	5,929908579284362E-001	4,000000000000000E+000
1,1500931E-001	5,933518509993583E-001	4,000000000000000E+000
1,1402941E-001	5,919758802348820E-001	4,000000000000000E+000
1,1296649E-001	5,854195330154011E-001	4,000000000000000E+000
1,1201099E-001	5,708562813147342E-001	4,000000000000000E+000
1,1101558E-001	5,446575326086180E-001	4,000000000000000E+000
1,1005584E-001	5,175353491471899E-001	4,000000000000000E+000
1,0903176E-001	5,142115805711986E-001	4,000000000000000E+000
1,0798497E-001	5,206966416703315E-001	4,000000000000000E+000
1,0696217E-001	5,264444885844450E-001	4,000000000000000E+000
1,0604552E-001	5,298914798983816E-001	4,000000000000000E+000
1,0506369E-001	5,298340375776642E-001	4,000000000000000E+000
1,0400481E-001	5,296573737567254E-001	4,000000000000000E+000
1,0298774E-001	5,280595385228062E-001	4,000000000000000E+000
1,0202247E-001	5,226932090741609E-001	4,000000000000000E+000
1,0107928E-001	5,116008321444188E-001	4,000000000000000E+000
1,0003291E-001	4,928521407009292E-001	4,000000000000000E+000
9,8691732E-002	4,355963593693808E-001	4,000000000000000E+000
9,7326301E-002	4,444648715823192E-001	4,000000000000000E+000
9,6280873E-002	4,500284946213160E-001	4,000000000000000E+000
9,5329002E-002	4,537341319438484E-001	4,000000000000000E+000
9,4256341E-002	4,546341890538188E-001	4,000000000000000E+000
9,3378782E-002	4,542377117193404E-001	4,000000000000000E+000
9,2256233E-002	4,528170148669535E-001	4,000000000000000E+000
9,1463797E-002	4,503305424004793E-001	4,000000000000000E+000
9,0245366E-002	4,437127291328382E-001	4,000000000000000E+000
8,9440838E-002	4,315304753405066E-001	4,000000000000000E+000
8,8263705E-002	4,104959192789268E-001	4,000000000000000E+000
8,7319240E-002	3,899388755154281E-001	4,000000000000000E+000
8,6307481E-002	3,868728784706290E-001	4,000000000000000E+000
8,5320562E-002	3,896785782719121E-001	4,000000000000000E+000
8,4265292E-002	3,922303596304515E-001	4,000000000000000E+000
8,3388530E-002	3,930982918375072E-001	4,000000000000000E+000
8,2361065E-002	3,921492746168838E-001	4,000000000000000E+000
8,1282862E-002	3,905258121106918E-001	4,000000000000000E+000
8,0378942E-002	3,876260910873057E-001	4,000000000000000E+000
7,9315811E-002	3,824909848885412E-001	4,000000000000000E+000
7,8269452E-002	3,725950566844807E-001	4,000000000000000E+000
7,7358104E-002	3,565513812074523E-001	4,000000000000000E+000
7,6331057E-002	3,363059712918823E-001	4,000000000000000E+000
7,5297855E-002	3,293562886063706E-001	4,000000000000000E+000
7,4360393E-002	3,302620684866007E-001	4,000000000000000E+000
7,3310219E-002	3,315022882350062E-001	4,000000000000000E+000
7,2261937E-002	3,320161315302057E-001	4,000000000000000E+000
7,1329363E-002	3,303172547646129E-001	4,000000000000000E+000
7,0349224E-002	3,285744127438015E-001	4,000000000000000E+000
6,9311783E-002	3,253841734732743E-001	4,000000000000000E+000
6,8377934E-002	3,214188266752496E-001	4,000000000000000E+000
6,7286141E-002	3,137023948063993E-001	4,000000000000000E+000
6,6382222E-002	3,016274651788446E-001	4,000000000000000E+000
6,5382823E-002	2,814118660710481E-001	4,000000000000000E+000
6,4291656E-002	2,720458536512316E-001	4,000000000000000E+000
6,3315772E-002	2,710335316067498E-001	4,000000000000000E+000
6,2361117E-002	2,714111893955202E-001	4,000000000000000E+000
6,1288219E-002	2,707382337086726E-001	4,000000000000000E+000
6,0267333E-002	2,690527531214899E-001	4,000000000000000E+000
5,9375927E-002	2,666266247009244E-001	4,000000000000000E+000
5,8284137E-002	2,634709509158577E-001	4,000000000000000E+000
5,7345197E-002	2,598208752288327E-001	4,000000000000000E+000
5,6365490E-002	2,530996882598151E-001	4,000000000000000E+000
5,5294719E-002	2,435887096173790E-001	4,000000000000000E+000
5,4407142E-002	2,285146621504324E-001	4,000000000000000E+000
5,3205181E-002	2,161389469272574E-001	4,000000000000000E+000
5,2325666E-002	2,128568066422041E-001	4,000000000000000E+000
5,1373139E-002	2,119527943087403E-001	4,000000000000000E+000
5,0328474E-002	2,106768195689836E-001	4,000000000000000E+000
4,9308222E-002	2,087150255425110E-001	4,000000000000000E+000
4,8337437E-002	2,057015379476876E-001	4,000000000000000E+000
4,7301687E-002	2,024913288445936E-001	4,000000000000000E+000
4,6313278E-002	1,987554970093894E-001	4,000000000000000E+000
4,5343976E-002	1,932482148900081E-001	4,000000000000000E+000
4,4311624E-002	1,849564519469387E-001	4,000000000000000E+000
4,3349329E-002	1,732521989658755E-001	4,000000000000000E+000
4,2377263E-002	1,605962979331336E-001	4,000000000000000E+000
4,1427914E-002	1,552674728963104E-001	4,000000000000000E+000
4,0383253E-002	1,532727197950923E-001	4,000000000000000E+000
3,9401211E-002	1,512085921303543E-001	4,000000000000000E+000
3,8399853E-002	1,488852759098842E-001	4,000000000000000E+000
3,7449442E-002	1,453188163124848E-001	4,000000000000000E+000
3,6383130E-002	1,419594429295375E-001	4,000000000000000E+000
3,5233386E-002	1,379634599649798E-001	4,000000000000000E+000
3,4426477E-002	1,328970529311508E-001	4,000000000000000E+000
3,3261877E-002	1,259077503173445E-001	4,000000000000000E+000
3,2519057E-002	1,146611297434128E-001	4,000000000000000E+000
3,1357270E-002	1,041883620847429E-001	4,000000000000000E+000
3,0385628E-002	9,761359327886643E-002	4,000000000000000E+000
2,9388519E-002	9,418397737425499E-002	4,000000000000000E+000
2,8305007E-002	9,142883020211701E-002	4,000000000000000E+000
2,7396841E-002	8,859703874353442E-002	4,000000000000000E+000
2,6326701E-002	8,464250022855890E-002	4,000000000000000E+000
2,5279917E-002	8,086119837093153E-002	4,000000000000000E+000
2,4306795E-002	7,671916593487094E-002	4,000000000000000E+000
2,3406059E-002	7,210792662334381E-002	4,000000000000000E+000
2,2339316E-002	6,602776298920321E-002	4,000000000000000E+000
2,1457475E-002	5,859472540517641E-002	4,000000000000000E+000
2,0385427E-002	4,900556924770116E-002	4,000000000000000E+000
1,9234413E-002	4,158758739423425E-002	4,000000000000000E+000
1,7979305E-002	3,840597056473288E-002	4,000000000000000E+000
1,6795142E-002	3,113123901291853E-002	4,000000000000000E+000
1,5774041E-002	2,736485790012883E-002	4,000000000000000E+000
1,4851018E-002	2,320963549600155E-002	4,000000000000000E+000
1,3753920E-002	1,873948610456734E-002	4,000000000000000E+000
1,2743010E-002	1,414555577880323E-002	4,000000000000000E+000
1,1662260E-002	9,227526645797013E-003	4,000000000000000E+000
1,0707604E-002	3,363041278541243E-003	4,000000000000000E+000
9,7707789E-003	-3,564272739915272E-003	4,000000000000000E+000
8,9405198E-003	-1,145297326945219E-002	4,000000000000000E+000
7,7504432E-003	-1,765106790655938E-002	4,000000000000000E+000
6,9049001E-003	-2,220649642145470E-002	4,000000000000000E+000
5,7369024E-003	-2,638083162148383E-002	4,000000000000000E+000
4,8280987E-003	-3,058991642427394E-002	4,000000000000000E+000
3,6155214E-003	-3,521959965237997E-002	4,000000000000000E+000
2,9862924E-003	-3,971838590654511E-002	4,000000000000000E+000
1,6503017E-003	-4,698379526639163E-002	4,000000000000000E+000
8,6048775E-004	-5,065852064742812E-002	4,000000000000000E+000
-1,9139284E-004	-5,589251171073151E-002	4,000000000000000E+000
-1,1205755E-003	-6,180428590246090E-002	4,000000000000000E+000
-2,2590673E-003	-6,759871023327668E-002	4,000000000000000E+000
-3,2848378E-003	-7,355939814200019E-002	4,000000000000000E+000
-4,2002220E-003	-7,887573475535542E-002	4,000000000000000E+000
-5,1081763E-003	-8,382678213011885E-002	4,000000000000000E+000
-6,1952961E-003	-8,880381543120253E-002	4,000000000000000E+000
-7,1304231E-003	-9,350587732020599E-002	4,000000000000000E+000
-7,9625919E-003	-9,845208359399359E-002	4,000000000000000E+000
-9,0821916E-003	-1,034497736642757E-001	4,000000000000000E+000
-1,0363959E-002	-1,154568468289516E-001	4,000000000000000E+000
-1,1915664E-002	-1,169715641342384E-001	4,000000000000000E+000
-1,2844848E-002	-1,220387929050175E-001	4,000000000000000E+000
-1,3795470E-002	-1,263476430300483E-001	4,000000000000000E+000
-1,4849901E-002	-1,320655992496071E-001	4,000000000000000E+000
-1,5786937E-002	-1,377954480962622E-001	4,000000000000000E+000
-1,6726732E-002	-1,434116257975506E-001	4,000000000000000E+000
-1,7819583E-002	-1,488190587885951E-001	4,000000000000000E+000
-1,8878045E-002	-1,541003148174952E-001	4,000000000000000E+000
-1,9858601E-002	-1,596170787665030E-001	4,000000000000000E+000
-2,0776743E-002	-1,647001986426333E-001	4,000000000000000E+000
-2,1873416E-002	-1,700328455341078E-001	4,000000000000000E+000
-2,2754624E-002	-1,745893646342057E-001	4,000000000000000E+000
-2,3833888E-002	-1,788133517321610E-001	4,000000000000000E+000
-2,4818689E-002	-1,816167105506692E-001	4,000000000000000E+000
-2,5758488E-002	-1,860845524438276E-001	4,000000000000000E+000
-2,6889971E-002	-1,923532696199364E-001	4,000000000000000E+000
-2,7817030E-002	-1,990132099362438E-001	4,000000000000000E+000
-2,8805044E-002	-2,065047675536733E-001	4,000000000000000E+000
-2,9744567E-002	-2,121789962467218E-001	4,000000000000000E+000
-3,0772457E-002	-2,175401533022532E-001	4,000000000000000E+000
-3,1757470E-002	-2,229398731142291E-001	4,000000000000000E+000
-3,2732084E-002	-2,281255063911276E-001	4,000000000000000E+000
-3,3814110E-002	-2,328220066372992E-001	4,000000000000000E+000
-3,4759637E-002	-2,366676228465865E-001	4,000000000000000E+000
-3,5850797E-002	-2,375361366128481E-001	4,000000000000000E+000
-3,6889296E-002	-2,399736446914851E-001	4,000000000000000E+000
-3,7743758E-002	-2,466258834012669E-001	4,000000000000000E+000
-3,8782686E-002	-2,539150939771417E-001	4,000000000000000E+000
-3,9829049E-002	-2,607372427635168E-001	4,000000000000000E+000
-4,0755048E-002	-2,671892584336026E-001	4,000000000000000E+000
-4,1889299E-002	-2,733796203026062E-001	4,000000000000000E+000
-4,2751607E-002	-2,793633944734373E-001	4,000000000000000E+000
-4,3767616E-002	-2,854500197357055E-001	4,000000000000000E+000
-4,4823743E-002	-2,898877577994151E-001	4,000000000000000E+000
-4,5810021E-002	-2,931779053890045E-001	4,000000000000000E+000
-4,6776570E-002	-2,935228054929119E-001	4,000000000000000E+000
-4,7813170E-002	-2,931066473118131E-001	4,000000000000000E+000
-4,8878420E-002	-2,991518343764319E-001	4,000000000000000E+000
-4,9863435E-002	-3,075492281673684E-001	4,000000000000000E+000
-5,0793249E-002	-3,149146494559116E-001	4,000000000000000E+000
-5,1634762E-002	-3,224007139258362E-001	4,000000000000000E+000
-5,2770711E-002	-3,288281956963530E-001	4,000000000000000E+000
-5,3744681E-002	-3,356440338409601E-001	4,000000000000000E+000
-5,4718025E-002	-3,417506890578403E-001	4,000000000000000E+000
-5,5801321E-002	-3,468372821462927E-001	4,000000000000000E+000
-5,6777842E-002	-3,499750581190550E-001	4,000000000000000E+000
-5,7768371E-002	-3,501474206094386E-001	4,000000000000000E+000
-5,8835324E-002	-3,468747092755846E-001	4,000000000000000E+000
-5,9761535E-002	-3,511891129806095E-001	4,000000000000000E+000
-6,0740821E-002	-3,599395362867241E-001	4,000000000000000E+000
-6,1767247E-002	-3,704889858900398E-001	4,000000000000000E+000
-6,2686183E-002	-3,783080709960167E-001	4,000000000000000E+000
-6,3814484E-002	-3,852864577331481E-001	4,000000000000000E+000
-6,4744525E-002	-3,923417600216688E-001	4,000000000000000E+000
-6,5750539E-002	-3,989930130127390E-001	4,000000000000000E+000
-6,6791810E-002	-4,052521053149740E-001	4,000000000000000E+000
-6,7716748E-002	-4,084567438673093E-001	4,000000000000000E+000
-6,8861820E-002	-4,086492165095290E-001	4,000000000000000E+000
-6,9750451E-002	-4,026514188972881E-001	4,000000000000000E+000
-7,0737809E-002	-4,036717953643318E-001	4,000000000000000E+000
-7,1761876E-002	-4,125602537835097E-001	4,000000000000000E+000
-7,2806545E-002	-4,225430394764302E-001	4,000000000000000E+000
-7,3777325E-002	-4,323497610511602E-001	4,000000000000000E+000
-7,4673615E-002	-4,407007099577673E-001	4,000000000000000E+000
-7,5811885E-002	-4,485577586348395E-001	4,000000000000000E+000
-7,6801993E-002	-4,558799932538360E-001	4,000000000000000E+000
-7,7786162E-002	-4,623479554774589E-001	4,000000000000000E+000
-7,8692406E-002	-4,665612181717593E-001	4,000000000000000E+000
-7,9897352E-002	-4,666760693545680E-001	4,000000000000000E+000
-8,0825672E-002	-4,597246686203609E-001	4,000000000000000E+000
-8,1673346E-002	-4,554344579853407E-001	4,000000000000000E+000
-8,2901418E-002	-4,636146616604577E-001	4,000000000000000E+000
-8,3824024E-002	-4,753051952769352E-001	4,000000000000000E+000
-8,4765509E-002	-4,865843400497134E-001	4,000000000000000E+000
-8,5906759E-002	-4,960257373060339E-001	4,000000000000000E+000
-8,6790949E-002	-5,047127516871255E-001	4,000000000000000E+000
-8,7879978E-002	-5,128312791801148E-001	4,000000000000000E+000
-8,8701531E-002	-5,203040727172716E-001	4,000000000000000E+000
-8,9711599E-002	-5,252966878728724E-001	4,000000000000000E+000
-9,0705954E-002	-5,255023377637071E-001	4,000000000000000E+000
-9,1683529E-002	-5,187833300205289E-001	4,000000000000000E+000
-9,2660695E-002	-5,082408943110064E-001	4,000000000000000E+000
-9,3683705E-002	-5,141428676606321E-001	4,000000000000000E+000
-9,4749980E-002	-5,281308968723906E-001	4,000000000000000E+000
-9,5687225E-002	-5,407037710839953E-001	4,000000000000000E+000
-9,6812345E-002	-5,526680409632365E-001	4,000000000000000E+000
-9,7674027E-002	-5,620322863536882E-001	4,000000000000000E+000
-9,8786831E-002	-5,712032996256049E-001	4,000000000000000E+000
-9,9725343E-002	-5,793312147121745E-001	4,000000000000000E+000
-1,0072565E-001	-5,853749075559573E-001	4,000000000000000E+000
-1,0189365E-001	-5,860562797773783E-001	4,000000000000000E+000
-1,0273559E-001	-5,800559075756198E-001	4,000000000000000E+000
-1,0382166E-001	-5,644357766680164E-001	4,000000000000000E+000
-1,0472557E-001	-5,654639778313832E-001	4,000000000000000E+000
-1,0568553E-001	-5,792895692090170E-001	4,000000000000000E+000
-1,0675354E-001	-5,940864611830956E-001	4,000000000000000E+000
-1,0783409E-001	-6,078098430815652E-001	4,000000000000000E+000
-1,0877770E-001	-6,186548875713775E-001	4,000000000000000E+000
-1,0978543E-001	-6,288857950518514E-001	4,000000000000000E+000
-1,1065219E-001	-6,382978432984237E-001	4,000000000000000E+000
-1,1174378E-001	-6,460781756236607E-001	4,000000000000000E+000
-1,1265111E-001	-6,481931914609893E-001	4,000000000000000E+000
-1,1376984E-001	-6,429136273347638E-001	4,000000000000000E+000
-1,1477567E-001	-6,242197906529494E-001	4,000000000000000E+000
-1,1571524E-001	-6,178647796450942E-001	4,000000000000000E+000
-1,1679941E-001	-6,308354306276183E-001	4,000000000000000E+000
-1,1779968E-001	-6,480580149563338E-001	4,000000000000000E+000
-1,1872123E-001	-6,639977891550028E-001	4,000000000000000E+000
-1,1974637E-001	-6,772159951290596E-001	4,000000000000000E+000
-1,2075070E-001	-6,884260150707431E-001	4,000000000000000E+000
-1,2163103E-001	-7,010032518732320E-001	4,000000000000000E+000
-1,2272812E-001	-7,088584450797901E-001	4,000000000000000E+000
-1,2369529E-001	-7,123253963611738E-001	4,000000000000000E+000
-1,2465335E-001	-7,075557054744821E-001	4,000000000000000E+000
-1,2574841E-001	-6,886183694888386E-001	4,000000000000000E+000
-1,2674099E-001	-6,717423221303340E-001	4,000000000000000E+000
-1,2775992E-001	-6,820277480615511E-001	4,000000000000000E+000
-1,2877443E-001	-7,014113177579864E-001	4,000000000000000E+000
-1,2959877E-001	-7,206565505928459E-001	4,000000000000000E+000
-1,3069585E-001	-7,359752205924863E-001	4,000000000000000E+000
-1,3176833E-001	-7,491259599035534E-001	4,000000000000000E+000
-1,3275823E-001	-7,611049731710473E-001	4,000000000000000E+000
-1,3356493E-001	-7,716245156609345E-001	4,000000000000000E+000
-1,3474905E-001	-7,772643860705450E-001	4,000000000000000E+000
-1,3571964E-001	-7,731000003577364E-001	4,000000000000000E+000
-1,3669741E-001	-7,553982588428019E-001	4,000000000000000E+000
-1,3776970E-001	-7,285008149704435E-001	4,000000000000000E+000
-1,3877487E-001	-7,327350565680746E-001	4,000000000000000E+000
-1,3980339E-001	-7,545018069170109E-001	4,000000000000000E+000
-1,4075764E-001	-7,758975328394691E-001	4,000000000000000E+000
-1,4173818E-001	-7,952843636826259E-001	4,000000000000000E+000
-1,4271216E-001	-8,098805906872002E-001	4,000000000000000E+000
-1,4371012E-001	-8,239970436250719E-001	4,000000000000000E+000
-1,4480741E-001	-8,351484880679187E-001	4,000000000000000E+000
-1,4575933E-001	-8,432573411199797E-001	4,000000000000000E+000
-1,4669934E-001	-8,404969181175606E-001	4,000000000000000E+000
-1,4767353E-001	-8,245273440800354E-001	4,000000000000000E+000
-1,4869547E-001	-7,894304090489932E-001	4,000000000000000E+000
-1,4973588E-001	-7,849179762932970E-001	4,000000000000000E+000
-1,5084212E-001	-8,069932709137611E-001	4,000000000000000E+000
-1,5171121E-001	-8,318307159675520E-001	4,000000000000000E+000
-1,5282501E-001	-8,565733050582551E-001	4,000000000000000E+000
-1,5369013E-001	-8,724588986348181E-001	4,000000000000000E+000
-1,5470549E-001	-8,880356737860939E-001	4,000000000000000E+000
-1,5582509E-001	-9,014379321425037E-001	4,000000000000000E+000
-1,5670735E-001	-9,123114264673635E-001	4,000000000000000E+000
-1,5765841E-001	-9,122578962533563E-001	4,000000000000000E+000
-1,5874679E-001	-8,986118662136544E-001	4,000000000000000E+000
-1,5974607E-001	-8,590679052803241E-001	4,000000000000000E+000
-1,6078663E-001	-8,399182966143481E-001	4,000000000000000E+000
-1,6173385E-001	-8,598647237651873E-001	4,000000000000000E+000
-1,6276175E-001	-8,889343412937976E-001	4,000000000000000E+000
-1,6378413E-001	-9,153964283565657E-001	4,000000000000000E+000
-1,6482092E-001	-9,367248331783005E-001	4,000000000000000E+000
-1,6566499E-001	-9,536105141871492E-001	4,000000000000000E+000
-1,6671325E-001	-9,696620223974737E-001	4,000000000000000E+000
-1,6774562E-001	-9,817768441582171E-001	4,000000000000000E+000
-1,6864718E-001	-9,846921244429225E-001	4,000000000000000E+000
-1,6969165E-001	-9,720813316051640E-001	4,000000000000000E+000
-1,7077239E-001	-9,335472910768434E-001	4,000000000000000E+000
-1,7159396E-001	-8,953573115997837E-001	4,000000000000000E+000
-1,7274900E-001	-9,094787622215552E-001	4,000000000000000E+000
-1,7370029E-001	-9,421206893468366E-001	4,000000000000000E+000
-1,7463562E-001	-9,753989780114729E-001	4,000000000000000E+000
-1,7560826E-001	-1,001657947621963E+000	4,000000000000000E+000
-1,7666695E-001	-1,021236668030415E+000	4,000000000000000E+000
-1,7773792E-001	-1,039070942749580E+000	4,000000000000000E+000
-1,7865755E-001	-1,054153586979263E+000	4,000000000000000E+000
-1,7976889E-001	-1,060237285853536E+000	4,000000000000000E+000
-1,8078403E-001	-1,048438331319227E+000	4,000000000000000E+000
-1,8170239E-001	-1,013136900409510E+000	4,000000000000000E+000
-1,8276812E-001	-9,570163919298569E-001	4,000000000000000E+000
-1,8376869E-001	-9,592775988082032E-001	4,000000000000000E+000
-1,8475822E-001	-9,956781153601648E-001	4,000000000000000E+000
-1,8569103E-001	-1,032763250862009E+000	4,000000000000000E+000
-1,8667115E-001	-1,065261239254916E+000	4,000000000000000E+000
-1,8771711E-001	-1,087365275731792E+000	4,000000000000000E+000
-1,8944390E-001	-1,107626283610308E+000	4,000000000000000E+000
-1,9043785E-001	-1,121313820696543E+000	4,000000000000000E+000
-1,9140163E-001	-1,121219613899783E+000	4,000000000000000E+000
-1,9242062E-001	-1,099565877268711E+000	4,000000000000000E+000
-1,9343470E-001	-1,042091493667277E+000	4,000000000000000E+000
-1,9442099E-001	-9,960606736918223E-001	4,000000000000000E+000
-1,9541404E-001	-1,018150173679544E+000	4,000000000000000E+000
-1,9638886E-001	-1,061134969194729E+000	4,000000000000000E+000
-1,9739214E-001	-1,103201906300257E+000	4,000000000000000E+000
-1,9841854E-001	-1,134558060102993E+000	4,000000000000000E+000
-1,9916469E-001	-1,151979717736445E+000	4,000000000000000E+000
-1,9949098E-001	-1,162217655352187E+000	4,000000000000000E+000
-1,9891509E-001	-1,163364500083308E+000	4,000000000000000E+000
-1,9796434E-001	-1,159344325325002E+000	4,000000000000000E+000
-1,9686280E-001	-1,152792200170172E+000	4,000000000000000E+000
-1,9592217E-001	-1,127021537886725E+000	4,000000000000000E+000
-1,9492333E-001	-1,077248689753036E+000	4,000000000000000E+000
-1,9392239E-001	-9,925412059658107E-001	4,000000000000000E+000
-1,9290684E-001	-9,617407371600502E-001	4,000000000000000E+000
-1,9188491E-001	-9,845784349298023E-001	4,000000000000000E+000
-1,9092456E-001	-1,013626489322956E+000	4,000000000000000E+000
-1,8991825E-001	-1,036202349872504E+000	4,000000000000000E+000
-1,8890609E-001	-1,048577796943762E+000	4,000000000000000E+000
-1,8792491E-001	-1,056764602247208E+000	4,000000000000000E+000
-1,8690895E-001	-1,061066646266866E+000	4,000000000000000E+000
-1,8591271E-001	-1,060083358652065E+000	4,000000000000000E+000
-1,8493791E-001	-1,043055918343644E+000	4,000000000000000E+000
-1,8392424E-001	-1,008198354807165E+000	4,000000000000000E+000
-1,8290730E-001	-9,396257719231969E-001	4,000000000000000E+000
-1,8192506E-001	-8,936834865146177E-001	4,000000000000000E+000
-1,8090607E-001	-9,058304126891823E-001	4,000000000000000E+000
-1,7985633E-001	-9,319043839695258E-001	4,000000000000000E+000
-1,7893966E-001	-9,544460944555428E-001	4,000000000000000E+000
-1,7790264E-001	-9,661979462813424E-001	4,000000000000000E+000
-1,7686477E-001	-9,748061602866223E-001	4,000000000000000E+000
-1,7588741E-001	-9,782263155060784E-001	4,000000000000000E+000
-1,7489623E-001	-9,803973924782543E-001	4,000000000000000E+000
-1,7387937E-001	-9,704163722969845E-001	4,000000000000000E+000
-1,7285912E-001	-9,436436734265747E-001	4,000000000000000E+000
-1,7188790E-001	-8,924816108688161E-001	4,000000000000000E+000
-1,7089248E-001	-8,360601638754195E-001	4,000000000000000E+000
-1,6992302E-001	-8,360837061923951E-001	4,000000000000000E+000
-1,6888884E-001	-8,571855601114375E-001	4,000000000000000E+000
-1,6784303E-001	-8,763911561281557E-001	4,000000000000000E+000
-1,6689563E-001	-8,908891655780635E-001	4,000000000000000E+000
-1,6586350E-001	-8,974529202613564E-001	4,000000000000000E+000
-1,6491249E-001	-9,019515206692397E-001	4,000000000000000E+000
-1,6392644E-001	-9,024386003061586E-001	4,000000000000000E+000
-1,6288711E-001	-8,976924823666081E-001	4,000000000000000E+000
-1,6191189E-001	-8,778638654836897E-001	4,000000000000000E+000
-1,6089214E-001	-8,401023033592399E-001	4,000000000000000E+000
-1,5989462E-001	-7,850586006900748E-001	4,000000000000000E+000
-1,5890343E-001	-7,729029380888868E-001	4,000000000000000E+000
-1,5790440E-001	-7,888911813497543E-001	4,000000000000000E+000
-1,5687735E-001	-8,064572095043099E-001	4,000000000000000E+000
-1,5593801E-001	-8,192096618866493E-001	4,000000000000000E+000
-1,5493113E-001	-8,247013623239794E-001	4,000000000000000E+000
-1,5390661E-001	-8,299050176585183E-001	4,000000000000000E+000
-1,5290591E-001	-8,309212071752121E-001	4,000000000000000E+000
-1,5187907E-001	-8,289820953375759E-001	4,000000000000000E+000
-1,5088600E-001	-8,151281971346425E-001	4,000000000000000E+000
-1,4988634E-001	-7,870449130595887E-001	4,000000000000000E+000
-1,4893804E-001	-7,387077023309701E-001	4,000000000000000E+000
-1,4788170E-001	-7,151767937811417E-001	4,000000000000000E+000
-1,4690964E-001	-7,242484092022541E-001	4,000000000000000E+000
-1,4589384E-001	-7,378976247790767E-001	4,000000000000000E+000
-1,4492306E-001	-7,502962017638808E-001	4,000000000000000E+000
-1,4387332E-001	-7,568210529646375E-001	4,000000000000000E+000
-1,4288320E-001	-7,592245878444781E-001	4,000000000000000E+000
-1,4192259E-001	-7,611751768875976E-001	4,000000000000000E+000
-1,4092146E-001	-7,605378217305230E-001	4,000000000000000E+000
-1,3985705E-001	-7,501135729253257E-001	4,000000000000000E+000
-1,3888223E-001	-7,294944714478859E-001	4,000000000000000E+000
-1,3791914E-001	-6,894967596701989E-001	4,000000000000000E+000
-1,3689165E-001	-6,571026404422717E-001	4,000000000000000E+000
-1,3589752E-001	-6,586927823308435E-001	4,000000000000000E+000
-1,3484795E-001	-6,721487695144273E-001	4,000000000000000E+000
-1,3387315E-001	-6,821434410219931E-001	4,000000000000000E+000
-1,3290150E-001	-6,886083399532010E-001	4,000000000000000E+000
-1,3196425E-001	-6,913511943486004E-001	4,000000000000000E+000
-1,3090366E-001	-6,917298852155600E-001	4,000000000000000E+000
-1,2991250E-001	-6,922340924265189E-001	4,000000000000000E+000
-1,2888226E-001	-6,852841997450141E-001	4,000000000000000E+000
-1,2788196E-001	-6,697151658849574E-001	4,000000000000000E+000
-1,2688677E-001	-6,394562100370726E-001	4,000000000000000E+000
-1,2589306E-001	-6,040333073448281E-001	4,000000000000000E+000
-1,2490867E-001	-5,990564902485502E-001	4,000000000000000E+000
-1,2387887E-001	-6,074940731266043E-001	4,000000000000000E+000
-1,2293462E-001	-6,168105417379621E-001	4,000000000000000E+000
-1,2188870E-001	-6,229287908171064E-001	4,000000000000000E+000
-1,2090153E-001	-6,246375243558919E-001	4,000000000000000E+000
-1,1993777E-001	-6,255646277632971E-001	4,000000000000000E+000
-1,1885978E-001	-6,248873328031204E-001	4,000000000000000E+000
-1,1788452E-001	-6,204513197557802E-001	4,000000000000000E+000
-1,1692137E-001	-6,082888106918976E-001	4,000000000000000E+000
-1,1584530E-001	-5,866373981590627E-001	4,000000000000000E+000
-1,1488511E-001	-5,529541322202580E-001	4,000000000000000E+000
-1,1393322E-001	-5,402039401923053E-001	4,000000000000000E+000
-1,1287901E-001	-5,456952330552882E-001	4,000000000000000E+000
-1,1190737E-001	-5,529659464265460E-001	4,000000000000000E+000
-1,1088011E-001	-5,577569761210039E-001	4,000000000000000E+000
-1,0988872E-001	-5,595500650643199E-001	4,000000000000000E+000
-1,0892303E-001	-5,602890783575956E-001	4,000000000000000E+000
-1,0787880E-001	-5,594819668266497E-001	4,000000000000000E+000
-1,0690545E-001	-5,567421924184867E-001	4,000000000000000E+000
-1,0591386E-001	-5,478830487225927E-001	4,000000000000000E+000
-1,0489856E-001	-5,312026900549718E-001	4,000000000000000E+000
-1,0385153E-001	-5,016601648595607E-001	4,000000000000000E+000
-1,0293616E-001	-4,843414927384391E-001	4,000000000000000E+000
-1,0193351E-001	-4,866101349255576E-001	4,000000000000000E+000
-1,0089564E-001	-4,907459235853597E-001	4,000000000000000E+000
-9,9860959E-002	-4,949287580395190E-001	4,000000000000000E+000
-9,8833069E-002	-4,970365396390348E-001	4,000000000000000E+000
-9,7886056E-002	-4,963767402288006E-001	4,000000000000000E+000
-9,6858360E-002	-4,956352535497253E-001	4,000000000000000E+000
-9,5875055E-002	-4,928867744488841E-001	4,000000000000000E+000
-9,4909571E-002	-4,861104955413813E-001	4,000000000000000E+000
-9,3885280E-002	-4,733712598681432E-001	4,000000000000000E+000
-9,2892200E-002	-4,510063257896215E-001	4,000000000000000E+000
-9,1393255E-002	-4,043043833432913E-001	4,000000000000000E+000
-9,0216197E-002	-4,135229601489884E-001	4,000000000000000E+000
-8,9154527E-002	-4,169832835042930E-001	4,000000000000000E+000
-8,8136844E-002	-4,192124414085248E-001	4,000000000000000E+000
-8,7201752E-002	-4,189536074797315E-001	4,000000000000000E+000
-8,6192563E-002	-4,180556850300881E-001	4,000000000000000E+000
-8,5246861E-002	-4,159740704215231E-001	4,000000000000000E+000
-8,4167615E-002	-4,123956833586635E-001	4,000000000000000E+000
-8,3155237E-002	-4,042594906080641E-001	4,000000000000000E+000
-8,2159445E-002	-3,909225237245342E-001	4,000000000000000E+000
-8,1238009E-002	-3,689080555750826E-001	4,000000000000000E+000
-8,0315448E-002	-3,552430544255503E-001	4,000000000000000E+000
-7,9223238E-002	-3,547787783598455E-001	4,000000000000000E+000
-7,8371115E-002	-3,566786895195655E-001	4,000000000000000E+000
-7,7139854E-002	-3,580612142190889E-001	4,000000000000000E+000
-7,6258652E-002	-3,576552729225853E-001	4,000000000000000E+000
-7,5132258E-002	-3,560160245332460E-001	4,000000000000000E+000
-7,4204139E-002	-3,537272039317978E-001	4,000000000000000E+000
-7,3106617E-002	-3,503415724952461E-001	4,000000000000000E+000
-7,2169371E-002	-3,437238663986875E-001	4,000000000000000E+000
-7,1152724E-002	-3,331926861019046E-001	4,000000000000000E+000
-7,0272587E-002	-3,155671029041207E-001	4,000000000000000E+000
-6,9185883E-002	-3,000208501945485E-001	4,000000000000000E+000
-6,8192601E-002	-2,966744313361460E-001	4,000000000000000E+000
-6,7180611E-002	-2,969637304475459E-001	4,000000000000000E+000
-6,6255897E-002	-2,975600065180554E-001	4,000000000000000E+000
-6,5228008E-002	-2,966519042297660E-001	4,000000000000000E+000
-6,4210519E-002	-2,943301734480026E-001	4,000000000000000E+000
-6,3151844E-002	-2,921309227951703E-001	4,000000000000000E+000
-6,2168736E-002	-2,885457194858683E-001	4,000000000000000E+000
-6,1173104E-002	-2,836891212673116E-001	4,000000000000000E+000
-6,0251143E-002	-2,749275823848114E-001	4,000000000000000E+000
-5,9186526E-002	-2,614673333656450E-001	4,000000000000000E+000
-5,8199815E-002	-2,454767942566560E-001	4,000000000000000E+000
-5,7181679E-002	-2,393080580082753E-001	4,000000000000000E+000
-5,6245074E-002	-2,383659684133748E-001	4,000000000000000E+000
-5,5228218E-002	-2,376702965961570E-001	4,000000000000000E+000
-5,4174002E-002	-2,362791970372209E-001	4,000000000000000E+000
-5,3196844E-002	-2,337578807233096E-001	4,000000000000000E+000
-5,2234545E-002	-2,310248238069033E-001	4,000000000000000E+000
-5,1151883E-002	-2,277360829973099E-001	4,000000000000000E+000
-5,0245203E-002	-2,229923685253774E-001	4,000000000000000E+000
-4,9370129E-002	-2,142618221955166E-001	4,000000000000000E+000
-4,8162706E-002	-2,041934487858290E-001	4,000000000000000E+000
-4,7242649E-002	-1,894473394172058E-001	4,000000000000000E+000
-4,6205629E-002	-1,813388394916231E-001	4,000000000000000E+000
-4,5281332E-002	-1,787813929668456E-001	4,000000000000000E+000
-4,4267025E-002	-1,774506882626430E-001	4,000000000000000E+000
-4,3242946E-002	-1,756968248497572E-001	4,000000000000000E+000
-4,2136088E-002	-1,727104597311053E-001	4,000000000000000E+000
-4,1106708E-002	-1,696351016699162E-001	4,000000000000000E+000
-4,0286001E-002	-1,661130593468738E-001	4,000000000000000E+000
-3,9228175E-002	-1,615026459201345E-001	4,000000000000000E+000
-3,8214296E-002	-1,555168527971822E-001	4,000000000000000E+000
-3,7253480E-002	-1,470617800951001E-001	4,000000000000000E+000
-3,6285028E-002	-1,347098400022979E-001	4,000000000000000E+000
-3,5313178E-002	-1,251858433329116E-001	4,000000000000000E+000
-3,4163859E-002	-1,210502209314319E-001	4,000000000000000E+000
-3,3338480E-002	-1,188822870004784E-001	4,000000000000000E+000
-3,2261975E-002	-1,162903407519611E-001	4,000000000000000E+000
-3,1215824E-002	-1,130613566514231E-001	4,000000000000000E+000
-3,0221898E-002	-1,094388975761833E-001	4,000000000000000E+000
-2,9357249E-002	-1,057541839502474E-001	4,000000000000000E+000
-2,8245928E-002	-1,013673879551111E-001	4,000000000000000E+000
-2,7327785E-002	-9,594644281875198E-002	4,000000000000000E+000
-2,6267415E-002	-8,875754141869652E-002	4,000000000000000E+000
-2,5216803E-002	-7,898689683147286E-002	4,000000000000000E+000
-2,4286773E-002	-6,896683578896819E-002	4,000000000000000E+000
-2,3291146E-002	-6,378423194918348E-002	4,000000000000000E+000
-2,2346042E-002	-6,049544220203862E-002	4,000000000000000E+000
-2,1223048E-002	-5,714909799603946E-002	4,000000000000000E+000
-2,0303741E-002	-5,228141705609025E-002	4,000000000000000E+000
-1,9210173E-002	-4,859708935557006E-002	4,000000000000000E+000
-1,8144498E-002	-4,462485968704466E-002	4,000000000000000E+000
-1,6812842E-002	-4,273978752048269E-002	4,000000000000000E+000
-1,5594631E-002	-3,045117020762222E-002	4,000000000000000E+000
-1,4740384E-002	-2,466731746810391E-002	4,000000000000000E+000
-1,3681283E-002	-1,602702624923369E-002	4,000000000000000E+000
-1,2693938E-002	-8,552411284418443E-003	4,000000000000000E+000
-1,1564998E-002	-3,958052091345761E-003	4,000000000000000E+000
-1,0680607E-002	-2,667483646603323E-005	4,000000000000000E+000
-9,6554738E-003	3,994837984565604E-003	4,000000000000000E+000
-8,7120691E-003	8,176932402420789E-003	4,000000000000000E+000
-7,7107092E-003	1,238670398877866E-002	4,000000000000000E+000
-6,7713372E-003	1,706004203555900E-002	4,000000000000000E+000
-5,6525874E-003	2,198042314611723E-002	4,000000000000000E+000
-4,6370071E-003	2,693333756178617E-002	4,000000000000000E+000
-3,6740717E-003	3,294349028039023E-002	4,000000000000000E+000
-2,7143208E-003	3,969144867301957E-002	4,000000000000000E+000
-1,6747521E-003	4,644053404788587E-002	4,000000000000000E+000
-7,8123284E-004	5,199404354034737E-002	4,000000000000000E+000
3,4546002E-004	5,652687977999449E-002	4,000000000000000E+000
1,7270369E-004	5,925792176276445E-002	5,000000000000000E+000
1,1938866E-003	6,141694874019832E-002	5,000000000000000E+000
2,1990654E-003	6,599147029703978E-002	5,000000000000000E+000
3,1017123E-003	7,069018417624406E-002	5,000000000000000E+000
4,2365952E-003	7,575543111845584E-002	5,000000000000000E+000
5,2963300E-003	8,048131216007026E-002	5,000000000000000E+000
6,1890003E-003	8,547726879758677E-002	5,000000000000000E+000
7,3198490E-003	9,071863056332941E-002	5,000000000000000E+000
8,2148546E-003	9,580881566809540E-002	5,000000000000000E+000
9,1754543E-003	1,014248312243993E-001	5,000000000000000E+000
1,0538407E-002	1,143650712238418E-001	5,000000000000000E+000
1,1966863E-002	1,170846035669526E-001	5,000000000000000E+000
1,2889674E-002	1,222176401082567E-001	5,000000000000000E+000
1,3933701E-002	1,273699267767369E-001	5,000000000000000E+000
1,4996834E-002	1,325212122389567E-001	5,000000000000000E+000
1,5950639E-002	1,374167913950424E-001	5,000000000000000E+000
1,7004855E-002	1,426367764188744E-001	5,000000000000000E+000
1,7907076E-002	1,472145485760713E-001	5,000000000000000E+000
1,8941978E-002	1,520701099221631E-001	5,000000000000000E+000
1,9915739E-002	1,558385621411382E-001	5,000000000000000E+000
2,0820932E-002	1,601681847435732E-001	5,000000000000000E+000
2,2046247E-002	1,661312125140317E-001	5,000000000000000E+000
2,2939339E-002	1,720555972963291E-001	5,000000000000000E+000
2,3868309E-002	1,778837379964959E-001	5,000000000000000E+000
2,4876250E-002	1,838454090369241E-001	5,000000000000000E+000
2,5924733E-002	1,893644932381535E-001	5,000000000000000E+000
2,6942011E-002	1,947694328199665E-001	5,000000000000000E+000
2,7873531E-002	2,000212527949494E-001	5,000000000000000E+000
2,8811840E-002	2,052022469816386E-001	5,000000000000000E+000
2,9893016E-002	2,093354079320480E-001	5,000000000000000E+000
3,1001361E-002	2,118481023030148E-001	5,000000000000000E+000
3,1813789E-002	2,142638517543674E-001	5,000000000000000E+000
3,2948460E-002	2,198811550452202E-001	5,000000000000000E+000
3,3889316E-002	2,266398891461661E-001	5,000000000000000E+000
3,4944173E-002	2,333494079540723E-001	5,000000000000000E+000
3,5932790E-002	2,396999596169709E-001	5,000000000000000E+000
3,6795102E-002	2,455761343999594E-001	5,000000000000000E+000
3,7897084E-002	2,515226374897694E-001	5,000000000000000E+000
3,8964249E-002	2,572411791317988E-001	5,000000000000000E+000
4,0013585E-002	2,623760913395223E-001	5,000000000000000E+000
4,0845111E-002	2,665494135408477E-001	5,000000000000000E+000
4,1877888E-002	2,685323978118876E-001	5,000000000000000E+000
4,2845462E-002	2,693312969403676E-001	5,000000000000000E+000
4,3788243E-002	2,734668619447849E-001	5,000000000000000E+000
4,5000173E-002	2,809227029620489E-001	5,000000000000000E+000
4,5802407E-002	2,887011501179249E-001	5,000000000000000E+000
4,6902690E-002	2,957069914512065E-001	5,000000000000000E+000
4,8043512E-002	3,018467410088139E-001	5,000000000000000E+000
4,8879296E-002	3,086850972915138E-001	5,000000000000000E+000
4,9936481E-002	3,144643354678052E-001	5,000000000000000E+000
5,0932106E-002	3,200727082719970E-001	5,000000000000000E+000
5,1886976E-002	3,241670055452879E-001	5,000000000000000E+000
5,3020377E-002	3,258194043128591E-001	5,000000000000000E+000
5,3941280E-002	3,239376520806989E-001	5,000000000000000E+000
5,4938812E-002	3,253188186014691E-001	5,000000000000000E+000
5,5833183E-002	3,329604046281291E-001	5,000000000000000E+000
5,6934729E-002	3,416143718555027E-001	5,000000000000000E+000
5,7845876E-002	3,498177646003953E-001	5,000000000000000E+000
5,8842566E-002	3,571978016170085E-001	5,000000000000000E+000
6,0000584E-002	3,641127586295760E-001	5,000000000000000E+000
6,0937408E-002	3,704352159122069E-001	5,000000000000000E+000
6,1916266E-002	3,769073319034995E-001	5,000000000000000E+000
6,2868364E-002	3,809124966393451E-001	5,000000000000000E+000
6,3920036E-002	3,827652584899357E-001	5,000000000000000E+000
6,4964071E-002	3,796318560424776E-001	5,000000000000000E+000
6,5917224E-002	3,773029365887250E-001	5,000000000000000E+000
6,6969953E-002	3,841373626211729E-001	5,000000000000000E+000
6,7961767E-002	3,941730847237286E-001	5,000000000000000E+000
6,8848923E-002	4,034316374885805E-001	5,000000000000000E+000
6,9854103E-002	4,117665377066091E-001	5,000000000000000E+000
7,0757389E-002	4,193639866317831E-001	5,000000000000000E+000
7,1867004E-002	4,266532295969898E-001	5,000000000000000E+000
7,2891735E-002	4,352513122613786E-001	5,000000000000000E+000
7,3786467E-002	4,397959598788495E-001	5,000000000000000E+000
7,4874021E-002	4,415108593939643E-001	5,000000000000000E+000
7,5762436E-002	4,381969264811947E-001	5,000000000000000E+000
7,6783493E-002	4,317033510261652E-001	5,000000000000000E+000
7,7820525E-002	4,364588443465802E-001	5,000000000000000E+000
7,8888960E-002	4,472309051564460E-001	5,000000000000000E+000
7,9945944E-002	4,578890180974102E-001	5,000000000000000E+000
8,0918223E-002	4,675032292941097E-001	5,000000000000000E+000
8,2005978E-002	4,757895887036003E-001	5,000000000000000E+000
8,2902469E-002	4,839222514656969E-001	5,000000000000000E+000
8,3977267E-002	4,911458932415202E-001	5,000000000000000E+000
8,4951662E-002	4,973602104518147E-001	5,000000000000000E+000
8,5837126E-002	4,993694710924668E-001	5,000000000000000E+000
8,6872652E-002	4,966401961390616E-001	5,000000000000000E+000
8,7921135E-002	4,863738972279772E-001	5,000000000000000E+000
8,8937148E-002	4,867190532386321E-001	5,000000000000000E+000
8,9922793E-002	4,979285461207237E-001	5,000000000000000E+000
9,0938590E-002	5,103933869136723E-001	5,000000000000000E+000
9,1869675E-002	5,218546189781659E-001	5,000000000000000E+000
9,2813939E-002	5,310553428889442E-001	5,000000000000000E+000
9,3800008E-002	5,403294615033603E-001	5,000000000000000E+000
9,4862290E-002	5,482286801906680E-001	5,000000000000000E+000
9,5799752E-002	5,553536011526994E-001	5,000000000000000E+000
9,6978568E-002	5,584446270432739E-001	5,000000000000000E+000
9,7864017E-002	5,558219111214076E-001	5,000000000000000E+000
9,8959640E-002	5,434299129992743E-001	5,000000000000000E+000
9,9955045E-002	5,377649798023505E-001	5,000000000000000E+000
1,0090885E-001	5,484733034477185E-001	5,000000000000000E+000
1,0177860E-001	5,625761694240357E-001	5,000000000000000E+000
1,0287910E-001	5,758984876037765E-001	5,000000000000000E+000
1,0387389E-001	5,888532000007469E-001	5,000000000000000E+000
1,0481661E-001	5,980342054670633E-001	5,000000000000000E+000
1,0588313E-001	6,071462627776258E-001	5,000000000000000E+000
1,0689850E-001	6,148725808080693E-001	5,000000000000000E+000
1,0784700E-001	6,189422637776092E-001	5,000000000000000E+000
1,0881058E-001	6,170059287989584E-001	5,000000000000000E+000
1,0985693E-001	6,041520845007009E-001	5,000000000000000E+000
1,1090204E-001	5,909854584821961E-001	5,000000000000000E+000
1,1194625E-001	5,993019412789087E-001	5,000000000000000E+000
1,1283235E-001	6,151416972969415E-001	5,000000000000000E+000
1,1375473E-001	6,306381727120396E-001	5,000000000000000E+000
1,1481342E-001	6,436673546968796E-001	5,000000000000000E+000
1,1572986E-001	6,546935016910229E-001	5,000000000000000E+000
1,1686219E-001	6,651961852416970E-001	5,000000000000000E+000
1,1786143E-001	6,741033832508130E-001	5,000000000000000E+000
1,1881121E-001	6,806394425393245E-001	5,000000000000000E+000
1,1993377E-001	6,790461623696284E-001	5,000000000000000E+000
1,2091411E-001	6,674870994217983E-001	5,000000000000000E+000
1,2191802E-001	6,468400206692770E-001	5,000000000000000E+000
1,2283979E-001	6,494790876491208E-001	5,000000000000000E+000
1,2379400E-001	6,672816079937753E-001	5,000000000000000E+000
1,2486479E-001	6,847537216488981E-001	5,000000000000000E+000
1,2578887E-001	7,005028389394248E-001	5,000000000000000E+000
1,2682907E-001	7,129258892188517E-001	5,000000000000000E+000
1,2785675E-001	7,253200560808182E-001	5,000000000000000E+000
1,2882394E-001	7,353543226641612E-001	5,000000000000000E+000
1,2981425E-001	7,432524975113317E-001	5,000000000000000E+000
1,3081923E-001	7,429542624288139E-001	5,000000000000000E+000
1,3187896E-001	7,333436760085590E-001	5,000000000000000E+000
1,3293126E-001	7,063654140327822E-001	5,000000000000000E+000
1,3376747E-001	6,993752335094712E-001	5,000000000000000E+000
1,3478793E-001	7,173561067492873E-001	5,000000000000000E+000
1,3594213E-001	7,384901892531772E-001	5,000000000000000E+000
1,3687414E-001	7,598447018751386E-001	5,000000000000000E+000
1,3782190E-001	7,729260117781394E-001	5,000000000000000E+000
1,3885510E-001	7,864321400583858E-001	5,000000000000000E+000
1,3984329E-001	7,983226611934313E-001	5,000000000000000E+000
1,4076398E-001	8,077518368760719E-001	5,000000000000000E+000
1,4191437E-001	8,093220922682036E-001	5,000000000000000E+000
1,4293951E-001	8,002050176814706E-001	5,000000000000000E+000
1,4393874E-001	7,712777344578958E-001	5,000000000000000E+000
1,4483738E-001	7,517792446708276E-001	5,000000000000000E+000
1,4582722E-001	7,676663760233851E-001	5,000000000000000E+000
1,4676510E-001	7,918433886435317E-001	5,000000000000000E+000
1,4784670E-001	8,142633490540412E-001	5,000000000000000E+000
1,4876483E-001	8,325597977748647E-001	5,000000000000000E+000
1,4989187E-001	8,472648537545275E-001	5,000000000000000E+000
1,5083273E-001	8,610917484318819E-001	5,000000000000000E+000
1,5173793E-001	8,718719773546368E-001	5,000000000000000E+000
1,5281187E-001	8,757961800804850E-001	5,000000000000000E+000
1,5390302E-001	8,677342073233110E-001	5,000000000000000E+000
1,5481481E-001	8,397851815378239E-001	5,000000000000000E+000
1,5583782E-001	8,073424938376306E-001	5,000000000000000E+000
1,5669844E-001	8,171708880475297E-001	5,000000000000000E+000
1,5782332E-001	8,442047693663177E-001	5,000000000000000E+000
1,5885229E-001	8,702624786507229E-001	5,000000000000000E+000
1,5987000E-001	8,924382621491471E-001	5,000000000000000E+000
1,6086726E-001	9,109831002575399E-001	5,000000000000000E+000
1,6174044E-001	9,263283283346198E-001	5,000000000000000E+000
1,6286065E-001	9,390660207028745E-001	5,000000000000000E+000
1,6380915E-001	9,472267580805016E-001	5,000000000000000E+000
1,6490032E-001	9,405547660534026E-001	5,000000000000000E+000
1,6570872E-001	9,161827482834992E-001	5,000000000000000E+000
1,6686535E-001	8,709702123208416E-001	5,000000000000000E+000
1,6773616E-001	8,692033744796568E-001	5,000000000000000E+000
1,6876754E-001	8,986402352650913E-001	5,000000000000000E+000
1,6986164E-001	9,286495190527688E-001	5,000000000000000E+000
1,7088677E-001	9,549813963196927E-001	5,000000000000000E+000
1,7171831E-001	9,746849190581734E-001	5,000000000000000E+000
1,7284533E-001	9,928081558534383E-001	5,000000000000000E+000
1,7379446E-001	1,007369146992763E+000	5,000000000000000E+000
1,7489369E-001	1,018150192443967E+000	5,000000000000000E+000
1,7586830E-001	1,013589380102024E+000	5,000000000000000E+000
1,7683059E-001	9,925766934951135E-001	5,000000000000000E+000
1,7785276E-001	9,395838913818193E-001	5,000000000000000E+000
1,7880593E-001	9,197101238425152E-001	5,000000000000000E+000
1,7973576E-001	9,482335877363326E-001	5,000000000000000E+000
1,8081735E-001	9,838194500792845E-001	5,000000000000000E+000
1,8175142E-001	1,015777360923865E+000	5,000000000000000E+000
1,8289074E-001	1,038644664403466E+000	5,000000000000000E+000
1,8382667E-001	1,060955969409804E+000	5,000000000000000E+000
1,8480216E-001	1,077725983604237E+000	5,000000000000000E+000
1,8585256E-001	1,091347962617874E+000	5,000000000000000E+000
1,8692714E-001	1,090728293414474E+000	5,000000000000000E+000
1,8786268E-001	1,070933247881909E+000	5,000000000000000E+000
1,8881717E-001	1,015994187580542E+000	5,000000000000000E+000
1,8983430E-001	9,740118613397666E-001	5,000000000000000E+000
1,9075114E-001	9,984216132649668E-001	5,000000000000000E+000
1,9172722E-001	1,039082978334694E+000	5,000000000000000E+000
1,9290172E-001	1,075459043046944E+000	5,000000000000000E+000
1,9408837E-001	1,103699419951004E+000	5,000000000000000E+000
1,9547470E-001	1,127692599125488E+000	5,000000000000000E+000
1,9646543E-001	1,144387324099181E+000	5,000000000000000E+000
1,9750865E-001	1,156086691413762E+000	5,000000000000000E+000
1,9854440E-001	1,146473983509674E+000	5,000000000000000E+000
1,9950329E-001	1,112466934516476E+000	5,000000000000000E+000
2,0018925E-001	1,056265106114249E+000	5,000000000000000E+000
2,0053893E-001	1,061694860458374E+000	5,000000000000000E+000
2,0053090E-001	1,032986899216970E+000	5,000000000000000E+000
1,9991297E-001	1,008601931372176E+000	5,000000000000000E+000
1,9884816E-001	1,013416134648853E+000	5,000000000000000E+000
1,9787246E-001	1,042112244086141E+000	5,000000000000000E+000
1,9687431E-001	1,066707828668534E+000	5,000000000000000E+000
1,9590127E-001	1,082997832066898E+000	5,000000000000000E+000
1,9486345E-001	1,089873444564915E+000	5,000000000000000E+000
1,9393027E-001	1,096747295999966E+000	5,000000000000000E+000
1,9287461E-001	1,097727677060503E+000	5,000000000000000E+000
1,9185759E-001	1,089486112887110E+000	5,000000000000000E+000
1,9081864E-001	1,060476102210860E+000	5,000000000000000E+000
1,8992111E-001	1,003208030843072E+000	5,000000000000000E+000
1,8885730E-001	9,307824065563857E-001	5,000000000000000E+000
1,8789564E-001	9,245622350798506E-001	5,000000000000000E+000
1,8687588E-001	9,514645889953357E-001	5,000000000000000E+000
1,8584718E-001	9,757677516727572E-001	5,000000000000000E+000
1,8487366E-001	9,953802752274044E-001	5,000000000000000E+000
1,8388379E-001	1,004499344500127E+000	5,000000000000000E+000
1,8283702E-001	1,011729161358542E+000	5,000000000000000E+000
1,8190214E-001	1,013946858545147E+000	5,000000000000000E+000
1,8088701E-001	1,010247957927207E+000	5,000000000000000E+000
1,7991136E-001	9,899165383367645E-001	5,000000000000000E+000
1,7888995E-001	9,488741402272822E-001	5,000000000000000E+000
1,7790401E-001	8,799924563478498E-001	5,000000000000000E+000
1,7691626E-001	8,569284841694245E-001	5,000000000000000E+000
1,7590001E-001	8,765054666609657E-001	5,000000000000000E+000
1,7488381E-001	9,003268676223541E-001	5,000000000000000E+000
1,7387673E-001	9,187248662390104E-001	5,000000000000000E+000
1,7287536E-001	9,276536280910186E-001	5,000000000000000E+000
1,7190798E-001	9,343402826166205E-001	5,000000000000000E+000
1,7083994E-001	9,384564754274368E-001	5,000000000000000E+000
1,6984673E-001	9,360472173602492E-001	5,000000000000000E+000
1,6887042E-001	9,221719926982068E-001	5,000000000000000E+000
1,6792023E-001	8,915367080933532E-001	5,000000000000000E+000
1,6691844E-001	8,334214329995469E-001	5,000000000000000E+000
1,6590542E-001	7,970139047613856E-001	5,000000000000000E+000
1,6488919E-001	8,089460727793195E-001	5,000000000000000E+000
1,6391586E-001	8,284270800650146E-001	5,000000000000000E+000
1,6288817E-001	8,458045937672818E-001	5,000000000000000E+000
1,6186325E-001	8,554297424852884E-001	5,000000000000000E+000
1,6088101E-001	8,608134187482044E-001	5,000000000000000E+000
1,5986289E-001	8,648367474476513E-001	5,000000000000000E+000
1,5890270E-001	8,637970310670298E-001	5,000000000000000E+000
1,5787864E-001	8,543051735118539E-001	5,000000000000000E+000
1,5686242E-001	8,312651920649756E-001	5,000000000000000E+000
1,5589520E-001	7,867809014601841E-001	5,000000000000000E+000
1,5487629E-001	7,416336015556730E-001	5,000000000000000E+000
1,5387960E-001	7,440083535319149E-001	5,000000000000000E+000
1,5287845E-001	7,601824317955330E-001	5,000000000000000E+000
1,5189578E-001	7,740501487558600E-001	5,000000000000000E+000
1,5084191E-001	7,845912059214957E-001	5,000000000000000E+000
1,4987864E-001	7,884005116367803E-001	5,000000000000000E+000
1,4893304E-001	7,928937447867366E-001	5,000000000000000E+000
1,4786074E-001	7,929267135483258E-001	5,000000000000000E+000
1,4683686E-001	7,877564783449529E-001	5,000000000000000E+000
1,4587986E-001	7,699677219131518E-001	5,000000000000000E+000
1,4488193E-001	7,375321031582551E-001	5,000000000000000E+000
1,4390285E-001	6,930874097678403E-001	5,000000000000000E+000
1,4288874E-001	6,842244203995769E-001	5,000000000000000E+000
1,4186403E-001	6,970169046134869E-001	5,000000000000000E+000
1,4088731E-001	7,093567768870690E-001	5,000000000000000E+000
1,3990697E-001	7,173345069642425E-001	5,000000000000000E+000
1,3886718E-001	7,227750866225477E-001	5,000000000000000E+000
1,3787855E-001	7,252152331725288E-001	5,000000000000000E+000
1,3692284E-001	7,256351463772628E-001	5,000000000000000E+000
1,3590471E-001	7,221594766058281E-001	5,000000000000000E+000
1,3493392E-001	7,096833388010673E-001	5,000000000000000E+000
1,3391453E-001	6,853884508902302E-001	5,000000000000000E+000
1,3287579E-001	6,443791187333847E-001	5,000000000000000E+000
1,3193053E-001	6,253700957254154E-001	5,000000000000000E+000
1,3087058E-001	6,324951601801097E-001	5,000000000000000E+000
1,2986308E-001	6,422582893886564E-001	5,000000000000000E+000
1,2885700E-001	6,514824087804909E-001	5,000000000000000E+000
1,2784651E-001	6,547367534060689E-001	5,000000000000000E+000
1,2687309E-001	6,576778761076696E-001	5,000000000000000E+000
1,2586387E-001	6,571091588034683E-001	5,000000000000000E+000
1,2487673E-001	6,557483208814157E-001	5,000000000000000E+000
1,2387010E-001	6,459764331855142E-001	5,000000000000000E+000
1,2287128E-001	6,276028238374876E-001	5,000000000000000E+000
1,2192512E-001	5,941909495741142E-001	5,000000000000000E+000
1,2090231E-001	5,692237783223391E-001	5,000000000000000E+000
1,1985192E-001	5,722682057293476E-001	5,000000000000000E+000
1,1886033E-001	5,803241118512773E-001	5,000000000000000E+000
1,1788572E-001	5,868816302606366E-001	5,000000000000000E+000
1,1688542E-001	5,910947374585578E-001	5,000000000000000E+000
1,1589553E-001	5,928414504699182E-001	5,000000000000000E+000
1,1484958E-001	5,925859852383542E-001	5,000000000000000E+000
1,1385565E-001	5,905183444006585E-001	5,000000000000000E+000
1,1288147E-001	5,842739414699647E-001	5,000000000000000E+000
1,1188798E-001	5,698686851257539E-001	5,000000000000000E+000
1,1086369E-001	5,433966335323124E-001	5,000000000000000E+000
1,0988145E-001	5,163007508963346E-001	5,000000000000000E+000
1,0884103E-001	5,129184681508274E-001	5,000000000000000E+000
1,0788573E-001	5,184607034618107E-001	5,000000000000000E+000
1,0681070E-001	5,240394908382946E-001	5,000000000000000E+000
1,0588662E-001	5,277011316545597E-001	5,000000000000000E+000
1,0487933E-001	5,283239535573467E-001	5,000000000000000E+000
1,0388583E-001	5,284371379486950E-001	5,000000000000000E+000
1,0288765E-001	5,261046711907333E-001	5,000000000000000E+000
1,0186315E-001	5,212553142811414E-001	5,000000000000000E+000
1,0090318E-001	5,112864937357346E-001	5,000000000000000E+000
9,9886239E-002	4,916546747640336E-001	5,000000000000000E+000
9,8502368E-002	4,331565643971178E-001	5,000000000000000E+000
9,7239278E-002	4,435301947372938E-001	5,000000000000000E+000
9,6153855E-002	4,486894159819252E-001	5,000000000000000E+000
9,5212586E-002	4,518961805022439E-001	5,000000000000000E+000
9,4076209E-002	4,532254773571527E-001	5,000000000000000E+000
9,3149573E-002	4,526217118319549E-001	5,000000000000000E+000
9,2145242E-002	4,514712598864676E-001	5,000000000000000E+000
9,1212451E-002	4,488273095339537E-001	5,000000000000000E+000
9,0209603E-002	4,425064862740249E-001	5,000000000000000E+000
8,9204848E-002	4,306749204794569E-001	5,000000000000000E+000
8,8021353E-002	4,105209070775242E-001	5,000000000000000E+000
8,7180488E-002	3,893816989536081E-001	5,000000000000000E+000
8,6094856E-002	3,858255583241021E-001	5,000000000000000E+000
8,5090950E-002	3,884054905286547E-001	5,000000000000000E+000
8,4110819E-002	3,908596887011773E-001	5,000000000000000E+000
8,3119653E-002	3,915416511051619E-001	5,000000000000000E+000
8,2240142E-002	3,906796203098377E-001	5,000000000000000E+000
8,1267655E-002	3,890435732556168E-001	5,000000000000000E+000
8,0209196E-002	3,866402290899442E-001	5,000000000000000E+000
7,9174504E-002	3,816581149068154E-001	5,000000000000000E+000
7,8103736E-002	3,719136275833979E-001	5,000000000000000E+000
7,7121906E-002	3,562775707148296E-001	5,000000000000000E+000
7,6231606E-002	3,348093379840815E-001	5,000000000000000E+000
7,5160399E-002	3,272237695270679E-001	5,000000000000000E+000
7,4258186E-002	3,279426488335488E-001	5,000000000000000E+000
7,3084876E-002	3,290115846320991E-001	5,000000000000000E+000
7,2208762E-002	3,297206779459019E-001	5,000000000000000E+000
7,1143724E-002	3,283061664551501E-001	5,000000000000000E+000
7,0157431E-002	3,263880327619881E-001	5,000000000000000E+000
6,9153316E-002	3,234597437290681E-001	5,000000000000000E+000
6,8118833E-002	3,192653367985733E-001	5,000000000000000E+000
6,7302808E-002	3,112423945287306E-001	5,000000000000000E+000
6,6261545E-002	2,993819613906519E-001	5,000000000000000E+000
6,5102033E-002	2,812911613188960E-001	5,000000000000000E+000
6,4146526E-002	2,706275887235447E-001	5,000000000000000E+000
6,3174039E-002	2,692264628217179E-001	5,000000000000000E+000
6,2168013E-002	2,695280389722301E-001	5,000000000000000E+000
6,1174504E-002	2,690777435070943E-001	5,000000000000000E+000
6,0193531E-002	2,672253256249765E-001	5,000000000000000E+000
5,9215520E-002	2,649388039760578E-001	5,000000000000000E+000
5,8187626E-002	2,616975027722901E-001	5,000000000000000E+000
5,7239771E-002	2,580538196489233E-001	5,000000000000000E+000
5,6145854E-002	2,517687438607776E-001	5,000000000000000E+000
5,5097159E-002	2,421452211630011E-001	5,000000000000000E+000
5,4196417E-002	2,274376951089065E-001	5,000000000000000E+000
5,3065788E-002	2,152457335894855E-001	5,000000000000000E+000
5,2264184E-002	2,116076447483564E-001	5,000000000000000E+000
5,1157530E-002	2,107609330021121E-001	5,000000000000000E+000
5,0202876E-002	2,093714970267486E-001	5,000000000000000E+000
4,9184114E-002	2,072823186991394E-001	5,000000000000000E+000
4,8251752E-002	2,042285968997970E-001	5,000000000000000E+000
4,7094572E-002	2,011430062077668E-001	5,000000000000000E+000
4,6181742E-002	1,972072044628908E-001	5,000000000000000E+000
4,5219865E-002	1,916675629887594E-001	5,000000000000000E+000
4,4281770E-002	1,839570117665943E-001	5,000000000000000E+000
4,3258019E-002	1,705571302833659E-001	5,000000000000000E+000
4,2220496E-002	1,585355361026743E-001	5,000000000000000E+000
4,1212350E-002	1,531209926189923E-001	5,000000000000000E+000
4,0194642E-002	1,512337070372372E-001	5,000000000000000E+000
3,9142970E-002	1,488443902797169E-001	5,000000000000000E+000
3,8161781E-002	1,465349056826972E-001	5,000000000000000E+000
3,7220921E-002	1,431847695709660E-001	5,000000000000000E+000
3,6167346E-002	1,397327061535587E-001	5,000000000000000E+000
3,5166837E-002	1,358451990721129E-001	5,000000000000000E+000
3,4180760E-002	1,308539617910149E-001	5,000000000000000E+000
3,3265803E-002	1,241402665532569E-001	5,000000000000000E+000
3,2239396E-002	1,149206271360597E-001	5,000000000000000E+000
3,1292807E-002	1,035387267669052E-001	5,000000000000000E+000
3,0294638E-002	9,666869191763305E-002	5,000000000000000E+000
2,9205177E-002	9,334115609871585E-002	5,000000000000000E+000
2,8261561E-002	9,037176217814857E-002	5,000000000000000E+000
2,7217960E-002	8,770421767365866E-002	5,000000000000000E+000
2,6278377E-002	8,338387819282977E-002	5,000000000000000E+000
2,5246877E-002	7,981055722295971E-002	5,000000000000000E+000
2,4198392E-002	7,550622370197502E-002	5,000000000000000E+000
2,3157550E-002	7,082776962434556E-002	5,000000000000000E+000
2,2256389E-002	6,482216084582948E-002	5,000000000000000E+000
2,1266919E-002	5,736510250372429E-002	5,000000000000000E+000
1,9971482E-002	4,874361646879047E-002	5,000000000000000E+000
1,8708775E-002	3,816384202973167E-002	5,000000000000000E+000
1,7498745E-002	3,387865876882434E-002	5,000000000000000E+000
1,6666148E-002	2,991963868219139E-002	5,000000000000000E+000
1,5626155E-002	2,617754111782211E-002	5,000000000000000E+000
1,4594229E-002	2,192410897825736E-002	5,000000000000000E+000
1,3482272E-002	1,762494960523869E-002	5,000000000000000E+000
1,2545024E-002	1,313769566628190E-002	5,000000000000000E+000
1,1624742E-002	5,806983722626044E-003	5,000000000000000E+000
1,0768423E-002	1,434040461516727E-003	5,000000000000000E+000
9,7600603E-003	-5,592281871671462E-003	5,000000000000000E+000
8,7323785E-003	-1,309769138741240E-002	5,000000000000000E+000
7,7760243E-003	-1,920953623657284E-002	5,000000000000000E+000
6,6356231E-003	-2,381652285112074E-002	5,000000000000000E+000
5,7440139E-003	-2,805982522356017E-002	5,000000000000000E+000
4,6008527E-003	-3,219328008385164E-002	5,000000000000000E+000
3,8395848E-003	-3,692370591495459E-002	5,000000000000000E+000
2,5616249E-003	-4,153560117076811E-002	5,000000000000000E+000
1,6980375E-003	-4,621577499589602E-002	5,000000000000000E+000
8,2319911E-004	-5,108190250272532E-002	5,000000000000000E+000
-2,4906042E-004	-5,666158693256182E-002	5,000000000000000E+000
-1,2606081E-003	-6,223870815571258E-002	5,000000000000000E+000
-2,1590099E-003	-6,825432193431012E-002	5,000000000000000E+000
-3,1631277E-003	-7,412041668538683E-002	5,000000000000000E+000
-4,2455774E-003	-7,951872278418826E-002	5,000000000000000E+000
-5,3178370E-003	-8,445172054106692E-002	5,000000000000000E+000
-6,1950115E-003	-8,938722789322062E-002	5,000000000000000E+000
-7,3052691E-003	-9,425387524620257E-002	5,000000000000000E+000
-8,3507821E-003	-9,908396751550826E-002	5,000000000000000E+000
-9,2564011E-003	-1,041233317443617E-001	5,000000000000000E+000
-1,0602151E-002	-1,157062694430353E-001	5,000000000000000E+000
-1,2027464E-002	-1,179784491520226E-001	5,000000000000000E+000
-1,2913766E-002	-1,227594108872668E-001	5,000000000000000E+000
-1,3893259E-002	-1,270082183182237E-001	5,000000000000000E+000
-1,4950023E-002	-1,325658850406329E-001	5,000000000000000E+000
-1,5958386E-002	-1,384564651245320E-001	5,000000000000000E+000
-1,6922595E-002	-1,439199933644244E-001	5,000000000000000E+000
-1,7890837E-002	-1,493157342559206E-001	5,000000000000000E+000
-1,8958511E-002	-1,571620583741200E-001	5,000000000000000E+000
-1,9949136E-002	-1,611987047449310E-001	5,000000000000000E+000
-2,0898061E-002	-1,663031879708995E-001	5,000000000000000E+000
-2,1994945E-002	-1,713436391825471E-001	5,000000000000000E+000
-2,2950877E-002	-1,759467941053487E-001	5,000000000000000E+000
-2,3995962E-002	-1,801710951624926E-001	5,000000000000000E+000
-2,4957841E-002	-1,826185815864139E-001	5,000000000000000E+000
-2,5927141E-002	-1,873063994399100E-001	5,000000000000000E+000
-2,7041644E-002	-1,935259736384509E-001	5,000000000000000E+000
-2,8004371E-002	-1,999653255291001E-001	5,000000000000000E+000
-2,8943317E-002	-2,057894638015163E-001	5,000000000000000E+000
-2,9920898E-002	-2,117003578416727E-001	5,000000000000000E+000
-3,0958558E-002	-2,174375603596372E-001	5,000000000000000E+000
-3,1921282E-002	-2,231369702904296E-001	5,000000000000000E+000
-3,3044491E-002	-2,284893614274481E-001	5,000000000000000E+000
-3,3938434E-002	-2,332369485456072E-001	5,000000000000000E+000
-3,4918778E-002	-2,370369088042668E-001	5,000000000000000E+000
-3,5916734E-002	-2,375419840423589E-001	5,000000000000000E+000
-3,7007470E-002	-2,405095261487141E-001	5,000000000000000E+000
-3,7897162E-002	-2,471048580482607E-001	5,000000000000000E+000
-3,8982585E-002	-2,540608990799500E-001	5,000000000000000E+000
-3,9925568E-002	-2,610470636713277E-001	5,000000000000000E+000
-4,0960461E-002	-2,674362603574996E-001	5,000000000000000E+000
-4,1840818E-002	-2,735525091627138E-001	5,000000000000000E+000
-4,2940252E-002	-2,795913516440315E-001	5,000000000000000E+000
-4,3946069E-002	-2,854030770077198E-001	5,000000000000000E+000
-4,4916227E-002	-2,903372415996812E-001	5,000000000000000E+000
-4,6052802E-002	-2,936425833376473E-001	5,000000000000000E+000
-4,6964154E-002	-2,940273686415624E-001	5,000000000000000E+000
-4,8027284E-002	-2,934325353966817E-001	5,000000000000000E+000
-4,8839498E-002	-2,993839084067272E-001	5,000000000000000E+000
-4,9910273E-002	-3,074616152034308E-001	5,000000000000000E+000
-5,0875995E-002	-3,169794645574362E-001	5,000000000000000E+000
-5,1909354E-002	-3,237811050688229E-001	5,000000000000000E+000
-5,2913465E-002	-3,301248493155939E-001	5,000000000000000E+000
-5,3865571E-002	-3,366168799844611E-001	5,000000000000000E+000
-5,4882005E-002	-3,428262071339070E-001	5,000000000000000E+000
-5,5898435E-002	-3,481349772601217E-001	5,000000000000000E+000
-5,6969002E-002	-3,511446294271279E-001	5,000000000000000E+000
-5,7855301E-002	-3,513591712409703E-001	5,000000000000000E+000
-5,8937542E-002	-3,478266940003749E-001	5,000000000000000E+000
-5,9891135E-002	-3,516004169359803E-001	5,000000000000000E+000
-6,0992684E-002	-3,605320900333702E-001	5,000000000000000E+000
-6,2043503E-002	-3,692007304893594E-001	5,000000000000000E+000
-6,3001134E-002	-3,778751532167757E-001	5,000000000000000E+000
-6,3976809E-002	-3,849943984230890E-001	5,000000000000000E+000
-6,4862683E-002	-3,922098523212783E-001	5,000000000000000E+000
-6,5879539E-002	-3,989492503719188E-001	5,000000000000000E+000
-6,6877916E-002	-4,047811291422003E-001	5,000000000000000E+000
-6,7817725E-002	-4,080598133581681E-001	5,000000000000000E+000
-6,8928622E-002	-4,083509645252317E-001	5,000000000000000E+000
-6,9969669E-002	-4,023957388406547E-001	5,000000000000000E+000
-7,0919447E-002	-4,034109209422709E-001	5,000000000000000E+000
-7,1994886E-002	-4,121078068597459E-001	5,000000000000000E+000
-7,2927043E-002	-4,221965352556214E-001	5,000000000000000E+000
-7,3959611E-002	-4,317489716879770E-001	5,000000000000000E+000
-7,4849524E-002	-4,400785365314404E-001	5,000000000000000E+000
-7,5945124E-002	-4,480100139561642E-001	5,000000000000000E+000
-7,6894268E-002	-4,553648658372698E-001	5,000000000000000E+000
-7,7929363E-002	-4,620164178863746E-001	5,000000000000000E+000
-7,8945167E-002	-4,662588717484937E-001	5,000000000000000E+000
-7,9778396E-002	-4,666171994198240E-001	5,000000000000000E+000
-8,0988213E-002	-4,594159242179661E-001	5,000000000000000E+000
-8,1899136E-002	-4,553196448142872E-001	5,000000000000000E+000
-8,3006427E-002	-4,632910609383281E-001	5,000000000000000E+000
-8,3981894E-002	-4,748012233111600E-001	5,000000000000000E+000
-8,4964141E-002	-4,882995662175915E-001	5,000000000000000E+000
-8,5967161E-002	-4,964710156674739E-001	5,000000000000000E+000
-8,6982533E-002	-5,048261302074910E-001	5,000000000000000E+000
-8,7886661E-002	-5,132730763957483E-001	5,000000000000000E+000
-8,8973582E-002	-5,206805315144631E-001	5,000000000000000E+000
-8,9873463E-002	-5,255893643393570E-001	5,000000000000000E+000
-9,0943597E-002	-5,258483149249233E-001	5,000000000000000E+000
-9,1931783E-002	-5,197033386125618E-001	5,000000000000000E+000
-9,2886664E-002	-5,091238587542821E-001	5,000000000000000E+000
-9,4028763E-002	-5,142433632993030E-001	5,000000000000000E+000
-9,4893627E-002	-5,269823244048464E-001	5,000000000000000E+000
-9,5924281E-002	-5,401781151002223E-001	5,000000000000000E+000
-9,6877873E-002	-5,514907200165373E-001	5,000000000000000E+000
-9,7902581E-002	-5,613079146930451E-001	5,000000000000000E+000
-9,8933861E-002	-5,701907088083225E-001	5,000000000000000E+000
-9,9896386E-002	-5,786131648691693E-001	5,000000000000000E+000
-1,0080944E-001	-5,850825249734859E-001	5,000000000000000E+000
-1,0194857E-001	-5,860822798201293E-001	5,000000000000000E+000
-1,0288941E-001	-5,799465785837827E-001	5,000000000000000E+000
-1,0388802E-001	-5,645107059153147E-001	5,000000000000000E+000
-1,0490104E-001	-5,646782071778080E-001	5,000000000000000E+000
-1,0582385E-001	-5,783618865189730E-001	5,000000000000000E+000
-1,0688531E-001	-5,931327184317325E-001	5,000000000000000E+000
-1,0786077E-001	-6,070793217254997E-001	5,000000000000000E+000
-1,0892028E-001	-6,181422431987742E-001	5,000000000000000E+000
-1,0985775E-001	-6,282136524441064E-001	5,000000000000000E+000
-1,1091956E-001	-6,382831805558089E-001	5,000000000000000E+000
-1,1191137E-001	-6,457318066170923E-001	5,000000000000000E+000
-1,1301441E-001	-6,476005436507633E-001	5,000000000000000E+000
-1,1395061E-001	-6,426321984165240E-001	5,000000000000000E+000
-1,1490052E-001	-6,237113985559368E-001	5,000000000000000E+000
-1,1578722E-001	-6,167774864093025E-001	5,000000000000000E+000
-1,1690214E-001	-6,297938731947452E-001	5,000000000000000E+000
-1,1791758E-001	-6,469790358786214E-001	5,000000000000000E+000
-1,1887138E-001	-6,629823454552207E-001	5,000000000000000E+000
-1,1978996E-001	-6,759842825984528E-001	5,000000000000000E+000
-1,2093609E-001	-6,874910679956310E-001	5,000000000000000E+000
-1,2188033E-001	-6,982977997373642E-001	5,000000000000000E+000
-1,2287363E-001	-7,071704981089750E-001	5,000000000000000E+000
-1,2385185E-001	-7,111591901630181E-001	5,000000000000000E+000
-1,2493897E-001	-7,069841168682887E-001	5,000000000000000E+000
-1,2588261E-001	-6,875222281173392E-001	5,000000000000000E+000
-1,2687525E-001	-6,715621322531407E-001	5,000000000000000E+000
-1,2785538E-001	-6,816542260348797E-001	5,000000000000000E+000
-1,2895525E-001	-7,009095639266372E-001	5,000000000000000E+000
-1,2997805E-001	-7,196846936863892E-001	5,000000000000000E+000
-1,3069175E-001	-7,352728784360263E-001	5,000000000000000E+000
-1,3186017E-001	-7,480869608482870E-001	5,000000000000000E+000
-1,3279149E-001	-7,603680163070017E-001	5,000000000000000E+000
-1,3384548E-001	-7,702237606324545E-001	5,000000000000000E+000
-1,3488166E-001	-7,761984178451478E-001	5,000000000000000E+000
-1,3595264E-001	-7,725228972181171E-001	5,000000000000000E+000
-1,3701536E-001	-7,555446360536191E-001	5,000000000000000E+000
-1,3777004E-001	-7,279585919998279E-001	5,000000000000000E+000
-1,3874550E-001	-7,318150355584097E-001	5,000000000000000E+000
-1,3986233E-001	-7,530074432768217E-001	5,000000000000000E+000
-1,4082038E-001	-7,752626819743007E-001	5,000000000000000E+000
-1,4187725E-001	-7,958899795733139E-001	5,000000000000000E+000
-1,4288887E-001	-8,098242226298211E-001	5,000000000000000E+000
-1,4385541E-001	-8,235084195103894E-001	5,000000000000000E+000
-1,4491284E-001	-8,355766696234550E-001	5,000000000000000E+000
-1,4588998E-001	-8,434613547115397E-001	5,000000000000000E+000
-1,4685568E-001	-8,407977789088548E-001	5,000000000000000E+000
-1,4785491E-001	-8,255415836142177E-001	5,000000000000000E+000
-1,4890788E-001	-7,899999135675353E-001	5,000000000000000E+000
-1,4987208E-001	-7,829126245859586E-001	5,000000000000000E+000
-1,5094046E-001	-8,052314931043885E-001	5,000000000000000E+000
-1,5185140E-001	-8,306426582513033E-001	5,000000000000000E+000
-1,5284064E-001	-8,536488736669234E-001	5,000000000000000E+000
-1,5381567E-001	-8,709705531321186E-001	5,000000000000000E+000
-1,5488900E-001	-8,868657694094644E-001	5,000000000000000E+000
-1,5586871E-001	-9,001787749153589E-001	5,000000000000000E+000
-1,5686478E-001	-9,106240879606328E-001	5,000000000000000E+000
-1,5793131E-001	-9,100637645633114E-001	5,000000000000000E+000
-1,5897532E-001	-8,967632336748999E-001	5,000000000000000E+000
-1,5998666E-001	-8,575305814544327E-001	5,000000000000000E+000
-1,6082583E-001	-8,371672450944203E-001	5,000000000000000E+000
-1,6198385E-001	-8,568317352069750E-001	5,000000000000000E+000
-1,6286740E-001	-8,860341525740107E-001	5,000000000000000E+000
-1,6392989E-001	-9,129124338980077E-001	5,000000000000000E+000
-1,6495396E-001	-9,339090162129349E-001	5,000000000000000E+000
-1,6585054E-001	-9,529686606040726E-001	5,000000000000000E+000
-1,6678873E-001	-9,677218571305239E-001	5,000000000000000E+000
-1,6783191E-001	-9,805968863268708E-001	5,000000000000000E+000
-1,6872904E-001	-9,840965559361159E-001	5,000000000000000E+000
-1,6992271E-001	-9,719740280674554E-001	5,000000000000000E+000
-1,7081676E-001	-9,336266358310503E-001	5,000000000000000E+000
-1,7191270E-001	-8,956538634719653E-001	5,000000000000000E+000
-1,7293186E-001	-9,078783398425108E-001	5,000000000000000E+000
-1,7377196E-001	-9,415998036662749E-001	5,000000000000000E+000
-1,7479424E-001	-9,726541205136865E-001	5,000000000000000E+000
-1,7579837E-001	-9,990207930957844E-001	5,000000000000000E+000
-1,7675175E-001	-1,018101474753129E+000	5,000000000000000E+000
-1,7778197E-001	-1,037321822924747E+000	5,000000000000000E+000
-1,7882772E-001	-1,051599006685944E+000	5,000000000000000E+000
-1,7980231E-001	-1,058439125341399E+000	5,000000000000000E+000
-1,8084295E-001	-1,047763721534499E+000	5,000000000000000E+000
-1,8182032E-001	-1,013944478498567E+000	5,000000000000000E+000
-1,8295158E-001	-9,575009944814196E-001	5,000000000000000E+000
-1,8380222E-001	-9,581997053766749E-001	5,000000000000000E+000
-1,8484136E-001	-9,923667157137839E-001	5,000000000000000E+000
-1,8582511E-001	-1,031190356170690E+000	5,000000000000000E+000
-1,8673712E-001	-1,062511718521517E+000	5,000000000000000E+000
-1,8780085E-001	-1,085312496594814E+000	5,000000000000000E+000
-1,8926662E-001	-1,104324192029456E+000	5,000000000000000E+000
-1,9058697E-001	-1,121146349167383E+000	5,000000000000000E+000
-1,9150639E-001	-1,121468391683365E+000	5,000000000000000E+000
-1,9255482E-001	-1,101268256528179E+000	5,000000000000000E+000
-1,9357806E-001	-1,044074185330557E+000	5,000000000000000E+000
-1,9451526E-001	-9,961409208675249E-001	5,000000000000000E+000
-1,9557521E-001	-1,016486905653171E+000	5,000000000000000E+000
-1,9652559E-001	-1,059792720057349E+000	5,000000000000000E+000
-1,9754903E-001	-1,100461217816230E+000	5,000000000000000E+000
-1,9861074E-001	-1,133045685650024E+000	5,000000000000000E+000
-1,9922432E-001	-1,149741290344132E+000	5,000000000000000E+000
-1,9970188E-001	-1,187065765261650E+000	5,000000000000000E+000
-1,9946793E-001	-1,156661758820216E+000	5,000000000000000E+000
-1,9900572E-001	-1,159779542022279E+000	5,000000000000000E+000
-1,9795555E-001	-1,156551689875347E+000	5,000000000000000E+000
-1,9691706E-001	-1,150138365863644E+000	5,000000000000000E+000
-1,9595730E-001	-1,126526742207785E+000	5,000000000000000E+000
-1,9495489E-001	-1,081196401682160E+000	5,000000000000000E+000
-1,9393848E-001	-9,999758283849118E-001	5,000000000000000E+000
-1,9293343E-001	-9,553067428922262E-001	5,000000000000000E+000
-1,9190837E-001	-9,744292692817425E-001	5,000000000000000E+000
-1,9088091E-001	-1,003578759315937E+000	5,000000000000000E+000
-1,8993160E-001	-1,027991200072904E+000	5,000000000000000E+000
-1,8897887E-001	-1,041451668573748E+000	5,000000000000000E+000
-1,8793000E-001	-1,050316969001731E+000	5,000000000000000E+000
-1,8694776E-001	-1,054540714042059E+000	5,000000000000000E+000
-1,8593985E-001	-1,056036004589667E+000	5,000000000000000E+000
-1,8490224E-001	-1,043934356145288E+000	5,000000000000000E+000
-1,8395311E-001	-1,011795606878067E+000	5,000000000000000E+000
-1,8291984E-001	-9,486049293643903E-001	5,000000000000000E+000
-1,8194179E-001	-8,952988347521527E-001	5,000000000000000E+000
-1,8092662E-001	-9,005629650696552E-001	5,000000000000000E+000
-1,7992800E-001	-9,258192000841685E-001	5,000000000000000E+000
-1,7896317E-001	-9,477881470488185E-001	5,000000000000000E+000
-1,7792042E-001	-9,629263107975312E-001	5,000000000000000E+000
-1,7695865E-001	-9,696212953951053E-001	5,000000000000000E+000
-1,7595752E-001	-9,759630014498986E-001	5,000000000000000E+000
-1,7487361E-001	-9,772449359297788E-001	5,000000000000000E+000
-1,7387959E-001	-9,696194902062416E-001	5,000000000000000E+000
-1,7294697E-001	-9,455366322287802E-001	5,000000000000000E+000
-1,7195985E-001	-9,006596549793571E-001	5,000000000000000E+000
-1,7094214E-001	-8,405430199647377E-001	5,000000000000000E+000
-1,6992997E-001	-8,318264484405493E-001	5,000000000000000E+000
-1,6894516E-001	-8,518176977005290E-001	5,000000000000000E+000
-1,6792066E-001	-8,727340949354332E-001	5,000000000000000E+000
-1,6692397E-001	-8,878269344568270E-001	5,000000000000000E+000
-1,6592856E-001	-8,941054676693909E-001	5,000000000000000E+000
-1,6491829E-001	-8,995538039339905E-001	5,000000000000000E+000
-1,6392542E-001	-9,014632092029973E-001	5,000000000000000E+000
-1,6296546E-001	-8,979361374621071E-001	5,000000000000000E+000
-1,6193461E-001	-8,802616038808120E-001	5,000000000000000E+000
-1,6092984E-001	-8,476364320075049E-001	5,000000000000000E+000
-1,5993534E-001	-7,897674026036725E-001	5,000000000000000E+000
-1,5889044E-001	-7,685562228025109E-001	5,000000000000000E+000
-1,5792878E-001	-7,822813606924495E-001	5,000000000000000E+000
-1,5697347E-001	-8,004061204415756E-001	5,000000000000000E+000
-1,5594551E-001	-8,139754453978689E-001	5,000000000000000E+000
-1,5491979E-001	-8,217161186039457E-001	5,000000000000000E+000
-1,5396684E-001	-8,258117700892456E-001	5,000000000000000E+000
-1,5295446E-001	-8,283486175868173E-001	5,000000000000000E+000
-1,5194824E-001	-8,266881926468148E-001	5,000000000000000E+000
-1,5093784E-001	-8,140889809087497E-001	5,000000000000000E+000
-1,4994384E-001	-7,893717098567272E-001	5,000000000000000E+000
-1,4895394E-001	-7,422141028499141E-001	5,000000000000000E+000
-1,4787576E-001	-7,125586405120510E-001	5,000000000000000E+000
-1,4695548E-001	-7,186644844434902E-001	5,000000000000000E+000
-1,4596198E-001	-7,332316301763093E-001	5,000000000000000E+000
-1,4496486E-001	-7,460951723020388E-001	5,000000000000000E+000
-1,4389707E-001	-7,519421843742879E-001	5,000000000000000E+000
-1,4296003E-001	-7,560882059926231E-001	5,000000000000000E+000
-1,4195144E-001	-7,576606546149218E-001	5,000000000000000E+000
-1,4094627E-001	-7,575833785037199E-001	5,000000000000000E+000
-1,4003491E-001	-7,506190138282580E-001	5,000000000000000E+000
-1,3894100E-001	-7,316210108498744E-001	5,000000000000000E+000
-1,3799548E-001	-6,949295157359696E-001	5,000000000000000E+000
-1,3697392E-001	-6,582805041085793E-001	5,000000000000000E+000
-1,3593036E-001	-6,558933698882647E-001	5,000000000000000E+000
-1,3496706E-001	-6,680633327061347E-001	5,000000000000000E+000
-1,3392158E-001	-6,782226042339108E-001	5,000000000000000E+000
-1,3289860E-001	-6,856098898031107E-001	5,000000000000000E+000
-1,3191043E-001	-6,874639393968722E-001	5,000000000000000E+000
-1,3093074E-001	-6,898456019245920E-001	5,000000000000000E+000
-1,2996379E-001	-6,895288979565670E-001	5,000000000000000E+000
-1,2895313E-001	-6,847419707035558E-001	5,000000000000000E+000
-1,2791465E-001	-6,700538834901888E-001	5,000000000000000E+000
-1,2694634E-001	-6,441509133825694E-001	5,000000000000000E+000
-1,2596056E-001	-6,062423410239024E-001	5,000000000000000E+000
-1,2490422E-001	-5,972121562118886E-001	5,000000000000000E+000
-1,2396910E-001	-6,036176292432689E-001	5,000000000000000E+000
-1,2293633E-001	-6,135012510887990E-001	5,000000000000000E+000
-1,2195896E-001	-6,200844555127407E-001	5,000000000000000E+000
-1,2097777E-001	-6,220778264795181E-001	5,000000000000000E+000
-1,1996303E-001	-6,235297168432545E-001	5,000000000000000E+000
-1,1893027E-001	-6,234803835136988E-001	5,000000000000000E+000
-1,1792359E-001	-6,203367764613157E-001	5,000000000000000E+000
-1,1695047E-001	-6,090125999654874E-001	5,000000000000000E+000
-1,1596483E-001	-5,896627340051868E-001	5,000000000000000E+000
-1,1495752E-001	-5,566753324259253E-001	5,000000000000000E+000
-1,1392687E-001	-5,388439865437946E-001	5,000000000000000E+000
-1,1290769E-001	-5,427315973987206E-001	5,000000000000000E+000
-1,1193965E-001	-5,502284783180097E-001	5,000000000000000E+000
-1,1095273E-001	-5,562899189276829E-001	5,000000000000000E+000
-1,0999574E-001	-5,577005573582863E-001	5,000000000000000E+000
-1,0889567E-001	-5,588223857598180E-001	5,000000000000000E+000
-1,0792147E-001	-5,579592145427501E-001	5,000000000000000E+000
-1,0696491E-001	-5,548629815241815E-001	5,000000000000000E+000
-1,0596652E-001	-5,470424165466312E-001	5,000000000000000E+000
-1,0493758E-001	-5,329336726141189E-001	5,000000000000000E+000
-1,0394926E-001	-5,057510655649287E-001	5,000000000000000E+000
-1,0297140E-001	-4,839242581554046E-001	5,000000000000000E+000
-1,0197259E-001	-4,826477763277504E-001	5,000000000000000E+000
-1,0094322E-001	-4,874669047141513E-001	5,000000000000000E+000
-9,9972636E-002	-4,921988595828961E-001	5,000000000000000E+000
-9,8944113E-002	-4,939860787794546E-001	5,000000000000000E+000
-9,7889453E-002	-4,940682799313922E-001	5,000000000000000E+000
-9,6927159E-002	-4,935870434812908E-001	5,000000000000000E+000
-9,5951483E-002	-4,911331161166768E-001	5,000000000000000E+000
-9,4949059E-002	-4,856950332307151E-001	5,000000000000000E+000
-9,3892731E-002	-4,736585535660920E-001	5,000000000000000E+000
-9,2908777E-002	-4,526540616320209E-001	5,000000000000000E+000
-9,1517895E-002	-4,063313914426927E-001	5,000000000000000E+000
-9,0258077E-002	-4,121452754846349E-001	5,000000000000000E+000
-8,9166291E-002	-4,162027650961164E-001	5,000000000000000E+000
-8,8201232E-002	-4,182795397247432E-001	5,000000000000000E+000
-8,7247849E-002	-4,185430950450684E-001	5,000000000000000E+000
-8,6273447E-002	-4,174114883083995E-001	5,000000000000000E+000
-8,5289285E-002	-4,155338005059317E-001	5,000000000000000E+000
-8,4365837E-002	-4,122191078408982E-001	5,000000000000000E+000
-8,3257273E-002	-4,050181623962192E-001	5,000000000000000E+000
-8,2356110E-002	-3,928306496667648E-001	5,000000000000000E+000
-8,1258588E-002	-3,718383144932238E-001	5,000000000000000E+000
-8,0310725E-002	-3,554785077425606E-001	5,000000000000000E+000
-7,9195164E-002	-3,538972336660926E-001	5,000000000000000E+000
-7,8329660E-002	-3,556780526069571E-001	5,000000000000000E+000
-7,7334672E-002	-3,575653252709223E-001	5,000000000000000E+000
-7,6252222E-002	-3,568263140472556E-001	5,000000000000000E+000
-7,5199500E-002	-3,553506950675338E-001	5,000000000000000E+000
-7,4123204E-002	-3,531651109181064E-001	5,000000000000000E+000
-7,3228620E-002	-3,503171635308746E-001	5,000000000000000E+000
-7,2198614E-002	-3,443267292653496E-001	5,000000000000000E+000
-7,1271591E-002	-3,335645802112080E-001	5,000000000000000E+000
-7,0276171E-002	-3,175039922956517E-001	5,000000000000000E+000
-6,9266319E-002	-2,995958321003450E-001	5,000000000000000E+000
-6,8180054E-002	-2,947051581340254E-001	5,000000000000000E+000
-6,7347452E-002	-2,952155082797008E-001	5,000000000000000E+000
-6,6256724E-002	-2,956269929461448E-001	5,000000000000000E+000
-6,5230526E-002	-2,952831400972282E-001	5,000000000000000E+000
-6,4211555E-002	-2,932488834830354E-001	5,000000000000000E+000
-6,3508451E-002	-2,909303270970220E-001	5,000000000000000E+000
-6,2348723E-002	-2,875325976077601E-001	5,000000000000000E+000
-6,1259486E-002	-2,830111474074695E-001	5,000000000000000E+000
-6,0205482E-002	-2,744921140579698E-001	5,000000000000000E+000
-5,9304744E-002	-2,622837990660349E-001	5,000000000000000E+000
-5,8230575E-002	-2,456233443830294E-001	5,000000000000000E+000
-5,7136871E-002	-2,380028782688355E-001	5,000000000000000E+000
-5,6280080E-002	-2,365251244563202E-001	5,000000000000000E+000
-5,5251341E-002	-2,362754293889910E-001	5,000000000000000E+000
-5,4317910E-002	-2,350878665499669E-001	5,000000000000000E+000
-5,3154577E-002	-2,326737085219337E-001	5,000000000000000E+000
-5,2379724E-002	-2,295936598545980E-001	5,000000000000000E+000
-5,1293246E-002	-2,263035228889843E-001	5,000000000000000E+000
-5,0290398E-002	-2,222941618550704E-001	5,000000000000000E+000
-4,9206253E-002	-2,157205733712066E-001	5,000000000000000E+000
-4,8271339E-002	-2,059637997644366E-001	5,000000000000000E+000
-4,7249179E-002	-1,914260178045550E-001	5,000000000000000E+000
-4,6297494E-002	-1,816521439942772E-001	5,000000000000000E+000
-4,5299105E-002	-1,786520612357108E-001	5,000000000000000E+000
-4,4282671E-002	-1,772023963707472E-001	5,000000000000000E+000
-4,3272395E-002	-1,753183287499401E-001	5,000000000000000E+000
-4,2279959E-002	-1,726718584627469E-001	5,000000000000000E+000
-4,1342262E-002	-1,672516488470135E-001	5,000000000000000E+000
-4,0215503E-002	-1,649188965179582E-001	5,000000000000000E+000
-3,9268278E-002	-1,607474987567577E-001	5,000000000000000E+000
-3,8319141E-002	-1,550566078405133E-001	5,000000000000000E+000
-3,7289761E-002	-1,470223039181697E-001	5,000000000000000E+000
-3,6285643E-002	-1,358473183483708E-001	5,000000000000000E+000
-3,5358585E-002	-1,247532986345945E-001	5,000000000000000E+000
-3,4349371E-002	-1,202763545464863E-001	5,000000000000000E+000
-3,3211730E-002	-1,179168890920224E-001	5,000000000000000E+000
-3,2374889E-002	-1,153762412119519E-001	5,000000000000000E+000
-3,1301774E-002	-1,123060970222231E-001	5,000000000000000E+000
-3,0356674E-002	-1,085729425324609E-001	5,000000000000000E+000
-2,9286750E-002	-1,047780269549947E-001	5,000000000000000E+000
-2,8249728E-002	-1,007455125520074E-001	5,000000000000000E+000
-2,7370432E-002	-9,549210727628710E-002	5,000000000000000E+000
-2,6248498E-002	-8,859008075496955E-002	5,000000000000000E+000
-2,5210628E-002	-7,960465020086205E-002	5,000000000000000E+000
-2,4350861E-002	-6,914364054143718E-002	5,000000000000000E+000
-2,3314899E-002	-6,326581564455971E-002	5,000000000000000E+000
-2,2294439E-002	-5,988889420405019E-002	5,000000000000000E+000
-2,1306664E-002	-5,663674937009244E-002	5,000000000000000E+000
-2,0242898E-002	-5,331283315360813E-002	5,000000000000000E+000
-1,9305862E-002	-4,926376298708091E-002	5,000000000000000E+000
-1,8228505E-002	-4,519092123438073E-002	5,000000000000000E+000
-1,6985754E-002	-4,172369442466239E-002	5,000000000000000E+000
-1,5620687E-002	-3,321528749505931E-002	5,000000000000000E+000
-1,4647774E-002	-2,550728284296819E-002	5,000000000000000E+000
-1,3757651E-002	-1,714795142955461E-002	5,000000000000000E+000
-1,2492838E-002	-6,791494320539108E-003	5,000000000000000E+000
-1,1638002E-002	-3,086662557540899E-003	5,000000000000000E+000
-1,0778447E-002	7,437633847378784E-004	5,000000000000000E+000
-9,8074460E-003	4,592959717868970E-003	5,000000000000000E+000
-8,6971875E-003	8,771035994868753E-003	5,000000000000000E+000
-7,7601494E-003	1,297908322131081E-002	5,000000000000000E+000
-6,6401269E-003	1,760554119418551E-002	5,000000000000000E+000
-5,7438477E-003	2,235282583084581E-002	5,000000000000000E+000
-4,7008824E-003	2,731449399315949E-002	5,000000000000000E+000
-3,8808128E-003	3,296501912107623E-002	5,000000000000000E+000
-2,5478711E-003	3,927326554225558E-002	5,000000000000000E+000
-1,6740940E-003	4,631309407004314E-002	5,000000000000000E+000
-7,1115885E-004	5,200617021398146E-002	5,000000000000000E+000
2,7017438E-004	5,648516101064151E-002	5,000000000000000E+000
6,6054688E-004	5,911691719666123E-002	5,000000000000000E+000