Ewe/V	<I>/mA	cycle number	
4,1985780E-002	-2,429998815059662E-001	1,000000000000000E+000
4,2332426E-002	-1,110087303286216E+000	1,000000000000000E+000
4,3954678E-002	-1,181239113955395E-001	1,000000000000000E+000
4,5036271E-002	4,470161808887507E-002	1,000000000000000E+000
4,6102330E-002	4,473592654358088E-002	1,000000000000000E+000
4,7273912E-002	9,210660872459253E-002	1,000000000000000E+000
4,8480235E-002	1,209884404864472E-001	1,000000000000000E+000
4,9684189E-002	1,435406080779136E-001	1,000000000000000E+000
5,0921932E-002	1,620342188269004E-001	1,000000000000000E+000
5,2069046E-002	1,753936741173410E-001	1,000000000000000E+000
5,3258967E-002	1,878090438657196E-001	1,000000000000000E+000
5,4460891E-002	1,983489324791465E-001	1,000000000000000E+000
5,5694859E-002	2,075734808954790E-001	1,000000000000000E+000
5,6916315E-002	2,157117743088210E-001	1,000000000000000E+000
5,8116604E-002	2,230470573650325E-001	1,000000000000000E+000
5,9349556E-002	2,284930944442749E-001	1,000000000000000E+000
6,0423758E-002	2,360320581614754E-001	1,000000000000000E+000
6,1828163E-002	2,392589588589211E-001	1,000000000000000E+000
6,2846810E-002	2,488961275537598E-001	1,000000000000000E+000
6,4020373E-002	2,492642156236489E-001	1,000000000000000E+000
6,5312162E-002	2,561433656805159E-001	1,000000000000000E+000
6,6431999E-002	2,606155876570423E-001	1,000000000000000E+000
6,7686297E-002	2,639507026221886E-001	1,000000000000000E+000
6,8891793E-002	2,682394128879197E-001	1,000000000000000E+000
7,0082642E-002	2,706028436163992E-001	1,000000000000000E+000
7,1261637E-002	2,772772610187537E-001	1,000000000000000E+000
7,2496966E-002	2,760785855439116E-001	1,000000000000000E+000
7,3626995E-002	2,859533704446495E-001	1,000000000000000E+000
7,4905276E-002	2,837649985578752E-001	1,000000000000000E+000
7,6059796E-002	2,877460817668460E-001	1,000000000000000E+000
7,7257328E-002	2,929195145024339E-001	1,000000000000000E+000
7,8498572E-002	2,935453754961843E-001	1,000000000000000E+000
7,9685710E-002	2,979454901026282E-001	1,000000000000000E+000
8,0891415E-002	3,007936690787405E-001	1,000000000000000E+000
8,5085139E-002	3,133855033363355E-001	1,000000000000000E+000
8,9193143E-002	3,246425690379480E-001	1,000000000000000E+000
9,0495713E-002	3,305602593097348E-001	1,000000000000000E+000
9,1590099E-002	3,269118101775861E-001	1,000000000000000E+000
9,2838645E-002	3,314225621892275E-001	1,000000000000000E+000
9,4119482E-002	3,352586579448720E-001	1,000000000000000E+000
9,5101401E-002	3,373508372525169E-001	1,000000000000000E+000
9,6569248E-002	3,404298120531844E-001	1,000000000000000E+000
9,7440027E-002	3,416490767935843E-001	1,000000000000000E+000
9,9044792E-002	3,452237948206163E-001	1,000000000000000E+000
9,9854238E-002	3,506130797538418E-001	1,000000000000000E+000
1,0129276E-001	3,474980209807486E-001	1,000000000000000E+000
1,0235464E-001	3,542175692618255E-001	1,000000000000000E+000
1,0373843E-001	3,574339803437603E-001	1,000000000000000E+000
1,0490639E-001	3,582783741057272E-001	1,000000000000000E+000
1,0608277E-001	3,617614896933530E-001	1,000000000000000E+000
1,0721882E-001	3,652604752116737E-001	1,000000000000000E+000
1,0846534E-001	3,655052257624147E-001	1,000000000000000E+000
1,0961850E-001	3,702575392822771E-001	1,000000000000000E+000
1,1086867E-001	3,738133719199581E-001	1,000000000000000E+000
1,1204770E-001	3,741973239402476E-001	1,000000000000000E+000
1,1324389E-001	3,759570707592919E-001	1,000000000000000E+000
1,1444702E-001	3,809315140393608E-001	1,000000000000000E+000
1,1570282E-001	3,830773625738439E-001	1,000000000000000E+000
1,1687203E-001	3,842597072038596E-001	1,000000000000000E+000
1,1806689E-001	3,883163581291837E-001	1,000000000000000E+000
1,1935322E-001	3,897005007127995E-001	1,000000000000000E+000
1,2038186E-001	3,940192055198608E-001	1,000000000000000E+000
1,2169927E-001	3,944350936691521E-001	1,000000000000000E+000
1,2274759E-001	3,995539747152694E-001	1,000000000000000E+000
1,2406117E-001	3,998145183841531E-001	1,000000000000000E+000
1,2524794E-001	4,027833100537670E-001	1,000000000000000E+000
1,2634154E-001	4,066660822524391E-001	1,000000000000000E+000
1,2754129E-001	4,091419832116956E-001	1,000000000000000E+000
1,2872832E-001	4,118461021118693E-001	1,000000000000000E+000
1,3025224E-001	4,128813031474463E-001	1,000000000000000E+000
1,3109386E-001	4,168505784365593E-001	1,000000000000000E+000
1,3252251E-001	4,176070719215748E-001	1,000000000000000E+000
1,3346806E-001	4,219390182945606E-001	1,000000000000000E+000
1,3487335E-001	4,233808563073618E-001	1,000000000000000E+000
1,3593383E-001	4,258286675731497E-001	1,000000000000000E+000
1,3735773E-001	4,286623899393757E-001	1,000000000000000E+000
1,3834909E-001	4,293902520590503E-001	1,000000000000000E+000
1,3963173E-001	4,341651143299199E-001	1,000000000000000E+000
1,4073792E-001	4,360777822374864E-001	1,000000000000000E+000
1,4205782E-001	4,391424262602985E-001	1,000000000000000E+000
1,4323911E-001	4,417449914919303E-001	1,000000000000000E+000
1,4441907E-001	4,441807236936359E-001	1,000000000000000E+000
1,4570189E-001	4,455263751507230E-001	1,000000000000000E+000
1,4682497E-001	4,483879709323109E-001	1,000000000000000E+000
1,4801855E-001	4,515602762845390E-001	1,000000000000000E+000
1,4921306E-001	4,525098548253519E-001	1,000000000000000E+000
1,5040727E-001	4,557079089270842E-001	1,000000000000000E+000
1,5152633E-001	4,594117900080725E-001	1,000000000000000E+000
1,5288407E-001	4,595428490148930E-001	1,000000000000000E+000
1,5393966E-001	4,634317730863891E-001	1,000000000000000E+000
1,5522867E-001	4,683646444162299E-001	1,000000000000000E+000
1,5641390E-001	4,663300708677909E-001	1,000000000000000E+000
1,5760598E-001	4,713474603335346E-001	1,000000000000000E+000
1,5888804E-001	4,756212921261227E-001	1,000000000000000E+000
1,5997218E-001	4,756135717206815E-001	1,000000000000000E+000
1,6115449E-001	4,779897158172108E-001	1,000000000000000E+000
1,6245763E-001	4,815752374146260E-001	1,000000000000000E+000
1,6364299E-001	4,821816877789669E-001	1,000000000000000E+000
1,6483486E-001	4,849755217804135E-001	1,000000000000000E+000
1,6612694E-001	4,878582453303437E-001	1,000000000000000E+000
1,6729216E-001	4,892689788420856E-001	1,000000000000000E+000
1,6840519E-001	4,928788141157749E-001	1,000000000000000E+000
1,6968270E-001	4,945559216128600E-001	1,000000000000000E+000
1,7079060E-001	4,955545026395058E-001	1,000000000000000E+000
1,7204484E-001	4,990080131252324E-001	1,000000000000000E+000
1,7319497E-001	5,006948125945354E-001	1,000000000000000E+000
1,7442034E-001	5,042984543747657E-001	1,000000000000000E+000
1,7561866E-001	5,049960733374119E-001	1,000000000000000E+000
1,7684098E-001	5,061480949322386E-001	1,000000000000000E+000
1,7801544E-001	5,087085784050718E-001	1,000000000000000E+000
1,7925176E-001	5,155875004000139E-001	1,000000000000000E+000
1,8050586E-001	5,115450442406431E-001	1,000000000000000E+000
1,8171300E-001	5,141872375065280E-001	1,000000000000000E+000
1,8279047E-001	5,178390542666129E-001	1,000000000000000E+000
1,8402360E-001	5,165895095043282E-001	1,000000000000000E+000
1,8523970E-001	5,200219704959275E-001	1,000000000000000E+000
1,8635792E-001	5,217815236343704E-001	1,000000000000000E+000
1,8758042E-001	5,212220338224931E-001	1,000000000000000E+000
1,8875751E-001	5,225285771820287E-001	1,000000000000000E+000
1,9001335E-001	5,237045279979998E-001	1,000000000000000E+000
1,9117761E-001	5,276622734877665E-001	1,000000000000000E+000
1,9235598E-001	5,272165653123366E-001	1,000000000000000E+000
1,9354604E-001	5,280976705166882E-001	1,000000000000000E+000
1,9471644E-001	5,329489029116106E-001	1,000000000000000E+000
1,9595021E-001	5,329604641344670E-001	1,000000000000000E+000
1,9722642E-001	5,343766059226311E-001	1,000000000000000E+000
1,9832596E-001	5,377608124097755E-001	1,000000000000000E+000
1,9956370E-001	5,410721202691402E-001	1,000000000000000E+000
2,0026878E-001	5,413298308849335E-001	1,000000000000000E+000
2,0045689E-001	5,404900014400482E-001	1,000000000000000E+000
2,0024152E-001	5,391710400581360E-001	1,000000000000000E+000
2,0038134E-001	4,175883045083744E-001	1,000000000000000E+000
1,9857687E-001	2,106763884054361E-001	1,000000000000000E+000
1,9709371E-001	2,735769145341088E-001	1,000000000000000E+000
1,9635746E-001	2,991777385515171E-001	1,000000000000000E+000
1,9518234E-001	2,554974040853013E-001	1,000000000000000E+000
1,9392146E-001	2,398401618831689E-001	1,000000000000000E+000
1,9270509E-001	2,462806178179262E-001	1,000000000000000E+000
1,9150284E-001	2,317959554579665E-001	1,000000000000000E+000
1,9031788E-001	2,236695817231915E-001	1,000000000000000E+000
1,8912049E-001	2,216513076305602E-001	1,000000000000000E+000
1,8787156E-001	2,139550371017944E-001	1,000000000000000E+000
1,8685135E-001	2,066518331110407E-001	1,000000000000000E+000
1,8557775E-001	2,029008770068348E-001	1,000000000000000E+000
1,8437152E-001	1,966185367911946E-001	1,000000000000000E+000
1,8319152E-001	1,930355482316504E-001	1,000000000000000E+000
1,8203703E-001	1,879220795386507E-001	1,000000000000000E+000
1,8069768E-001	1,828774354524090E-001	1,000000000000000E+000
1,7954534E-001	1,774233741151107E-001	1,000000000000000E+000
1,7839508E-001	1,731850505931546E-001	1,000000000000000E+000
1,7708991E-001	1,679725504212982E-001	1,000000000000000E+000
1,7594169E-001	1,662518266260766E-001	1,000000000000000E+000
1,7469612E-001	1,627707511501357E-001	1,000000000000000E+000
1,7343666E-001	1,549037300822058E-001	1,000000000000000E+000
1,7237675E-001	1,539641127132598E-001	1,000000000000000E+000
1,7118783E-001	1,496924936029789E-001	1,000000000000000E+000
1,7000075E-001	1,431979542205767E-001	1,000000000000000E+000
1,6868907E-001	1,428844040923721E-001	1,000000000000000E+000
1,6757597E-001	1,375451839261657E-001	1,000000000000000E+000
1,6629927E-001	1,326362541467128E-001	1,000000000000000E+000
1,6489588E-001	1,308007058170109E-001	1,000000000000000E+000
1,6401762E-001	1,259918966270230E-001	1,000000000000000E+000
1,6253206E-001	1,237117179337439E-001	1,000000000000000E+000
1,6171856E-001	1,180358131683463E-001	1,000000000000000E+000
1,6010572E-001	1,157807616723909E-001	1,000000000000000E+000
1,5906537E-001	1,124462293810207E-001	1,000000000000000E+000
1,5793507E-001	1,083397155506882E-001	1,000000000000000E+000
1,5666227E-001	1,068207971424004E-001	1,000000000000000E+000
1,5558743E-001	1,017786977991584E-001	1,000000000000000E+000
1,5434572E-001	9,686034482783024E-002	1,000000000000000E+000
1,5308712E-001	9,723827579701161E-002	1,000000000000000E+000
1,5200344E-001	9,449024767942604E-002	1,000000000000000E+000
1,5069382E-001	8,838402604494544E-002	1,000000000000000E+000
1,4952660E-001	8,521268997638876E-002	1,000000000000000E+000
1,4830087E-001	8,374636786282774E-002	1,000000000000000E+000
1,4712200E-001	7,980401043379193E-002	1,000000000000000E+000
1,4593458E-001	7,597149846454465E-002	1,000000000000000E+000
1,4479280E-001	7,299241428888686E-002	1,000000000000000E+000
1,4352377E-001	7,224217838827657E-002	1,000000000000000E+000
1,4241958E-001	6,849016269875895E-002	1,000000000000000E+000
1,4117534E-001	6,315877924875912E-002	1,000000000000000E+000
1,3999303E-001	6,154262683358636E-002	1,000000000000000E+000
1,3882802E-001	5,995456719581349E-002	1,000000000000000E+000
1,3757610E-001	5,464662741158277E-002	1,000000000000000E+000
1,3605328E-001	5,227079865774908E-002	1,000000000000000E+000
1,3526949E-001	5,236294695189136E-002	1,000000000000000E+000
1,3403702E-001	4,416890923878092E-002	1,000000000000000E+000
1,3262556E-001	4,469783945629996E-002	1,000000000000000E+000
1,3159664E-001	4,358187051655960E-002	1,000000000000000E+000
1,3038503E-001	3,921927612747012E-002	1,000000000000000E+000
1,2927707E-001	3,453527073024498E-002	1,000000000000000E+000
1,2796398E-001	3,109299725178119E-002	1,000000000000000E+000
1,2678030E-001	3,147145241598115E-002	1,000000000000000E+000
1,2560308E-001	2,732401347694342E-002	1,000000000000000E+000
1,2432878E-001	2,427387515840745E-002	1,000000000000000E+000
1,2317636E-001	2,295346435345930E-002	1,000000000000000E+000
1,2202042E-001	1,752081646608761E-002	1,000000000000000E+000
1,2084170E-001	1,573754055371623E-002	1,000000000000000E+000
1,1956909E-001	1,472846271873876E-002	1,000000000000000E+000
1,1839462E-001	1,080709976533264E-002	1,000000000000000E+000
1,1710828E-001	6,897082779081187E-003	1,000000000000000E+000
1,1604858E-001	6,130200474689013E-003	1,000000000000000E+000
1,1472091E-001	1,528059762685430E-003	1,000000000000000E+000
1,1364516E-001	-1,449122436379520E-003	1,000000000000000E+000
1,1232714E-001	-3,130282752324459E-003	1,000000000000000E+000
1,1118469E-001	-5,128608851279096E-003	1,000000000000000E+000
1,0996032E-001	-9,818657288161791E-003	1,000000000000000E+000
1,0885923E-001	-1,108382175287393E-002	1,000000000000000E+000
1,0746492E-001	-1,466617499142928E-002	1,000000000000000E+000
1,0647313E-001	-1,632549206179745E-002	1,000000000000000E+000
1,0512445E-001	-2,140343568262996E-002	1,000000000000000E+000
1,0391651E-001	-2,480212673792792E-002	1,000000000000000E+000
1,0273284E-001	-2,528789728536074E-002	1,000000000000000E+000
1,0160075E-001	-2,753700737688364E-002	1,000000000000000E+000
1,0035285E-001	-3,194445992293937E-002	1,000000000000000E+000
9,9188522E-002	-3,402040854551275E-002	1,000000000000000E+000
9,7999863E-002	-3,767274788427777E-002	1,000000000000000E+000
9,6866928E-002	-3,966873972267088E-002	1,000000000000000E+000
9,5546186E-002	-4,139973663108382E-002	1,000000000000000E+000
9,4359830E-002	-4,555640522448823E-002	1,000000000000000E+000
9,3152806E-002	-4,622414120509610E-002	1,000000000000000E+000
9,1983296E-002	-5,034761513686842E-002	1,000000000000000E+000
9,0812005E-002	-5,400822860300891E-002	1,000000000000000E+000
8,9556441E-002	-5,482272280884581E-002	1,000000000000000E+000
8,8310145E-002	-5,651894025720172E-002	1,000000000000000E+000
8,7296158E-002	-6,014551097932441E-002	1,000000000000000E+000
8,5949495E-002	-6,170822508930651E-002	1,000000000000000E+000
8,4796816E-002	-6,255294164832370E-002	1,000000000000000E+000
8,3560601E-002	-6,676909560445465E-002	1,000000000000000E+000
8,2304329E-002	-6,815249617728947E-002	1,000000000000000E+000
8,1295572E-002	-6,905054822844314E-002	1,000000000000000E+000
7,9948165E-002	-7,347147332297421E-002	1,000000000000000E+000
7,8881875E-002	-7,453834104752677E-002	1,000000000000000E+000
7,7650301E-002	-7,692180521984548E-002	1,000000000000000E+000
7,6328509E-002	-8,063754930346323E-002	1,000000000000000E+000
7,5202569E-002	-7,999812956485475E-002	1,000000000000000E+000
7,3886298E-002	-8,326109270651427E-002	1,000000000000000E+000
7,2817959E-002	-8,607571696241689E-002	1,000000000000000E+000
7,1387835E-002	-8,731309339917186E-002	1,000000000000000E+000
7,0384927E-002	-9,025072570592707E-002	1,000000000000000E+000
6,9058590E-002	-9,098844354351354E-002	1,000000000000000E+000
6,7994021E-002	-9,315558837799998E-002	1,000000000000000E+000
6,6746771E-002	-9,646626350500087E-002	1,000000000000000E+000
6,5672420E-002	-9,743769791869727E-002	1,000000000000000E+000
6,4347364E-002	-9,894346957487321E-002	1,000000000000000E+000
6,3233249E-002	-1,028947386776386E-001	1,000000000000000E+000
6,2007539E-002	-1,039918341341910E-001	1,000000000000000E+000
6,0738321E-002	-1,049824553731558E-001	1,000000000000000E+000
5,9673678E-002	-1,099539406369093E-001	1,000000000000000E+000
5,8358815E-002	-1,107940923237174E-001	1,000000000000000E+000
5,7261746E-002	-1,105749023457367E-001	1,000000000000000E+000
5,5939391E-002	-1,151525551060870E-001	1,000000000000000E+000
5,4828949E-002	-1,158439333796395E-001	1,000000000000000E+000
5,3615849E-002	-1,192177072538199E-001	1,000000000000000E+000
5,2342843E-002	-1,218854637980382E-001	1,000000000000000E+000
5,1199924E-002	-1,213006494217552E-001	1,000000000000000E+000
5,0070204E-002	-1,241653262512515E-001	1,000000000000000E+000
4,8783012E-002	-1,284991945571227E-001	1,000000000000000E+000
4,7631606E-002	-1,280294316195603E-001	1,000000000000000E+000
4,6396706E-002	-1,322243763026090E-001	1,000000000000000E+000
4,5159753E-002	-1,331806472519889E-001	1,000000000000000E+000
4,3931074E-002	-1,336484996351852E-001	1,000000000000000E+000
4,2778753E-002	-1,383027109377843E-001	1,000000000000000E+000
4,1601662E-002	-1,391565382709135E-001	1,000000000000000E+000
4,0454283E-002	-1,407191481169616E-001	1,000000000000000E+000
3,9076734E-002	-1,453766527874566E-001	1,000000000000000E+000
3,8020853E-002	-1,451920174747814E-001	1,000000000000000E+000
3,6782410E-002	-1,467241001082580E-001	1,000000000000000E+000
3,5654467E-002	-1,514139312979140E-001	1,000000000000000E+000
3,4448713E-002	-1,515839198082509E-001	1,000000000000000E+000
3,3170190E-002	-1,533652846184035E-001	1,000000000000000E+000
3,2110557E-002	-1,571961910274151E-001	1,000000000000000E+000
3,0650705E-002	-1,570004417293673E-001	1,000000000000000E+000
2,9718949E-002	-1,615472188654907E-001	1,000000000000000E+000
2,8286690E-002	-1,626362541940547E-001	1,000000000000000E+000
2,7333345E-002	-1,637470290664133E-001	1,000000000000000E+000
2,5932657E-002	-1,686055764698216E-001	1,000000000000000E+000
2,4815850E-002	-1,687574200245927E-001	1,000000000000000E+000
2,3444515E-002	-1,697726550800896E-001	1,000000000000000E+000
2,2537811E-002	-1,735510680182076E-001	1,000000000000000E+000
2,1135272E-002	-1,746081825673438E-001	1,000000000000000E+000
2,0058449E-002	-1,780278798520423E-001	1,000000000000000E+000
1,8740013E-002	-1,790488342586385E-001	1,000000000000000E+000
1,7597312E-002	-1,809456735478570E-001	1,000000000000000E+000
1,6400935E-002	-1,829476077152696E-001	1,000000000000000E+000
1,5205661E-002	-1,862975214090612E-001	1,000000000000000E+000
1,3995450E-002	-1,865886016253003E-001	1,000000000000000E+000
1,2846527E-002	-1,903779378367794E-001	1,000000000000000E+000
1,1489845E-002	-1,912640203803742E-001	1,000000000000000E+000
1,0525244E-002	-1,935515157507597E-001	1,000000000000000E+000
9,1614928E-003	-1,973302453471772E-001	1,000000000000000E+000
8,0071129E-003	-1,980150590254062E-001	1,000000000000000E+000
6,7192088E-003	-1,988686850785997E-001	1,000000000000000E+000
5,6029023E-003	-2,021526398301045E-001	1,000000000000000E+000
4,4091125E-003	-2,050839022914355E-001	1,000000000000000E+000
3,2061208E-003	-2,061140922122395E-001	1,000000000000000E+000
1,9626950E-003	-2,094911556104542E-001	1,000000000000000E+000
8,7008945E-004	-2,112670050269947E-001	1,000000000000000E+000
-7,4086949E-004	-2,125880498939230E-001	1,000000000000000E+000
-1,4808018E-003	-2,159644806093567E-001	1,000000000000000E+000
-2,9990315E-003	-2,159394512203074E-001	1,000000000000000E+000
-3,9454391E-003	-2,201323736700465E-001	1,000000000000000E+000
-5,2148751E-003	-2,219142830861660E-001	1,000000000000000E+000
-6,4647817E-003	-2,227781913803755E-001	1,000000000000000E+000
-7,6764026E-003	-2,256168884535630E-001	1,000000000000000E+000
-8,8676456E-003	-2,283413737184470E-001	1,000000000000000E+000
-1,0121936E-002	-2,307096661879102E-001	1,000000000000000E+000
-1,1149084E-002	-2,334551564719591E-001	1,000000000000000E+000
-1,2469043E-002	-2,327576279640191E-001	1,000000000000000E+000
-1,3539573E-002	-2,355358726819281E-001	1,000000000000000E+000
-1,4817175E-002	-2,396873477975738E-001	1,000000000000000E+000
-1,5928037E-002	-2,400555060141616E-001	1,000000000000000E+000
-1,7124973E-002	-2,437168723834606E-001	1,000000000000000E+000
-1,8384857E-002	-2,452740731424896E-001	1,000000000000000E+000
-1,9666605E-002	-2,458578203287389E-001	1,000000000000000E+000
-2,0776896E-002	-2,501827751510528E-001	1,000000000000000E+000
-2,2052063E-002	-2,516261924842922E-001	1,000000000000000E+000
-2,3213234E-002	-2,529226450284039E-001	1,000000000000000E+000
-2,4462782E-002	-2,580164985524283E-001	1,000000000000000E+000
-2,5625864E-002	-2,581313517186090E-001	1,000000000000000E+000
-2,6763685E-002	-2,589467772179179E-001	1,000000000000000E+000
-2,7987758E-002	-2,638372524374133E-001	1,000000000000000E+000
-2,9148007E-002	-2,659572031590387E-001	1,000000000000000E+000
-3,0505501E-002	-2,676393325414712E-001	1,000000000000000E+000
-3,1548649E-002	-2,677670073462646E-001	1,000000000000000E+000
-3,2884490E-002	-2,703404821998756E-001	1,000000000000000E+000
-3,3931170E-002	-2,745287438975295E-001	1,000000000000000E+000
-3,5213981E-002	-2,747374205867301E-001	1,000000000000000E+000
-3,6283445E-002	-2,763682094799291E-001	1,000000000000000E+000
-3,7787091E-002	-2,813585903279963E-001	1,000000000000000E+000
-3,8815588E-002	-2,814522164192539E-001	1,000000000000000E+000
-3,9898004E-002	-2,828770819922077E-001	1,000000000000000E+000
-4,1283410E-002	-2,874090298837793E-001	1,000000000000000E+000
-4,2405948E-002	-2,874232147501221E-001	1,000000000000000E+000
-4,3579709E-002	-2,922326727959987E-001	1,000000000000000E+000
-4,4844266E-002	-2,922989632718744E-001	1,000000000000000E+000
-4,5968283E-002	-2,941126800530272E-001	1,000000000000000E+000
-4,7242496E-002	-2,976667001386409E-001	1,000000000000000E+000
-4,8390716E-002	-2,991012332710881E-001	1,000000000000000E+000
-4,9570464E-002	-3,028224760373286E-001	1,000000000000000E+000
-5,0797436E-002	-3,026653298530384E-001	1,000000000000000E+000
-5,2017201E-002	-3,043017453617516E-001	1,000000000000000E+000
-5,3128418E-002	-3,075275930006871E-001	1,000000000000000E+000
-5,4471008E-002	-3,114022941595904E-001	1,000000000000000E+000
-5,5615414E-002	-3,118015217198121E-001	1,000000000000000E+000
-5,6727827E-002	-3,148240827851820E-001	1,000000000000000E+000
-5,8069438E-002	-3,157622242967286E-001	1,000000000000000E+000
-5,9139334E-002	-3,179111441261027E-001	1,000000000000000E+000
-6,0543414E-002	-3,220438282436664E-001	1,000000000000000E+000
-6,1494213E-002	-3,223920731365466E-001	1,000000000000000E+000
-6,2867381E-002	-3,257946713560229E-001	1,000000000000000E+000
-6,4036377E-002	-3,283032770699780E-001	1,000000000000000E+000
-6,5120272E-002	-3,285837514989978E-001	1,000000000000000E+000
-6,6404253E-002	-3,322376886089500E-001	1,000000000000000E+000
-6,7583255E-002	-3,336087779866324E-001	1,000000000000000E+000
-6,8714634E-002	-3,362790610882684E-001	1,000000000000000E+000
-6,9965102E-002	-3,396848688350498E-001	1,000000000000000E+000
-7,1252160E-002	-3,385990359432380E-001	1,000000000000000E+000
-7,2324306E-002	-3,424822183118925E-001	1,000000000000000E+000
-7,3620848E-002	-3,458183343496377E-001	1,000000000000000E+000
-7,4766517E-002	-3,471855248014131E-001	1,000000000000000E+000
-7,6022223E-002	-3,510391022794428E-001	1,000000000000000E+000
-7,7203780E-002	-3,501303564429423E-001	1,000000000000000E+000
-7,8418434E-002	-3,531317988117393E-001	1,000000000000000E+000
-7,9526894E-002	-3,564542577412251E-001	1,000000000000000E+000
-8,0845967E-002	-3,586851273344269E-001	1,000000000000000E+000
-8,2011767E-002	-3,595446888228047E-001	1,000000000000000E+000
-8,3211295E-002	-3,629581363207690E-001	1,000000000000000E+000
-8,4421717E-002	-3,634059462282389E-001	1,000000000000000E+000
-8,5513532E-002	-3,684159037139674E-001	1,000000000000000E+000
-8,6909704E-002	-3,693024118568884E-001	1,000000000000000E+000
-8,7947749E-002	-3,706677944606351E-001	1,000000000000000E+000
-8,9191638E-002	-3,726657924923547E-001	1,000000000000000E+000
-9,0363778E-002	-3,755538929469413E-001	1,000000000000000E+000
-9,1618359E-002	-3,771445894208574E-001	1,000000000000000E+000
-9,2799127E-002	-3,810110352847169E-001	1,000000000000000E+000
-9,4046913E-002	-3,816711457351349E-001	1,000000000000000E+000
-9,5142201E-002	-3,850550829277672E-001	1,000000000000000E+000
-9,6277647E-002	-3,867295688595964E-001	1,000000000000000E+000
-9,7646393E-002	-3,885367111458145E-001	1,000000000000000E+000
-9,8786473E-002	-3,919050824026478E-001	1,000000000000000E+000
-9,9953793E-002	-3,917929958164041E-001	1,000000000000000E+000
-1,0122805E-001	-3,954164975676333E-001	1,000000000000000E+000
-1,0232886E-001	-3,982718386299293E-001	1,000000000000000E+000
-1,0353822E-001	-3,985905701173817E-001	1,000000000000000E+000
-1,0486221E-001	-4,005404319398567E-001	1,000000000000000E+000
-1,0597143E-001	-4,038959793375669E-001	1,000000000000000E+000
-1,0720225E-001	-4,059551929434144E-001	1,000000000000000E+000
-1,0840057E-001	-4,069288362602321E-001	1,000000000000000E+000
-1,0952655E-001	-4,105860657162133E-001	1,000000000000000E+000
-1,1074273E-001	-4,110305880334366E-001	1,000000000000000E+000
-1,1197853E-001	-4,144271587332093E-001	1,000000000000000E+000
-1,1321884E-001	-4,164922883113222E-001	1,000000000000000E+000
-1,1430211E-001	-4,164213451160190E-001	1,000000000000000E+000
-1,1565021E-001	-4,204641050762596E-001	1,000000000000000E+000
-1,1680076E-001	-4,220726308067917E-001	1,000000000000000E+000
-1,1796235E-001	-4,228306143561851E-001	1,000000000000000E+000
-1,1921518E-001	-4,253740020924144E-001	1,000000000000000E+000
-1,2040196E-001	-4,287388552135463E-001	1,000000000000000E+000
-1,2158880E-001	-4,285310113854308E-001	1,000000000000000E+000
-1,2274990E-001	-4,309273175981447E-001	1,000000000000000E+000
-1,2392118E-001	-4,332980571521636E-001	1,000000000000000E+000
-1,2518722E-001	-4,345936497794112E-001	1,000000000000000E+000
-1,2644987E-001	-4,355317813396029E-001	1,000000000000000E+000
-1,2747802E-001	-4,395032938638757E-001	1,000000000000000E+000
-1,2891005E-001	-4,395833722815876E-001	1,000000000000000E+000
-1,2989843E-001	-4,408188350239950E-001	1,000000000000000E+000
-1,3122596E-001	-4,443220980206704E-001	1,000000000000000E+000
-1,3246287E-001	-4,460334595361779E-001	1,000000000000000E+000
-1,3360281E-001	-4,473272727767892E-001	1,000000000000000E+000
-1,3478321E-001	-4,508135302199260E-001	1,000000000000000E+000
-1,3597302E-001	-4,529023439433697E-001	1,000000000000000E+000
-1,3715252E-001	-4,559888384063466E-001	1,000000000000000E+000
-1,3836804E-001	-4,564710044198561E-001	1,000000000000000E+000
-1,3961178E-001	-4,586174765308555E-001	1,000000000000000E+000
-1,4069384E-001	-4,628624456710426E-001	1,000000000000000E+000
-1,4196351E-001	-4,646904936526006E-001	1,000000000000000E+000
-1,4321227E-001	-4,665507450699788E-001	1,000000000000000E+000
-1,4443132E-001	-4,688955118827929E-001	1,000000000000000E+000
-1,4555492E-001	-4,707064541418937E-001	1,000000000000000E+000
-1,4679837E-001	-4,744927403172134E-001	1,000000000000000E+000
-1,4795357E-001	-4,762171602169811E-001	1,000000000000000E+000
-1,4918369E-001	-4,781481470240063E-001	1,000000000000000E+000
-1,5031528E-001	-4,816236040830892E-001	1,000000000000000E+000
-1,5154503E-001	-4,830376568026145E-001	1,000000000000000E+000
-1,5278991E-001	-4,867411056809399E-001	1,000000000000000E+000
-1,5388571E-001	-4,876561347153743E-001	1,000000000000000E+000
-1,5526310E-001	-4,909794342928316E-001	1,000000000000000E+000
-1,5631634E-001	-4,936621346062502E-001	1,000000000000000E+000
-1,5766753E-001	-4,951467923906252E-001	1,000000000000000E+000
-1,5875806E-001	-4,995408836165787E-001	1,000000000000000E+000
-1,5995704E-001	-5,001512724319803E-001	1,000000000000000E+000
-1,6106145E-001	-5,043935034751748E-001	1,000000000000000E+000
-1,6235748E-001	-5,082707926458481E-001	1,000000000000000E+000
-1,6360645E-001	-5,072400549133476E-001	1,000000000000000E+000
-1,6475095E-001	-5,107292950722488E-001	1,000000000000000E+000
-1,6597185E-001	-5,146364999797051E-001	1,000000000000000E+000
-1,6716166E-001	-5,161713895439672E-001	1,000000000000000E+000
-1,6825831E-001	-5,184804321249468E-001	1,000000000000000E+000
-1,6953458E-001	-5,214486034776726E-001	1,000000000000000E+000
-1,7073016E-001	-5,237532046330298E-001	1,000000000000000E+000
-1,7195091E-001	-5,259102624151151E-001	1,000000000000000E+000
-1,7326610E-001	-5,282785487016319E-001	1,000000000000000E+000
-1,7431945E-001	-5,302112094057641E-001	1,000000000000000E+000
-1,7560852E-001	-5,352577997233574E-001	1,000000000000000E+000
-1,7685732E-001	-5,356480015648728E-001	1,000000000000000E+000
-1,7791760E-001	-5,401876630796179E-001	1,000000000000000E+000
-1,7917980E-001	-5,410328043831711E-001	1,000000000000000E+000
-1,8038499E-001	-5,445570808714582E-001	1,000000000000000E+000
-1,8152791E-001	-5,457540721270340E-001	1,000000000000000E+000
-1,8272913E-001	-5,486502101023985E-001	1,000000000000000E+000
-1,8392314E-001	-5,524880119892579E-001	1,000000000000000E+000
-1,8509111E-001	-5,533384767757665E-001	1,000000000000000E+000
-1,8638544E-001	-5,575051986508912E-001	1,000000000000000E+000
-1,8761049E-001	-5,584658305419392E-001	1,000000000000000E+000
-1,8877797E-001	-5,620362911873542E-001	1,000000000000000E+000
-1,8993612E-001	-5,654374340255912E-001	1,000000000000000E+000
-1,9123206E-001	-5,660421781724780E-001	1,000000000000000E+000
-1,9234964E-001	-5,697309175782177E-001	1,000000000000000E+000
-1,9355923E-001	-5,711933928886763E-001	1,000000000000000E+000
-1,9478965E-001	-5,752218506574911E-001	1,000000000000000E+000
-1,9599287E-001	-5,772573740428495E-001	1,000000000000000E+000
-1,9712351E-001	-5,805789103679766E-001	1,000000000000000E+000
-1,9846749E-001	-5,825226907187158E-001	1,000000000000000E+000
-1,9918253E-001	-5,835472507040116E-001	1,000000000000000E+000
-1,9958238E-001	-5,849479138851166E-001	1,000000000000000E+000
-1,9964010E-001	-5,840775370597839E-001	1,000000000000000E+000
-1,9947338E-001	-4,659401931868938E-001	1,000000000000000E+000
-1,9782478E-001	-2,533476425257195E-001	1,000000000000000E+000
-1,9620849E-001	-3,181601797486651E-001	1,000000000000000E+000
-1,9541159E-001	-3,435693378991407E-001	1,000000000000000E+000
-1,9432677E-001	-2,816524203366558E-001	1,000000000000000E+000
-1,9278237E-001	-2,809723936392128E-001	1,000000000000000E+000
-1,9178586E-001	-2,886262531823438E-001	1,000000000000000E+000
-1,9051930E-001	-2,670577104177529E-001	1,000000000000000E+000
-1,8931124E-001	-2,600258659243724E-001	1,000000000000000E+000
-1,8808529E-001	-2,587461680458443E-001	1,000000000000000E+000
-1,8702391E-001	-2,483177300870276E-001	1,000000000000000E+000
-1,8567713E-001	-2,420705912927930E-001	1,000000000000000E+000
-1,8463640E-001	-2,379573031061297E-001	1,000000000000000E+000
-1,8320990E-001	-2,289526872250627E-001	1,000000000000000E+000
-1,8208724E-001	-2,241011464588896E-001	1,000000000000000E+000
-1,8092024E-001	-2,191409129149244E-001	1,000000000000000E+000
-1,7973353E-001	-2,126729869266493E-001	1,000000000000000E+000
-1,7854279E-001	-2,061188614116634E-001	1,000000000000000E+000
-1,7727710E-001	-2,004934303889359E-001	1,000000000000000E+000
-1,7614233E-001	-1,973316302216892E-001	1,000000000000000E+000
-1,7492144E-001	-1,909359293877726E-001	1,000000000000000E+000
-1,7363539E-001	-1,844909112572810E-001	1,000000000000000E+000
-1,7252432E-001	-1,827902450243490E-001	1,000000000000000E+000
-1,7132677E-001	-1,763577491273518E-001	1,000000000000000E+000
-1,7012925E-001	-1,705547022779852E-001	1,000000000000000E+000
-1,6893932E-001	-1,667717116802966E-001	1,000000000000000E+000
-1,6761692E-001	-1,611261387437546E-001	1,000000000000000E+000
-1,6660407E-001	-1,551009441415467E-001	1,000000000000000E+000
-1,6534916E-001	-1,518162512716283E-001	1,000000000000000E+000
-1,6414970E-001	-1,457512876454361E-001	1,000000000000000E+000
-1,6289711E-001	-1,420667134139131E-001	1,000000000000000E+000
-1,6178149E-001	-1,356578509698418E-001	1,000000000000000E+000
-1,6049497E-001	-1,319266284505525E-001	1,000000000000000E+000
-1,5936251E-001	-1,289705446710014E-001	1,000000000000000E+000
-1,5800598E-001	-1,222190673708807E-001	1,000000000000000E+000
-1,5698627E-001	-1,190737060473848E-001	1,000000000000000E+000
-1,5568633E-001	-1,157787175141958E-001	1,000000000000000E+000
-1,5449984E-001	-1,106066135581822E-001	1,000000000000000E+000
-1,5334125E-001	-1,086500683277669E-001	1,000000000000000E+000
-1,5206569E-001	-1,053720511780631E-001	1,000000000000000E+000
-1,5104188E-001	-9,877656162845838E-002	1,000000000000000E+000
-1,4967330E-001	-9,733399401388665E-002	1,000000000000000E+000
-1,4874034E-001	-9,589259160458330E-002	1,000000000000000E+000
-1,4726166E-001	-9,154261213175419E-002	1,000000000000000E+000
-1,4629324E-001	-8,625195097475696E-002	1,000000000000000E+000
-1,4488095E-001	-8,535877469909803E-002	1,000000000000000E+000
-1,4382358E-001	-8,292356252355537E-002	1,000000000000000E+000
-1,4245322E-001	-7,939284961968124E-002	1,000000000000000E+000
-1,4144473E-001	-7,692339348809402E-002	1,000000000000000E+000
-1,4011867E-001	-7,267405134108329E-002	1,000000000000000E+000
-1,3898136E-001	-7,068028352525135E-002	1,000000000000000E+000
-1,3757083E-001	-6,775601399756326E-002	1,000000000000000E+000
-1,3655719E-001	-6,586340876917041E-002	1,000000000000000E+000
-1,3531083E-001	-6,121715173638348E-002	1,000000000000000E+000
-1,3420400E-001	-6,013734524647041E-002	1,000000000000000E+000
-1,3292359E-001	-5,696080873194309E-002	1,000000000000000E+000
-1,3171771E-001	-5,456356021265185E-002	1,000000000000000E+000
-1,3038968E-001	-5,317793641437740E-002	1,000000000000000E+000
-1,2935984E-001	-4,773446855230107E-002	1,000000000000000E+000
-1,2812699E-001	-4,527561053476309E-002	1,000000000000000E+000
-1,2698109E-001	-4,377991649110935E-002	1,000000000000000E+000
-1,2553951E-001	-4,204106830217857E-002	1,000000000000000E+000
-1,2470475E-001	-3,783551908714716E-002	1,000000000000000E+000
-1,2348882E-001	-3,682442870976288E-002	1,000000000000000E+000
-1,2205736E-001	-3,294802467442221E-002	1,000000000000000E+000
-1,2099637E-001	-3,205336661388467E-002	1,000000000000000E+000
-1,1970981E-001	-2,854258717033420E-002	1,000000000000000E+000
-1,1849629E-001	-2,601787726113497E-002	1,000000000000000E+000
-1,1734509E-001	-2,482948435391774E-002	1,000000000000000E+000
-1,1614773E-001	-2,016159920485391E-002	1,000000000000000E+000
-1,1498167E-001	-1,958336097676588E-002	1,000000000000000E+000
-1,1381636E-001	-1,558098378019934E-002	1,000000000000000E+000
-1,1254204E-001	-1,368392526610814E-002	1,000000000000000E+000
-1,0819422E-001	-8,137868060236308E-003	1,000000000000000E+000
-1,0423525E-001	9,038861431118206E-005	1,000000000000000E+000
-1,0310218E-001	5,959556647886277E-003	1,000000000000000E+000
-1,0173249E-001	1,051833785917283E-002	1,000000000000000E+000
-1,0059156E-001	1,385152664685546E-002	1,000000000000000E+000
-9,9435680E-002	1,510426985542945E-002	1,000000000000000E+000
-9,8049700E-002	1,526191998790537E-002	1,000000000000000E+000
-9,7100593E-002	1,598999875730242E-002	1,000000000000000E+000
-9,5784113E-002	1,739257402126294E-002	1,000000000000000E+000
-9,4489701E-002	2,069540843081927E-002	1,000000000000000E+000
-9,3574852E-002	2,424986348611391E-002	1,000000000000000E+000
-9,2139915E-002	2,739185581406312E-002	1,000000000000000E+000
-9,1079220E-002	3,013489845411466E-002	1,000000000000000E+000
-8,9878634E-002	3,243112457965724E-002	1,000000000000000E+000
-8,8646770E-002	3,380803518370235E-002	1,000000000000000E+000
-8,7709837E-002	3,565598147138682E-002	1,000000000000000E+000
-8,6189307E-002	3,814901895465384E-002	1,000000000000000E+000
-8,5006103E-002	4,065657329327355E-002	1,000000000000000E+000
-8,3793215E-002	4,349065960182265E-002	1,000000000000000E+000
-8,2603589E-002	4,562860243378142E-002	1,000000000000000E+000
-8,1544459E-002	4,792868995260768E-002	1,000000000000000E+000
-8,0306232E-002	5,036275691398051E-002	1,000000000000000E+000
-7,8926630E-002	5,190682540220815E-002	1,000000000000000E+000
-7,7826098E-002	5,396438540386372E-002	1,000000000000000E+000
-7,6532677E-002	5,626613843789396E-002	1,000000000000000E+000
-7,5482391E-002	5,910015235228161E-002	1,000000000000000E+000
-7,4239135E-002	6,174919092208486E-002	1,000000000000000E+000
-7,2966091E-002	6,367426402155438E-002	1,000000000000000E+000
-7,1918771E-002	6,544157278323037E-002	1,000000000000000E+000
-7,0628792E-002	6,800389217204156E-002	1,000000000000000E+000
-6,9534518E-002	7,014728498244172E-002	1,000000000000000E+000
-6,8311863E-002	7,288442640155723E-002	1,000000000000000E+000
-6,7088485E-002	7,528459901611018E-002	1,000000000000000E+000
-6,5924279E-002	7,752590502301859E-002	1,000000000000000E+000
-6,4822122E-002	7,964175225761563E-002	1,000000000000000E+000
-6,3314930E-002	8,125097429190131E-002	1,000000000000000E+000
-6,2354509E-002	8,409030016412516E-002	1,000000000000000E+000
-6,1033912E-002	8,677662060492575E-002	1,000000000000000E+000
-6,0082760E-002	8,906909161575027E-002	1,000000000000000E+000
-5,8857981E-002	9,151112997184382E-002	1,000000000000000E+000
-5,7431031E-002	9,337998662441471E-002	1,000000000000000E+000
-5,6235366E-002	9,597947034139720E-002	1,000000000000000E+000
-5,5059757E-002	9,810428642797198E-002	1,000000000000000E+000
-5,3862110E-002	1,000832870259827E-001	1,000000000000000E+000
-5,2591898E-002	1,027040492971774E-001	1,000000000000000E+000
-5,1548332E-002	1,049564376331142E-001	1,000000000000000E+000
-5,0242528E-002	1,073758036169850E-001	1,000000000000000E+000
-4,6205431E-002	1,153208280260425E-001	1,000000000000000E+000
-4,1750457E-002	1,276113384713736E-001	1,000000000000000E+000
-4,0561263E-002	1,249980853064229E-001	1,000000000000000E+000
-3,9388839E-002	1,275216215872208E-001	1,000000000000000E+000
-3,8154040E-002	1,297235453665186E-001	1,000000000000000E+000
-3,7027545E-002	1,338639988895957E-001	1,000000000000000E+000
-3,5717215E-002	1,348744499415200E-001	1,000000000000000E+000
-3,4708317E-002	1,376159075319909E-001	1,000000000000000E+000
-3,3316817E-002	1,377351982497470E-001	1,000000000000000E+000
-3,2199670E-002	1,413413038999018E-001	1,000000000000000E+000
-3,1081662E-002	1,442266598201565E-001	1,000000000000000E+000
-2,9705238E-002	1,446707524958548E-001	1,000000000000000E+000
-2,8605772E-002	1,496603607902889E-001	1,000000000000000E+000
-2,7420823E-002	1,492276191797667E-001	1,000000000000000E+000
-2,6198091E-002	1,504178149604098E-001	1,000000000000000E+000
-2,4949320E-002	1,553847289889942E-001	1,000000000000000E+000
-2,3814932E-002	1,560242662542608E-001	1,000000000000000E+000
-2,2445297E-002	1,574457233978643E-001	1,000000000000000E+000
-2,1379549E-002	1,612080371986084E-001	1,000000000000000E+000
-2,0200333E-002	1,623110599358804E-001	1,000000000000000E+000
-1,8956585E-002	1,632793125636118E-001	1,000000000000000E+000
-1,7802991E-002	1,673395952503030E-001	1,000000000000000E+000
-1,6523790E-002	1,680464545799487E-001	1,000000000000000E+000
-1,5274945E-002	1,696967510571188E-001	1,000000000000000E+000
-1,4149158E-002	1,734078485104775E-001	1,000000000000000E+000
-1,2973125E-002	1,740535205894119E-001	1,000000000000000E+000
-1,1807707E-002	1,759433633609055E-001	1,000000000000000E+000
-1,0624394E-002	1,797026983565755E-001	1,000000000000000E+000
-9,4103636E-003	1,805916302363149E-001	1,000000000000000E+000
-8,2519511E-003	1,818106663866068E-001	1,000000000000000E+000
-6,9703134E-003	1,864439805719518E-001	1,000000000000000E+000
-5,8507477E-003	1,866958416541351E-001	1,000000000000000E+000
-4,5232587E-003	1,899673913915954E-001	1,000000000000000E+000
-3,3784313E-003	1,910940641731349E-001	1,000000000000000E+000
-2,1039001E-003	1,927672684735935E-001	1,000000000000000E+000
-1,0215578E-003	1,944611551718691E-001	1,000000000000000E+000
2,6903223E-004	1,984950243883454E-001	1,000000000000000E+000
1,5815612E-003	1,996715439405916E-001	1,000000000000000E+000
2,5884684E-003	2,026279330538161E-001	1,000000000000000E+000
3,7891252E-003	2,038115486675123E-001	1,000000000000000E+000
5,0541032E-003	2,043557506296088E-001	1,000000000000000E+000
5,7995319E-003	2,061107959727653E-001	1,000000000000000E+000
6,0542165E-003	2,075554206967354E-001	2,000000000000000E+000
6,7457212E-003	2,108513493418553E-001	2,000000000000000E+000
8,0588860E-003	2,097980466895493E-001	2,000000000000000E+000
9,1734948E-003	2,139823912832615E-001	2,000000000000000E+000
1,0442469E-002	2,160034080260198E-001	2,000000000000000E+000
1,1618288E-002	2,164796344392617E-001	2,000000000000000E+000
1,2793783E-002	2,205907998442723E-001	2,000000000000000E+000
1,4104827E-002	2,218649942013955E-001	2,000000000000000E+000
1,5053718E-002	2,228475643528833E-001	2,000000000000000E+000
1,6458863E-002	2,266814358903244E-001	2,000000000000000E+000
1,7675443E-002	2,274955016414255E-001	2,000000000000000E+000
1,8857419E-002	2,288624712705825E-001	2,000000000000000E+000
2,0077243E-002	2,327982528885419E-001	2,000000000000000E+000
2,1254553E-002	2,341418918092835E-001	2,000000000000000E+000
2,2479683E-002	2,380116184638745E-001	2,000000000000000E+000
2,3651468E-002	2,382311030566973E-001	2,000000000000000E+000
2,4869533E-002	2,398333739989482E-001	2,000000000000000E+000
2,5957815E-002	2,436776446799438E-001	2,000000000000000E+000
2,7179454E-002	2,450251043127425E-001	2,000000000000000E+000
2,8471392E-002	2,464576015783537E-001	2,000000000000000E+000
2,9612074E-002	2,502151144047583E-001	2,000000000000000E+000
3,0815912E-002	2,513374483506032E-001	2,000000000000000E+000
3,2044806E-002	2,515034073386000E-001	2,000000000000000E+000
3,3164222E-002	2,571347573021843E-001	2,000000000000000E+000
3,4455311E-002	2,571743374811146E-001	2,000000000000000E+000
3,5552163E-002	2,582737451539958E-001	2,000000000000000E+000
3,6801919E-002	2,629130103806441E-001	2,000000000000000E+000
3,8046092E-002	2,631624140561124E-001	2,000000000000000E+000
3,9171316E-002	2,661927063061214E-001	2,000000000000000E+000
4,0409468E-002	2,694123987608631E-001	2,000000000000000E+000
4,1571707E-002	2,699319082829690E-001	2,000000000000000E+000
4,2766731E-002	2,734195662584780E-001	2,000000000000000E+000
4,3992225E-002	2,729833194580698E-001	2,000000000000000E+000
4,5237847E-002	2,761363118145350E-001	2,000000000000000E+000
4,6369646E-002	2,802426169315977E-001	2,000000000000000E+000
4,7654364E-002	2,802181030942688E-001	2,000000000000000E+000
4,8888065E-002	2,827356151408633E-001	2,000000000000000E+000
5,0066788E-002	2,853587224165453E-001	2,000000000000000E+000
5,1176377E-002	2,856980553931673E-001	2,000000000000000E+000
5,2417930E-002	2,887226330823515E-001	2,000000000000000E+000
5,3667329E-002	2,918308693958724E-001	2,000000000000000E+000
5,4914266E-002	2,933817151804563E-001	2,000000000000000E+000
5,5906389E-002	2,956408957812799E-001	2,000000000000000E+000
5,7363410E-002	2,978855711063035E-001	2,000000000000000E+000
5,8358572E-002	2,993357804543513E-001	2,000000000000000E+000
5,9679735E-002	3,023214435670534E-001	2,000000000000000E+000
6,0825795E-002	3,042919691781427E-001	2,000000000000000E+000
6,2023699E-002	3,047412627730178E-001	2,000000000000000E+000
6,3170955E-002	3,084856499314168E-001	2,000000000000000E+000
6,4478815E-002	3,099953234368192E-001	2,000000000000000E+000
6,5552101E-002	3,102817603912973E-001	2,000000000000000E+000
6,6789337E-002	3,152003292494495E-001	2,000000000000000E+000
6,7914002E-002	3,163456641680880E-001	2,000000000000000E+000
6,9218248E-002	3,169290990551461E-001	2,000000000000000E+000
7,0310272E-002	3,216457559287340E-001	2,000000000000000E+000
7,1576312E-002	3,218690999223055E-001	2,000000000000000E+000
7,2816238E-002	3,230665886938502E-001	2,000000000000000E+000
7,3960915E-002	3,278240911291772E-001	2,000000000000000E+000
7,5130798E-002	3,280966015041089E-001	2,000000000000000E+000
7,6378077E-002	3,317717566344620E-001	2,000000000000000E+000
7,7536032E-002	3,349911258081669E-001	2,000000000000000E+000
7,8784242E-002	3,343213767727364E-001	2,000000000000000E+000
8,0084145E-002	3,391758787221525E-001	2,000000000000000E+000
8,1221960E-002	3,402043841865476E-001	2,000000000000000E+000
8,2460538E-002	3,413154726968730E-001	2,000000000000000E+000
8,3464548E-002	3,457736954550023E-001	2,000000000000000E+000
8,4890008E-002	3,453953533166059E-001	2,000000000000000E+000
8,5891262E-002	3,486847283568720E-001	2,000000000000000E+000
8,7138124E-002	3,512131495151181E-001	2,000000000000000E+000
8,8370189E-002	3,523391706618924E-001	2,000000000000000E+000
8,9578770E-002	3,573942097438563E-001	2,000000000000000E+000
9,0847358E-002	3,574786223557402E-001	2,000000000000000E+000
9,1945268E-002	3,593188571976502E-001	2,000000000000000E+000
9,3206950E-002	3,631665294653628E-001	2,000000000000000E+000
9,4340734E-002	3,633591990478138E-001	2,000000000000000E+000
9,5663764E-002	3,676828578399078E-001	2,000000000000000E+000
9,6737273E-002	3,685328983313723E-001	2,000000000000000E+000
9,8079234E-002	3,716296700855599E-001	2,000000000000000E+000
9,9192560E-002	3,746509837693784E-001	2,000000000000000E+000
1,0045627E-001	3,748678368628386E-001	2,000000000000000E+000
1,0161800E-001	3,781738535768393E-001	2,000000000000000E+000
1,0282771E-001	3,813264092723672E-001	2,000000000000000E+000
1,0397466E-001	3,819298878941622E-001	2,000000000000000E+000
1,0519499E-001	3,852679346541494E-001	2,000000000000000E+000
1,0644057E-001	3,878300477603999E-001	2,000000000000000E+000
1,0751344E-001	3,890172934625307E-001	2,000000000000000E+000
1,0877341E-001	3,929596404519131E-001	2,000000000000000E+000
1,1000253E-001	3,934372474861974E-001	2,000000000000000E+000
1,1127545E-001	3,968353058530578E-001	2,000000000000000E+000
1,1236020E-001	3,983161559337054E-001	2,000000000000000E+000
1,1366786E-001	3,999734669751298E-001	2,000000000000000E+000
1,1468345E-001	4,040422371235088E-001	2,000000000000000E+000
1,1607580E-001	4,049123877711196E-001	2,000000000000000E+000
1,1705159E-001	4,077149236281574E-001	2,000000000000000E+000
1,1855637E-001	4,103983731388468E-001	2,000000000000000E+000
1,1945324E-001	4,113634436011875E-001	2,000000000000000E+000
1,2094733E-001	4,152973041852457E-001	2,000000000000000E+000
1,2179945E-001	4,167831332802194E-001	2,000000000000000E+000
1,2342868E-001	4,173521556615549E-001	2,000000000000000E+000
1,2423058E-001	4,224920256270304E-001	2,000000000000000E+000
1,2563820E-001	4,235346035824880E-001	2,000000000000000E+000
1,2667635E-001	4,261968554152809E-001	2,000000000000000E+000
1,2805483E-001	4,300767402595804E-001	2,000000000000000E+000
1,2907971E-001	4,306430257943084E-001	2,000000000000000E+000
1,3037591E-001	4,309872144712483E-001	2,000000000000000E+000
1,3148087E-001	4,368483730660835E-001	2,000000000000000E+000
1,3293302E-001	4,375977599131016E-001	2,000000000000000E+000
1,3395721E-001	4,364895328310228E-001	2,000000000000000E+000
1,3520369E-001	4,434486151828141E-001	2,000000000000000E+000
1,3634548E-001	4,455383461555131E-001	2,000000000000000E+000
1,3786392E-001	4,451714720990925E-001	2,000000000000000E+000
1,3875529E-001	4,474299153037098E-001	2,000000000000000E+000
1,4004031E-001	4,521306550595909E-001	2,000000000000000E+000
1,4119054E-001	4,552105818099017E-001	2,000000000000000E+000
1,4247929E-001	4,559051493631188E-001	2,000000000000000E+000
1,4354388E-001	4,572722220500154E-001	2,000000000000000E+000
1,4482203E-001	4,593406435861098E-001	2,000000000000000E+000
1,4563532E-001	4,634016673511798E-001	2,000000000000000E+000
1,4758703E-001	4,641444856749359E-001	2,000000000000000E+000
1,4811192E-001	4,671093680619940E-001	2,000000000000000E+000
1,4965747E-001	4,703315993495014E-001	2,000000000000000E+000
1,5082099E-001	4,708485491487577E-001	2,000000000000000E+000
1,5195383E-001	4,734442023198238E-001	2,000000000000000E+000
1,5324253E-001	4,758121860041111E-001	2,000000000000000E+000
1,5433323E-001	4,773505955192934E-001	2,000000000000000E+000
1,5556307E-001	4,815325232188190E-001	2,000000000000000E+000
1,5683039E-001	4,822991602381483E-001	2,000000000000000E+000
1,5789740E-001	4,852744796037394E-001	2,000000000000000E+000
1,5915729E-001	4,863562786658449E-001	2,000000000000000E+000
1,6034797E-001	4,885274362577903E-001	2,000000000000000E+000
1,6164386E-001	4,899412820167433E-001	2,000000000000000E+000
1,6283256E-001	4,933640584349650E-001	2,000000000000000E+000
1,6397780E-001	4,937605063293002E-001	2,000000000000000E+000
1,6518219E-001	4,957292638805326E-001	2,000000000000000E+000
1,6638216E-001	4,996799032238366E-001	2,000000000000000E+000
1,6756701E-001	5,014618660012891E-001	2,000000000000000E+000
1,6873853E-001	5,026357360615368E-001	2,000000000000000E+000
1,6999266E-001	5,039000895857377E-001	2,000000000000000E+000
1,7123452E-001	5,047172399203266E-001	2,000000000000000E+000
1,7243133E-001	5,059920338034196E-001	2,000000000000000E+000
1,7340967E-001	5,094922859894329E-001	2,000000000000000E+000
1,7485675E-001	5,101424625781554E-001	2,000000000000000E+000
1,7591412E-001	5,109775745551364E-001	2,000000000000000E+000
1,7720415E-001	5,121969605658079E-001	2,000000000000000E+000
1,7842770E-001	5,137892866386453E-001	2,000000000000000E+000
1,7959474E-001	5,164872573826642E-001	2,000000000000000E+000
1,8085738E-001	5,158260560128847E-001	2,000000000000000E+000
1,8194205E-001	5,191578778041608E-001	2,000000000000000E+000
1,8311843E-001	5,210453930259180E-001	2,000000000000000E+000
1,8435304E-001	5,214307200405059E-001	2,000000000000000E+000
1,8557623E-001	5,240137726413447E-001	2,000000000000000E+000
1,8667503E-001	5,272812963791074E-001	2,000000000000000E+000
1,8801960E-001	5,282226668463821E-001	2,000000000000000E+000
1,8923104E-001	5,321319624954071E-001	2,000000000000000E+000
1,9031104E-001	5,343005011479063E-001	2,000000000000000E+000
1,9155437E-001	5,348804543415713E-001	2,000000000000000E+000
1,9262393E-001	5,398480996092880E-001	2,000000000000000E+000
1,9405533E-001	5,415783541070088E-001	2,000000000000000E+000
1,9508307E-001	5,447837135116402E-001	2,000000000000000E+000
1,9634826E-001	5,461972413964031E-001	2,000000000000000E+000
1,9751807E-001	5,492044228249835E-001	2,000000000000000E+000
1,9878617E-001	5,525952983061195E-001	2,000000000000000E+000
1,9983679E-001	5,547993528723172E-001	2,000000000000000E+000
2,0046386E-001	5,585846602916718E-001	2,000000000000000E+000
2,0066881E-001	5,587545633316040E-001	2,000000000000000E+000
2,0030437E-001	4,323743441383598E-001	2,000000000000000E+000
1,9865176E-001	2,226510584156074E-001	2,000000000000000E+000
1,9710201E-001	2,913518314599064E-001	2,000000000000000E+000
1,9627526E-001	3,172078995698102E-001	2,000000000000000E+000
1,9503085E-001	2,533354511036099E-001	2,000000000000000E+000
1,9369635E-001	2,542841997325282E-001	2,000000000000000E+000
1,9251801E-001	2,603720528185720E-001	2,000000000000000E+000
1,9148980E-001	2,404825616955617E-001	2,000000000000000E+000
1,9013959E-001	2,362659859160584E-001	2,000000000000000E+000
1,8904281E-001	2,333213478042238E-001	2,000000000000000E+000
1,8775401E-001	2,248031503253585E-001	2,000000000000000E+000
1,8667004E-001	2,195988069978307E-001	2,000000000000000E+000
1,8538207E-001	2,124939060045614E-001	2,000000000000000E+000
1,8408385E-001	2,092857714613068E-001	2,000000000000000E+000
1,8302795E-001	2,016156700922664E-001	2,000000000000000E+000
1,8183218E-001	1,989784601976647E-001	2,000000000000000E+000
1,8062434E-001	1,913224663714779E-001	2,000000000000000E+000
1,7939992E-001	1,879145467817713E-001	2,000000000000000E+000
1,7814320E-001	1,816851165559559E-001	2,000000000000000E+000
1,7698105E-001	1,773383198370646E-001	2,000000000000000E+000
1,7580763E-001	1,745433214495695E-001	2,000000000000000E+000
1,7458053E-001	1,702151874929703E-001	2,000000000000000E+000
1,7341313E-001	1,646301577717102E-001	2,000000000000000E+000
1,7214933E-001	1,600068104022219E-001	2,000000000000000E+000
1,7088459E-001	1,580744387832025E-001	2,000000000000000E+000
1,6968642E-001	1,514957048369707E-001	2,000000000000000E+000
1,6855907E-001	1,478764438652436E-001	2,000000000000000E+000
1,6731094E-001	1,449821999046468E-001	2,000000000000000E+000
1,6623375E-001	1,396116811083634E-001	2,000000000000000E+000
1,6498753E-001	1,363100240856445E-001	2,000000000000000E+000
1,6377203E-001	1,343567645612727E-001	2,000000000000000E+000
1,6259877E-001	1,265932480951222E-001	2,000000000000000E+000
1,6138665E-001	1,259195808778282E-001	2,000000000000000E+000
1,6016993E-001	1,220087143010460E-001	2,000000000000000E+000
1,5886363E-001	1,176290444844335E-001	2,000000000000000E+000
1,5792148E-001	1,145178268952467E-001	2,000000000000000E+000
1,5648080E-001	1,105254092835823E-001	2,000000000000000E+000
1,5546151E-001	1,071276737170087E-001	2,000000000000000E+000
1,5409237E-001	1,035278264219719E-001	2,000000000000000E+000
1,5300405E-001	1,008724833200514E-001	2,000000000000000E+000
1,5177019E-001	9,721123121562392E-002	2,000000000000000E+000
1,5057206E-001	9,489553515083615E-002	2,000000000000000E+000
1,4941910E-001	8,936203933424430E-002	2,000000000000000E+000
1,4811996E-001	8,806771112614564E-002	2,000000000000000E+000
1,4700711E-001	8,326558013558757E-002	2,000000000000000E+000
1,4582267E-001	8,093821283330699E-002	2,000000000000000E+000
1,4459959E-001	7,788924024336874E-002	2,000000000000000E+000
1,4337565E-001	7,421112898952786E-002	2,000000000000000E+000
1,4219455E-001	7,166786409086656E-002	2,000000000000000E+000
1,4109804E-001	6,798636137413019E-002	2,000000000000000E+000
1,3971820E-001	6,520652532775872E-002	2,000000000000000E+000
1,3866398E-001	6,173774035738044E-002	2,000000000000000E+000
1,3748495E-001	5,925163094286345E-002	2,000000000000000E+000
1,3621312E-001	5,484428407119923E-002	2,000000000000000E+000
1,3503392E-001	5,367020905746535E-002	2,000000000000000E+000
1,3381748E-001	4,869809602301034E-002	2,000000000000000E+000
1,3262403E-001	4,710802278444781E-002	2,000000000000000E+000
1,3136110E-001	4,219348666568601E-002	2,000000000000000E+000
1,3021779E-001	4,104655947378852E-002	2,000000000000000E+000
1,2893102E-001	3,637962700277392E-002	2,000000000000000E+000
1,2784855E-001	3,251658617928455E-002	2,000000000000000E+000
1,2649482E-001	3,144472938503085E-002	2,000000000000000E+000
1,2549399E-001	2,846468594496541E-002	2,000000000000000E+000
1,2413081E-001	2,511434932185458E-002	2,000000000000000E+000
1,2307522E-001	2,215084683336538E-002	2,000000000000000E+000
1,2172369E-001	1,889403588763716E-002	2,000000000000000E+000
1,2068353E-001	1,721701155259292E-002	2,000000000000000E+000
1,1933868E-001	1,221849341783560E-002	2,000000000000000E+000
1,1827818E-001	9,168568339427391E-003	2,000000000000000E+000
1,1697373E-001	7,897677191471719E-003	2,000000000000000E+000
1,1586960E-001	2,215836022982240E-003	2,000000000000000E+000
1,1461205E-001	8,624461094349778E-004	2,000000000000000E+000
1,1353870E-001	-2,740266917903168E-003	2,000000000000000E+000
1,1219349E-001	-4,252717529703270E-003	2,000000000000000E+000
1,1085365E-001	-8,645005446278747E-003	2,000000000000000E+000
1,0986343E-001	-1,092857870066331E-002	2,000000000000000E+000
1,0856928E-001	-1,542860398789070E-002	2,000000000000000E+000
1,0742296E-001	-1,623440297084422E-002	2,000000000000000E+000
1,0612115E-001	-2,054769036207021E-002	2,000000000000000E+000
1,0506443E-001	-2,275555218673414E-002	2,000000000000000E+000
1,0382337E-001	-2,598701875184717E-002	2,000000000000000E+000
1,0262038E-001	-2,745196352501528E-002	2,000000000000000E+000
1,0146694E-001	-3,015079103675411E-002	2,000000000000000E+000
1,0023981E-001	-3,386251506432270E-002	2,000000000000000E+000
9,8995633E-002	-3,407798834302445E-002	2,000000000000000E+000
9,7814858E-002	-3,836158396626599E-002	2,000000000000000E+000
9,6540973E-002	-3,932039845892213E-002	2,000000000000000E+000
9,5379025E-002	-4,285757621228513E-002	2,000000000000000E+000
9,4146356E-002	-4,538652808103649E-002	2,000000000000000E+000
9,3015760E-002	-4,478337139503474E-002	2,000000000000000E+000
9,1796942E-002	-4,965071773363483E-002	2,000000000000000E+000
9,0631321E-002	-5,105829758502756E-002	2,000000000000000E+000
8,9462161E-002	-5,264847529232852E-002	2,000000000000000E+000
8,8153303E-002	-5,699813505742457E-002	2,000000000000000E+000
8,6961150E-002	-5,619572837733545E-002	2,000000000000000E+000
8,5822977E-002	-5,993979599723498E-002	2,000000000000000E+000
8,4632158E-002	-6,244021865940208E-002	2,000000000000000E+000
8,3245113E-002	-6,354887069297796E-002	2,000000000000000E+000
8,2297228E-002	-6,781783896817450E-002	2,000000000000000E+000
8,1015058E-002	-6,809237417958980E-002	2,000000000000000E+000
7,9823941E-002	-6,948361566497219E-002	2,000000000000000E+000
7,8598775E-002	-7,377516695824293E-002	2,000000000000000E+000
7,7315964E-002	-7,487088255153029E-002	2,000000000000000E+000
7,6278873E-002	-7,899244864152175E-002	2,000000000000000E+000
7,4948512E-002	-7,891832777790486E-002	2,000000000000000E+000
7,3834896E-002	-8,007203875631269E-002	2,000000000000000E+000
7,2610751E-002	-8,305187585453189E-002	2,000000000000000E+000
7,1411230E-002	-8,667452462099434E-002	2,000000000000000E+000
7,0211001E-002	-8,770258046570201E-002	2,000000000000000E+000
6,9131762E-002	-8,794827779961956E-002	2,000000000000000E+000
6,7811325E-002	-9,282474684813513E-002	2,000000000000000E+000
6,6664517E-002	-9,617158066895237E-002	2,000000000000000E+000
6,5399393E-002	-9,325717316931792E-002	2,000000000000000E+000
6,4214244E-002	-1,007576019856735E-001	2,000000000000000E+000
6,3032724E-002	-1,012352133704417E-001	2,000000000000000E+000
6,1826438E-002	-1,001066205402215E-001	2,000000000000000E+000
6,0599394E-002	-1,055283535043363E-001	2,000000000000000E+000
5,9374187E-002	-1,079752261069156E-001	2,000000000000000E+000
5,8313847E-002	-1,088476153155273E-001	2,000000000000000E+000
5,7010654E-002	-1,105402269297175E-001	2,000000000000000E+000
5,5728558E-002	-1,124789630972641E-001	2,000000000000000E+000
5,4659802E-002	-1,159011942002472E-001	2,000000000000000E+000
5,3495664E-002	-1,164361668914482E-001	2,000000000000000E+000
5,2197501E-002	-1,210472196711363E-001	2,000000000000000E+000
5,1076241E-002	-1,209481773419407E-001	2,000000000000000E+000
4,9809352E-002	-1,221613862305979E-001	2,000000000000000E+000
4,8581246E-002	-1,271237434983182E-001	2,000000000000000E+000
4,7337499E-002	-1,279966690474086E-001	2,000000000000000E+000
4,6200737E-002	-1,295598107821272E-001	2,000000000000000E+000
4,4964742E-002	-1,333742779248430E-001	2,000000000000000E+000
4,3940917E-002	-1,334482008155813E-001	2,000000000000000E+000
4,2509407E-002	-1,369079698148807E-001	2,000000000000000E+000
4,1497257E-002	-1,382142751352618E-001	2,000000000000000E+000
4,0193219E-002	-1,397771937664838E-001	2,000000000000000E+000
3,9071046E-002	-1,438688589152188E-001	2,000000000000000E+000
3,7746418E-002	-1,450027555455795E-001	2,000000000000000E+000
3,6633644E-002	-1,453747437831393E-001	2,000000000000000E+000
3,5551377E-002	-1,500518504116268E-001	2,000000000000000E+000
3,4162428E-002	-1,508107731653445E-001	2,000000000000000E+000
3,3032458E-002	-1,526182287639969E-001	2,000000000000000E+000
3,1882469E-002	-1,565092668622834E-001	2,000000000000000E+000
3,0568460E-002	-1,566699159642061E-001	2,000000000000000E+000
2,9503448E-002	-1,587777715133225E-001	2,000000000000000E+000
2,8187208E-002	-1,628063462816898E-001	2,000000000000000E+000
2,7004389E-002	-1,634806593345415E-001	2,000000000000000E+000
2,5849482E-002	-1,676240695761166E-001	2,000000000000000E+000
2,4564127E-002	-1,679702852335241E-001	2,000000000000000E+000
2,3342242E-002	-1,686353672024169E-001	2,000000000000000E+000
2,2258626E-002	-1,726214263773593E-001	2,000000000000000E+000
2,0978862E-002	-1,750078526265162E-001	2,000000000000000E+000
1,9826606E-002	-1,756358260452673E-001	2,000000000000000E+000
1,8647252E-002	-1,780555596040498E-001	2,000000000000000E+000
1,7473627E-002	-1,810424968457993E-001	2,000000000000000E+000
1,6264267E-002	-1,822539946555879E-001	2,000000000000000E+000
1,5034678E-002	-1,862643259465342E-001	2,000000000000000E+000
1,3788594E-002	-1,876000158631031E-001	2,000000000000000E+000
1,2662872E-002	-1,883492874287720E-001	2,000000000000000E+000
1,1448530E-002	-1,920136147959117E-001	2,000000000000000E+000
1,0239804E-002	-1,929658535454000E-001	2,000000000000000E+000
9,0039456E-003	-1,946031070504066E-001	2,000000000000000E+000
7,8044259E-003	-1,994621849778375E-001	2,000000000000000E+000
6,7007816E-003	-1,992801177462011E-001	2,000000000000000E+000
5,5221394E-003	-2,034024222715138E-001	2,000000000000000E+000
4,1518691E-003	-2,038621162517094E-001	2,000000000000000E+000
3,0686045E-003	-2,058085869411341E-001	2,000000000000000E+000
1,7146174E-003	-2,093372843530092E-001	2,000000000000000E+000
7,0140499E-004	-2,117781177533926E-001	2,000000000000000E+000
-7,2751724E-004	-2,140200138092041E-001	2,000000000000000E+000
-1,7199266E-003	-2,142240301429945E-001	2,000000000000000E+000
-3,0797946E-003	-2,176606973840129E-001	2,000000000000000E+000
-4,1381116E-003	-2,197990920437776E-001	2,000000000000000E+000
-5,3982069E-003	-2,210458024422186E-001	2,000000000000000E+000
-6,5411236E-003	-2,228024738444079E-001	2,000000000000000E+000
-7,7919806E-003	-2,262558831565982E-001	2,000000000000000E+000
-8,9582484E-003	-2,283077496535109E-001	2,000000000000000E+000
-1,0185366E-002	-2,302299390150298E-001	2,000000000000000E+000
-1,1398473E-002	-2,335641706983247E-001	2,000000000000000E+000
-1,2568350E-002	-2,333877111474671E-001	2,000000000000000E+000
-1,3728599E-002	-2,366681701150132E-001	2,000000000000000E+000
-1,4968240E-002	-2,401374785264050E-001	2,000000000000000E+000
-1,6089505E-002	-2,399864850858995E-001	2,000000000000000E+000
-1,7359715E-002	-2,430581520915158E-001	2,000000000000000E+000
-1,8303862E-002	-2,463264169335292E-001	2,000000000000000E+000
-1,9881107E-002	-2,466190850741601E-001	2,000000000000000E+000
-2,0983826E-002	-2,498819409973090E-001	2,000000000000000E+000
-2,2036700E-002	-2,521161062220374E-001	2,000000000000000E+000
-2,3549583E-002	-2,535418247010690E-001	2,000000000000000E+000
-2,4594354E-002	-2,581862786491569E-001	2,000000000000000E+000
-2,5875889E-002	-2,574621397415511E-001	2,000000000000000E+000
-2,6906861E-002	-2,600240494271189E-001	2,000000000000000E+000
-2,8163912E-002	-2,634186968034884E-001	2,000000000000000E+000
-2,9381339E-002	-2,639185765464958E-001	2,000000000000000E+000
-3,0555945E-002	-2,684804207291797E-001	2,000000000000000E+000
-3,1766154E-002	-2,690882397108462E-001	2,000000000000000E+000
-3,2998230E-002	-2,698828075124231E-001	2,000000000000000E+000
-3,4210626E-002	-2,746356421331347E-001	2,000000000000000E+000
-3,5385814E-002	-2,744454251110753E-001	2,000000000000000E+000
-3,6447212E-002	-2,767991773413359E-001	2,000000000000000E+000
-3,7855793E-002	-2,809497798939615E-001	2,000000000000000E+000
-3,8939059E-002	-2,814611125892634E-001	2,000000000000000E+000
-4,0183831E-002	-2,834955948292857E-001	2,000000000000000E+000
-4,1270848E-002	-2,871968359039681E-001	2,000000000000000E+000
-4,2605452E-002	-2,878853585355463E-001	2,000000000000000E+000
-4,3812755E-002	-2,914133943074064E-001	2,000000000000000E+000
-4,4866297E-002	-2,925661729726308E-001	2,000000000000000E+000
-4,6301525E-002	-2,941789246095272E-001	2,000000000000000E+000
-4,7404595E-002	-2,983966863076031E-001	2,000000000000000E+000
-4,8679978E-002	-2,986795808904352E-001	2,000000000000000E+000
-4,9778033E-002	-3,013536125136955E-001	2,000000000000000E+000
-5,0953772E-002	-3,042126492234969E-001	2,000000000000000E+000
-5,2163139E-002	-3,048468747357305E-001	2,000000000000000E+000
-5,3174783E-002	-3,080526006632235E-001	2,000000000000000E+000
-5,4555211E-002	-3,103983023384984E-001	2,000000000000000E+000
-5,5699922E-002	-3,137209649171870E-001	2,000000000000000E+000
-5,7015110E-002	-3,122686458044436E-001	2,000000000000000E+000
-5,8042649E-002	-3,156742105708896E-001	2,000000000000000E+000
-5,9386451E-002	-3,206618144651178E-001	2,000000000000000E+000
-6,0329396E-002	-3,207208603335969E-001	2,000000000000000E+000
-6,1944421E-002	-3,215292108469393E-001	2,000000000000000E+000
-6,2867485E-002	-3,266195741878759E-001	2,000000000000000E+000
-6,4249001E-002	-3,274796673450275E-001	2,000000000000000E+000
-6,5176874E-002	-3,291301764634054E-001	2,000000000000000E+000
-6,6653430E-002	-3,321730885697809E-001	2,000000000000000E+000
-6,7686729E-002	-3,342093835558937E-001	2,000000000000000E+000
-6,8981215E-002	-3,345899615022869E-001	2,000000000000000E+000
-7,0121519E-002	-3,390531010097924E-001	2,000000000000000E+000
-7,1347818E-002	-3,409132340629752E-001	2,000000000000000E+000
-7,2510689E-002	-3,413643135076923E-001	2,000000000000000E+000
-7,3746689E-002	-3,456301051536910E-001	2,000000000000000E+000
-7,4895620E-002	-3,492198050479165E-001	2,000000000000000E+000
-7,6240614E-002	-3,498128550946351E-001	2,000000000000000E+000
-7,7325150E-002	-3,502818956514125E-001	2,000000000000000E+000
-7,8562886E-002	-3,538632794473049E-001	2,000000000000000E+000
-7,9788096E-002	-3,558942917605030E-001	2,000000000000000E+000
-8,0969639E-002	-3,570048302127473E-001	2,000000000000000E+000
-8,2284510E-002	-3,594427917764893E-001	2,000000000000000E+000
-8,3379723E-002	-3,641261727359417E-001	2,000000000000000E+000
-8,4642574E-002	-3,644647521475601E-001	2,000000000000000E+000
-8,5655294E-002	-3,666723041355395E-001	2,000000000000000E+000
-8,6996660E-002	-3,688072179642496E-001	2,000000000000000E+000
-8,8074610E-002	-3,701190234774181E-001	2,000000000000000E+000
-8,9397512E-002	-3,723578438447365E-001	2,000000000000000E+000
-9,0447374E-002	-3,757004497779737E-001	2,000000000000000E+000
-9,1817431E-002	-3,765550059206024E-001	2,000000000000000E+000
-9,2892267E-002	-3,805301323645160E-001	2,000000000000000E+000
-9,4195038E-002	-3,815217473613171E-001	2,000000000000000E+000
-9,5329247E-002	-3,829350345035047E-001	2,000000000000000E+000
-9,6469894E-002	-3,866015803198231E-001	2,000000000000000E+000
-9,7775199E-002	-3,872758863812855E-001	2,000000000000000E+000
-9,8918676E-002	-3,900773723747717E-001	2,000000000000000E+000
-1,0023687E-001	-3,926842617974788E-001	2,000000000000000E+000
-1,0138935E-001	-3,937269653909388E-001	2,000000000000000E+000
-1,0247488E-001	-3,961846414712031E-001	2,000000000000000E+000
-1,0370223E-001	-3,984329197598901E-001	2,000000000000000E+000
-1,0497868E-001	-4,000188240660698E-001	2,000000000000000E+000
-1,0596976E-001	-4,013011923008074E-001	2,000000000000000E+000
-1,0741086E-001	-4,054226500490952E-001	2,000000000000000E+000
-1,0839458E-001	-4,054643108414631E-001	2,000000000000000E+000
-1,0982018E-001	-4,075084578944366E-001	2,000000000000000E+000
-1,1089765E-001	-4,104978437966625E-001	2,000000000000000E+000
-1,1205880E-001	-4,103502436213304E-001	2,000000000000000E+000
-1,1331820E-001	-4,131462975594875E-001	2,000000000000000E+000
-1,1449523E-001	-4,154806592053255E-001	2,000000000000000E+000
-1,1582090E-001	-4,161744916863341E-001	2,000000000000000E+000
-1,1692371E-001	-4,176967056830296E-001	2,000000000000000E+000
-1,1806082E-001	-4,203570319719070E-001	2,000000000000000E+000
-1,1932168E-001	-4,233190396507438E-001	2,000000000000000E+000
-1,2054399E-001	-4,241327005783431E-001	2,000000000000000E+000
-1,2176428E-001	-4,282815302980847E-001	2,000000000000000E+000
-1,2300250E-001	-4,285447883023011E-001	2,000000000000000E+000
-1,2417574E-001	-4,308362106137249E-001	2,000000000000000E+000
-1,2538907E-001	-4,339733020557723E-001	2,000000000000000E+000
-1,2658286E-001	-4,365777729286084E-001	2,000000000000000E+000
-1,2768112E-001	-4,395258885860018E-001	2,000000000000000E+000
-1,2894143E-001	-4,392114774479232E-001	2,000000000000000E+000
-1,3010070E-001	-4,418586554712860E-001	2,000000000000000E+000
-1,3127337E-001	-4,465254892905550E-001	2,000000000000000E+000
-1,3245367E-001	-4,473836914273992E-001	2,000000000000000E+000
-1,3369778E-001	-4,496214348236434E-001	2,000000000000000E+000
-1,3494568E-001	-4,527419830361998E-001	2,000000000000000E+000
-1,3606335E-001	-4,538533964832481E-001	2,000000000000000E+000
-1,3738999E-001	-4,580218361138728E-001	2,000000000000000E+000
-1,3851018E-001	-4,588545635515064E-001	2,000000000000000E+000
-1,3967317E-001	-4,620421350571426E-001	2,000000000000000E+000
-1,4094259E-001	-4,642030224031588E-001	2,000000000000000E+000
-1,4208417E-001	-4,663051532546945E-001	2,000000000000000E+000
-1,4339471E-001	-4,700181550449791E-001	2,000000000000000E+000
-1,4451258E-001	-4,704715783569853E-001	2,000000000000000E+000
-1,4572074E-001	-4,746551741242246E-001	2,000000000000000E+000
-1,4694028E-001	-4,762316826489528E-001	2,000000000000000E+000
-1,4817673E-001	-4,794130002286410E-001	2,000000000000000E+000
-1,4927521E-001	-4,819357862644305E-001	2,000000000000000E+000
-1,5058075E-001	-4,822262475715444E-001	2,000000000000000E+000
-1,5164609E-001	-4,868260514577507E-001	2,000000000000000E+000
-1,5290743E-001	-4,886785563150475E-001	2,000000000000000E+000
-1,5406956E-001	-4,916668852911910E-001	2,000000000000000E+000
-1,5548715E-001	-4,940145028047932E-001	2,000000000000000E+000
-1,5655194E-001	-4,944334675868349E-001	2,000000000000000E+000
-1,5773058E-001	-4,993254153609836E-001	2,000000000000000E+000
-1,5894356E-001	-5,005789249790471E-001	2,000000000000000E+000
-1,6013153E-001	-5,041476045304023E-001	2,000000000000000E+000
-1,6133325E-001	-5,055391585230122E-001	2,000000000000000E+000
-1,6245933E-001	-5,082859322256228E-001	2,000000000000000E+000
-1,6369919E-001	-5,112350086371098E-001	2,000000000000000E+000
-1,6482471E-001	-5,125046455197859E-001	2,000000000000000E+000
-1,6618957E-001	-5,164889105319684E-001	2,000000000000000E+000
-1,6733864E-001	-5,176817298849565E-001	2,000000000000000E+000
-1,6847634E-001	-5,213097805605722E-001	2,000000000000000E+000
-1,6970861E-001	-5,238770366629106E-001	2,000000000000000E+000
-1,7088465E-001	-5,244187592201053E-001	2,000000000000000E+000
-1,7209154E-001	-5,284268802152599E-001	2,000000000000000E+000
-1,7328785E-001	-5,317744446780388E-001	2,000000000000000E+000
-1,7446977E-001	-5,328281968487065E-001	2,000000000000000E+000
-1,7571396E-001	-5,349874003980037E-001	2,000000000000000E+000
-1,7692633E-001	-5,402974415898161E-001	2,000000000000000E+000
-1,7815353E-001	-5,407270027186577E-001	2,000000000000000E+000
-1,7928731E-001	-5,418660657273372E-001	2,000000000000000E+000
-1,8046154E-001	-5,473964126970312E-001	2,000000000000000E+000
-1,8173651E-001	-5,471262231865799E-001	2,000000000000000E+000
-1,8286084E-001	-5,511335726327221E-001	2,000000000000000E+000
-1,8418801E-001	-5,533819331063157E-001	2,000000000000000E+000
-1,8526845E-001	-5,553559669017496E-001	2,000000000000000E+000
-1,8655226E-001	-5,592414161483585E-001	2,000000000000000E+000
-1,8772940E-001	-5,624148870335393E-001	2,000000000000000E+000
-1,8889207E-001	-5,624447890850526E-001	2,000000000000000E+000
-1,9010162E-001	-5,650682039645130E-001	2,000000000000000E+000
-1,9138153E-001	-5,695688545928057E-001	2,000000000000000E+000
-1,9246690E-001	-5,711412529150639E-001	2,000000000000000E+000
-1,9368616E-001	-5,743747258093199E-001	2,000000000000000E+000
-1,9488510E-001	-5,752680893487230E-001	2,000000000000000E+000
-1,9608828E-001	-5,784350840754264E-001	2,000000000000000E+000
-1,9732217E-001	-5,828552655444508E-001	2,000000000000000E+000
-1,9863155E-001	-5,823612333258135E-001	2,000000000000000E+000
-1,9923376E-001	-5,853158757090573E-001	2,000000000000000E+000
-1,9947290E-001	-5,869100888570156E-001	2,000000000000000E+000
-1,9944005E-001	-4,708549036661620E-001	2,000000000000000E+000
-1,9763727E-001	-2,551557400901971E-001	2,000000000000000E+000
-1,9628285E-001	-3,177779048681251E-001	2,000000000000000E+000
-1,9542532E-001	-3,445627107759243E-001	2,000000000000000E+000
-1,9418524E-001	-2,789434235956931E-001	2,000000000000000E+000
-1,9284937E-001	-2,834208603448193E-001	2,000000000000000E+000
-1,9172753E-001	-2,865216763026111E-001	2,000000000000000E+000
-1,9061950E-001	-2,655048476040580E-001	2,000000000000000E+000
-1,8927217E-001	-2,588565376526839E-001	2,000000000000000E+000
-1,8804370E-001	-2,561459458364101E-001	2,000000000000000E+000
-1,8704499E-001	-2,457407483080800E-001	2,000000000000000E+000
-1,8554552E-001	-2,397529859595968E-001	2,000000000000000E+000
-1,8460917E-001	-2,332482753899288E-001	2,000000000000000E+000
-1,8322814E-001	-2,276896499011110E-001	2,000000000000000E+000
-1,8221748E-001	-2,201735302892143E-001	2,000000000000000E+000
-1,8093283E-001	-2,158418837805378E-001	2,000000000000000E+000
-1,7966597E-001	-2,075651521768624E-001	2,000000000000000E+000
-1,7848335E-001	-2,050835966236060E-001	2,000000000000000E+000
-1,7747825E-001	-1,953298094686717E-001	2,000000000000000E+000
-1,7612444E-001	-1,881976573602985E-001	2,000000000000000E+000
-1,7480752E-001	-1,866931560194907E-001	2,000000000000000E+000
-1,7377478E-001	-1,777409344083731E-001	2,000000000000000E+000
-1,7249030E-001	-1,759235084798458E-001	2,000000000000000E+000
-1,7131943E-001	-1,669801901982819E-001	2,000000000000000E+000
-1,7006239E-001	-1,611753517925671E-001	2,000000000000000E+000
-1,6894270E-001	-1,589901724537071E-001	2,000000000000000E+000
-1,6765973E-001	-1,535979257918103E-001	2,000000000000000E+000
-1,6649000E-001	-1,487500925173260E-001	2,000000000000000E+000
-1,6539946E-001	-1,436607087423368E-001	2,000000000000000E+000
-1,6412301E-001	-1,418033043457263E-001	2,000000000000000E+000
-1,6298361E-001	-1,368124179684345E-001	2,000000000000000E+000
-1,6161175E-001	-1,309015346298650E-001	2,000000000000000E+000
-1,6060895E-001	-1,306489428712261E-001	2,000000000000000E+000
-1,5934114E-001	-1,252452435178889E-001	2,000000000000000E+000
-1,5822449E-001	-1,201386698931279E-001	2,000000000000000E+000
-1,5688011E-001	-1,194770828760405E-001	2,000000000000000E+000
-1,5577804E-001	-1,158995009631059E-001	2,000000000000000E+000
-1,5454398E-001	-1,107982231467891E-001	2,000000000000000E+000
-1,5344568E-001	-1,099745060049897E-001	2,000000000000000E+000
-1,5206549E-001	-1,070721863501678E-001	2,000000000000000E+000
-1,5099396E-001	-1,019268074639883E-001	2,000000000000000E+000
-1,4981821E-001	-9,959752501001518E-002	2,000000000000000E+000
-1,4843847E-001	-9,590945377001631E-002	2,000000000000000E+000
-1,4737271E-001	-9,368229202529488E-002	2,000000000000000E+000
-1,4620098E-001	-9,092864140122248E-002	2,000000000000000E+000
-1,4487953E-001	-8,906074571940639E-002	2,000000000000000E+000
-1,4371745E-001	-8,296566451274505E-002	2,000000000000000E+000
-1,4256191E-001	-8,045940716315403E-002	2,000000000000000E+000
-1,4138311E-001	-7,990110727647937E-002	2,000000000000000E+000
-1,4021814E-001	-7,691087723920920E-002	2,000000000000000E+000
-1,3890973E-001	-7,269059199111144E-002	2,000000000000000E+000
-1,3791372E-001	-7,148523395342088E-002	2,000000000000000E+000
-1,3645507E-001	-6,775697263462138E-002	2,000000000000000E+000
-1,3550873E-001	-6,533659916668594E-002	2,000000000000000E+000
-1,3408737E-001	-6,351005833992640E-002	2,000000000000000E+000
-1,3311486E-001	-5,804538509713653E-002	2,000000000000000E+000
-1,3162811E-001	-5,714637791216196E-002	2,000000000000000E+000
-1,3068432E-001	-5,502271450111751E-002	2,000000000000000E+000
-1,2921372E-001	-5,142286179438482E-002	2,000000000000000E+000
-1,2817635E-001	-4,914724335604759E-002	2,000000000000000E+000
-1,2699525E-001	-4,697161804587191E-002	2,000000000000000E+000
-1,2577905E-001	-4,130811895959552E-002	2,000000000000000E+000
-1,2452827E-001	-4,130122570172223E-002	2,000000000000000E+000
-1,2344778E-001	-4,070040497969807E-002	2,000000000000000E+000
-1,2212911E-001	-3,298428773780837E-002	2,000000000000000E+000
-1,2096135E-001	-3,383080700048052E-002	2,000000000000000E+000
-1,1976642E-001	-3,210808026293910E-002	2,000000000000000E+000
-1,1861708E-001	-2,636165918132360E-002	2,000000000000000E+000
-1,1733215E-001	-2,630662442189308E-002	2,000000000000000E+000
-1,1613660E-001	-2,451168208979107E-002	2,000000000000000E+000
-1,1492626E-001	-1,913937196756398E-002	2,000000000000000E+000
-1,1385662E-001	-1,794642041797347E-002	2,000000000000000E+000
-1,1256899E-001	-1,459459828577198E-002	2,000000000000000E+000
-1,1141337E-001	-1,407998614013195E-002	2,000000000000000E+000
-1,1007784E-001	-9,736794771150151E-003	2,000000000000000E+000
-1,0928433E-001	-8,252020782728547E-003	2,000000000000000E+000
-1,0758332E-001	-7,180167084125402E-003	2,000000000000000E+000
-1,0673181E-001	-1,467043151478716E-003	2,000000000000000E+000
-1,0533734E-001	-7,307005864558101E-004	2,000000000000000E+000
-1,0416083E-001	2,885373248596397E-003	2,000000000000000E+000
-1,0301451E-001	3,771762675771437E-003	2,000000000000000E+000
-9,8570168E-002	1,231311839817115E-002	2,000000000000000E+000
-9,4775580E-002	2,661845698646548E-002	2,000000000000000E+000
-9,3380414E-002	3,043645188261979E-002	2,000000000000000E+000
-9,2218183E-002	3,020268179534474E-002	2,000000000000000E+000
-9,0794548E-002	2,882734163668607E-002	2,000000000000000E+000
-8,9812465E-002	2,756063146160975E-002	2,000000000000000E+000
-8,8690355E-002	2,864537434760245E-002	2,000000000000000E+000
-8,7465860E-002	3,258454333990835E-002	2,000000000000000E+000
-8,6299874E-002	3,733376830145801E-002	2,000000000000000E+000
-8,5023373E-002	4,199600191323385E-002	2,000000000000000E+000
-8,3848193E-002	4,510372569536619E-002	2,000000000000000E+000
-8,2532473E-002	4,600174626641629E-002	2,000000000000000E+000
-8,1339881E-002	4,636499663508779E-002	2,000000000000000E+000
-8,0328308E-002	4,818849739159403E-002	2,000000000000000E+000
-7,9058446E-002	5,101134247821330E-002	2,000000000000000E+000
-7,7889711E-002	5,382918918298353E-002	2,000000000000000E+000
-7,6652393E-002	5,688659671297391E-002	2,000000000000000E+000
-7,5356074E-002	6,004909271184666E-002	2,000000000000000E+000
-7,4365437E-002	6,324542329444008E-002	2,000000000000000E+000
-7,2959371E-002	6,530921099086606E-002	2,000000000000000E+000
-7,2060838E-002	6,713852824436306E-002	2,000000000000000E+000
-7,0430510E-002	6,822840874708543E-002	2,000000000000000E+000
-6,9683924E-002	6,981437053548678E-002	2,000000000000000E+000
-6,7982614E-002	7,205011934274830E-002	2,000000000000000E+000
-6,7305855E-002	7,512652336326608E-002	2,000000000000000E+000
-6,5831505E-002	7,834568697661698E-002	2,000000000000000E+000
-6,4756952E-002	8,142184476687211E-002	2,000000000000000E+000
-6,3485965E-002	8,401237288597752E-002	2,000000000000000E+000
-6,2113788E-002	8,617585767987523E-002	2,000000000000000E+000
-6,1067030E-002	8,771554427329215E-002	2,000000000000000E+000
-5,9697978E-002	9,020843320737468E-002	2,000000000000000E+000
-5,8855426E-002	9,290542516046824E-002	2,000000000000000E+000
-5,7335995E-002	9,528664752293370E-002	2,000000000000000E+000
-5,6330681E-002	9,795200643323654E-002	2,000000000000000E+000
-5,5078052E-002	9,989683924962922E-002	2,000000000000000E+000
-5,4042410E-002	1,022322592379403E-001	2,000000000000000E+000
-5,2599542E-002	1,043773152805109E-001	2,000000000000000E+000
-5,1616192E-002	1,068370673348436E-001	2,000000000000000E+000
-4,7444310E-002	1,133319048666773E-001	2,000000000000000E+000
-4,2966355E-002	1,252263973885293E-001	2,000000000000000E+000
-4,1728374E-002	1,258018651214017E-001	2,000000000000000E+000
-4,0566780E-002	1,253461059553689E-001	2,000000000000000E+000
-3,9398599E-002	1,274327587064663E-001	2,000000000000000E+000
-3,8117815E-002	1,308795911113352E-001	2,000000000000000E+000
-3,6988273E-002	1,323037136160702E-001	2,000000000000000E+000
-3,5719547E-002	1,348169794827880E-001	2,000000000000000E+000
-3,4597717E-002	1,376938334541151E-001	2,000000000000000E+000
-3,3374771E-002	1,374207997858461E-001	2,000000000000000E+000
-3,2158274E-002	1,410800246586508E-001	2,000000000000000E+000
-3,1049183E-002	1,438987861534031E-001	2,000000000000000E+000
-2,9676365E-002	1,439028078112410E-001	2,000000000000000E+000
-2,8609520E-002	1,477669150465066E-001	2,000000000000000E+000
-2,7225316E-002	1,498613191975489E-001	2,000000000000000E+000
-2,6069872E-002	1,496450876196227E-001	2,000000000000000E+000
-2,5019161E-002	1,549471003171581E-001	2,000000000000000E+000
-2,3761649E-002	1,561738815572529E-001	2,000000000000000E+000
-2,2522146E-002	1,567125627792579E-001	2,000000000000000E+000
-2,1401627E-002	1,606850476129224E-001	2,000000000000000E+000
-2,0114360E-002	1,610164188077090E-001	2,000000000000000E+000
-1,9027699E-002	1,630661786658933E-001	2,000000000000000E+000
-1,7686659E-002	1,673448957132042E-001	2,000000000000000E+000
-1,6552446E-002	1,675985483517362E-001	2,000000000000000E+000
-1,5429273E-002	1,693437425484365E-001	2,000000000000000E+000
-1,4165642E-002	1,718224400818278E-001	2,000000000000000E+000
-1,3017068E-002	1,744314484013665E-001	2,000000000000000E+000
-1,1651256E-002	1,754848525613654E-001	2,000000000000000E+000
-1,0723529E-002	1,794918898678453E-001	2,000000000000000E+000
-9,3519855E-003	1,801203970594716E-001	2,000000000000000E+000
-8,1999423E-003	1,819233869512877E-001	2,000000000000000E+000
-6,9590625E-003	1,853838007340940E-001	2,000000000000000E+000
-5,8027720E-003	1,866207505809152E-001	2,000000000000000E+000
-4,6176119E-003	1,874054545187396E-001	2,000000000000000E+000
-3,3506223E-003	1,915272280974838E-001	2,000000000000000E+000
-2,2096159E-003	1,928212450153226E-001	2,000000000000000E+000
-9,6466643E-004	1,942885141578268E-001	2,000000000000000E+000
3,4969902E-004	1,985984080281380E-001	2,000000000000000E+000
1,2896747E-003	1,992121685567931E-001	2,000000000000000E+000
2,5539408E-003	2,013831357902811E-001	2,000000000000000E+000
3,7944322E-003	2,037301205327149E-001	2,000000000000000E+000
5,0110100E-003	2,053620703604628E-001	2,000000000000000E+000
5,8343350E-003	2,085765438775223E-001	2,000000000000000E+000
6,0771429E-003	2,089258879423141E-001	3,000000000000000E+000
6,7900876E-003	2,092806748761284E-001	3,000000000000000E+000
8,0011459E-003	2,099673934367110E-001	3,000000000000000E+000
9,2770876E-003	2,134609973722106E-001	3,000000000000000E+000
1,0452658E-002	2,155154144770846E-001	3,000000000000000E+000
1,1646310E-002	2,158152850310291E-001	3,000000000000000E+000
1,2804186E-002	2,196568066418101E-001	3,000000000000000E+000
1,4047511E-002	2,216008469091593E-001	3,000000000000000E+000
1,5171958E-002	2,222622260365075E-001	3,000000000000000E+000
1,6478894E-002	2,246385769513273E-001	3,000000000000000E+000
1,7554231E-002	2,289630932198775E-001	3,000000000000000E+000
1,8836616E-002	2,285198542349798E-001	3,000000000000000E+000
1,9965159E-002	2,330503041631788E-001	3,000000000000000E+000
2,1245424E-002	2,337317278358606E-001	3,000000000000000E+000
2,2405535E-002	2,353590145336335E-001	3,000000000000000E+000
2,3583960E-002	2,391532388455409E-001	3,000000000000000E+000
2,4782710E-002	2,392810204506137E-001	3,000000000000000E+000
2,6029782E-002	2,441558931238470E-001	3,000000000000000E+000
2,7145915E-002	2,450842780914781E-001	3,000000000000000E+000
2,8400276E-002	2,461747893399595E-001	3,000000000000000E+000
2,9564170E-002	2,481236997948697E-001	3,000000000000000E+000
3,0792775E-002	2,520555522706776E-001	3,000000000000000E+000
3,2024000E-002	2,520922414130639E-001	3,000000000000000E+000
3,3142783E-002	2,555697181443168E-001	3,000000000000000E+000
3,4477811E-002	2,567518697103006E-001	3,000000000000000E+000
3,5602041E-002	2,581185017565817E-001	3,000000000000000E+000
3,6780264E-002	2,622166290594702E-001	3,000000000000000E+000
3,7961394E-002	2,632417355974517E-001	3,000000000000000E+000
3,9272789E-002	2,661699321534901E-001	3,000000000000000E+000
4,0444925E-002	2,685185114258077E-001	3,000000000000000E+000
4,1612249E-002	2,687263449490143E-001	3,000000000000000E+000
4,2748798E-002	2,707968677083648E-001	3,000000000000000E+000
4,3925781E-002	2,749814122173664E-001	3,000000000000000E+000
4,5355875E-002	2,767059538271979E-001	3,000000000000000E+000
4,6386208E-002	2,793912012173148E-001	3,000000000000000E+000
4,7677089E-002	2,785566850927577E-001	3,000000000000000E+000
4,8769403E-002	2,828436537378431E-001	3,000000000000000E+000
5,0049379E-002	2,848417717549538E-001	3,000000000000000E+000
5,1157907E-002	2,855991094105848E-001	3,000000000000000E+000
5,2477863E-002	2,873948129428614E-001	3,000000000000000E+000
5,3502813E-002	2,921599108311868E-001	3,000000000000000E+000
5,4789018E-002	2,930485366291755E-001	3,000000000000000E+000
5,5849362E-002	2,933706951724315E-001	3,000000000000000E+000
5,7244740E-002	2,979903185903956E-001	3,000000000000000E+000
5,8361974E-002	2,990563605196295E-001	3,000000000000000E+000
5,9633244E-002	3,019624961005462E-001	3,000000000000000E+000
6,0874835E-002	3,034512890994332E-001	3,000000000000000E+000
6,1974447E-002	3,048390396310161E-001	3,000000000000000E+000
6,3252971E-002	3,065084411322854E-001	3,000000000000000E+000
6,4294346E-002	3,109681598014302E-001	3,000000000000000E+000
6,5717041E-002	3,112521200630549E-001	3,000000000000000E+000
6,6721618E-002	3,148156189428715E-001	3,000000000000000E+000
6,8151109E-002	3,166060093833418E-001	3,000000000000000E+000
6,9068581E-002	3,176354503267702E-001	3,000000000000000E+000
7,0413657E-002	3,216455626534303E-001	3,000000000000000E+000
7,1536191E-002	3,219934749649855E-001	3,000000000000000E+000
7,2723188E-002	3,253048014766713E-001	3,000000000000000E+000
7,3978335E-002	3,288700636605633E-001	3,000000000000000E+000
7,5262196E-002	3,284546946028799E-001	3,000000000000000E+000
7,6385513E-002	3,324037494387964E-001	3,000000000000000E+000
7,7685699E-002	3,353951339635795E-001	3,000000000000000E+000
7,8720734E-002	3,360481285102053E-001	3,000000000000000E+000
8,0018960E-002	3,393374977383277E-001	3,000000000000000E+000
8,1109025E-002	3,396968760708754E-001	3,000000000000000E+000
8,2416162E-002	3,423908274120624E-001	3,000000000000000E+000
8,3544575E-002	3,464181210233459E-001	3,000000000000000E+000
8,4815502E-002	3,466702685217137E-001	3,000000000000000E+000
8,5958906E-002	3,509635314802403E-001	3,000000000000000E+000
8,7179080E-002	3,517395284897822E-001	3,000000000000000E+000
8,8332608E-002	3,525820140752738E-001	3,000000000000000E+000
8,9607432E-002	3,580067083239560E-001	3,000000000000000E+000
9,0832710E-002	3,582471052521021E-001	3,000000000000000E+000
9,1939032E-002	3,610127257890318E-001	3,000000000000000E+000
9,3193151E-002	3,634254479375514E-001	3,000000000000000E+000
9,4360895E-002	3,641321284446377E-001	3,000000000000000E+000
9,5593929E-002	3,677497953004014E-001	3,000000000000000E+000
9,6850842E-002	3,698428086677765E-001	3,000000000000000E+000
9,8017037E-002	3,712288414438567E-001	3,000000000000000E+000
9,9157542E-002	3,749161828179943E-001	3,000000000000000E+000
1,0045478E-001	3,753427765720208E-001	3,000000000000000E+000
1,0158617E-001	3,786704331351860E-001	3,000000000000000E+000
1,0283981E-001	3,817259683920494E-001	3,000000000000000E+000
1,0403793E-001	3,815451775530905E-001	3,000000000000000E+000
1,0511065E-001	3,876057999570737E-001	3,000000000000000E+000
1,0636733E-001	3,873164032896359E-001	3,000000000000000E+000
1,0756990E-001	3,889552743553555E-001	3,000000000000000E+000
1,0882033E-001	3,920817501127214E-001	3,000000000000000E+000
1,0994284E-001	3,948663676381816E-001	3,000000000000000E+000
1,1122579E-001	3,981758794678303E-001	3,000000000000000E+000
1,1243090E-001	3,984547644224072E-001	3,000000000000000E+000
1,1358350E-001	4,008971871032081E-001	3,000000000000000E+000
1,1482697E-001	4,042095684455003E-001	3,000000000000000E+000
1,1606158E-001	4,047721827109516E-001	3,000000000000000E+000
1,1709545E-001	4,092722212274884E-001	3,000000000000000E+000
1,1838801E-001	4,103415070481056E-001	3,000000000000000E+000
1,1953582E-001	4,110841320965584E-001	3,000000000000000E+000
1,2081784E-001	4,159143517414732E-001	3,000000000000000E+000
1,2190853E-001	4,161591000199603E-001	3,000000000000000E+000
1,2310360E-001	4,199258764015728E-001	3,000000000000000E+000
1,2439509E-001	4,222744538069341E-001	3,000000000000000E+000
1,2551062E-001	4,228131005074829E-001	3,000000000000000E+000
1,2672971E-001	4,250391046947763E-001	3,000000000000000E+000
1,2801747E-001	4,305423854298347E-001	3,000000000000000E+000
1,2919945E-001	4,309133038838846E-001	3,000000000000000E+000
1,3030288E-001	4,314916572464540E-001	3,000000000000000E+000
1,3161901E-001	4,387004578192890E-001	3,000000000000000E+000
1,3273270E-001	4,363832817395679E-001	3,000000000000000E+000
1,3396032E-001	4,382374796205806E-001	3,000000000000000E+000
1,3529088E-001	4,447389240980307E-001	3,000000000000000E+000
1,3660561E-001	4,422535491003483E-001	3,000000000000000E+000
1,3749051E-001	4,471046813091064E-001	3,000000000000000E+000
1,3893691E-001	4,492778666231239E-001	3,000000000000000E+000
1,4003587E-001	4,516112605903162E-001	3,000000000000000E+000
1,4135304E-001	4,522923740161646E-001	3,000000000000000E+000
1,4240308E-001	4,558579764604840E-001	3,000000000000000E+000
1,4366701E-001	4,577835483683482E-001	3,000000000000000E+000
1,4478192E-001	4,583667724013889E-001	3,000000000000000E+000
1,4599790E-001	4,627876852949449E-001	3,000000000000000E+000
1,4713830E-001	4,638400189319825E-001	3,000000000000000E+000
1,4842173E-001	4,646526260508432E-001	3,000000000000000E+000
1,4956746E-001	4,690911368277195E-001	3,000000000000000E+000
1,5078191E-001	4,696071458445799E-001	3,000000000000000E+000
1,5202184E-001	4,703833655264500E-001	3,000000000000000E+000
1,5315931E-001	4,754251473479805E-001	3,000000000000000E+000
1,5445358E-001	4,755524898172130E-001	3,000000000000000E+000
1,5555610E-001	4,784596715795093E-001	3,000000000000000E+000
1,5674461E-001	4,805450547245096E-001	3,000000000000000E+000
1,5792170E-001	4,811989052428141E-001	3,000000000000000E+000
1,5922469E-001	4,824050991985676E-001	3,000000000000000E+000
1,6028617E-001	4,860349628832892E-001	3,000000000000000E+000
1,6166706E-001	4,869208451601903E-001	3,000000000000000E+000
1,6265842E-001	4,874007631420949E-001	3,000000000000000E+000
1,6367318E-001	4,908338139454540E-001	3,000000000000000E+000
1,6558263E-001	4,908592688626859E-001	3,000000000000000E+000
1,6646147E-001	4,920843574908320E-001	3,000000000000000E+000
1,6749911E-001	4,928986322893607E-001	3,000000000000000E+000
1,6874638E-001	4,958100675053378E-001	3,000000000000000E+000
1,6998456E-001	4,976714104241502E-001	3,000000000000000E+000
1,7112069E-001	4,986680742025521E-001	3,000000000000000E+000
1,7242214E-001	5,001554609431587E-001	3,000000000000000E+000
1,7348255E-001	5,036028214230175E-001	3,000000000000000E+000
1,7482120E-001	5,053343330423736E-001	3,000000000000000E+000
1,7595391E-001	5,067256196936691E-001	3,000000000000000E+000
1,7724809E-001	5,107286464664407E-001	3,000000000000000E+000
1,7833810E-001	5,122444795582588E-001	3,000000000000000E+000
1,7957115E-001	5,162118573983507E-001	3,000000000000000E+000
1,8079624E-001	5,160965961059221E-001	3,000000000000000E+000
1,8191977E-001	5,188800117294139E-001	3,000000000000000E+000
1,8314922E-001	5,224166934516408E-001	3,000000000000000E+000
1,8439275E-001	5,240676357600567E-001	3,000000000000000E+000
1,8557245E-001	5,285811014904649E-001	3,000000000000000E+000
1,8672386E-001	5,293088663127969E-001	3,000000000000000E+000
1,8791151E-001	5,320646121356369E-001	3,000000000000000E+000
1,8918023E-001	5,349995899359108E-001	3,000000000000000E+000
1,9034225E-001	5,363641315036354E-001	3,000000000000000E+000
1,9152114E-001	5,417674941579946E-001	3,000000000000000E+000
1,9267187E-001	5,423366257627666E-001	3,000000000000000E+000
1,9408467E-001	5,483014136897761E-001	3,000000000000000E+000
1,9520041E-001	5,490637297259156E-001	3,000000000000000E+000
1,9638833E-001	5,488684694886352E-001	3,000000000000000E+000
1,9758524E-001	5,554647599260711E-001	3,000000000000000E+000
1,9870172E-001	5,578722846004416E-001	3,000000000000000E+000
2,0002039E-001	5,583559876152634E-001	3,000000000000000E+000
2,0046003E-001	5,602872669696808E-001	3,000000000000000E+000
2,0038988E-001	5,605563819408417E-001	3,000000000000000E+000
2,0020328E-001	4,362806539025357E-001	3,000000000000000E+000
1,9874474E-001	2,291030699551035E-001	3,000000000000000E+000
1,9683076E-001	2,951185708190325E-001	3,000000000000000E+000
1,9639894E-001	3,211523569749535E-001	3,000000000000000E+000
1,9494654E-001	2,563643734945271E-001	3,000000000000000E+000
1,9380985E-001	2,591634078158275E-001	3,000000000000000E+000
1,9252488E-001	2,653797074583268E-001	3,000000000000000E+000
1,9144444E-001	2,444456002321438E-001	3,000000000000000E+000
1,9009741E-001	2,400669886006244E-001	3,000000000000000E+000
1,8903352E-001	2,372173596501210E-001	3,000000000000000E+000
1,8770050E-001	2,255647246751731E-001	3,000000000000000E+000
1,8661135E-001	2,222694268200063E-001	3,000000000000000E+000
1,8536140E-001	2,165825919774198E-001	3,000000000000000E+000
1,8418700E-001	2,101420302814980E-001	3,000000000000000E+000
1,8299830E-001	2,054744734476261E-001	3,000000000000000E+000
1,8175213E-001	1,995266896469907E-001	3,000000000000000E+000
1,8053381E-001	1,941992278271183E-001	3,000000000000000E+000
1,7942049E-001	1,898555095367893E-001	3,000000000000000E+000
1,7814972E-001	1,842037843135023E-001	3,000000000000000E+000
1,7706016E-001	1,807308612969116E-001	3,000000000000000E+000
1,7572336E-001	1,750886772556615E-001	3,000000000000000E+000
1,7456526E-001	1,709876946277089E-001	3,000000000000000E+000
1,7341615E-001	1,694002709226439E-001	3,000000000000000E+000
1,7219600E-001	1,607551382190584E-001	3,000000000000000E+000
1,7098263E-001	1,590297489073473E-001	3,000000000000000E+000
1,6976508E-001	1,542273029314225E-001	3,000000000000000E+000
1,6857202E-001	1,487672958195352E-001	3,000000000000000E+000
1,6746987E-001	1,467440458493205E-001	3,000000000000000E+000
1,6619420E-001	1,414689731124483E-001	3,000000000000000E+000
1,6495803E-001	1,368691774335245E-001	3,000000000000000E+000
1,6376609E-001	1,350778384798170E-001	3,000000000000000E+000
1,6254796E-001	1,291120160927268E-001	3,000000000000000E+000
1,6134356E-001	1,256171476367555E-001	3,000000000000000E+000
1,6025712E-001	1,241910174118219E-001	3,000000000000000E+000
1,5893474E-001	1,188055564545927E-001	3,000000000000000E+000
1,5781590E-001	1,158381353921467E-001	3,000000000000000E+000
1,5655594E-001	1,107171381698679E-001	3,000000000000000E+000
1,5534262E-001	1,087101159781149E-001	3,000000000000000E+000
1,5417615E-001	1,057843652907420E-001	3,000000000000000E+000
1,5295967E-001	1,007411017899694E-001	3,000000000000000E+000
1,5181512E-001	9,964305627875514E-002	3,000000000000000E+000
1,5058212E-001	9,348010733245049E-002	3,000000000000000E+000
1,4938939E-001	9,046623535687104E-002	3,000000000000000E+000
1,4825942E-001	8,866736929135033E-002	3,000000000000000E+000
1,4710137E-001	8,320927428387748E-002	3,000000000000000E+000
1,4581962E-001	8,244175557262723E-002	3,000000000000000E+000
1,4463696E-001	7,684718082978029E-002	3,000000000000000E+000
1,4349201E-001	7,290524994648351E-002	3,000000000000000E+000
1,4230430E-001	7,160540836156160E-002	3,000000000000000E+000
1,4099084E-001	6,612917677395880E-002	3,000000000000000E+000
1,3996486E-001	6,504640702688611E-002	3,000000000000000E+000
1,3853066E-001	6,063417951184058E-002	3,000000000000000E+000
1,3755792E-001	5,606989759555181E-002	3,000000000000000E+000
1,3610634E-001	5,531415043407373E-002	3,000000000000000E+000
1,3498135E-001	5,113404764442420E-002	3,000000000000000E+000
1,3374086E-001	4,745943935025332E-002	3,000000000000000E+000
1,3273476E-001	4,402904134756819E-002	3,000000000000000E+000
1,3140529E-001	4,220059203820453E-002	3,000000000000000E+000
1,3019280E-001	3,657357405043311E-002	3,000000000000000E+000
1,2893887E-001	3,582249299991724E-002	3,000000000000000E+000
1,2772359E-001	2,906519249437312E-002	3,000000000000000E+000
1,2655653E-001	2,710026825931255E-002	3,000000000000000E+000
1,2546182E-001	2,653093999537383E-002	3,000000000000000E+000
1,2421835E-001	2,106626767851633E-002	3,000000000000000E+000
1,2299537E-001	1,594442490049584E-002	3,000000000000000E+000
1,2190479E-001	1,758910587657875E-002	3,000000000000000E+000
1,2055787E-001	9,577882366068442E-003	3,000000000000000E+000
1,1948224E-001	9,064754477785108E-003	3,000000000000000E+000
1,1812648E-001	6,007512411997568E-003	3,000000000000000E+000
1,1706601E-001	1,715538822062868E-003	3,000000000000000E+000
1,1566094E-001	8,709292937038766E-004	3,000000000000000E+000
1,1467504E-001	-3,913813148301401E-003	3,000000000000000E+000
1,1341282E-001	-5,297318676673109E-003	3,000000000000000E+000
1,1221550E-001	-1,042032872997135E-002	3,000000000000000E+000
1,1116258E-001	-1,072254338483888E-002	3,000000000000000E+000
1,0971122E-001	-1,179238170192953E-002	3,000000000000000E+000
1,0865375E-001	-1,680903493629381E-002	3,000000000000000E+000
1,0740142E-001	-1,938337101832814E-002	3,000000000000000E+000
1,0615916E-001	-2,082604592902099E-002	3,000000000000000E+000
1,0502367E-001	-2,213245989804377E-002	3,000000000000000E+000
1,0072985E-001	-3,310306959705467E-002	3,000000000000000E+000
9,6780725E-002	-5,205710703200939E-002	3,000000000000000E+000
9,5321946E-002	-5,272654330582149E-002	3,000000000000000E+000
9,4085924E-002	-4,750589648567786E-002	3,000000000000000E+000
9,3011923E-002	-4,204708037690980E-002	3,000000000000000E+000
9,1706924E-002	-4,006205768005366E-002	3,000000000000000E+000
9,0876572E-002	-4,277524315747772E-002	3,000000000000000E+000
8,9555062E-002	-4,891391261642442E-002	3,000000000000000E+000
8,8428214E-002	-5,537498928175322E-002	3,000000000000000E+000
8,6979687E-002	-5,956536675889579E-002	3,000000000000000E+000
8,5900322E-002	-6,186971983859424E-002	3,000000000000000E+000
8,4554680E-002	-6,199969739234927E-002	3,000000000000000E+000
8,3539978E-002	-6,184517623235780E-002	3,000000000000000E+000
8,2244642E-002	-6,230196475236727E-002	3,000000000000000E+000
8,1132717E-002	-6,430319174412746E-002	3,000000000000000E+000
7,9992704E-002	-6,808431591424668E-002	3,000000000000000E+000
7,8780666E-002	-7,162808362692075E-002	3,000000000000000E+000
7,7511474E-002	-7,497303426067381E-002	3,000000000000000E+000
7,6300099E-002	-7,752531906482052E-002	3,000000000000000E+000
7,5146578E-002	-7,901656772527421E-002	3,000000000000000E+000
7,3852509E-002	-7,988475997613173E-002	3,000000000000000E+000
7,2812974E-002	-8,098268410281473E-002	3,000000000000000E+000
7,1407333E-002	-8,266956467910125E-002	3,000000000000000E+000
7,0378907E-002	-8,574077476428252E-002	3,000000000000000E+000
6,9154337E-002	-8,836968393276312E-002	3,000000000000000E+000
6,7932747E-002	-9,124543941450391E-002	3,000000000000000E+000
6,6709585E-002	-9,330224587918412E-002	3,000000000000000E+000
6,5535538E-002	-9,485975312094963E-002	3,000000000000000E+000
6,4246863E-002	-9,741374442064998E-002	3,000000000000000E+000
6,3095868E-002	-9,933453269466641E-002	3,000000000000000E+000
6,1953455E-002	-1,010217483929372E-001	3,000000000000000E+000
6,0802937E-002	-1,034140906628671E-001	3,000000000000000E+000
5,9569836E-002	-1,055005114111636E-001	3,000000000000000E+000
5,8322761E-002	-1,079636026859392E-001	3,000000000000000E+000
5,4144420E-002	-1,145770744319301E-001	3,000000000000000E+000
4,9771503E-002	-1,260239003760806E-001	3,000000000000000E+000
4,8715901E-002	-1,224120539694991E-001	3,000000000000000E+000
4,7451496E-002	-1,279881942232519E-001	3,000000000000000E+000
4,6228338E-002	-1,290605618635672E-001	3,000000000000000E+000
4,4991281E-002	-1,327665735820858E-001	3,000000000000000E+000
4,3853454E-002	-1,328361330303808E-001	3,000000000000000E+000
4,2507213E-002	-1,356312355233562E-001	3,000000000000000E+000
4,1497897E-002	-1,386583714306140E-001	3,000000000000000E+000
4,0013846E-002	-1,393502808878782E-001	3,000000000000000E+000
3,9124463E-002	-1,419626794156137E-001	3,000000000000000E+000
3,7778683E-002	-1,452039059066146E-001	3,000000000000000E+000
3,6552556E-002	-1,460741731398565E-001	3,000000000000000E+000
3,5320550E-002	-1,474709378348452E-001	3,000000000000000E+000
3,4289155E-002	-1,509463984790882E-001	3,000000000000000E+000
3,3005074E-002	-1,526321161266723E-001	3,000000000000000E+000
3,1823032E-002	-1,558930588265253E-001	3,000000000000000E+000
3,0680118E-002	-1,560750290065897E-001	3,000000000000000E+000
2,9434249E-002	-1,586322935461925E-001	3,000000000000000E+000
2,8282313E-002	-1,625383843978243E-001	3,000000000000000E+000
2,7051724E-002	-1,636222200489743E-001	3,000000000000000E+000
2,5912954E-002	-1,682318910499340E-001	3,000000000000000E+000
2,4624202E-002	-1,682694259388541E-001	3,000000000000000E+000
2,3315707E-002	-1,690496636675320E-001	3,000000000000000E+000
2,2294428E-002	-1,706449404958185E-001	3,000000000000000E+000
2,1025989E-002	-1,747759393205071E-001	3,000000000000000E+000
1,9880388E-002	-1,774815612739915E-001	3,000000000000000E+000
1,8600624E-002	-1,790177574816711E-001	3,000000000000000E+000
1,7400816E-002	-1,801968245870536E-001	3,000000000000000E+000
1,6312880E-002	-1,823667188312994E-001	3,000000000000000E+000
1,4965475E-002	-1,864833046307064E-001	3,000000000000000E+000
1,3858645E-002	-1,873945046229180E-001	3,000000000000000E+000
1,2676883E-002	-1,887200112428720E-001	3,000000000000000E+000
1,1365527E-002	-1,929343522879883E-001	3,000000000000000E+000
1,0198658E-002	-1,946767116357847E-001	3,000000000000000E+000
8,9832162E-003	-1,972500792493248E-001	3,000000000000000E+000
7,8345696E-003	-1,969516916605816E-001	3,000000000000000E+000
6,6970349E-003	-2,004661808583750E-001	3,000000000000000E+000
5,3544370E-003	-2,032215296165774E-001	3,000000000000000E+000
4,2219223E-003	-2,043705794861097E-001	3,000000000000000E+000
3,0988227E-003	-2,071881685535324E-001	3,000000000000000E+000
1,8702191E-003	-2,098867957247421E-001	3,000000000000000E+000
6,7367067E-004	-2,125813737339159E-001	3,000000000000000E+000
-5,9802574E-004	-2,142042033288072E-001	3,000000000000000E+000
-1,7222615E-003	-2,143812924623489E-001	3,000000000000000E+000
-2,9279392E-003	-2,189173712955653E-001	3,000000000000000E+000
-4,2586876E-003	-2,204144524487974E-001	3,000000000000000E+000
-5,3404667E-003	-2,211695638424891E-001	3,000000000000000E+000
-6,5062731E-003	-2,235534445822456E-001	3,000000000000000E+000
-7,8083258E-003	-2,276133044355517E-001	3,000000000000000E+000
-8,9694988E-003	-2,282710692120928E-001	3,000000000000000E+000
-1,0016389E-002	-2,304056529085052E-001	3,000000000000000E+000
-1,1484021E-002	-2,332307746012998E-001	3,000000000000000E+000
-1,2580025E-002	-2,345076000438655E-001	3,000000000000000E+000
-1,3791860E-002	-2,366365715775087E-001	3,000000000000000E+000
-1,4969939E-002	-2,398976184971007E-001	3,000000000000000E+000
-1,6205622E-002	-2,414171821912059E-001	3,000000000000000E+000
-1,7311452E-002	-2,443453663296097E-001	3,000000000000000E+000
-1,8623557E-002	-2,452037665579052E-001	3,000000000000000E+000
-1,9697271E-002	-2,466477068589521E-001	3,000000000000000E+000
-2,1000598E-002	-2,496948740746880E-001	3,000000000000000E+000
-2,2065571E-002	-2,523394314037573E-001	3,000000000000000E+000
-2,3365961E-002	-2,532849835309507E-001	3,000000000000000E+000
-2,4513897E-002	-2,585884854025027E-001	3,000000000000000E+000
-2,5825366E-002	-2,581050393852850E-001	3,000000000000000E+000
-2,6886905E-002	-2,599105919857889E-001	3,000000000000000E+000
-2,8162211E-002	-2,635315325352581E-001	3,000000000000000E+000
-2,9331667E-002	-2,647106897784388E-001	3,000000000000000E+000
-3,0545408E-002	-2,665311921715592E-001	3,000000000000000E+000
-3,1809036E-002	-2,695128271804630E-001	3,000000000000000E+000
-3,3010971E-002	-2,705366681933543E-001	3,000000000000000E+000
-3,4205321E-002	-2,746651160134065E-001	3,000000000000000E+000
-3,5322338E-002	-2,752137831972776E-001	3,000000000000000E+000
-3,6482241E-002	-2,769161367323241E-001	3,000000000000000E+000
-3,7954718E-002	-2,804808933330980E-001	3,000000000000000E+000
-3,9051354E-002	-2,820456261720712E-001	3,000000000000000E+000
-4,0057026E-002	-2,843607879174801E-001	3,000000000000000E+000
-4,1423261E-002	-2,853699692878515E-001	3,000000000000000E+000
-4,2536035E-002	-2,877412469393603E-001	3,000000000000000E+000
-4,3704063E-002	-2,919838188423034E-001	3,000000000000000E+000
-4,4996429E-002	-2,928918324781715E-001	3,000000000000000E+000
-4,6120878E-002	-2,932720707807066E-001	3,000000000000000E+000
-4,7305748E-002	-2,966076981974761E-001	3,000000000000000E+000
-4,8516095E-002	-3,001747642324668E-001	3,000000000000000E+000
-4,9858768E-002	-3,000990456547929E-001	3,000000000000000E+000
-5,0959501E-002	-3,046619689385235E-001	3,000000000000000E+000
-5,2212812E-002	-3,055984895176209E-001	3,000000000000000E+000
-5,3315744E-002	-3,080669008109163E-001	3,000000000000000E+000
-5,4647341E-002	-3,096338562296568E-001	3,000000000000000E+000
-5,5645447E-002	-3,116695017821185E-001	3,000000000000000E+000
-5,7013299E-002	-3,154967967291462E-001	3,000000000000000E+000
-5,8129683E-002	-3,157790677872043E-001	3,000000000000000E+000
-5,9380870E-002	-3,175762635138297E-001	3,000000000000000E+000
-6,0529999E-002	-3,214207287377636E-001	3,000000000000000E+000
-6,1777994E-002	-3,230232064638088E-001	3,000000000000000E+000
-6,3008860E-002	-3,264256105111488E-001	3,000000000000000E+000
-6,4085767E-002	-3,266391795542503E-001	3,000000000000000E+000
-6,5323569E-002	-3,280930127732935E-001	3,000000000000000E+000
-6,6579901E-002	-3,329360393841778E-001	3,000000000000000E+000
-6,7714542E-002	-3,333799536771099E-001	3,000000000000000E+000
-6,8934940E-002	-3,354830396128814E-001	3,000000000000000E+000
-7,0211485E-002	-3,389915896502020E-001	3,000000000000000E+000
-7,1228728E-002	-3,399010973301273E-001	3,000000000000000E+000
-7,2686419E-002	-3,417089548203394E-001	3,000000000000000E+000
-7,3574953E-002	-3,456113442036983E-001	3,000000000000000E+000
-7,5116530E-002	-3,461872745063852E-001	3,000000000000000E+000
-7,5854689E-002	-3,511862127601886E-001	3,000000000000000E+000
-7,7559508E-002	-3,505581219818579E-001	3,000000000000000E+000
-7,8440681E-002	-3,527823165059085E-001	3,000000000000000E+000
-7,9945043E-002	-3,550871823595276E-001	3,000000000000000E+000
-8,0789194E-002	-3,584038097911550E-001	3,000000000000000E+000
-8,2356676E-002	-3,586205566922822E-001	3,000000000000000E+000
-8,3306141E-002	-3,619519254942949E-001	3,000000000000000E+000
-8,4582292E-002	-3,645248756726729E-001	3,000000000000000E+000
-8,5674062E-002	-3,652826483335549E-001	3,000000000000000E+000
-8,7029383E-002	-3,680674659165861E-001	3,000000000000000E+000
-8,8087134E-002	-3,703844255414201E-001	3,000000000000000E+000
-8,9417465E-002	-3,712256681303394E-001	3,000000000000000E+000
-9,0510421E-002	-3,752951520900432E-001	3,000000000000000E+000
-9,1854788E-002	-3,763095353410950E-001	3,000000000000000E+000
-9,2850305E-002	-3,778596464415180E-001	3,000000000000000E+000
-9,4186120E-002	-3,810862165927453E-001	3,000000000000000E+000
-9,5207825E-002	-3,816813133458652E-001	3,000000000000000E+000
-9,6592024E-002	-3,838345805458996E-001	3,000000000000000E+000
-9,7777747E-002	-3,873190678681944E-001	3,000000000000000E+000
-9,8953359E-002	-3,877726690067611E-001	3,000000000000000E+000
-1,0013483E-001	-3,904582710841789E-001	3,000000000000000E+000
-1,0137618E-001	-3,927144794854218E-001	3,000000000000000E+000
-1,0245287E-001	-3,930402232196037E-001	3,000000000000000E+000
-1,0400654E-001	-3,949408934374024E-001	3,000000000000000E+000
-1,0479017E-001	-3,984832575380866E-001	3,000000000000000E+000
-1,0614643E-001	-3,990043496488820E-001	3,000000000000000E+000
-1,0722966E-001	-4,008495596634161E-001	3,000000000000000E+000
-1,0849711E-001	-4,047032681173057E-001	3,000000000000000E+000
-1,0986272E-001	-4,047049521770387E-001	3,000000000000000E+000
-1,1095248E-001	-4,075901088416938E-001	3,000000000000000E+000
-1,1212547E-001	-4,107875467829936E-001	3,000000000000000E+000
-1,1337791E-001	-4,113272759649487E-001	3,000000000000000E+000
-1,1448807E-001	-4,146824052505584E-001	3,000000000000000E+000
-1,1581241E-001	-4,168979976481442E-001	3,000000000000000E+000
-1,1694451E-001	-4,184784036543632E-001	3,000000000000000E+000
-1,1827662E-001	-4,222353117333517E-001	3,000000000000000E+000
-1,1927477E-001	-4,236683224465823E-001	3,000000000000000E+000
-1,2054519E-001	-4,265269843895947E-001	3,000000000000000E+000
-1,2169698E-001	-4,287694879134918E-001	3,000000000000000E+000
-1,2295026E-001	-4,301882212533172E-001	3,000000000000000E+000
-1,2416123E-001	-4,339781825396170E-001	3,000000000000000E+000
-1,2532794E-001	-4,343910391304515E-001	3,000000000000000E+000
-1,2656114E-001	-4,393500929819072E-001	3,000000000000000E+000
-1,2777878E-001	-4,401040354450401E-001	3,000000000000000E+000
-1,2900639E-001	-4,411755514555373E-001	3,000000000000000E+000
-1,3002498E-001	-4,455755915734216E-001	3,000000000000000E+000
-1,3141775E-001	-4,474378637538319E-001	3,000000000000000E+000
-1,3228540E-001	-4,507605301181759E-001	3,000000000000000E+000
-1,3375968E-001	-4,514247791634664E-001	3,000000000000000E+000
-1,3493976E-001	-4,531290410862603E-001	3,000000000000000E+000
-1,3614056E-001	-4,565199820876682E-001	3,000000000000000E+000
-1,3732991E-001	-4,595124377886313E-001	3,000000000000000E+000
-1,3857652E-001	-4,620492326061214E-001	3,000000000000000E+000
-1,3972390E-001	-4,641498836636977E-001	3,000000000000000E+000
-1,4098549E-001	-4,649112708607888E-001	3,000000000000000E+000
-1,4209791E-001	-4,697280402157329E-001	3,000000000000000E+000
-1,4326395E-001	-4,707310597274326E-001	3,000000000000000E+000
-1,4448300E-001	-4,732537609007621E-001	3,000000000000000E+000
-1,4573686E-001	-4,764774743795249E-001	3,000000000000000E+000
-1,4683236E-001	-4,787051838874383E-001	3,000000000000000E+000
-1,4822569E-001	-4,813632774339212E-001	3,000000000000000E+000
-1,4924465E-001	-4,824846485905621E-001	3,000000000000000E+000
-1,5060376E-001	-4,865251233180361E-001	3,000000000000000E+000
-1,5170656E-001	-4,878705330451769E-001	3,000000000000000E+000
-1,5297234E-001	-4,890718663163085E-001	3,000000000000000E+000
-1,5410607E-001	-4,927814776526267E-001	3,000000000000000E+000
-1,5530163E-001	-4,941069603362962E-001	3,000000000000000E+000
-1,5642804E-001	-4,982371185130123E-001	3,000000000000000E+000
-1,5778281E-001	-4,993109930461865E-001	3,000000000000000E+000
-1,5887068E-001	-5,016661807722231E-001	3,000000000000000E+000
-1,6011541E-001	-5,053306292414805E-001	3,000000000000000E+000
-1,6134813E-001	-5,062219943006134E-001	3,000000000000000E+000
-1,6253357E-001	-5,111783668226382E-001	3,000000000000000E+000
-1,6382359E-001	-5,122586360149493E-001	3,000000000000000E+000
-1,6479011E-001	-5,130643165428861E-001	3,000000000000000E+000
-1,6613287E-001	-5,178503286334912E-001	3,000000000000000E+000
-1,6724496E-001	-5,191463319050067E-001	3,000000000000000E+000
-1,6854998E-001	-5,225467731555296E-001	3,000000000000000E+000
-1,6970819E-001	-5,241006815685303E-001	3,000000000000000E+000
-1,7089637E-001	-5,278435312125276E-001	3,000000000000000E+000
-1,7209642E-001	-5,280050672332006E-001	3,000000000000000E+000
-1,7338701E-001	-5,314946046047320E-001	3,000000000000000E+000
-1,7453112E-001	-5,343400889886891E-001	3,000000000000000E+000
-1,7567764E-001	-5,355992221739134E-001	3,000000000000000E+000
-1,7691764E-001	-5,409290157172251E-001	3,000000000000000E+000
-1,7819056E-001	-5,446097776121279E-001	3,000000000000000E+000
-1,7935076E-001	-5,413067257721647E-001	3,000000000000000E+000
-1,8043354E-001	-5,456510603997007E-001	3,000000000000000E+000
-1,8176377E-001	-5,506537353395711E-001	3,000000000000000E+000
-1,8290818E-001	-5,507724897729025E-001	3,000000000000000E+000
-1,8411371E-001	-5,532883318330786E-001	3,000000000000000E+000
-1,8519789E-001	-5,569860363827523E-001	3,000000000000000E+000
-1,8646607E-001	-5,586649386591667E-001	3,000000000000000E+000
-1,8777978E-001	-5,611539420723486E-001	3,000000000000000E+000
-1,8890309E-001	-5,642369857006182E-001	3,000000000000000E+000
-1,9013560E-001	-5,650599185308369E-001	3,000000000000000E+000
-1,9129834E-001	-5,687490784459639E-001	3,000000000000000E+000
-1,9250493E-001	-5,695685152464589E-001	3,000000000000000E+000
-1,9372013E-001	-5,734538593398479E-001	3,000000000000000E+000
-1,9496492E-001	-5,750349010427094E-001	3,000000000000000E+000
-1,9609509E-001	-5,767480830351506E-001	3,000000000000000E+000
-1,9737270E-001	-5,794659231927370E-001	3,000000000000000E+000
-1,9848314E-001	-5,810749717142993E-001	3,000000000000000E+000
-1,9937897E-001	-5,822294186412655E-001	3,000000000000000E+000
-1,9950010E-001	-5,813900828361511E-001	3,000000000000000E+000
-1,9938231E-001	-5,811552703380585E-001	3,000000000000000E+000
-1,9951503E-001	-4,606231287233875E-001	3,000000000000000E+000
-1,9770613E-001	-2,496040065910794E-001	3,000000000000000E+000
-1,9622473E-001	-3,133450155216262E-001	3,000000000000000E+000
-1,9543895E-001	-3,423835914538895E-001	3,000000000000000E+000
-1,9419728E-001	-2,768582436773508E-001	3,000000000000000E+000
-1,9281363E-001	-2,741159403230986E-001	3,000000000000000E+000
-1,9169211E-001	-2,832142756303297E-001	3,000000000000000E+000
-1,9052964E-001	-2,591002370377451E-001	3,000000000000000E+000
-1,8924910E-001	-2,535559216221031E-001	3,000000000000000E+000
-1,8806888E-001	-2,501523534086085E-001	3,000000000000000E+000
-1,8693541E-001	-2,372038856804091E-001	3,000000000000000E+000
-1,8566568E-001	-2,321826763994377E-001	3,000000000000000E+000
-1,8445683E-001	-2,262637242761070E-001	3,000000000000000E+000
-1,8328215E-001	-2,157671300444267E-001	3,000000000000000E+000
-1,8206203E-001	-2,118314552267462E-001	3,000000000000000E+000
-1,8088679E-001	-2,053890974299666E-001	3,000000000000000E+000
-1,7976248E-001	-1,985159937391499E-001	3,000000000000000E+000
-1,7853197E-001	-1,939777925209549E-001	3,000000000000000E+000
-1,7726043E-001	-1,864970825241743E-001	3,000000000000000E+000
-1,7616068E-001	-1,826643711020650E-001	3,000000000000000E+000
-1,7484249E-001	-1,788810777081239E-001	3,000000000000000E+000
-1,7372477E-001	-1,729463335682840E-001	3,000000000000000E+000
-1,7244968E-001	-1,692976964016754E-001	3,000000000000000E+000
-1,7128582E-001	-1,653163117438518E-001	3,000000000000000E+000
-1,7003521E-001	-1,602889606664468E-001	3,000000000000000E+000
-1,6892216E-001	-1,556144958939744E-001	3,000000000000000E+000
-1,6754362E-001	-1,544268447862657E-001	3,000000000000000E+000
-1,6654813E-001	-1,486443778935440E-001	3,000000000000000E+000
-1,6530889E-001	-1,461300571531021E-001	3,000000000000000E+000
-1,6413301E-001	-1,407371723131896E-001	3,000000000000000E+000
-1,6292095E-001	-1,377871454503659E-001	3,000000000000000E+000
-1,6173664E-001	-1,366299260450807E-001	3,000000000000000E+000
-1,6057350E-001	-1,299680591371182E-001	3,000000000000000E+000
-1,5927596E-001	-1,270990379982524E-001	3,000000000000000E+000
-1,5819313E-001	-1,254139596432515E-001	3,000000000000000E+000
-1,5682909E-001	-1,210642901930471E-001	3,000000000000000E+000
-1,5575966E-001	-1,178497854249416E-001	3,000000000000000E+000
-1,5449566E-001	-1,149132173094485E-001	3,000000000000000E+000
-1,5337826E-001	-1,111536691357656E-001	3,000000000000000E+000
-1,5214118E-001	-1,087281072762347E-001	3,000000000000000E+000
-1,5083057E-001	-1,066221548265915E-001	3,000000000000000E+000
-1,4973705E-001	-1,015468584837098E-001	3,000000000000000E+000
-1,4849684E-001	-9,790311355674142E-002	3,000000000000000E+000
-1,4731380E-001	-9,718277750976645E-002	3,000000000000000E+000
-1,4609319E-001	-9,439932995290468E-002	3,000000000000000E+000
-1,4496294E-001	-8,941639773116461E-002	3,000000000000000E+000
-1,4358810E-001	-8,647368206746042E-002	3,000000000000000E+000
-1,4271414E-001	-8,482762441552165E-002	3,000000000000000E+000
-1,4127685E-001	-8,212868796652861E-002	3,000000000000000E+000
-1,4021491E-001	-7,862289740889383E-002	3,000000000000000E+000
-1,3889161E-001	-7,617761106639898E-002	3,000000000000000E+000
-1,3781796E-001	-7,245984917002124E-002	3,000000000000000E+000
-1,3644086E-001	-6,865046048726586E-002	3,000000000000000E+000
-1,3539663E-001	-6,798632959921447E-002	3,000000000000000E+000
-1,3410768E-001	-6,543564201543906E-002	3,000000000000000E+000
-1,3285553E-001	-5,989271277967079E-002	3,000000000000000E+000
-1,3176781E-001	-5,965942382182987E-002	3,000000000000000E+000
-1,3046454E-001	-5,621619264086453E-002	3,000000000000000E+000
-1,2933633E-001	-5,287540103395072E-002	3,000000000000000E+000
-1,2818989E-001	-5,053053544866559E-002	3,000000000000000E+000
-1,2686950E-001	-4,792767253227903E-002	3,000000000000000E+000
-1,2580337E-001	-4,415678307985355E-002	3,000000000000000E+000
-1,2449061E-001	-4,257933052819363E-002	3,000000000000000E+000
-1,2335522E-001	-4,011400514907482E-002	3,000000000000000E+000
-1,2210539E-001	-3,656929462320269E-002	3,000000000000000E+000
-1,2094474E-001	-3,370907615613694E-002	3,000000000000000E+000
-1,1959593E-001	-3,246384605666175E-002	3,000000000000000E+000
-1,1862393E-001	-2,995249649716747E-002	3,000000000000000E+000
-1,1722168E-001	-2,534165784352265E-002	3,000000000000000E+000
-1,1616495E-001	-2,451804485921184E-002	3,000000000000000E+000
-1,1516602E-001	-2,331395942531306E-002	3,000000000000000E+000
-1,1364413E-001	-1,656249162894066E-002	3,000000000000000E+000
-1,1252719E-001	-1,563760955010629E-002	3,000000000000000E+000
-1,1121507E-001	-1,467041737325625E-002	3,000000000000000E+000
-1,1021404E-001	-1,121488793028724E-002	3,000000000000000E+000
-1,0297610E-001	3,358781305122550E-004	3,000000000000000E+000
-1,0185993E-001	5,746204173596614E-003	3,000000000000000E+000
-1,0054023E-001	1,067348444134780E-002	3,000000000000000E+000
-9,9466890E-002	1,416770569334472E-002	3,000000000000000E+000
-9,8114446E-002	1,594406371576185E-002	3,000000000000000E+000
-9,7051345E-002	1,641673563669127E-002	3,000000000000000E+000
-9,5656887E-002	1,692325369529291E-002	3,000000000000000E+000
-9,4657816E-002	1,920640235766771E-002	3,000000000000000E+000
-9,3415350E-002	2,193511708308643E-002	3,000000000000000E+000
-9,2263378E-002	2,521377990800564E-002	3,000000000000000E+000
-9,0950072E-002	2,898505573372223E-002	3,000000000000000E+000
-8,9802139E-002	3,212487431301281E-002	3,000000000000000E+000
-8,8696159E-002	3,392035407995098E-002	3,000000000000000E+000
-8,7394603E-002	3,597021097839061E-002	3,000000000000000E+000
-8,6346991E-002	3,807081763645548E-002	3,000000000000000E+000
-8,4959745E-002	4,006745397432332E-002	3,000000000000000E+000
-8,3799995E-002	4,254284087154603E-002	3,000000000000000E+000
-8,2609951E-002	4,542311896565709E-002	3,000000000000000E+000
-8,1476949E-002	4,873286713188507E-002	3,000000000000000E+000
-8,0125362E-002	5,113266558166463E-002	3,000000000000000E+000
-7,9139955E-002	5,282820031775548E-002	3,000000000000000E+000
-7,7832848E-002	5,528042481078223E-002	3,000000000000000E+000
-7,6735571E-002	5,731895612660576E-002	3,000000000000000E+000
-7,5389408E-002	6,030519622166769E-002	3,000000000000000E+000
-7,4207000E-002	6,381705299847662E-002	3,000000000000000E+000
-7,2955333E-002	6,676565017766795E-002	3,000000000000000E+000
-7,1863577E-002	6,924724780967351E-002	3,000000000000000E+000
-7,0616290E-002	7,090813557820030E-002	3,000000000000000E+000
-6,9465168E-002	7,338011508734277E-002	3,000000000000000E+000
-6,8210393E-002	7,553397734645173E-002	3,000000000000000E+000
-6,7070372E-002	7,796067526969286E-002	3,000000000000000E+000
-6,5804541E-002	8,048450765393966E-002	3,000000000000000E+000
-6,4669982E-002	8,272684241334605E-002	3,000000000000000E+000
-6,3379146E-002	8,523423048555501E-002	3,000000000000000E+000
-6,2331583E-002	8,753991142859606E-002	3,000000000000000E+000
-6,1031222E-002	9,031459120645535E-002	3,000000000000000E+000
-5,9863687E-002	9,253066535974508E-002	3,000000000000000E+000
-5,8707256E-002	9,413212739875432E-002	3,000000000000000E+000
-5,7298642E-002	9,636360868333016E-002	3,000000000000000E+000
-5,6451842E-002	9,833859404790468E-002	3,000000000000000E+000
-5,4961510E-002	1,001978167914788E-001	3,000000000000000E+000
-5,4026484E-002	1,024861867158002E-001	3,000000000000000E+000
-5,2427795E-002	1,045027100006810E-001	3,000000000000000E+000
-5,1660486E-002	1,064680631647610E-001	3,000000000000000E+000
-4,7144998E-002	1,135492527187874E-001	3,000000000000000E+000
-4,2939603E-002	1,259054713451342E-001	3,000000000000000E+000
-4,1825622E-002	1,216260164876957E-001	3,000000000000000E+000
-4,0481396E-002	1,266551711036028E-001	3,000000000000000E+000
-3,9380305E-002	1,277714635534384E-001	3,000000000000000E+000
-3,8091123E-002	1,289931384682728E-001	3,000000000000000E+000
-3,6924798E-002	1,333635887109534E-001	3,000000000000000E+000
-3,5778482E-002	1,339903913666842E-001	3,000000000000000E+000
-3,4605633E-002	1,347427511009978E-001	3,000000000000000E+000
-3,3207495E-002	1,403006308009264E-001	3,000000000000000E+000
-3,2304030E-002	1,400921517633835E-001	3,000000000000000E+000
-3,0903263E-002	1,421659880671309E-001	3,000000000000000E+000
-2,9886480E-002	1,457466343439324E-001	3,000000000000000E+000
-2,8498381E-002	1,460854357229202E-001	3,000000000000000E+000
-2,7420532E-002	1,493552951206869E-001	3,000000000000000E+000
-2,6095266E-002	1,510182135863476E-001	3,000000000000000E+000
-2,4996366E-002	1,534164104054480E-001	3,000000000000000E+000
-2,3656525E-002	1,554565169003417E-001	3,000000000000000E+000
-2,2901656E-002	1,566372768289441E-001	3,000000000000000E+000
-2,0910967E-002	1,590208557145500E-001	3,000000000000000E+000
-2,0357415E-002	1,618233808527569E-001	3,000000000000000E+000
-1,8799702E-002	1,627730760395669E-001	3,000000000000000E+000
-1,7808082E-002	1,672961126228245E-001	3,000000000000000E+000
-1,6554777E-002	1,668815041668028E-001	3,000000000000000E+000
-1,5260079E-002	1,679729718016465E-001	3,000000000000000E+000
-1,4189412E-002	1,721332354678049E-001	3,000000000000000E+000
-1,3028277E-002	1,741032562093565E-001	3,000000000000000E+000
-1,1766306E-002	1,756992535773425E-001	3,000000000000000E+000
-1,0544496E-002	1,795740710135928E-001	3,000000000000000E+000
-9,2610493E-003	1,784980902469856E-001	3,000000000000000E+000
-8,2401950E-003	1,811770780218973E-001	3,000000000000000E+000
-6,9881026E-003	1,852897512446239E-001	3,000000000000000E+000
-5,7178172E-003	1,864206559041994E-001	3,000000000000000E+000
-4,6436796E-003	1,877096882068412E-001	3,000000000000000E+000
-3,3338463E-003	1,915492923408566E-001	3,000000000000000E+000
-2,1737351E-003	1,923323954774627E-001	3,000000000000000E+000
-9,1427594E-004	1,932939654108372E-001	3,000000000000000E+000
1,8858306E-004	1,984019190616291E-001	3,000000000000000E+000
1,4584435E-003	1,992409136275661E-001	3,000000000000000E+000
2,6959626E-003	2,015000895351279E-001	3,000000000000000E+000
3,9205700E-003	2,035396678580179E-001	3,000000000000000E+000
5,0420454E-003	2,040932982474457E-001	3,000000000000000E+000
6,0391659E-003	2,064690062284673E-001	3,000000000000000E+000
6,2272823E-003	2,088209018111229E-001	4,000000000000000E+000
6,7445273E-003	2,101110772497052E-001	4,000000000000000E+000
8,0536595E-003	2,099196662332989E-001	4,000000000000000E+000
9,3090096E-003	2,123117208765404E-001	4,000000000000000E+000
1,0446544E-002	2,157670358989252E-001	4,000000000000000E+000
1,1636163E-002	2,156561252885254E-001	4,000000000000000E+000
1,2781977E-002	2,186263156235562E-001	4,000000000000000E+000
1,4054733E-002	2,219921280285009E-001	4,000000000000000E+000
1,5311221E-002	2,225763108451950E-001	4,000000000000000E+000
1,6458521E-002	2,253194517731951E-001	4,000000000000000E+000
1,7737009E-002	2,274493769725310E-001	4,000000000000000E+000
1,8667644E-002	2,284602574719541E-001	4,000000000000000E+000
2,0209538E-002	2,332381043255478E-001	4,000000000000000E+000
2,1055050E-002	2,329628244214872E-001	4,000000000000000E+000
2,2450367E-002	2,346594669011046E-001	4,000000000000000E+000
2,3627136E-002	2,387531509372853E-001	4,000000000000000E+000
2,4991460E-002	2,396110198848564E-001	4,000000000000000E+000
2,6039414E-002	2,426688842932458E-001	4,000000000000000E+000
2,7334673E-002	2,456084283034290E-001	4,000000000000000E+000
2,8420487E-002	2,457004814598438E-001	4,000000000000000E+000
2,9682979E-002	2,496648917310988E-001	4,000000000000000E+000
3,0846916E-002	2,503425694087991E-001	4,000000000000000E+000
3,2095894E-002	2,537926839345532E-001	4,000000000000000E+000
3,3323437E-002	2,555576316813988E-001	4,000000000000000E+000
3,4431327E-002	2,560841393596669E-001	4,000000000000000E+000
3,5551321E-002	2,575863982869873E-001	4,000000000000000E+000
3,6856130E-002	2,620194190078307E-001	4,000000000000000E+000
3,8017265E-002	2,634494554949920E-001	4,000000000000000E+000
3,9260127E-002	2,645945865704025E-001	4,000000000000000E+000
4,0516328E-002	2,691217576006979E-001	4,000000000000000E+000
4,1521683E-002	2,688479489922808E-001	4,000000000000000E+000
4,2860888E-002	2,713057707210453E-001	4,000000000000000E+000
4,3961063E-002	2,742658621907519E-001	4,000000000000000E+000
4,5211177E-002	2,743868507074059E-001	4,000000000000000E+000
4,6422940E-002	2,796671165075777E-001	4,000000000000000E+000
4,7700014E-002	2,794728641424138E-001	4,000000000000000E+000
4,8802812E-002	2,814629154702377E-001	4,000000000000000E+000
5,0161045E-002	2,856237228175083E-001	4,000000000000000E+000
5,1260442E-002	2,856495951612792E-001	4,000000000000000E+000
5,2425642E-002	2,879234169463247E-001	4,000000000000000E+000
5,3597961E-002	2,924363652580526E-001	4,000000000000000E+000
5,4881193E-002	2,928841676976948E-001	4,000000000000000E+000
5,6111529E-002	2,946366905709037E-001	4,000000000000000E+000
5,7248641E-002	2,981458927366758E-001	4,000000000000000E+000
5,8505129E-002	2,983870262159387E-001	4,000000000000000E+000
5,9613582E-002	3,016870944950458E-001	4,000000000000000E+000
6,0961057E-002	3,043342797749646E-001	4,000000000000000E+000
6,2013764E-002	3,053953277197228E-001	4,000000000000000E+000
6,3315518E-002	3,094541132450104E-001	4,000000000000000E+000
6,4444855E-002	3,100429409080085E-001	4,000000000000000E+000
6,5729499E-002	3,129364796353640E-001	4,000000000000000E+000
6,6876590E-002	3,153831337889035E-001	4,000000000000000E+000
6,7899346E-002	3,158141923076649E-001	4,000000000000000E+000
6,9200128E-002	3,196849752545217E-001	4,000000000000000E+000
7,0430465E-002	3,227200729522366E-001	4,000000000000000E+000
7,1621150E-002	3,227307531741217E-001	4,000000000000000E+000
7,2728075E-002	3,259569396118257E-001	4,000000000000000E+000
7,4066930E-002	3,278234586576693E-001	4,000000000000000E+000
7,5267591E-002	3,293944392568884E-001	4,000000000000000E+000
7,6405689E-002	3,340023110310240E-001	4,000000000000000E+000
7,7631608E-002	3,348312171141590E-001	4,000000000000000E+000
7,8883134E-002	3,362767481314091E-001	4,000000000000000E+000
8,0047838E-002	3,401496675279407E-001	4,000000000000000E+000
8,1241064E-002	3,406626803550381E-001	4,000000000000000E+000
8,2392104E-002	3,452159251405487E-001	4,000000000000000E+000
8,3587892E-002	3,456023416300820E-001	4,000000000000000E+000
8,4819533E-002	3,470564790897903E-001	4,000000000000000E+000
8,5993119E-002	3,514685020307772E-001	4,000000000000000E+000
8,7208629E-002	3,518721962054432E-001	4,000000000000000E+000
8,8395678E-002	3,537895987888249E-001	4,000000000000000E+000
8,9640409E-002	3,577208113339214E-001	4,000000000000000E+000
9,0811767E-002	3,585085891730471E-001	4,000000000000000E+000
9,2009097E-002	3,615372153990728E-001	4,000000000000000E+000
9,3296580E-002	3,636305690441222E-001	4,000000000000000E+000
9,4328038E-002	3,648561605778360E-001	4,000000000000000E+000
9,5710687E-002	3,686031850132467E-001	4,000000000000000E+000
9,6821547E-002	3,695230893532013E-001	4,000000000000000E+000
9,8006420E-002	3,723189435873397E-001	4,000000000000000E+000
9,9186406E-002	3,751984712434924E-001	4,000000000000000E+000
1,0051147E-001	3,755582680934353E-001	4,000000000000000E+000
1,0158808E-001	3,790970341630153E-001	4,000000000000000E+000
1,0280373E-001	3,826820357547440E-001	4,000000000000000E+000
1,0404974E-001	3,851489609288485E-001	4,000000000000000E+000
1,0518530E-001	3,836816553526600E-001	4,000000000000000E+000
1,0637435E-001	3,887468853844682E-001	4,000000000000000E+000
1,0761017E-001	3,908861401723707E-001	4,000000000000000E+000
1,0883968E-001	3,913990524080067E-001	4,000000000000000E+000
1,0995925E-001	3,940103093498495E-001	4,000000000000000E+000
1,1122938E-001	3,985437237726597E-001	4,000000000000000E+000
1,1240861E-001	3,986527437852985E-001	4,000000000000000E+000
1,1361925E-001	4,005275321132680E-001	4,000000000000000E+000
1,1480807E-001	4,046807879004287E-001	4,000000000000000E+000
1,1609958E-001	4,055965563575572E-001	4,000000000000000E+000
1,1720911E-001	4,084739353921680E-001	4,000000000000000E+000
1,1842223E-001	4,110315280914740E-001	4,000000000000000E+000
1,1960275E-001	4,111979177687335E-001	4,000000000000000E+000
1,2071030E-001	4,163505037970570E-001	4,000000000000000E+000
1,2194518E-001	4,195209062761736E-001	4,000000000000000E+000
1,2318400E-001	4,173972375035571E-001	4,000000000000000E+000
1,2440490E-001	4,217751022100595E-001	4,000000000000000E+000
1,2567285E-001	4,238490346750190E-001	4,000000000000000E+000
1,2680939E-001	4,243990580413355E-001	4,000000000000000E+000
1,2804784E-001	4,306492519961608E-001	4,000000000000000E+000
1,2929447E-001	4,319858000596515E-001	4,000000000000000E+000
1,3042635E-001	4,324150284476325E-001	4,000000000000000E+000
1,3164802E-001	4,337015015642258E-001	4,000000000000000E+000
1,3289404E-001	4,380976537121812E-001	4,000000000000000E+000
1,3397576E-001	4,394151742604624E-001	4,000000000000000E+000
1,3525349E-001	4,407456538001837E-001	4,000000000000000E+000
1,3642713E-001	4,424649828924214E-001	4,000000000000000E+000
1,3762094E-001	4,459894494481276E-001	4,000000000000000E+000
1,3869295E-001	4,462331276973375E-001	4,000000000000000E+000
1,3998707E-001	4,502362430664792E-001	4,000000000000000E+000
1,4128388E-001	4,517793460593840E-001	4,000000000000000E+000
1,4249411E-001	4,523529174685907E-001	4,000000000000000E+000
1,4354813E-001	4,579572491606498E-001	4,000000000000000E+000
1,4479700E-001	4,570016161866359E-001	4,000000000000000E+000
1,4607300E-001	4,585930497764963E-001	4,000000000000000E+000
1,4715357E-001	4,627344401518787E-001	4,000000000000000E+000
1,4848818E-001	4,625468763126124E-001	4,000000000000000E+000
1,4969668E-001	4,639467294931558E-001	4,000000000000000E+000
1,5066737E-001	4,676027687231983E-001	4,000000000000000E+000
1,5203357E-001	4,681050798217599E-001	4,000000000000000E+000
1,5320620E-001	4,685165993610596E-001	4,000000000000000E+000
1,5426823E-001	4,705890594998854E-001	4,000000000000000E+000
1,5567648E-001	4,723002492467412E-001	4,000000000000000E+000
1,5679002E-001	4,751902632674003E-001	4,000000000000000E+000
1,5795925E-001	4,748949288407847E-001	4,000000000000000E+000
1,5922692E-001	4,784204504383656E-001	4,000000000000000E+000
1,6033559E-001	4,805784656286809E-001	4,000000000000000E+000
1,6168548E-001	4,805850543737131E-001	4,000000000000000E+000
1,6281453E-001	4,841624225351835E-001	4,000000000000000E+000
1,6398877E-001	4,862169400030005E-001	4,000000000000000E+000
1,6517225E-001	4,879066782951789E-001	4,000000000000000E+000
1,6650890E-001	4,911550035251797E-001	4,000000000000000E+000
1,6756259E-001	4,934678516281696E-001	4,000000000000000E+000
1,6870421E-001	4,946556062420358E-001	4,000000000000000E+000
1,6998056E-001	4,984472891039875E-001	4,000000000000000E+000
1,7118503E-001	4,994913451114869E-001	4,000000000000000E+000
1,7238642E-001	5,036108059446445E-001	4,000000000000000E+000
1,7359941E-001	5,052488851705910E-001	4,000000000000000E+000
1,7488171E-001	5,074737481686658E-001	4,000000000000000E+000
1,7601691E-001	5,111921292953898E-001	4,000000000000000E+000
1,7713669E-001	5,111597730967881E-001	4,000000000000000E+000
1,7846979E-001	5,189796889425047E-001	4,000000000000000E+000
1,7968637E-001	5,189314559274534E-001	4,000000000000000E+000
1,8090492E-001	5,184218349814844E-001	4,000000000000000E+000
1,8172157E-001	5,259145361595561E-001	4,000000000000000E+000
1,8349597E-001	5,263979563541303E-001	4,000000000000000E+000
1,8433575E-001	5,276584803488955E-001	4,000000000000000E+000
1,8554656E-001	5,305780905419635E-001	4,000000000000000E+000
1,8679130E-001	5,344486099892052E-001	4,000000000000000E+000
1,8790528E-001	5,363627692977733E-001	4,000000000000000E+000
1,8924128E-001	5,393713204000452E-001	4,000000000000000E+000
1,9044152E-001	5,415777013792362E-001	4,000000000000000E+000
1,9150150E-001	5,457538784119382E-001	4,000000000000000E+000
1,9283950E-001	5,467963678055199E-001	4,000000000000000E+000
1,9390869E-001	5,493962648842077E-001	4,000000000000000E+000
1,9526741E-001	5,527371946653297E-001	4,000000000000000E+000
1,9638373E-001	5,563182768808619E-001	4,000000000000000E+000
1,9754741E-001	5,578382156133923E-001	4,000000000000000E+000
1,9878051E-001	5,602513568613846E-001	4,000000000000000E+000
1,9987544E-001	5,643000426990472E-001	4,000000000000000E+000
2,0050791E-001	5,620311896006260E-001	4,000000000000000E+000
2,0019370E-001	4,407426058789023E-001	4,000000000000000E+000
1,9859986E-001	2,318661585363939E-001	4,000000000000000E+000
1,9697648E-001	2,985369047010327E-001	4,000000000000000E+000
1,9625756E-001	3,242703763405910E-001	4,000000000000000E+000
1,9505957E-001	2,589616285231733E-001	4,000000000000000E+000
1,9368431E-001	2,601632684753792E-001	4,000000000000000E+000
1,9259505E-001	2,680010301173086E-001	4,000000000000000E+000
1,9131806E-001	2,474085698982151E-001	4,000000000000000E+000
1,9022435E-001	2,414111432843589E-001	4,000000000000000E+000
1,8883987E-001	2,400146008822721E-001	4,000000000000000E+000
1,8781711E-001	2,288162218001499E-001	4,000000000000000E+000
1,8657137E-001	2,236846294383428E-001	4,000000000000000E+000
1,8522774E-001	2,196217108845571E-001	4,000000000000000E+000
1,8419336E-001	2,097802249266332E-001	4,000000000000000E+000
1,8299696E-001	2,092436651561274E-001	4,000000000000000E+000
1,8174744E-001	2,016912746476014E-001	4,000000000000000E+000
1,8052928E-001	1,950710927959767E-001	4,000000000000000E+000
1,7931512E-001	1,923836200687763E-001	4,000000000000000E+000
1,7811035E-001	1,856794431719369E-001	4,000000000000000E+000
1,7696901E-001	1,822938983354514E-001	4,000000000000000E+000
1,7585398E-001	1,784932031856714E-001	4,000000000000000E+000
1,7454015E-001	1,710135627352569E-001	4,000000000000000E+000
1,7333576E-001	1,674198645912983E-001	4,000000000000000E+000
1,7207016E-001	1,646797915670537E-001	4,000000000000000E+000
1,7096901E-001	1,591444900237815E-001	4,000000000000000E+000
1,6975102E-001	1,558932944532941E-001	4,000000000000000E+000
1,6857459E-001	1,488258374005522E-001	4,000000000000000E+000
1,6732658E-001	1,484312529964544E-001	4,000000000000000E+000
1,6621134E-001	1,436215910189611E-001	4,000000000000000E+000
1,6495392E-001	1,377361572080261E-001	4,000000000000000E+000
1,6380104E-001	1,360692052748398E-001	4,000000000000000E+000
1,6243239E-001	1,305102680063877E-001	4,000000000000000E+000
1,6148514E-001	1,257349519636826E-001	4,000000000000000E+000
1,6009408E-001	1,242282404068479E-001	4,000000000000000E+000
1,5907550E-001	1,186229545166029E-001	4,000000000000000E+000
1,5767749E-001	1,153853387696912E-001	4,000000000000000E+000
1,5652569E-001	1,123865288251116E-001	4,000000000000000E+000
1,5538712E-001	1,085829710980222E-001	4,000000000000000E+000
1,5412252E-001	1,023513113301573E-001	4,000000000000000E+000
1,5288088E-001	1,022610727997275E-001	4,000000000000000E+000
1,5181616E-001	9,834490970523047E-002	4,000000000000000E+000
1,5023759E-001	9,233031169127637E-002	4,000000000000000E+000
1,4980376E-001	8,925917749918351E-002	4,000000000000000E+000
1,4786232E-001	8,567438513273395E-002	4,000000000000000E+000
1,4707036E-001	8,181908649189790E-002	4,000000000000000E+000
1,4579168E-001	7,922057098928967E-002	4,000000000000000E+000
1,4461739E-001	7,651368585842061E-002	4,000000000000000E+000
1,4340983E-001	7,133203134570210E-002	4,000000000000000E+000
1,4216834E-001	6,725776676386053E-002	4,000000000000000E+000
1,4105281E-001	6,544458147039198E-002	4,000000000000000E+000
1,3986348E-001	6,188980272445055E-002	4,000000000000000E+000
1,3848618E-001	5,538699982679196E-002	4,000000000000000E+000
1,3738105E-001	5,431302538447735E-002	4,000000000000000E+000
1,3640021E-001	4,937261536758364E-002	4,000000000000000E+000
1,3497929E-001	4,629936097868884E-002	4,000000000000000E+000
1,3368893E-001	4,302908462112241E-002	4,000000000000000E+000
1,3256751E-001	4,041063666442857E-002	4,000000000000000E+000
1,3136318E-001	3,473579257843096E-002	4,000000000000000E+000
1,3016111E-001	3,174874872018807E-002	4,000000000000000E+000
1,2901139E-001	3,071549475566004E-002	4,000000000000000E+000
1,2785417E-001	2,434789296131812E-002	4,000000000000000E+000
1,2656222E-001	2,378577282258820E-002	4,000000000000000E+000
1,2538850E-001	1,948160551546613E-002	4,000000000000000E+000
1,2421890E-001	1,572778491228954E-002	4,000000000000000E+000
1,2301464E-001	1,590964372762422E-002	4,000000000000000E+000
1,2178159E-001	1,163548460654390E-002	4,000000000000000E+000
1,2061244E-001	8,757768419282358E-003	4,000000000000000E+000
1,1940221E-001	8,053238345113359E-003	4,000000000000000E+000
1,1820891E-001	3,114207749435813E-003	4,000000000000000E+000
1,1697917E-001	1,991667300511910E-003	4,000000000000000E+000
1,1572044E-001	-1,579657874346880E-003	4,000000000000000E+000
1,1458880E-001	-3,331652721027659E-003	4,000000000000000E+000
1,1340386E-001	-4,055164366339639E-003	4,000000000000000E+000
1,1222348E-001	-8,139617685797164E-003	4,000000000000000E+000
1,1101582E-001	-9,702012932528425E-003	4,000000000000000E+000
1,0974284E-001	-1,212269687433343E-002	4,000000000000000E+000
1,0859173E-001	-1,555171690388642E-002	4,000000000000000E+000
1,0736856E-001	-1,631160112797431E-002	4,000000000000000E+000
1,0613962E-001	-2,061693583797294E-002	4,000000000000000E+000
1,0505636E-001	-2,145677227990406E-002	4,000000000000000E+000
1,0090847E-001	-3,212053338827871E-002	4,000000000000000E+000
9,6713573E-002	-5,014718502718984E-002	4,000000000000000E+000
9,5303603E-002	-5,052886864319175E-002	4,000000000000000E+000
9,4033241E-002	-4,587708902599175E-002	4,000000000000000E+000
9,2857689E-002	-4,108351218261919E-002	4,000000000000000E+000
9,1904692E-002	-3,927247112194343E-002	4,000000000000000E+000
9,0590112E-002	-4,173893789077349E-002	4,000000000000000E+000
8,9551374E-002	-4,777866379569151E-002	4,000000000000000E+000
8,8415816E-002	-5,463146733840130E-002	4,000000000000000E+000
8,7201089E-002	-5,921077293438670E-002	4,000000000000000E+000
8,5711129E-002	-6,101964973128871E-002	4,000000000000000E+000
8,4547833E-002	-6,099142506718635E-002	4,000000000000000E+000
8,3439305E-002	-6,075822747812620E-002	4,000000000000000E+000
8,2270071E-002	-6,170333047177512E-002	4,000000000000000E+000
8,1169181E-002	-6,392067732910312E-002	4,000000000000000E+000
7,9951875E-002	-6,704707986662273E-002	4,000000000000000E+000
7,8794383E-002	-7,067187306583245E-002	4,000000000000000E+000
7,7462614E-002	-7,414310539563862E-002	4,000000000000000E+000
7,6167561E-002	-7,671859343449983E-002	4,000000000000000E+000
7,5098589E-002	-7,856982915136188E-002	4,000000000000000E+000
7,3889233E-002	-7,986363778710004E-002	4,000000000000000E+000
7,2587967E-002	-8,103338779161551E-002	4,000000000000000E+000
7,1491733E-002	-8,221084862749128E-002	4,000000000000000E+000
7,0217147E-002	-8,452466140389077E-002	4,000000000000000E+000
6,9092691E-002	-8,728027561274199E-002	4,000000000000000E+000
6,8016976E-002	-9,055239411773730E-002	4,000000000000000E+000
6,6647135E-002	-9,336611318522747E-002	4,000000000000000E+000
6,5619171E-002	-9,514783695771367E-002	4,000000000000000E+000
6,4346336E-002	-9,694668123093275E-002	4,000000000000000E+000
6,3065864E-002	-9,873300237275018E-002	4,000000000000000E+000
6,1946794E-002	-1,001447150462166E-001	4,000000000000000E+000
6,0775083E-002	-1,025259911742369E-001	4,000000000000000E+000
5,9507977E-002	-1,047768761528898E-001	4,000000000000000E+000
5,8330186E-002	-1,075633054435323E-001	4,000000000000000E+000
5,4189749E-002	-1,145712775188121E-001	4,000000000000000E+000
4,9747229E-002	-1,259121290468436E-001	4,000000000000000E+000
4,8577871E-002	-1,218802639179759E-001	4,000000000000000E+000
4,7383059E-002	-1,263165635367227E-001	4,000000000000000E+000
4,6142001E-002	-1,310449060380317E-001	4,000000000000000E+000
4,5013312E-002	-1,315630103151002E-001	4,000000000000000E+000
4,3730501E-002	-1,318571666790240E-001	4,000000000000000E+000
4,2696137E-002	-1,360514764156606E-001	4,000000000000000E+000
4,1347172E-002	-1,381408850494252E-001	4,000000000000000E+000
4,0163923E-002	-1,393627965158814E-001	4,000000000000000E+000
3,8981806E-002	-1,425412404782103E-001	4,000000000000000E+000
3,7701834E-002	-1,446831333882139E-001	4,000000000000000E+000
3,6635760E-002	-1,459336723718376E-001	4,000000000000000E+000
3,5316303E-002	-1,496270553389971E-001	4,000000000000000E+000
3,4162171E-002	-1,502276643425119E-001	4,000000000000000E+000
3,3083826E-002	-1,533200102233048E-001	4,000000000000000E+000
3,1732734E-002	-1,562345075567633E-001	4,000000000000000E+000
3,0644588E-002	-1,560018625438071E-001	4,000000000000000E+000
2,9409193E-002	-1,597804920769437E-001	4,000000000000000E+000
2,8167216E-002	-1,623723196400392E-001	4,000000000000000E+000
2,7019840E-002	-1,631063355253659E-001	4,000000000000000E+000
2,5836529E-002	-1,683524502333493E-001	4,000000000000000E+000
2,4574310E-002	-1,682823610802490E-001	4,000000000000000E+000
2,3485735E-002	-1,697948119706578E-001	4,000000000000000E+000
2,2199467E-002	-1,751116682857239E-001	4,000000000000000E+000
2,1004543E-002	-1,737729157838555E-001	4,000000000000000E+000
1,9927509E-002	-1,779380691004913E-001	4,000000000000000E+000
1,8530954E-002	-1,800830313414159E-001	4,000000000000000E+000
1,7372329E-002	-1,811082293645958E-001	4,000000000000000E+000
1,6235042E-002	-1,847940860380830E-001	4,000000000000000E+000
1,4981315E-002	-1,862253057403951E-001	4,000000000000000E+000
1,3727800E-002	-1,876118898076966E-001	4,000000000000000E+000
1,2666761E-002	-1,914850996884825E-001	4,000000000000000E+000
1,1355931E-002	-1,919470217178092E-001	4,000000000000000E+000
1,0168298E-002	-1,952688298748670E-001	4,000000000000000E+000
8,9524323E-003	-1,980287326107457E-001	4,000000000000000E+000
7,7984766E-003	-1,985681641575255E-001	4,000000000000000E+000
6,5073883E-003	-2,004720058391318E-001	4,000000000000000E+000
5,4845605E-003	-2,047917638901025E-001	4,000000000000000E+000
4,1149268E-003	-2,050840264764024E-001	4,000000000000000E+000
3,1019270E-003	-2,066769430206885E-001	4,000000000000000E+000
1,7270992E-003	-2,112278708437874E-001	4,000000000000000E+000
5,9610809E-004	-2,120865984837073E-001	4,000000000000000E+000
-6,7877246E-004	-2,150296316206184E-001	4,000000000000000E+000
-1,7998243E-003	-2,154740314344288E-001	4,000000000000000E+000
-2,9641069E-003	-2,180001259591702E-001	4,000000000000000E+000
-4,1699964E-003	-2,206928051007839E-001	4,000000000000000E+000
-5,4593873E-003	-2,221039862725540E-001	4,000000000000000E+000
-6,6013797E-003	-2,245337807840702E-001	4,000000000000000E+000
-7,8125773E-003	-2,272123611721870E-001	4,000000000000000E+000
-9,0393452E-003	-2,275831869079006E-001	4,000000000000000E+000
-1,0144400E-002	-2,318947778807745E-001	4,000000000000000E+000
-1,1481481E-002	-2,343796170790915E-001	4,000000000000000E+000
-1,2564109E-002	-2,341868415845687E-001	4,000000000000000E+000
-1,3637322E-002	-2,370801373660845E-001	4,000000000000000E+000
-1,5028572E-002	-2,398388751963569E-001	4,000000000000000E+000
-1,6241541E-002	-2,400286944746898E-001	4,000000000000000E+000
-1,7365029E-002	-2,444699603279497E-001	4,000000000000000E+000
-1,8596467E-002	-2,458405387070437E-001	4,000000000000000E+000
-1,9741930E-002	-2,467540684673513E-001	4,000000000000000E+000
-2,1067683E-002	-2,501220160888300E-001	4,000000000000000E+000
-2,2131419E-002	-2,521416505462377E-001	4,000000000000000E+000
-2,3383375E-002	-2,541762550956448E-001	4,000000000000000E+000
-2,4592875E-002	-2,584374894698458E-001	4,000000000000000E+000
-2,5768055E-002	-2,576600950625205E-001	4,000000000000000E+000
-2,7054051E-002	-2,592378846473163E-001	4,000000000000000E+000
-2,8220594E-002	-2,642462576429048E-001	4,000000000000000E+000
-2,9444601E-002	-2,641937734636777E-001	4,000000000000000E+000
-3,0556023E-002	-2,672741319768610E-001	4,000000000000000E+000
-3,1841561E-002	-2,692830562591546E-001	4,000000000000000E+000
-3,2953024E-002	-2,708473530537623E-001	4,000000000000000E+000
-3,4312814E-002	-2,740929112122902E-001	4,000000000000000E+000
-3,5392683E-002	-2,753881915662166E-001	4,000000000000000E+000
-3,6662254E-002	-2,772665955040041E-001	4,000000000000000E+000
-3,7817627E-002	-2,802371001733395E-001	4,000000000000000E+000
-3,8923178E-002	-2,812185943583718E-001	4,000000000000000E+000
-4,0244337E-002	-2,843784967144187E-001	4,000000000000000E+000
-4,1489709E-002	-2,873582189850907E-001	4,000000000000000E+000
-4,2588472E-002	-2,875277956611368E-001	4,000000000000000E+000
-4,3859322E-002	-2,900681779073128E-001	4,000000000000000E+000
-4,4924259E-002	-2,929601000699522E-001	4,000000000000000E+000
-4,6272665E-002	-2,941358925395243E-001	4,000000000000000E+000
-4,7307413E-002	-2,982026361299812E-001	4,000000000000000E+000
-4,8655394E-002	-2,985280774904548E-001	4,000000000000000E+000
-4,9778961E-002	-3,009316873503844E-001	4,000000000000000E+000
-5,0998010E-002	-3,043890092565027E-001	4,000000000000000E+000
-5,2268088E-002	-3,045516885273771E-001	4,000000000000000E+000
-5,3442053E-002	-3,088503450896862E-001	4,000000000000000E+000
-5,4637834E-002	-3,091013228813946E-001	4,000000000000000E+000
-5,5800062E-002	-3,107602087246191E-001	4,000000000000000E+000
-5,7056610E-002	-3,155380543278246E-001	4,000000000000000E+000
-5,8122899E-002	-3,160780320392429E-001	4,000000000000000E+000
-5,9373230E-002	-3,177672322339337E-001	4,000000000000000E+000
-6,0469076E-002	-3,219731127049887E-001	4,000000000000000E+000
-6,1887324E-002	-3,225133514324963E-001	4,000000000000000E+000
-6,2878601E-002	-3,256067693690530E-001	4,000000000000000E+000
-6,4228453E-002	-3,274609844062351E-001	4,000000000000000E+000
-6,5373078E-002	-3,281942504346018E-001	4,000000000000000E+000
-6,6626757E-002	-3,306883333457837E-001	4,000000000000000E+000
-6,7806751E-002	-3,343265750057380E-001	4,000000000000000E+000
-6,9037341E-002	-3,356492140511467E-001	4,000000000000000E+000
-7,0186548E-002	-3,369538140250365E-001	4,000000000000000E+000
-7,1339376E-002	-3,405348052124111E-001	4,000000000000000E+000
-7,2573565E-002	-3,414420708841464E-001	4,000000000000000E+000
-7,3757164E-002	-3,435959505451905E-001	4,000000000000000E+000
-7,5033531E-002	-3,470265581746822E-001	4,000000000000000E+000
-7,6117501E-002	-3,503019184615734E-001	4,000000000000000E+000
-7,7489682E-002	-3,503232389403932E-001	4,000000000000000E+000
-7,8491427E-002	-3,515415423273756E-001	4,000000000000000E+000
-7,9840466E-002	-3,539525628546945E-001	4,000000000000000E+000
-8,0967568E-002	-3,574974760240694E-001	4,000000000000000E+000
-8,2156546E-002	-3,586516448650166E-001	4,000000000000000E+000
-8,3437331E-002	-3,618781125923221E-001	4,000000000000000E+000
-8,4663458E-002	-3,625972796386714E-001	4,000000000000000E+000
-8,5777931E-002	-3,636222504450142E-001	4,000000000000000E+000
-8,7046802E-002	-3,683425301504837E-001	4,000000000000000E+000
-8,8266335E-002	-3,689746452814502E-001	4,000000000000000E+000
-8,9491203E-002	-3,688947800417517E-001	4,000000000000000E+000
-9,0555727E-002	-3,720547894179749E-001	4,000000000000000E+000
-9,1936313E-002	-3,750216886228701E-001	4,000000000000000E+000
-9,2940405E-002	-3,755299295557446E-001	4,000000000000000E+000
-9,4155215E-002	-3,787493159373598E-001	4,000000000000000E+000
-9,5414370E-002	-3,805681185589892E-001	4,000000000000000E+000
-9,6525237E-002	-3,814976500881898E-001	4,000000000000000E+000
-9,7783349E-002	-3,856812620587231E-001	4,000000000000000E+000
-9,8997131E-002	-3,870908603356727E-001	4,000000000000000E+000
-1,0016191E-001	-3,872228750950413E-001	4,000000000000000E+000
-1,0141850E-001	-3,923957260687718E-001	4,000000000000000E+000
-1,0256206E-001	-3,933948249366406E-001	4,000000000000000E+000
-1,0378160E-001	-3,944467575099591E-001	4,000000000000000E+000
-1,0500568E-001	-3,984842176411174E-001	4,000000000000000E+000
-1,0626810E-001	-3,992972249958537E-001	4,000000000000000E+000
-1,0731479E-001	-4,023432356814194E-001	4,000000000000000E+000
-1,0861854E-001	-4,049734469003002E-001	4,000000000000000E+000
-1,0976571E-001	-4,057130828042751E-001	4,000000000000000E+000
-1,1093608E-001	-4,101643359581768E-001	4,000000000000000E+000
-1,1211231E-001	-4,113699230882855E-001	4,000000000000000E+000
-1,1328678E-001	-4,138629390875357E-001	4,000000000000000E+000
-1,1468652E-001	-4,169087136785188E-001	4,000000000000000E+000
-1,1577404E-001	-4,175606456464500E-001	4,000000000000000E+000
-1,1692639E-001	-4,210589225835112E-001	4,000000000000000E+000
-1,1818840E-001	-4,223456134398775E-001	4,000000000000000E+000
-1,1944714E-001	-4,246939507709753E-001	4,000000000000000E+000
-1,2059063E-001	-4,284285795529961E-001	4,000000000000000E+000
-1,2195134E-001	-4,286985836267752E-001	4,000000000000000E+000
-1,2294558E-001	-4,322250526812339E-001	4,000000000000000E+000
-1,2423469E-001	-4,355075992730075E-001	4,000000000000000E+000
-1,2538227E-001	-4,358939072807058E-001	4,000000000000000E+000
-1,2646604E-001	-4,412606221675439E-001	4,000000000000000E+000
-1,2785944E-001	-4,415587840808759E-001	4,000000000000000E+000
-1,2891312E-001	-4,443562216798043E-001	4,000000000000000E+000
-1,3029143E-001	-4,469644046836994E-001	4,000000000000000E+000
-1,3132796E-001	-4,481155723505843E-001	4,000000000000000E+000
-1,3255529E-001	-4,519877234749767E-001	4,000000000000000E+000
-1,3383342E-001	-4,526366881198354E-001	4,000000000000000E+000
-1,3500147E-001	-4,567119243330566E-001	4,000000000000000E+000
-1,3624245E-001	-4,578753805081188E-001	4,000000000000000E+000
-1,3747700E-001	-4,603412535852147E-001	4,000000000000000E+000
-1,3863343E-001	-4,641245545439965E-001	4,000000000000000E+000
-1,3977250E-001	-4,641411858955733E-001	4,000000000000000E+000
-1,4097224E-001	-4,674905947909718E-001	4,000000000000000E+000
-1,4215903E-001	-4,706999965839903E-001	4,000000000000000E+000
-1,4333381E-001	-4,711752703361620E-001	4,000000000000000E+000
-1,4460397E-001	-4,761729426423287E-001	4,000000000000000E+000
-1,4574730E-001	-4,765833197937646E-001	4,000000000000000E+000
-1,4702512E-001	-4,795685625566097E-001	4,000000000000000E+000
-1,4833298E-001	-4,817526497947124E-001	4,000000000000000E+000
-1,4928669E-001	-4,837287262651246E-001	4,000000000000000E+000
-1,5079741E-001	-4,868998668432516E-001	4,000000000000000E+000
-1,5175095E-001	-4,881858904414838E-001	4,000000000000000E+000
-1,5295814E-001	-4,908467688666729E-001	4,000000000000000E+000
-1,5425722E-001	-4,948177606608990E-001	4,000000000000000E+000
-1,5540445E-001	-4,976661950522274E-001	4,000000000000000E+000
-1,5660276E-001	-4,970566878543661E-001	4,000000000000000E+000
-1,5773337E-001	-5,001522377133361E-001	4,000000000000000E+000
-1,5909694E-001	-5,041592766841250E-001	4,000000000000000E+000
-1,6001633E-001	-5,052513964215493E-001	4,000000000000000E+000
-1,6142116E-001	-5,069023266831314E-001	4,000000000000000E+000
-1,6248162E-001	-5,113010873966326E-001	4,000000000000000E+000
-1,6383491E-001	-5,118397411942053E-001	4,000000000000000E+000
-1,6490339E-001	-5,161490419586356E-001	4,000000000000000E+000
-1,6613969E-001	-5,172361288719856E-001	4,000000000000000E+000
-1,6711973E-001	-5,200964621768360E-001	4,000000000000000E+000
-1,6871324E-001	-5,229380234334347E-001	4,000000000000000E+000
-1,6963857E-001	-5,244279102577529E-001	4,000000000000000E+000
-1,7097856E-001	-5,285705749669809E-001	4,000000000000000E+000
-1,7206053E-001	-5,295995556645918E-001	4,000000000000000E+000
-1,7337795E-001	-5,310450958226021E-001	4,000000000000000E+000
-1,7449783E-001	-5,357156528366929E-001	4,000000000000000E+000
-1,7576283E-001	-5,359054650266266E-001	4,000000000000000E+000
-1,7679666E-001	-5,409896514654440E-001	4,000000000000000E+000
-1,7820632E-001	-5,442744547380483E-001	4,000000000000000E+000
-1,7944662E-001	-5,417246359176247E-001	4,000000000000000E+000
-1,8054919E-001	-5,477526804380521E-001	4,000000000000000E+000
-1,8170433E-001	-5,499610780410595E-001	4,000000000000000E+000
-1,8307710E-001	-5,476851599998085E-001	4,000000000000000E+000
-1,8416001E-001	-5,530576519236927E-001	4,000000000000000E+000
-1,8539101E-001	-5,539894670817156E-001	4,000000000000000E+000
-1,8656391E-001	-5,578458338061820E-001	4,000000000000000E+000
-1,8771511E-001	-5,590422687172460E-001	4,000000000000000E+000
-1,8902023E-001	-5,600994704894839E-001	4,000000000000000E+000
-1,9009829E-001	-5,644827551311913E-001	4,000000000000000E+000
-1,9134544E-001	-5,643794536590576E-001	4,000000000000000E+000
-1,9255871E-001	-5,676598341411161E-001	4,000000000000000E+000
-1,9381900E-001	-5,690938739140545E-001	4,000000000000000E+000
-1,9494940E-001	-5,700328995784121E-001	4,000000000000000E+000
-1,9609798E-001	-5,727123050967704E-001	4,000000000000000E+000
-1,9736904E-001	-5,750164567855105E-001	4,000000000000000E+000
-1,9853066E-001	-5,744909259438948E-001	4,000000000000000E+000
-1,9918066E-001	-5,762861780046151E-001	4,000000000000000E+000
-1,9969590E-001	-5,750779211521149E-001	4,000000000000000E+000
-1,9963047E-001	-5,764235854148865E-001	4,000000000000000E+000
-1,9955310E-001	-4,613461063622859E-001	4,000000000000000E+000
-1,9780728E-001	-2,414250162568075E-001	4,000000000000000E+000
-1,9622339E-001	-3,038184045162046E-001	4,000000000000000E+000
-1,9552118E-001	-3,340134390983387E-001	4,000000000000000E+000
-1,9426650E-001	-2,687792585671165E-001	4,000000000000000E+000
-1,9296063E-001	-2,644829259693839E-001	4,000000000000000E+000
-1,9162108E-001	-2,724388167089602E-001	4,000000000000000E+000
-1,9061217E-001	-2,511486034253947E-001	4,000000000000000E+000
-1,8936656E-001	-2,433793455646889E-001	4,000000000000000E+000
-1,8808863E-001	-2,414286320865224E-001	4,000000000000000E+000
-1,8697460E-001	-2,324022857765500E-001	4,000000000000000E+000
-1,8573970E-001	-2,257750886923597E-001	4,000000000000000E+000
-1,8444410E-001	-2,199152155253268E-001	4,000000000000000E+000
-1,8333013E-001	-2,157603438245133E-001	4,000000000000000E+000
-1,8216845E-001	-2,079547308299134E-001	4,000000000000000E+000
-1,8093872E-001	-2,026386182168833E-001	4,000000000000000E+000
-1,7968860E-001	-2,004959812879350E-001	4,000000000000000E+000
-1,7860907E-001	-1,951651198453161E-001	4,000000000000000E+000
-1,7727368E-001	-1,851197240908657E-001	4,000000000000000E+000
-1,7616025E-001	-1,855815266996306E-001	4,000000000000000E+000
-1,7485219E-001	-1,830191816121372E-001	4,000000000000000E+000
-1,7373687E-001	-1,748335243556305E-001	4,000000000000000E+000
-1,7251612E-001	-1,714409890873528E-001	4,000000000000000E+000
-1,7136346E-001	-1,700779365168676E-001	4,000000000000000E+000
-1,7014541E-001	-1,615085170272287E-001	4,000000000000000E+000
-1,6885707E-001	-1,615502933574908E-001	4,000000000000000E+000
-1,6759938E-001	-1,579794986065717E-001	4,000000000000000E+000
-1,6662396E-001	-1,501502495957534E-001	4,000000000000000E+000
-1,6531673E-001	-1,495094574530849E-001	4,000000000000000E+000
-1,6424946E-001	-1,458268883612206E-001	4,000000000000000E+000
-1,6293743E-001	-1,419951287550953E-001	4,000000000000000E+000
-1,6177294E-001	-1,387626107596718E-001	4,000000000000000E+000
-1,6063690E-001	-1,348653149045133E-001	4,000000000000000E+000
-1,5930513E-001	-1,312768150905697E-001	4,000000000000000E+000
-1,5806831E-001	-1,269344714366727E-001	4,000000000000000E+000
-1,5687020E-001	-1,254503251920038E-001	4,000000000000000E+000
-1,5575901E-001	-1,219581057170955E-001	4,000000000000000E+000
-1,5449706E-001	-1,180754412521807E-001	4,000000000000000E+000
-1,5333596E-001	-1,163339458591373E-001	4,000000000000000E+000
-1,5211549E-001	-1,105524259037338E-001	4,000000000000000E+000
-1,5094183E-001	-1,082050166010891E-001	4,000000000000000E+000
-1,4980491E-001	-1,059323647469106E-001	4,000000000000000E+000
-1,4865483E-001	-1,014828151070374E-001	4,000000000000000E+000
-1,4727701E-001	-1,007683110990369E-001	4,000000000000000E+000
-1,4620620E-001	-9,392491266609948E-002	4,000000000000000E+000
-1,4494660E-001	-9,213357361538005E-002	4,000000000000000E+000
-1,4380816E-001	-9,134357266723037E-002	4,000000000000000E+000
-1,4251395E-001	-8,628228259665194E-002	4,000000000000000E+000
-1,4133418E-001	-8,334995299379377E-002	4,000000000000000E+000
-1,4017321E-001	-8,259325458655210E-002	4,000000000000000E+000
-1,3867700E-001	-7,652415169178728E-002	4,000000000000000E+000
-1,3793856E-001	-7,414566968994540E-002	4,000000000000000E+000
-1,3648401E-001	-7,360996186616819E-002	4,000000000000000E+000
-1,3538136E-001	-6,836309268126342E-002	4,000000000000000E+000
-1,3415670E-001	-6,679550641112852E-002	4,000000000000000E+000
-1,3301642E-001	-6,372627714127088E-002	4,000000000000000E+000
-1,3176914E-001	-6,022695270992129E-002	4,000000000000000E+000
-1,3071580E-001	-5,915329325944180E-002	4,000000000000000E+000
-1,2931511E-001	-5,366953601521707E-002	4,000000000000000E+000
-1,2822750E-001	-5,119254517787208E-002	4,000000000000000E+000
-1,2694065E-001	-4,947596692417622E-002	4,000000000000000E+000
-1,2574732E-001	-4,578630157683827E-002	4,000000000000000E+000
-1,2455855E-001	-4,420386153732481E-002	4,000000000000000E+000
-1,2330344E-001	-4,133791810050322E-002	4,000000000000000E+000
-1,2223551E-001	-3,792883390808660E-002	4,000000000000000E+000
-1,2102638E-001	-3,685910329793979E-002	4,000000000000000E+000
-1,1979677E-001	-3,186514272615401E-002	4,000000000000000E+000
-1,1854136E-001	-3,108139949283750E-002	4,000000000000000E+000
-1,1741910E-001	-2,798354137808512E-002	4,000000000000000E+000
-1,1612681E-001	-2,517432644284168E-002	4,000000000000000E+000
-1,1504439E-001	-2,349677248518361E-002	4,000000000000000E+000
-1,1367064E-001	-1,919165090711666E-002	4,000000000000000E+000
-1,1269850E-001	-1,648943101544215E-002	4,000000000000000E+000
-1,1126582E-001	-1,494219733609092E-002	4,000000000000000E+000
-1,1016197E-001	-1,417911001017608E-002	4,000000000000000E+000
-1,0312016E-001	3,707581367583205E-004	4,000000000000000E+000
-1,0174741E-001	5,644576074296831E-003	4,000000000000000E+000
-1,0055917E-001	1,036376422699608E-002	4,000000000000000E+000
-9,9405542E-002	1,335185045159221E-002	4,000000000000000E+000
-9,8115727E-002	1,553348968041568E-002	4,000000000000000E+000
-9,7032882E-002	1,663520150921413E-002	4,000000000000000E+000
-9,5697723E-002	1,792421685995238E-002	4,000000000000000E+000
-9,4659530E-002	2,056908000802782E-002	4,000000000000000E+000
-9,3460634E-002	2,334658087649458E-002	4,000000000000000E+000
-9,2206776E-002	2,666933309444211E-002	4,000000000000000E+000
-9,0941586E-002	2,910996360339962E-002	4,000000000000000E+000
-8,9944862E-002	3,202045628643613E-002	4,000000000000000E+000
-8,8622361E-002	3,486348253985250E-002	4,000000000000000E+000
-8,7330744E-002	3,777707068258218E-002	4,000000000000000E+000
-8,6265959E-002	4,005322271809250E-002	4,000000000000000E+000
-8,5107222E-002	4,229815922520141E-002	4,000000000000000E+000
-8,3885550E-002	4,510034186144674E-002	4,000000000000000E+000
-8,2832575E-002	4,786216573955726E-002	4,000000000000000E+000
-8,1386954E-002	5,067830698573284E-002	4,000000000000000E+000
-8,0295056E-002	5,307144640634442E-002	4,000000000000000E+000
-7,9015292E-002	5,597440474149257E-002	4,000000000000000E+000
-7,7883624E-002	5,797037487543490E-002	4,000000000000000E+000
-7,6559782E-002	6,009913256598841E-002	4,000000000000000E+000
-7,5477153E-002	6,330616886434326E-002	4,000000000000000E+000
-7,4234791E-002	6,665686730627440E-002	4,000000000000000E+000
-7,2980635E-002	6,894452792389710E-002	4,000000000000000E+000
-7,1919918E-002	7,032727600717770E-002	4,000000000000000E+000
-7,0566058E-002	7,205879662716275E-002	4,000000000000000E+000
-6,9505304E-002	7,409209815280843E-002	4,000000000000000E+000
-6,8308748E-002	7,616769657168476E-002	4,000000000000000E+000
-6,6849180E-002	7,888805131747026E-002	4,000000000000000E+000
-6,5858893E-002	8,119406743100166E-002	4,000000000000000E+000
-6,4574756E-002	8,341353934870477E-002	4,000000000000000E+000
-6,3501038E-002	8,553104227219077E-002	4,000000000000000E+000
-6,2284671E-002	8,721398365364785E-002	4,000000000000000E+000
-6,1128106E-002	8,958024448818636E-002	4,000000000000000E+000
-5,9822999E-002	9,178293218051481E-002	4,000000000000000E+000
-5,8830377E-002	9,347213386381248E-002	4,000000000000000E+000
-5,7351746E-002	9,576285153592856E-002	4,000000000000000E+000
-5,6317303E-002	9,808671986576400E-002	4,000000000000000E+000
-5,4958332E-002	9,969805703278500E-002	4,000000000000000E+000
-5,3886387E-002	1,022216626367514E-001	4,000000000000000E+000
-5,2676387E-002	1,045278569562713E-001	4,000000000000000E+000
-5,1514443E-002	1,062519502636317E-001	4,000000000000000E+000
-5,0304513E-002	1,083272675858569E-001	4,000000000000000E+000
-4,6283897E-002	1,152704954499217E-001	4,000000000000000E+000
-4,1854896E-002	1,265732058263556E-001	4,000000000000000E+000
-4,0540386E-002	1,231142833044201E-001	4,000000000000000E+000
-3,9492644E-002	1,268662979063167E-001	4,000000000000000E+000
-3,8155176E-002	1,315737336645488E-001	4,000000000000000E+000
-3,6989011E-002	1,288157427334236E-001	4,000000000000000E+000
-3,5757761E-002	1,340922992633380E-001	4,000000000000000E+000
-3,4572884E-002	1,374694725791756E-001	4,000000000000000E+000
-3,3414397E-002	1,359621025708129E-001	4,000000000000000E+000
-3,2227188E-002	1,391697082026107E-001	4,000000000000000E+000
-3,0957052E-002	1,442105334523760E-001	4,000000000000000E+000
-2,9744085E-002	1,428714698844558E-001	4,000000000000000E+000
-2,8634284E-002	1,445827467574021E-001	4,000000000000000E+000
-2,7421387E-002	1,494111751003575E-001	4,000000000000000E+000
-2,6320364E-002	1,512104522165219E-001	4,000000000000000E+000
-2,4958160E-002	1,524127437237272E-001	4,000000000000000E+000
-2,3845712E-002	1,557499271670908E-001	4,000000000000000E+000
-2,2579459E-002	1,561378246837264E-001	4,000000000000000E+000
-2,1451015E-002	1,585573415418537E-001	4,000000000000000E+000
-2,0144079E-002	1,619409780164631E-001	4,000000000000000E+000
-1,9098600E-002	1,619411991473666E-001	4,000000000000000E+000
-1,7777443E-002	1,652557988590737E-001	4,000000000000000E+000
-1,6594267E-002	1,670859460201534E-001	4,000000000000000E+000
-1,5487862E-002	1,686158886985609E-001	4,000000000000000E+000
-1,4196847E-002	1,711429256247361E-001	4,000000000000000E+000
-1,2990957E-002	1,736663627671082E-001	4,000000000000000E+000
-1,1738080E-002	1,746652599324963E-001	4,000000000000000E+000
-1,0612433E-002	1,779718049241366E-001	4,000000000000000E+000
-9,4339252E-003	1,799356780118413E-001	4,000000000000000E+000
-8,2256272E-003	1,806795438816260E-001	4,000000000000000E+000
-6,9713374E-003	1,842880836791465E-001	4,000000000000000E+000
-5,7826056E-003	1,863817484527646E-001	4,000000000000000E+000
-4,5409780E-003	1,864854537179110E-001	4,000000000000000E+000
-3,5000683E-003	1,907468826350485E-001	4,000000000000000E+000
-2,1627017E-003	1,920314582314830E-001	4,000000000000000E+000
-1,1068948E-003	1,936302153001268E-001	4,000000000000000E+000
2,4313389E-004	1,978685391217435E-001	4,000000000000000E+000
1,4144959E-003	1,983281128621588E-001	4,000000000000000E+000
2,6252675E-003	2,011784709563171E-001	4,000000000000000E+000
3,8332795E-003	2,034463481826663E-001	4,000000000000000E+000
4,9377731E-003	2,041990230166073E-001	4,000000000000000E+000
5,8664004E-003	2,048548528174354E-001	4,000000000000000E+000
6,1421008E-003	2,059750035405159E-001	5,000000000000000E+000
6,9005480E-003	2,076251788271799E-001	5,000000000000000E+000
7,9463767E-003	2,107419007526783E-001	5,000000000000000E+000
9,2595443E-003	2,118840699851581E-001	5,000000000000000E+000
1,0476222E-002	2,159567516797258E-001	5,000000000000000E+000
1,1707447E-002	2,159777445184004E-001	5,000000000000000E+000
1,2735694E-002	2,181006738424514E-001	5,000000000000000E+000
1,4064068E-002	2,214147396756472E-001	5,000000000000000E+000
1,5096813E-002	2,217190768440354E-001	5,000000000000000E+000
1,6445702E-002	2,261550488743800E-001	5,000000000000000E+000
1,7525572E-002	2,271418567332957E-001	5,000000000000000E+000
1,8824304E-002	2,280410782701368E-001	5,000000000000000E+000
2,0015897E-002	2,326258315264971E-001	5,000000000000000E+000
2,1228440E-002	2,330768172396338E-001	5,000000000000000E+000
2,2426125E-002	2,347558616850254E-001	5,000000000000000E+000
2,3577383E-002	2,390496362328389E-001	5,000000000000000E+000
2,4823679E-002	2,392298964335149E-001	5,000000000000000E+000
2,5978833E-002	2,433130834467230E-001	5,000000000000000E+000
2,7167564E-002	2,447001993940718E-001	5,000000000000000E+000
2,8439973E-002	2,455090665068744E-001	5,000000000000000E+000
2,9653253E-002	2,490240898397236E-001	5,000000000000000E+000
3,0780250E-002	2,502329270786570E-001	5,000000000000000E+000
3,2187883E-002	2,518582091821995E-001	5,000000000000000E+000
3,3080794E-002	2,553694014463384E-001	5,000000000000000E+000
3,4567609E-002	2,564716858539242E-001	5,000000000000000E+000
3,5395283E-002	2,580375021444286E-001	5,000000000000000E+000
3,6870487E-002	2,619337172687268E-001	5,000000000000000E+000
3,7926152E-002	2,629691093418489E-001	5,000000000000000E+000
3,9254390E-002	2,643946992940518E-001	5,000000000000000E+000
4,0308211E-002	2,680927597986607E-001	5,000000000000000E+000
4,1586351E-002	2,695381842010338E-001	5,000000000000000E+000
4,2876057E-002	2,732376145906064E-001	5,000000000000000E+000
4,4005174E-002	2,726414296991644E-001	5,000000000000000E+000
4,5215599E-002	2,761269874215411E-001	5,000000000000000E+000
4,6349693E-002	2,787521181378027E-001	5,000000000000000E+000
4,7648214E-002	2,800517338845467E-001	5,000000000000000E+000
4,8692416E-002	2,819963016728346E-001	5,000000000000000E+000
5,0066151E-002	2,851532194979018E-001	5,000000000000000E+000
5,1295675E-002	2,861318780600808E-001	5,000000000000000E+000
5,2344896E-002	2,890272993180489E-001	5,000000000000000E+000
5,3649291E-002	2,920742546061605E-001	5,000000000000000E+000
5,4682240E-002	2,932493719962195E-001	5,000000000000000E+000
5,6113150E-002	2,953890657518068E-001	5,000000000000000E+000
5,7243682E-002	2,983489642997654E-001	5,000000000000000E+000
5,8391482E-002	2,992081095947445E-001	5,000000000000000E+000
5,9585270E-002	3,019912280228558E-001	5,000000000000000E+000
6,0795229E-002	3,050535693937162E-001	5,000000000000000E+000
6,2088229E-002	3,057037883791732E-001	5,000000000000000E+000
6,3298106E-002	3,092406679902031E-001	5,000000000000000E+000
6,4407274E-002	3,112609315991262E-001	5,000000000000000E+000
6,5601483E-002	3,126044617017252E-001	5,000000000000000E+000
6,6815019E-002	3,160621128433068E-001	5,000000000000000E+000
6,7918450E-002	3,165042108675059E-001	5,000000000000000E+000
6,9120944E-002	3,197304677062993E-001	5,000000000000000E+000
7,0368014E-002	3,227538849546203E-001	5,000000000000000E+000
7,1599454E-002	3,228889734924054E-001	5,000000000000000E+000
7,2856501E-002	3,260997736533344E-001	5,000000000000000E+000
7,3865391E-002	3,288605111711487E-001	5,000000000000000E+000
7,5181954E-002	3,293471375816623E-001	5,000000000000000E+000
7,6307990E-002	3,342344125568939E-001	5,000000000000000E+000
7,7667356E-002	3,364594669978107E-001	5,000000000000000E+000
7,8786120E-002	3,355563067900089E-001	5,000000000000000E+000
8,0135718E-002	3,400967456486632E-001	5,000000000000000E+000
8,1173345E-002	3,408173968567088E-001	5,000000000000000E+000
8,2451969E-002	3,444475875218860E-001	5,000000000000000E+000
8,3578326E-002	3,461222580280499E-001	5,000000000000000E+000
8,4842034E-002	3,472183915846807E-001	5,000000000000000E+000
8,5965700E-002	3,510180384662271E-001	5,000000000000000E+000
8,7208390E-002	3,524000615795602E-001	5,000000000000000E+000
8,8429131E-002	3,547332566188368E-001	5,000000000000000E+000
8,9544594E-002	3,576426727447179E-001	5,000000000000000E+000
9,0814874E-002	3,584746610614706E-001	5,000000000000000E+000
9,2022002E-002	3,623065064807804E-001	5,000000000000000E+000
9,3265116E-002	3,628078792459783E-001	5,000000000000000E+000
9,4410330E-002	3,654585803720971E-001	5,000000000000000E+000
9,5645934E-002	3,689785777608412E-001	5,000000000000000E+000
9,6668065E-002	3,692119560135456E-001	5,000000000000000E+000
9,8090477E-002	3,716229880961617E-001	5,000000000000000E+000
9,9204034E-002	3,760470967239664E-001	5,000000000000000E+000
1,0047219E-001	3,756987715303828E-001	5,000000000000000E+000
1,0155177E-001	3,784991699676201E-001	5,000000000000000E+000
1,0283620E-001	3,822793849071271E-001	5,000000000000000E+000
1,0398421E-001	3,828762041025406E-001	5,000000000000000E+000
1,0516074E-001	3,872291342165592E-001	5,000000000000000E+000
1,0634909E-001	3,877606164336340E-001	5,000000000000000E+000
1,0744210E-001	3,888424249900568E-001	5,000000000000000E+000
1,0890504E-001	3,938043732239211E-001	5,000000000000000E+000
1,0989022E-001	3,946090967834210E-001	5,000000000000000E+000
1,1123852E-001	3,973419666290287E-001	5,000000000000000E+000
1,1237486E-001	3,992411573158794E-001	5,000000000000000E+000
1,1362404E-001	4,007031207567904E-001	5,000000000000000E+000
1,1478132E-001	4,043914199961982E-001	5,000000000000000E+000
1,1598729E-001	4,046990275383008E-001	5,000000000000000E+000
1,1706135E-001	4,077937025619949E-001	5,000000000000000E+000
1,1839206E-001	4,111225141246830E-001	5,000000000000000E+000
1,1957532E-001	4,108691807508615E-001	5,000000000000000E+000
1,2071425E-001	4,154391979746936E-001	5,000000000000000E+000
1,2195248E-001	4,157033459093693E-001	5,000000000000000E+000
1,2316185E-001	4,176349507265353E-001	5,000000000000000E+000
1,2434266E-001	4,218386213157199E-001	5,000000000000000E+000
1,2559916E-001	4,224037921004413E-001	5,000000000000000E+000
1,2681441E-001	4,240158104975880E-001	5,000000000000000E+000
1,2809756E-001	4,290422362327160E-001	5,000000000000000E+000
1,2919059E-001	4,282671829978768E-001	5,000000000000000E+000
1,3034914E-001	4,306702547603187E-001	5,000000000000000E+000
1,3159898E-001	4,344104114850929E-001	5,000000000000000E+000
1,3274826E-001	4,343561017023472E-001	5,000000000000000E+000
1,3400130E-001	4,367294899291463E-001	5,000000000000000E+000
1,3514009E-001	4,398833356314800E-001	5,000000000000000E+000
1,3651291E-001	4,401914874885096E-001	5,000000000000000E+000
1,3752624E-001	4,433178980403625E-001	5,000000000000000E+000
1,3887586E-001	4,448668075190807E-001	5,000000000000000E+000
1,3993791E-001	4,455676360262766E-001	5,000000000000000E+000
1,4117868E-001	4,474326567120741E-001	5,000000000000000E+000
1,4236498E-001	4,507032512704390E-001	5,000000000000000E+000
1,4369981E-001	4,503932810491991E-001	5,000000000000000E+000
1,4475378E-001	4,525224773420229E-001	5,000000000000000E+000
1,4600874E-001	4,543876192463490E-001	5,000000000000000E+000
1,4721973E-001	4,570924097551381E-001	5,000000000000000E+000
1,4834185E-001	4,568442507491746E-001	5,000000000000000E+000
1,4958255E-001	4,601757037625802E-001	5,000000000000000E+000
1,5071455E-001	4,629461235642718E-001	5,000000000000000E+000
1,5203239E-001	4,631396407709900E-001	5,000000000000000E+000
1,5315834E-001	4,653014759964273E-001	5,000000000000000E+000
1,5432063E-001	4,696304520885293E-001	5,000000000000000E+000
1,5556036E-001	4,708265856649998E-001	5,000000000000000E+000
1,5682632E-001	4,735757845402189E-001	5,000000000000000E+000
1,5797809E-001	4,759206594123206E-001	5,000000000000000E+000
1,5908448E-001	4,774856894466755E-001	5,000000000000000E+000
1,6043384E-001	4,812603038390764E-001	5,000000000000000E+000
1,6152729E-001	4,827608983463580E-001	5,000000000000000E+000
1,6277646E-001	4,858948973404180E-001	5,000000000000000E+000
1,6398858E-001	4,878803872572348E-001	5,000000000000000E+000
1,6509035E-001	4,914738705847412E-001	5,000000000000000E+000
1,6640332E-001	4,930791159815815E-001	5,000000000000000E+000
1,6757743E-001	4,944781023595071E-001	5,000000000000000E+000
1,6878685E-001	4,987084542711577E-001	5,000000000000000E+000
1,6992596E-001	4,999869983143137E-001	5,000000000000000E+000
1,7119278E-001	5,033312647396517E-001	5,000000000000000E+000
1,7230399E-001	5,059503316879272E-001	5,000000000000000E+000
1,7354131E-001	5,085877602126576E-001	5,000000000000000E+000
1,7483935E-001	5,106505594147297E-001	5,000000000000000E+000
1,7596184E-001	5,125631044308347E-001	5,000000000000000E+000
1,7723016E-001	5,168060056209857E-001	5,000000000000000E+000
1,7835359E-001	5,211251369953448E-001	5,000000000000000E+000
1,7965870E-001	5,212804501082875E-001	5,000000000000000E+000
1,8077785E-001	5,229646964774783E-001	5,000000000000000E+000
1,8204266E-001	5,279636229819591E-001	5,000000000000000E+000
1,8310428E-001	5,278679695394306E-001	5,000000000000000E+000
1,8437392E-001	5,299700101561573E-001	5,000000000000000E+000
1,8554443E-001	5,369980285565061E-001	5,000000000000000E+000
1,8677698E-001	5,365226690795399E-001	5,000000000000000E+000
1,8795931E-001	5,389986241460552E-001	5,000000000000000E+000
1,8920951E-001	5,434025327364616E-001	5,000000000000000E+000
1,9031377E-001	5,445828946841944E-001	5,000000000000000E+000
1,9171739E-001	5,458182501951576E-001	5,000000000000000E+000
1,9276194E-001	5,492323003623074E-001	5,000000000000000E+000
1,9389310E-001	5,532035434842832E-001	5,000000000000000E+000
1,9511661E-001	5,544900956511927E-001	5,000000000000000E+000
1,9634862E-001	5,576295331292966E-001	5,000000000000000E+000
1,9752739E-001	5,590829348657289E-001	5,000000000000000E+000
1,9876274E-001	5,628570185767288E-001	5,000000000000000E+000
1,9962116E-001	5,651514364872110E-001	5,000000000000000E+000
1,9986777E-001	5,670899450778961E-001	5,000000000000000E+000
2,0013388E-001	5,659409165382385E-001	5,000000000000000E+000
2,0072436E-001	4,439787229359249E-001	5,000000000000000E+000
1,9848369E-001	2,330528510199797E-001	5,000000000000000E+000
1,9696306E-001	2,969341912609540E-001	5,000000000000000E+000
1,9636235E-001	3,276537758410329E-001	5,000000000000000E+000
1,9505055E-001	2,633816937320974E-001	5,000000000000000E+000
1,9372594E-001	2,611356437835783E-001	5,000000000000000E+000
1,9255932E-001	2,709513708379960E-001	5,000000000000000E+000
1,9142312E-001	2,479071588151993E-001	5,000000000000000E+000
1,9014411E-001	2,414479524725015E-001	5,000000000000000E+000
1,8901414E-001	2,414503811505035E-001	5,000000000000000E+000
1,8776403E-001	2,307955724040598E-001	5,000000000000000E+000
1,8656427E-001	2,242886370427355E-001	5,000000000000000E+000
1,8540201E-001	2,216793116596012E-001	5,000000000000000E+000
1,8422690E-001	2,119203404247472E-001	5,000000000000000E+000
1,8300213E-001	2,075929445067977E-001	5,000000000000000E+000
1,8176898E-001	2,052931557042976E-001	5,000000000000000E+000
1,8063799E-001	1,969894677771391E-001	5,000000000000000E+000
1,7933232E-001	1,926352441854164E-001	5,000000000000000E+000
1,7816159E-001	1,849586851981093E-001	5,000000000000000E+000
1,7692782E-001	1,833738168222929E-001	5,000000000000000E+000
1,7582533E-001	1,792877726256850E-001	5,000000000000000E+000
1,7463869E-001	1,709213089240996E-001	5,000000000000000E+000
1,7331406E-001	1,704888819906589E-001	5,000000000000000E+000
1,7234810E-001	1,644804332819249E-001	5,000000000000000E+000
1,7096376E-001	1,586337978498913E-001	5,000000000000000E+000
1,6977699E-001	1,555629797879161E-001	5,000000000000000E+000
1,6863903E-001	1,517847741186551E-001	5,000000000000000E+000
1,6733240E-001	1,454020008073984E-001	5,000000000000000E+000
1,6617723E-001	1,418909105532629E-001	5,000000000000000E+000
1,6498357E-001	1,403156918326944E-001	5,000000000000000E+000
1,6385362E-001	1,328648754063544E-001	5,000000000000000E+000
1,6255492E-001	1,294108314646623E-001	5,000000000000000E+000
1,6142423E-001	1,254227790653855E-001	5,000000000000000E+000
1,6013710E-001	1,202748507946840E-001	5,000000000000000E+000
1,5897255E-001	1,185334637390314E-001	5,000000000000000E+000
1,5780579E-001	1,132766311595873E-001	5,000000000000000E+000
1,5657760E-001	1,090147692895562E-001	5,000000000000000E+000
1,5526451E-001	1,055360182891258E-001	5,000000000000000E+000
1,5420958E-001	1,009371672396946E-001	5,000000000000000E+000
1,5298611E-001	9,772648155922092E-002	5,000000000000000E+000
1,5165327E-001	9,393130728966304E-002	5,000000000000000E+000
1,5066370E-001	8,952990220967444E-002	5,000000000000000E+000
1,4932543E-001	8,412758245551107E-002	5,000000000000000E+000
1,4816505E-001	8,080375401941309E-002	5,000000000000000E+000
1,4698668E-001	7,808074882659288E-002	5,000000000000000E+000
1,4579441E-001	7,208693240169906E-002	5,000000000000000E+000
1,4459184E-001	7,092876706802731E-002	5,000000000000000E+000
1,4342470E-001	6,577998477668107E-002	5,000000000000000E+000
1,4216234E-001	6,050629644326988E-002	5,000000000000000E+000
1,4105743E-001	5,925290482937950E-002	5,000000000000000E+000
1,3982466E-001	5,479773522152022E-002	5,000000000000000E+000
1,3868272E-001	4,994947344810652E-002	5,000000000000000E+000
1,3740353E-001	4,934907639862679E-002	5,000000000000000E+000
1,3613166E-001	4,352853403165852E-002	5,000000000000000E+000
1,3498685E-001	4,281011161704862E-002	5,000000000000000E+000
1,3386992E-001	3,915512075225147E-002	5,000000000000000E+000
1,3272488E-001	3,746452130791217E-002	5,000000000000000E+000
1,3135773E-001	3,300341523868999E-002	5,000000000000000E+000
1,3029571E-001	3,055314652630392E-002	5,000000000000000E+000
1,2893790E-001	2,739028764847695E-002	5,000000000000000E+000
1,2774362E-001	2,537467797568144E-002	5,000000000000000E+000
1,2654366E-001	2,332990686247483E-002	5,000000000000000E+000
1,2547450E-001	1,973419327475351E-002	5,000000000000000E+000
1,2417999E-001	1,868057795568519E-002	5,000000000000000E+000
1,2001762E-001	1,382545345815719E-002	5,000000000000000E+000
1,1574817E-001	3,872344399210498E-003	5,000000000000000E+000
1,1458432E-001	-1,282543445690273E-003	5,000000000000000E+000
1,1346950E-001	-5,342825804122918E-003	5,000000000000000E+000
1,1225561E-001	-8,056320042534773E-003	5,000000000000000E+000
1,1095519E-001	-9,538495298868466E-003	5,000000000000000E+000
1,0977788E-001	-1,048956903900101E-002	5,000000000000000E+000
1,0868336E-001	-1,162549623633685E-002	5,000000000000000E+000
1,0750321E-001	-1,412643290381375E-002	5,000000000000000E+000
1,0636435E-001	-1,693129904203847E-002	5,000000000000000E+000
1,0506698E-001	-2,028222217820629E-002	5,000000000000000E+000
1,0392235E-001	-2,282347252158057E-002	5,000000000000000E+000
1,0260233E-001	-2,508725651515070E-002	5,000000000000000E+000
1,0145602E-001	-2,721200420152547E-002	5,000000000000000E+000
1,0019466E-001	-2,875121988256946E-002	5,000000000000000E+000
9,9014327E-002	-3,073084284713135E-002	5,000000000000000E+000
9,7980939E-002	-3,342563992514938E-002	5,000000000000000E+000
9,6685678E-002	-3,588075865829721E-002	5,000000000000000E+000
9,5433928E-002	-3,846226014569853E-002	5,000000000000000E+000
9,4292298E-002	-4,037002608809559E-002	5,000000000000000E+000
9,3113363E-002	-4,219413465708138E-002	5,000000000000000E+000
9,1982581E-002	-4,489356336395123E-002	5,000000000000000E+000
9,0561844E-002	-4,695126885242107E-002	5,000000000000000E+000
8,9517489E-002	-4,986846548045942E-002	5,000000000000000E+000
8,8231921E-002	-5,212418129775431E-002	5,000000000000000E+000
8,7063037E-002	-5,420072118242947E-002	5,000000000000000E+000
8,5879147E-002	-5,643739411930770E-002	5,000000000000000E+000
8,4532440E-002	-5,838461732599631E-002	5,000000000000000E+000
8,3555043E-002	-6,053612526307861E-002	5,000000000000000E+000
8,2111962E-002	-6,264959875476972E-002	5,000000000000000E+000
8,1209570E-002	-6,466163616924941E-002	5,000000000000000E+000
7,9832442E-002	-6,755918760663238E-002	5,000000000000000E+000
7,8793116E-002	-6,975924036965697E-002	5,000000000000000E+000
7,7496789E-002	-7,199888624449208E-002	5,000000000000000E+000
7,6218903E-002	-7,511296335508599E-002	5,000000000000000E+000
7,5160585E-002	-7,724630879346045E-002	5,000000000000000E+000
7,3813237E-002	-7,923878905475490E-002	5,000000000000000E+000
7,2826572E-002	-8,067535660531422E-002	5,000000000000000E+000
7,1351632E-002	-8,207816438624382E-002	5,000000000000000E+000
7,0249423E-002	-8,428546124034453E-002	5,000000000000000E+000
6,9107771E-002	-8,717349430554799E-002	5,000000000000000E+000
6,7886256E-002	-8,988149277434698E-002	5,000000000000000E+000
6,6780701E-002	-9,225551421210731E-002	5,000000000000000E+000
6,5580115E-002	-9,445233203587144E-002	5,000000000000000E+000
6,4057291E-002	-9,678175972765990E-002	5,000000000000000E+000
6,3565008E-002	-9,828516908304735E-002	5,000000000000000E+000
6,1696306E-002	-9,936686319889709E-002	5,000000000000000E+000
6,0825616E-002	-1,014984096389660E-001	5,000000000000000E+000
5,9802670E-002	-1,046457702457837E-001	5,000000000000000E+000
5,8117915E-002	-1,071200043747751E-001	5,000000000000000E+000
5,4190647E-002	-1,143194492784656E-001	5,000000000000000E+000
4,9801644E-002	-1,257053590810815E-001	5,000000000000000E+000
4,8635446E-002	-1,222838580336727E-001	5,000000000000000E+000
4,7385260E-002	-1,283429963406415E-001	5,000000000000000E+000
4,6227172E-002	-1,305788565983264E-001	5,000000000000000E+000
4,5009848E-002	-1,294063676420287E-001	5,000000000000000E+000
4,3946225E-002	-1,343220741298321E-001	5,000000000000000E+000
4,2634796E-002	-1,354828786290317E-001	5,000000000000000E+000
4,1448649E-002	-1,390457313693196E-001	5,000000000000000E+000
4,0131021E-002	-1,396639459805251E-001	5,000000000000000E+000
3,9068073E-002	-1,437847658849525E-001	5,000000000000000E+000
3,7834510E-002	-1,454440832366581E-001	5,000000000000000E+000
3,6579084E-002	-1,453797257466556E-001	5,000000000000000E+000
3,5523564E-002	-1,514979150702447E-001	5,000000000000000E+000
3,4100439E-002	-1,511512749582637E-001	5,000000000000000E+000
3,3084966E-002	-1,545498646338705E-001	5,000000000000000E+000
3,1889055E-002	-1,567884718835424E-001	5,000000000000000E+000
3,0609427E-002	-1,565071469522079E-001	5,000000000000000E+000
2,9422222E-002	-1,615130755407906E-001	5,000000000000000E+000
2,8221602E-002	-1,635162876940472E-001	5,000000000000000E+000
2,6957298E-002	-1,643330012900852E-001	5,000000000000000E+000
2,5852876E-002	-1,697417988174563E-001	5,000000000000000E+000
2,4603399E-002	-1,690993035833039E-001	5,000000000000000E+000
2,3582831E-002	-1,715834009292943E-001	5,000000000000000E+000
2,2058094E-002	-1,748748745583861E-001	5,000000000000000E+000
2,1204520E-002	-1,748766787350176E-001	5,000000000000000E+000
1,9687213E-002	-1,778691363288085E-001	5,000000000000000E+000
1,8672373E-002	-1,811457715014472E-001	5,000000000000000E+000
1,7459692E-002	-1,835821549239980E-001	5,000000000000000E+000
1,6237246E-002	-1,846268527895321E-001	5,000000000000000E+000
1,5073100E-002	-1,865303933305695E-001	5,000000000000000E+000
1,3819662E-002	-1,894124461773404E-001	5,000000000000000E+000
1,2689731E-002	-1,907131268375521E-001	5,000000000000000E+000
1,1502235E-002	-1,923106332391464E-001	5,000000000000000E+000
1,0279751E-002	-1,948906948996914E-001	5,000000000000000E+000
9,0333158E-003	-1,979161156492353E-001	5,000000000000000E+000
7,8634396E-003	-1,986227753632528E-001	5,000000000000000E+000
6,5809912E-003	-2,024655669099753E-001	5,000000000000000E+000
5,4873247E-003	-2,028466648383374E-001	5,000000000000000E+000
4,1283066E-003	-2,048866746697089E-001	5,000000000000000E+000
3,1351231E-003	-2,072417193903005E-001	5,000000000000000E+000
1,7819103E-003	-2,105319334314786E-001	5,000000000000000E+000
6,0014694E-004	-2,115145017246334E-001	5,000000000000000E+000
-5,9929950E-004	-2,152725603017543E-001	5,000000000000000E+000
-1,7923146E-003	-2,163244761069540E-001	5,000000000000000E+000
-2,9528504E-003	-2,179416970789649E-001	5,000000000000000E+000
-4,4417852E-003	-2,186024391644246E-001	5,000000000000000E+000
-4,9531544E-003	-2,253303629372061E-001	5,000000000000000E+000
-6,8386677E-003	-2,242740997009807E-001	5,000000000000000E+000
-7,6910085E-003	-2,235647959298346E-001	5,000000000000000E+000
-8,9493329E-003	-2,295716489639337E-001	5,000000000000000E+000
-1,0166185E-002	-2,323028250873378E-001	5,000000000000000E+000
-1,1393166E-002	-2,326827550186183E-001	5,000000000000000E+000
-1,2561981E-002	-2,340132347609911E-001	5,000000000000000E+000
-1,3735605E-002	-2,365644530832984E-001	5,000000000000000E+000
-1,4917505E-002	-2,404671584480196E-001	5,000000000000000E+000
-1,6235767E-002	-2,399401474243925E-001	5,000000000000000E+000
-1,7469039E-002	-2,433588786171405E-001	5,000000000000000E+000
-1,8507227E-002	-2,463569545738942E-001	5,000000000000000E+000
-1,9750342E-002	-2,473663548999290E-001	5,000000000000000E+000
-2,0976573E-002	-2,509514734976821E-001	5,000000000000000E+000
-2,2223720E-002	-2,508635576857530E-001	5,000000000000000E+000
-2,3407992E-002	-2,535385207997429E-001	5,000000000000000E+000
-2,4569092E-002	-2,577336825973671E-001	5,000000000000000E+000
-2,5813477E-002	-2,578925494432303E-001	5,000000000000000E+000
-2,6980946E-002	-2,598201394538155E-001	5,000000000000000E+000
-2,8242452E-002	-2,634587917062969E-001	5,000000000000000E+000
-2,9426338E-002	-2,637797699749687E-001	5,000000000000000E+000
-3,0566419E-002	-2,663974813746153E-001	5,000000000000000E+000
-3,1714782E-002	-2,695064846753928E-001	5,000000000000000E+000
-3,2828193E-002	-2,699957454740920E-001	5,000000000000000E+000
-3,4197252E-002	-2,752869396030682E-001	5,000000000000000E+000
-3,5386447E-002	-2,745581175916376E-001	5,000000000000000E+000
-3,6516625E-002	-2,764969772305680E-001	5,000000000000000E+000
-3,7771091E-002	-2,810094894461876E-001	5,000000000000000E+000
-3,9003592E-002	-2,810723679959422E-001	5,000000000000000E+000
-4,0096294E-002	-2,850017938806024E-001	5,000000000000000E+000
-4,1438546E-002	-2,863376978655445E-001	5,000000000000000E+000
-4,2445816E-002	-2,877873732725638E-001	5,000000000000000E+000
-4,3770295E-002	-2,912511622826397E-001	5,000000000000000E+000
-4,4993453E-002	-2,916421215308613E-001	5,000000000000000E+000
-4,6186041E-002	-2,941025861892506E-001	5,000000000000000E+000
-4,7431346E-002	-2,979116475045744E-001	5,000000000000000E+000
-4,8645586E-002	-2,983906320856748E-001	5,000000000000000E+000
-4,9758069E-002	-3,011748399369898E-001	5,000000000000000E+000
-5,0998144E-002	-3,036165135800486E-001	5,000000000000000E+000
-5,2214723E-002	-3,037472563683634E-001	5,000000000000000E+000
-5,3353313E-002	-3,083343230558693E-001	5,000000000000000E+000
-5,4585140E-002	-3,098881308774075E-001	5,000000000000000E+000
-5,5706408E-002	-3,102137996832388E-001	5,000000000000000E+000
-5,6928817E-002	-3,149420037408596E-001	5,000000000000000E+000
-5,8204405E-002	-3,154259700828268E-001	5,000000000000000E+000
-5,9371527E-002	-3,171911039001625E-001	5,000000000000000E+000
-6,0495183E-002	-3,210244780984117E-001	5,000000000000000E+000
-6,1825115E-002	-3,224287422166929E-001	5,000000000000000E+000
-6,2931530E-002	-3,234288142045485E-001	5,000000000000000E+000
-6,4209729E-002	-3,273457203672638E-001	5,000000000000000E+000
-6,5309338E-002	-3,283565973699163E-001	5,000000000000000E+000
-6,6559888E-002	-3,298562067448740E-001	5,000000000000000E+000
-6,7709021E-002	-3,333985004617182E-001	5,000000000000000E+000
-6,8927728E-002	-3,350926120334341E-001	5,000000000000000E+000
-7,0152365E-002	-3,361726040926034E-001	5,000000000000000E+000
-7,1380503E-002	-3,399526120715386E-001	5,000000000000000E+000
-7,2591573E-002	-3,407438945723693E-001	5,000000000000000E+000
-7,3627807E-002	-3,437286025490953E-001	5,000000000000000E+000
-7,4994676E-002	-3,460869445482739E-001	5,000000000000000E+000
-7,6130167E-002	-3,469446994907539E-001	5,000000000000000E+000
-7,7347517E-002	-3,483162137110600E-001	5,000000000000000E+000
-7,8568056E-002	-3,521543337523729E-001	5,000000000000000E+000
-7,9864658E-002	-3,526804173986116E-001	5,000000000000000E+000
-8,0941267E-002	-3,548707578943482E-001	5,000000000000000E+000
-8,2296610E-002	-3,574511479258677E-001	5,000000000000000E+000
-8,3395377E-002	-3,578262270980113E-001	5,000000000000000E+000
-8,4729061E-002	-3,610348933100416E-001	5,000000000000000E+000
-8,5700579E-002	-3,642464248955035E-001	5,000000000000000E+000
-8,7025434E-002	-3,642296579545690E-001	5,000000000000000E+000
-8,8183127E-002	-3,680921788758557E-001	5,000000000000000E+000
-8,9271881E-002	-3,700066086948262E-001	5,000000000000000E+000
-9,0560310E-002	-3,728914403365238E-001	5,000000000000000E+000
-9,1721050E-002	-3,736907591422391E-001	5,000000000000000E+000
-9,3004078E-002	-3,749289881110331E-001	5,000000000000000E+000
-9,4074532E-002	-3,785071267134112E-001	5,000000000000000E+000
-9,5392086E-002	-3,815797155731619E-001	5,000000000000000E+000
-9,6515901E-002	-3,819350815309139E-001	5,000000000000000E+000
-9,7822122E-002	-3,862836683789888E-001	5,000000000000000E+000
-9,8913871E-002	-3,881217808272961E-001	5,000000000000000E+000
-1,0026376E-001	-3,884470044480004E-001	5,000000000000000E+000
-1,0131674E-001	-3,940593705434967E-001	5,000000000000000E+000
-1,0257153E-001	-3,938383854951475E-001	5,000000000000000E+000
-1,0374112E-001	-3,975900962034720E-001	5,000000000000000E+000
-1,0510094E-001	-3,986860383000144E-001	5,000000000000000E+000
-1,0614899E-001	-3,999312416288161E-001	5,000000000000000E+000
-1,0737754E-001	-4,050166325436697E-001	5,000000000000000E+000
-1,0856483E-001	-4,057828635149825E-001	5,000000000000000E+000
-1,0974227E-001	-4,073612799704138E-001	5,000000000000000E+000
-1,1093840E-001	-4,114424254986688E-001	5,000000000000000E+000
-1,1213417E-001	-4,115690489954993E-001	5,000000000000000E+000
-1,1343169E-001	-4,162324770026036E-001	5,000000000000000E+000
-1,1450987E-001	-4,169441295649712E-001	5,000000000000000E+000
-1,1569842E-001	-4,185693967845987E-001	5,000000000000000E+000
-1,1703033E-001	-4,238816876464560E-001	5,000000000000000E+000
-1,1808056E-001	-4,259685699793447E-001	5,000000000000000E+000
-1,1937283E-001	-4,245798459224810E-001	5,000000000000000E+000
-1,2060140E-001	-4,297091335799816E-001	5,000000000000000E+000
-1,2177552E-001	-4,300975600533477E-001	5,000000000000000E+000
-1,2292534E-001	-4,344297220878710E-001	5,000000000000000E+000
-1,2419011E-001	-4,358871480174109E-001	5,000000000000000E+000
-1,2534101E-001	-4,375887421925579E-001	5,000000000000000E+000
-1,2656491E-001	-4,431809915091698E-001	5,000000000000000E+000
-1,2781264E-001	-4,424641554726776E-001	5,000000000000000E+000
-1,2891440E-001	-4,436298575493738E-001	5,000000000000000E+000
-1,3021447E-001	-4,492900756584417E-001	5,000000000000000E+000
-1,3125563E-001	-4,502495133783659E-001	5,000000000000000E+000
-1,3264054E-001	-4,522497546169211E-001	5,000000000000000E+000
-1,3368198E-001	-4,536535164462050E-001	5,000000000000000E+000
-1,3498126E-001	-4,581963870829586E-001	5,000000000000000E+000
-1,3614771E-001	-4,583037876420564E-001	5,000000000000000E+000
-1,3730773E-001	-4,615747961733074E-001	5,000000000000000E+000
-1,3861707E-001	-4,635841759456394E-001	5,000000000000000E+000
-1,3967331E-001	-4,659121727346687E-001	5,000000000000000E+000
-1,4098214E-001	-4,688211857185989E-001	5,000000000000000E+000
-1,4203888E-001	-4,702736089454471E-001	5,000000000000000E+000
-1,4343575E-001	-4,743065336995098E-001	5,000000000000000E+000
-1,4458141E-001	-4,744634773427014E-001	5,000000000000000E+000
-1,4576934E-001	-4,773751087228035E-001	5,000000000000000E+000
-1,4692251E-001	-4,813958277874102E-001	5,000000000000000E+000
-1,4816603E-001	-4,817872457292474E-001	5,000000000000000E+000
-1,4931633E-001	-4,847080065886038E-001	5,000000000000000E+000
-1,5053095E-001	-4,877453044626021E-001	5,000000000000000E+000
-1,5170783E-001	-4,884860114349667E-001	5,000000000000000E+000
-1,5296783E-001	-4,920704534742981E-001	5,000000000000000E+000
-1,5414406E-001	-4,946269852678409E-001	5,000000000000000E+000
-1,5522809E-001	-4,958537775436751E-001	5,000000000000000E+000
-1,5652803E-001	-4,990849031514877E-001	5,000000000000000E+000
-1,5771416E-001	-5,013880663275434E-001	5,000000000000000E+000
-1,5895170E-001	-5,044024031850736E-001	5,000000000000000E+000
-1,6017231E-001	-5,052524618373280E-001	5,000000000000000E+000
-1,6138987E-001	-5,085555165661138E-001	5,000000000000000E+000
-1,6245353E-001	-5,111951641307240E-001	5,000000000000000E+000
-1,6375501E-001	-5,118184511342783E-001	5,000000000000000E+000
-1,6485919E-001	-5,172656190805822E-001	5,000000000000000E+000
-1,6616452E-001	-5,171175156288825E-001	5,000000000000000E+000
-1,6735643E-001	-5,189874072524665E-001	5,000000000000000E+000
-1,6847569E-001	-5,232329219234746E-001	5,000000000000000E+000
-1,6973424E-001	-5,245935349742414E-001	5,000000000000000E+000
-1,7091465E-001	-5,276955246011257E-001	5,000000000000000E+000
-1,7210108E-001	-5,281563500563298E-001	5,000000000000000E+000
-1,7337561E-001	-5,290908250543798E-001	5,000000000000000E+000
-1,7445725E-001	-5,336956865826821E-001	5,000000000000000E+000
-1,7577825E-001	-5,348480261034423E-001	5,000000000000000E+000
-1,7690943E-001	-5,376546212765199E-001	5,000000000000000E+000
-1,7808731E-001	-5,406271227704420E-001	5,000000000000000E+000
-1,7946501E-001	-5,395180599557028E-001	5,000000000000000E+000
-1,8055117E-001	-5,437683454645714E-001	5,000000000000000E+000
-1,8178724E-001	-5,455102970202734E-001	5,000000000000000E+000
-1,8271936E-001	-5,465276994811443E-001	5,000000000000000E+000
-1,8427971E-001	-5,502247888922547E-001	5,000000000000000E+000
-1,8524113E-001	-5,502481547580969E-001	5,000000000000000E+000
-1,8659315E-001	-5,515289915018465E-001	5,000000000000000E+000
-1,8767068E-001	-5,530839694870835E-001	5,000000000000000E+000
-1,8904902E-001	-5,538594751636035E-001	5,000000000000000E+000
-1,9010305E-001	-5,575404179506686E-001	5,000000000000000E+000
-1,9137737E-001	-5,568588801952821E-001	5,000000000000000E+000
-1,9244832E-001	-5,574801559991136E-001	5,000000000000000E+000
-1,9384554E-001	-5,592986850102442E-001	5,000000000000000E+000
-1,9484071E-001	-5,598602443933478E-001	5,000000000000000E+000
-1,9611445E-001	-5,644712878253166E-001	5,000000000000000E+000
-1,9729346E-001	-5,627326869871458E-001	5,000000000000000E+000
-1,9868454E-001	-5,641195711731481E-001	5,000000000000000E+000
-1,9944791E-001	-5,681426599621773E-001	5,000000000000000E+000
-1,9957034E-001	-5,688535869121552E-001	5,000000000000000E+000
-1,9935434E-001	-4,430893874658182E-001	5,000000000000000E+000
-1,9778058E-001	-2,348481977436063E-001	5,000000000000000E+000
-1,9623058E-001	-3,035179789108229E-001	5,000000000000000E+000
-1,9549283E-001	-3,242771418558226E-001	5,000000000000000E+000
-1,9414932E-001	-2,614499903672056E-001	5,000000000000000E+000
-1,9281994E-001	-2,677807830644905E-001	5,000000000000000E+000
-1,9159502E-001	-2,692952435420548E-001	5,000000000000000E+000
-1,9080198E-001	-2,493935150861804E-001	5,000000000000000E+000
-1,8898706E-001	-2,476533926566371E-001	5,000000000000000E+000
-1,8826561E-001	-2,423708060178562E-001	5,000000000000000E+000
-1,8682303E-001	-2,316954280767170E-001	5,000000000000000E+000
-1,8570623E-001	-2,294925463696320E-001	5,000000000000000E+000
-1,8454137E-001	-2,236734848141810E-001	5,000000000000000E+000
-1,8330394E-001	-2,173275119814750E-001	5,000000000000000E+000
-1,8209282E-001	-2,117077089389094E-001	5,000000000000000E+000
-1,8092687E-001	-2,065709175421278E-001	5,000000000000000E+000
-1,7960215E-001	-2,026249475548628E-001	5,000000000000000E+000
-1,7848924E-001	-1,984559698978918E-001	5,000000000000000E+000
-1,7732523E-001	-1,915010113282021E-001	5,000000000000000E+000
-1,7606626E-001	-1,876428396251324E-001	5,000000000000000E+000
-1,7495294E-001	-1,850903543419449E-001	5,000000000000000E+000
-1,7366415E-001	-1,779484567685155E-001	5,000000000000000E+000
-1,7246625E-001	-1,773220791214114E-001	5,000000000000000E+000
-1,7126048E-001	-1,718034179303451E-001	5,000000000000000E+000
-1,7001873E-001	-1,662818030950061E-001	5,000000000000000E+000
-1,6889724E-001	-1,657853377875176E-001	5,000000000000000E+000
-1,6761564E-001	-1,595117898821758E-001	5,000000000000000E+000
-1,6654889E-001	-1,550644632985086E-001	5,000000000000000E+000
-1,6533867E-001	-1,544616268969281E-001	5,000000000000000E+000
-1,6410798E-001	-1,483963548822358E-001	5,000000000000000E+000
-1,6292250E-001	-1,436853010479053E-001	5,000000000000000E+000
-1,6174115E-001	-1,424032733215155E-001	5,000000000000000E+000
-1,6044979E-001	-1,377835383302424E-001	5,000000000000000E+000
-1,5937425E-001	-1,340367204156114E-001	5,000000000000000E+000
-1,5809236E-001	-1,304214885436785E-001	5,000000000000000E+000
-1,5684168E-001	-1,277369741992853E-001	5,000000000000000E+000
-1,5580010E-001	-1,235852906872793E-001	5,000000000000000E+000
-1,5438664E-001	-1,197336981465383E-001	5,000000000000000E+000
-1,5333334E-001	-1,181667406668163E-001	5,000000000000000E+000
-1,5214443E-001	-1,139037210765919E-001	5,000000000000000E+000
-1,5097061E-001	-1,109582451624898E-001	5,000000000000000E+000
-1,4968510E-001	-1,065039216557997E-001	5,000000000000000E+000
-1,4847207E-001	-1,031932446877126E-001	5,000000000000000E+000
-1,4731494E-001	-1,023453388134603E-001	5,000000000000000E+000
-1,4619078E-001	-9,831433122356725E-002	5,000000000000000E+000
-1,4493182E-001	-9,410602609514825E-002	5,000000000000000E+000
-1,4376396E-001	-9,064763464266479E-002	5,000000000000000E+000
-1,4246714E-001	-8,918183912518785E-002	5,000000000000000E+000
-1,4132157E-001	-8,538114962478488E-002	5,000000000000000E+000
-1,4005616E-001	-8,268381174356287E-002	5,000000000000000E+000
-1,3896647E-001	-7,974459075463780E-002	5,000000000000000E+000
-1,3771601E-001	-7,608970766348078E-002	5,000000000000000E+000
-1,3652180E-001	-7,229506374548056E-002	5,000000000000000E+000
-1,3538340E-001	-6,964352778460881E-002	5,000000000000000E+000
-1,3418134E-001	-6,756641534351115E-002	5,000000000000000E+000
-1,3285628E-001	-6,552736347118659E-002	5,000000000000000E+000
-1,3174340E-001	-6,107177419363730E-002	5,000000000000000E+000
-1,3038103E-001	-5,892763928191180E-002	5,000000000000000E+000
-1,2930188E-001	-5,550551331489922E-002	5,000000000000000E+000
-1,2813455E-001	-5,410864830547446E-002	5,000000000000000E+000
-1,2688798E-001	-4,937692511238190E-002	5,000000000000000E+000
-1,2570891E-001	-4,557231257085370E-002	5,000000000000000E+000
-1,2444928E-001	-4,771092619490380E-002	5,000000000000000E+000
-1,2345266E-001	-4,012852891550943E-002	5,000000000000000E+000
-1,2217268E-001	-3,861979293880569E-002	5,000000000000000E+000
-1,2095653E-001	-3,680703783713925E-002	5,000000000000000E+000
-1,1978077E-001	-3,351141509753047E-002	5,000000000000000E+000
-1,1853579E-001	-3,109020103497817E-002	5,000000000000000E+000
-1,1732124E-001	-2,745365993124083E-002	5,000000000000000E+000
-1,1607706E-001	-2,542299125451364E-002	5,000000000000000E+000
-1,1489275E-001	-2,427638048997049E-002	5,000000000000000E+000
-1,1371779E-001	-1,820409737788226E-002	5,000000000000000E+000
-1,1261996E-001	-1,616505336790360E-002	5,000000000000000E+000
-1,1128767E-001	-1,523804993053932E-002	5,000000000000000E+000
-1,1021207E-001	-1,274663685924476E-002	5,000000000000000E+000
-1,0580995E-001	-5,185596751625519E-003	5,000000000000000E+000
-1,0185934E-001	7,648350360762349E-003	5,000000000000000E+000
-1,0054943E-001	1,271264037185810E-002	5,000000000000000E+000
-9,9395983E-002	1,601909143829733E-002	5,000000000000000E+000
-9,8142967E-002	1,768580262810083E-002	5,000000000000000E+000
-9,6929014E-002	1,931130752981758E-002	5,000000000000000E+000
-9,5760189E-002	2,074391087161437E-002	5,000000000000000E+000
-9,4511561E-002	2,224645053583019E-002	5,000000000000000E+000
-9,3384206E-002	2,486531555337862E-002	5,000000000000000E+000
-9,2300601E-002	2,901850733798228E-002	5,000000000000000E+000
-9,0965219E-002	3,331829573801734E-002	5,000000000000000E+000
-8,9784026E-002	3,690941644782919E-002	5,000000000000000E+000
-8,8648118E-002	3,931960805008811E-002	5,000000000000000E+000
-8,7461539E-002	4,108147623224395E-002	5,000000000000000E+000
-8,6159065E-002	4,291479776104645E-002	5,000000000000000E+000
-8,4979638E-002	4,468551528892317E-002	5,000000000000000E+000
-8,3767734E-002	4,654046510242754E-002	5,000000000000000E+000
-8,2510330E-002	4,929754728261670E-002	5,000000000000000E+000
-8,1502855E-002	5,220615315785726E-002	5,000000000000000E+000
-8,0283843E-002	5,522115777367387E-002	5,000000000000000E+000
-7,9016738E-002	5,735022456199812E-002	5,000000000000000E+000
-7,7894732E-002	5,927200000021726E-002	5,000000000000000E+000
-7,6571800E-002	6,136310587128357E-002	5,000000000000000E+000
-7,5471126E-002	6,323055695112845E-002	5,000000000000000E+000
-7,4378885E-002	6,569314184404629E-002	5,000000000000000E+000
-7,3044918E-002	6,820428361297019E-002	5,000000000000000E+000
-7,1725167E-002	6,998854177180441E-002	5,000000000000000E+000
-7,0746064E-002	7,203096156633756E-002	5,000000000000000E+000
-6,9422714E-002	7,393779781759147E-002	5,000000000000000E+000
-6,8213783E-002	7,568539182776246E-002	5,000000000000000E+000
-6,6960409E-002	7,820725492934744E-002	5,000000000000000E+000
-6,5689281E-002	8,048731823563941E-002	5,000000000000000E+000
-6,4717464E-002	8,230824075440923E-002	5,000000000000000E+000
-6,3368961E-002	8,471278888087197E-002	5,000000000000000E+000
-6,2316045E-002	8,692442051984428E-002	5,000000000000000E+000
-6,1040137E-002	8,914451213031832E-002	5,000000000000000E+000
-5,9813369E-002	9,133050193109016E-002	5,000000000000000E+000
-5,8570258E-002	9,272481143556499E-002	5,000000000000000E+000
-5,7435907E-002	9,434581940769449E-002	5,000000000000000E+000
-5,6287970E-002	9,708036689725885E-002	5,000000000000000E+000
-5,4983079E-002	9,938174963031976E-002	5,000000000000000E+000
-5,4013323E-002	1,018847036121531E-001	5,000000000000000E+000
-5,2641142E-002	1,039528869463267E-001	5,000000000000000E+000
-5,1472116E-002	1,053885557856931E-001	5,000000000000000E+000
-5,0274577E-002	1,073011835644678E-001	5,000000000000000E+000
-4,5955930E-002	1,141460130746226E-001	5,000000000000000E+000
-4,1767392E-002	1,268532563828763E-001	5,000000000000000E+000
-4,0601261E-002	1,241178560260412E-001	5,000000000000000E+000
-3,9344355E-002	1,240904943853688E-001	5,000000000000000E+000
-3,8129412E-002	1,301850324617351E-001	5,000000000000000E+000
-3,6950905E-002	1,322018153279911E-001	5,000000000000000E+000
-3,5704184E-002	1,323055205931372E-001	5,000000000000000E+000
-3,4558088E-002	1,341989672703980E-001	5,000000000000000E+000
-3,3343565E-002	1,391625975569097E-001	5,000000000000000E+000
-3,2123800E-002	1,384384611414540E-001	5,000000000000000E+000
-3,1028863E-002	1,412876525686848E-001	5,000000000000000E+000
-2,9739583E-002	1,440889072686399E-001	5,000000000000000E+000
-2,8591357E-002	1,444775455984877E-001	5,000000000000000E+000
-2,7365901E-002	1,479520638412972E-001	5,000000000000000E+000
-2,6150247E-002	1,508527837922213E-001	5,000000000000000E+000
-2,5048511E-002	1,514405620681059E-001	5,000000000000000E+000
-2,3811493E-002	1,558971112201647E-001	5,000000000000000E+000
-2,2516580E-002	1,558369829651419E-001	5,000000000000000E+000
-2,1418456E-002	1,575713877876601E-001	5,000000000000000E+000
-2,0102395E-002	1,594809542099638E-001	5,000000000000000E+000
-1,8932166E-002	1,633678628110187E-001	5,000000000000000E+000
-1,7692665E-002	1,638229754236011E-001	5,000000000000000E+000
-1,6536094E-002	1,679764675597351E-001	5,000000000000000E+000
-1,5317608E-002	1,684383749961855E-001	5,000000000000000E+000
-1,4133508E-002	1,697244333724187E-001	5,000000000000000E+000
-1,2951218E-002	1,737913901150157E-001	5,000000000000000E+000
-1,1681994E-002	1,747066248251403E-001	5,000000000000000E+000
-1,0587589E-002	1,780764636523264E-001	5,000000000000000E+000
-9,2317546E-003	1,793743983596671E-001	5,000000000000000E+000
-8,1174960E-003	1,807291768491270E-001	5,000000000000000E+000
-6,9782622E-003	1,829422312762787E-001	5,000000000000000E+000
-5,7364982E-003	1,866903142568103E-001	5,000000000000000E+000
-4,5460304E-003	1,867382455147215E-001	5,000000000000000E+000
-3,3976685E-003	1,887842968507263E-001	5,000000000000000E+000
-2,1851980E-003	1,925438426378951E-001	5,000000000000000E+000
-9,4909000E-004	1,932212162064393E-001	5,000000000000000E+000
2,9790783E-004	1,980751103967320E-001	5,000000000000000E+000
1,5098157E-003	1,987874739613655E-001	5,000000000000000E+000
2,6204649E-003	1,997201020605177E-001	5,000000000000000E+000
3,8119194E-003	2,032687441484691E-001	5,000000000000000E+000
5,1074284E-003	2,049663273738354E-001	5,000000000000000E+000
5,7648853E-003	2,059663859933298E-001	5,000000000000000E+000
5,9634233E-003	2,056944072246552E-001	5,000000000000000E+000