Ewe/V	<I>/mA	cycle number	
7,7659111E-003	-1,991841010749340E-002	1,000000000000000E+000
8,9169731E-003	2,831066939742657E-002	1,000000000000000E+000
1,0073342E-002	2,366056299816146E-002	1,000000000000000E+000
1,0966835E-002	2,492812918326648E-002	1,000000000000000E+000
1,1957125E-002	2,667344169242788E-002	1,000000000000000E+000
1,3011863E-002	2,867423088496757E-002	1,000000000000000E+000
1,3991970E-002	3,041941544506721E-002	1,000000000000000E+000
1,4982504E-002	3,229050954838308E-002	1,000000000000000E+000
1,5882395E-002	3,405338633132893E-002	1,000000000000000E+000
1,7089456E-002	3,600032129583663E-002	1,000000000000000E+000
1,8016521E-002	3,753837691275053E-002	1,000000000000000E+000
1,8950587E-002	3,940180719278202E-002	1,000000000000000E+000
2,0089932E-002	4,111002439081130E-002	1,000000000000000E+000
2,0924652E-002	4,270060840321499E-002	1,000000000000000E+000
2,2020478E-002	4,432127366480587E-002	1,000000000000000E+000
2,2957092E-002	4,555952793452889E-002	1,000000000000000E+000
2,3944655E-002	4,683260034545556E-002	1,000000000000000E+000
2,5038993E-002	4,829548123396110E-002	1,000000000000000E+000
2,5904922E-002	5,033426918951722E-002	1,000000000000000E+000
2,6995437E-002	5,182868967488119E-002	1,000000000000000E+000
2,8075768E-002	5,350817909843664E-002	1,000000000000000E+000
2,8937237E-002	5,509153023983031E-002	1,000000000000000E+000
2,9989757E-002	5,688498536538782E-002	1,000000000000000E+000
3,0967858E-002	6,008301923672366E-002	1,000000000000000E+000
3,2028534E-002	5,987335712200514E-002	1,000000000000000E+000
3,2808278E-002	6,169426912890275E-002	1,000000000000000E+000
3,4016613E-002	6,279797114742269E-002	1,000000000000000E+000
3,4894425E-002	6,363432957031934E-002	1,000000000000000E+000
3,5917647E-002	6,485575460828849E-002	1,000000000000000E+000
3,6969107E-002	6,649479446760209E-002	1,000000000000000E+000
3,7989575E-002	6,821250272224888E-002	1,000000000000000E+000
3,8924705E-002	6,993115711439797E-002	1,000000000000000E+000
3,9930739E-002	7,153245898101657E-002	1,000000000000000E+000
4,0969882E-002	7,326033174198265E-002	1,000000000000000E+000
4,2003296E-002	7,480515638814766E-002	1,000000000000000E+000
4,2899366E-002	7,631750212533883E-002	1,000000000000000E+000
4,4003688E-002	7,759867117015884E-002	1,000000000000000E+000
4,4893168E-002	7,867853419372350E-002	1,000000000000000E+000
4,5917887E-002	7,920724327710560E-002	1,000000000000000E+000
4,6996094E-002	8,038905844161348E-002	1,000000000000000E+000
4,7918700E-002	8,184252141250492E-002	1,000000000000000E+000
4,8839819E-002	8,356687229954507E-002	1,000000000000000E+000
4,9816549E-002	8,539289044630194E-002	1,000000000000000E+000
5,0874755E-002	8,876320211803179E-002	1,000000000000000E+000
5,2000955E-002	8,884920754159520E-002	1,000000000000000E+000
5,2950729E-002	9,055038598469556E-002	1,000000000000000E+000
5,3900294E-002	9,211834941783703E-002	1,000000000000000E+000
5,4940499E-002	9,350512274196088E-002	1,000000000000000E+000
5,5834662E-002	9,462835669034597E-002	1,000000000000000E+000
5,6934517E-002	9,514759803466788E-002	1,000000000000000E+000
5,7953499E-002	9,559812252754696E-002	1,000000000000000E+000
5,8880776E-002	9,709071985411410E-002	1,000000000000000E+000
5,9905697E-002	9,894648565117437E-002	1,000000000000000E+000
6,0999617E-002	1,006110647727769E-001	1,000000000000000E+000
6,1964888E-002	1,024999720975752E-001	1,000000000000000E+000
6,2995762E-002	1,040804214706572E-001	1,000000000000000E+000
6,3986719E-002	1,058354634722622E-001	1,000000000000000E+000
6,5002508E-002	1,075578492859169E-001	1,000000000000000E+000
6,5946341E-002	1,090365619467639E-001	1,000000000000000E+000
6,7232989E-002	1,094906343383686E-001	1,000000000000000E+000
6,8528481E-002	1,100780201937868E-001	1,000000000000000E+000
6,9512650E-002	1,107007236806330E-001	1,000000000000000E+000
7,0587888E-002	1,124166301796552E-001	1,000000000000000E+000
7,1608141E-002	1,143715392832685E-001	1,000000000000000E+000
7,2617985E-002	1,163619306386897E-001	1,000000000000000E+000
7,3579401E-002	1,185925014799951E-001	1,000000000000000E+000
7,4665256E-002	1,203723807853680E-001	1,000000000000000E+000
7,5556017E-002	1,219406086020172E-001	1,000000000000000E+000
7,6563112E-002	1,236279215836139E-001	1,000000000000000E+000
7,7597380E-002	1,248289300991154E-001	1,000000000000000E+000
7,8593642E-002	1,258043650261779E-001	1,000000000000000E+000
7,9624720E-002	1,255597818159946E-001	1,000000000000000E+000
8,0593184E-002	1,257466971011902E-001	1,000000000000000E+000
8,1631266E-002	1,271515004509300E-001	1,000000000000000E+000
8,2556844E-002	1,293306184449678E-001	1,000000000000000E+000
8,3572425E-002	1,311388284278414E-001	1,000000000000000E+000
8,4576972E-002	1,334091401141553E-001	1,000000000000000E+000
8,5582793E-002	1,351179768572803E-001	1,000000000000000E+000
8,6506672E-002	1,369832882105753E-001	1,000000000000000E+000
8,7629236E-002	1,388714741742996E-001	1,000000000000000E+000
8,8597275E-002	1,403053129022878E-001	1,000000000000000E+000
8,9661479E-002	1,409293587354048E-001	1,000000000000000E+000
9,0527609E-002	1,411468097940082E-001	1,000000000000000E+000
9,1529608E-002	1,404456044892198E-001	1,000000000000000E+000
9,2592321E-002	1,416399456491626E-001	1,000000000000000E+000
9,3656726E-002	1,437202234993925E-001	1,000000000000000E+000
9,4520308E-002	1,461636720018252E-001	1,000000000000000E+000
9,5597334E-002	1,496438988380960E-001	1,000000000000000E+000
9,6638277E-002	1,506688645350986E-001	1,000000000000000E+000
9,7556204E-002	1,523608544979382E-001	1,000000000000000E+000
9,8600231E-002	1,542327109620804E-001	1,000000000000000E+000
9,9586725E-002	1,559061549465967E-001	1,000000000000000E+000
1,0057940E-001	1,565473524819099E-001	1,000000000000000E+000
1,0160197E-001	1,567561674380200E-001	1,000000000000000E+000
1,0257022E-001	1,557991498632835E-001	1,000000000000000E+000
1,0353975E-001	1,563291804416589E-001	1,000000000000000E+000
1,0457379E-001	1,585452598864556E-001	1,000000000000000E+000
1,0546011E-001	1,609319110435465E-001	1,000000000000000E+000
1,0666632E-001	1,633189173794740E-001	1,000000000000000E+000
1,0760017E-001	1,654988703214459E-001	1,000000000000000E+000
1,0861216E-001	1,676015700558551E-001	1,000000000000000E+000
1,0960247E-001	1,696469951421029E-001	1,000000000000000E+000
1,1051106E-001	1,712815617901034E-001	1,000000000000000E+000
1,1152558E-001	1,723404064671028E-001	1,000000000000000E+000
1,1272797E-001	1,725412753272663E-001	1,000000000000000E+000
1,1364146E-001	1,711476747532961E-001	1,000000000000000E+000
1,1461353E-001	1,709842077387429E-001	1,000000000000000E+000
1,1555417E-001	1,730797575890186E-001	1,000000000000000E+000
1,1662622E-001	1,755078941480148E-001	1,000000000000000E+000
1,1752059E-001	1,798929396878790E-001	1,000000000000000E+000
1,1857117E-001	1,809096856525643E-001	1,000000000000000E+000
1,1956403E-001	1,833531931215138E-001	1,000000000000000E+000
1,2055500E-001	1,852388710507917E-001	1,000000000000000E+000
1,2149734E-001	1,874739953696174E-001	1,000000000000000E+000
1,2259890E-001	1,885981820696199E-001	1,000000000000000E+000
1,2363189E-001	1,889695880796616E-001	1,000000000000000E+000
1,2449507E-001	1,875965605765867E-001	1,000000000000000E+000
1,2561764E-001	1,863519517463388E-001	1,000000000000000E+000
1,2659077E-001	1,880564366777737E-001	1,000000000000000E+000
1,2760401E-001	1,908967318530710E-001	1,000000000000000E+000
1,2857714E-001	1,937876758165655E-001	1,000000000000000E+000
1,2959167E-001	1,963828757267310E-001	1,000000000000000E+000
1,3048540E-001	1,990155000239605E-001	1,000000000000000E+000
1,3163535E-001	2,013762526007161E-001	1,000000000000000E+000
1,3261783E-001	2,033460484472696E-001	1,000000000000000E+000
1,3366398E-001	2,049176477723655E-001	1,000000000000000E+000
1,3452779E-001	2,055035209697156E-001	1,000000000000000E+000
1,3554972E-001	2,043421091511841E-001	1,000000000000000E+000
1,3664959E-001	2,019326488176985E-001	1,000000000000000E+000
1,3754885E-001	2,025195985894521E-001	1,000000000000000E+000
1,3865401E-001	2,056587437098782E-001	1,000000000000000E+000
1,3962078E-001	2,103703185846971E-001	1,000000000000000E+000
1,4052488E-001	2,122432424997297E-001	1,000000000000000E+000
1,4156148E-001	2,149621025762625E-001	1,000000000000000E+000
1,4252165E-001	2,176436374860788E-001	1,000000000000000E+000
1,4358902E-001	2,198048136369497E-001	1,000000000000000E+000
1,4459506E-001	2,219247014296277E-001	1,000000000000000E+000
1,4553083E-001	2,223938903598857E-001	1,000000000000000E+000
1,4650288E-001	2,217154317638939E-001	1,000000000000000E+000
1,4758216E-001	2,185479188682864E-001	1,000000000000000E+000
1,4853576E-001	2,181378728537648E-001	1,000000000000000E+000
1,4959148E-001	2,209105071853159E-001	1,000000000000000E+000
1,5052322E-001	2,244443074213689E-001	1,000000000000000E+000
1,5159716E-001	2,278586266631346E-001	1,000000000000000E+000
1,5254334E-001	2,309861232147177E-001	1,000000000000000E+000
1,5352665E-001	2,337445827476961E-001	1,000000000000000E+000
1,5458457E-001	2,375743660937861E-001	1,000000000000000E+000
1,5552594E-001	2,391208263321056E-001	1,000000000000000E+000
1,5653600E-001	2,399412614327892E-001	1,000000000000000E+000
1,5757197E-001	2,392390802571617E-001	1,000000000000000E+000
1,5850563E-001	2,358158306191847E-001	1,000000000000000E+000
1,5955199E-001	2,335387095464050E-001	1,000000000000000E+000
1,6056104E-001	2,365363954600912E-001	1,000000000000000E+000
1,6152515E-001	2,400391837237060E-001	1,000000000000000E+000
1,6255622E-001	2,442433135584001E-001	1,000000000000000E+000
1,6355759E-001	2,475982587439591E-001	1,000000000000000E+000
1,6455704E-001	2,507922588675116E-001	1,000000000000000E+000
1,6550237E-001	2,535249855093389E-001	1,000000000000000E+000
1,6651286E-001	2,561460335704462E-001	1,000000000000000E+000
1,6761716E-001	2,576568379515303E-001	1,000000000000000E+000
1,6861069E-001	2,574627704366496E-001	1,000000000000000E+000
1,6961034E-001	2,541152167789362E-001	1,000000000000000E+000
1,7050683E-001	2,500811715575830E-001	1,000000000000000E+000
1,7154641E-001	2,517487804094944E-001	1,000000000000000E+000
1,7261103E-001	2,561363050438192E-001	1,000000000000000E+000
1,7353830E-001	2,602714226684628E-001	1,000000000000000E+000
1,7458484E-001	2,650645679138893E-001	1,000000000000000E+000
1,7562866E-001	2,683428482118022E-001	1,000000000000000E+000
1,7654596E-001	2,714721500459660E-001	1,000000000000000E+000
1,7757873E-001	2,741034909461946E-001	1,000000000000000E+000
1,7852342E-001	2,763068999198295E-001	1,000000000000000E+000
1,7959949E-001	2,761927006283296E-001	1,000000000000000E+000
1,8057388E-001	2,734874239260403E-001	1,000000000000000E+000
1,8157357E-001	2,675894468815798E-001	1,000000000000000E+000
1,8258280E-001	2,679103032720314E-001	1,000000000000000E+000
1,8348458E-001	2,721510836854580E-001	1,000000000000000E+000
1,8453264E-001	2,771062516020963E-001	1,000000000000000E+000
1,8555586E-001	2,816839189855032E-001	1,000000000000000E+000
1,8647616E-001	2,854524241346463E-001	1,000000000000000E+000
1,8760614E-001	2,890851234465284E-001	1,000000000000000E+000
1,8858139E-001	2,922191299774035E-001	1,000000000000000E+000
1,8952994E-001	2,960938191110334E-001	1,000000000000000E+000
1,9055308E-001	2,956209811899391E-001	1,000000000000000E+000
1,9159952E-001	2,930299988133136E-001	1,000000000000000E+000
1,9251662E-001	2,863051327704280E-001	1,000000000000000E+000
1,9355617E-001	2,840320147849893E-001	1,000000000000000E+000
1,9453180E-001	2,881866450662978E-001	1,000000000000000E+000
1,9549759E-001	2,936114325291590E-001	1,000000000000000E+000
1,9648224E-001	2,988274997376188E-001	1,000000000000000E+000
1,9753730E-001	3,034355671110525E-001	1,000000000000000E+000
1,9851661E-001	3,075050489839040E-001	1,000000000000000E+000
1,9951265E-001	3,110014276096118E-001	1,000000000000000E+000
2,0023930E-001	3,125276778203725E-001	1,000000000000000E+000
2,0048481E-001	3,150086336665683E-001	1,000000000000000E+000
1,9977111E-001	3,150546550750732E-001	1,000000000000000E+000
1,9979322E-001	2,857696616815177E-001	1,000000000000000E+000
1,9874755E-001	2,777638218745047E-001	1,000000000000000E+000
1,9770609E-001	2,693588108652167E-001	1,000000000000000E+000
1,9679387E-001	2,570767705156294E-001	1,000000000000000E+000
1,9573796E-001	2,519461502907449E-001	1,000000000000000E+000
1,9481747E-001	2,526235229301235E-001	1,000000000000000E+000
1,9372228E-001	2,539625549344011E-001	1,000000000000000E+000
1,9277908E-001	2,550478924962660E-001	1,000000000000000E+000
1,9174887E-001	2,549136008860338E-001	1,000000000000000E+000
1,9074833E-001	2,547860074512385E-001	1,000000000000000E+000
1,8971387E-001	2,541846413924187E-001	1,000000000000000E+000
1,8871570E-001	2,528873925890629E-001	1,000000000000000E+000
1,8771736E-001	2,482242717373152E-001	1,000000000000000E+000
1,8682146E-001	2,433787046897189E-001	1,000000000000000E+000
1,8573116E-001	2,335618752986193E-001	1,000000000000000E+000
1,8473575E-001	2,275473874200280E-001	1,000000000000000E+000
1,8377410E-001	2,276900506543895E-001	1,000000000000000E+000
1,8276359E-001	2,290200938091242E-001	1,000000000000000E+000
1,8175565E-001	2,304721989979353E-001	1,000000000000000E+000
1,8070844E-001	2,307069975261880E-001	1,000000000000000E+000
1,7976356E-001	2,308980158219738E-001	1,000000000000000E+000
1,7880909E-001	2,302718974511926E-001	1,000000000000000E+000
1,7779225E-001	2,296855336193138E-001	1,000000000000000E+000
1,7672932E-001	2,274066150809331E-001	1,000000000000000E+000
1,7575556E-001	2,229445020288781E-001	1,000000000000000E+000
1,7474511E-001	2,140411620752696E-001	1,000000000000000E+000
1,7380127E-001	2,076189022304291E-001	1,000000000000000E+000
1,7272158E-001	2,065632554392023E-001	1,000000000000000E+000
1,7177182E-001	2,075847500107348E-001	1,000000000000000E+000
1,7075473E-001	2,088811834239305E-001	1,000000000000000E+000
1,6963661E-001	2,092508922365521E-001	1,000000000000000E+000
1,6871996E-001	2,094414467336962E-001	1,000000000000000E+000
1,6772899E-001	2,091407241920638E-001	1,000000000000000E+000
1,6669771E-001	2,086128958466440E-001	1,000000000000000E+000
1,6579463E-001	2,069476639369032E-001	1,000000000000000E+000
1,6473086E-001	2,035756546452090E-001	1,000000000000000E+000
1,6368026E-001	1,977034198741120E-001	1,000000000000000E+000
1,6271898E-001	1,887103187230722E-001	1,000000000000000E+000
1,6180430E-001	1,874953701367814E-001	1,000000000000000E+000
1,6069169E-001	1,881291806283931E-001	1,000000000000000E+000
1,5978439E-001	1,890081712562179E-001	1,000000000000000E+000
1,5879872E-001	1,895226033369974E-001	1,000000000000000E+000
1,5773517E-001	1,896513890888962E-001	1,000000000000000E+000
1,5673296E-001	1,894746395345361E-001	1,000000000000000E+000
1,5577151E-001	1,887200050642373E-001	1,000000000000000E+000
1,5474086E-001	1,876027069778905E-001	1,000000000000000E+000
1,5376729E-001	1,850099922847690E-001	1,000000000000000E+000
1,5270011E-001	1,804662991522079E-001	1,000000000000000E+000
1,5179090E-001	1,734895727562693E-001	1,000000000000000E+000
1,5074581E-001	1,702789766369044E-001	1,000000000000000E+000
1,4966908E-001	1,702529885806143E-001	1,000000000000000E+000
1,4876091E-001	1,706198481153005E-001	1,000000000000000E+000
1,4773026E-001	1,712491861717025E-001	1,000000000000000E+000
1,4672804E-001	1,710521755740044E-001	1,000000000000000E+000
1,4572054E-001	1,707430806838803E-001	1,000000000000000E+000
1,4469008E-001	1,703439639467330E-001	1,000000000000000E+000
1,4379252E-001	1,694828596793949E-001	1,000000000000000E+000
1,4278926E-001	1,672714850692838E-001	1,000000000000000E+000
1,4174819E-001	1,639330510946884E-001	1,000000000000000E+000
1,4067361E-001	1,563136562774028E-001	1,000000000000000E+000
1,3975103E-001	1,534269650777182E-001	1,000000000000000E+000
1,3881548E-001	1,528334192310781E-001	1,000000000000000E+000
1,3779311E-001	1,529136641054518E-001	1,000000000000000E+000
1,3675161E-001	1,533728208634308E-001	1,000000000000000E+000
1,3572671E-001	1,531908930693240E-001	1,000000000000000E+000
1,3482489E-001	1,529323655284109E-001	1,000000000000000E+000
1,3373734E-001	1,523002860550251E-001	1,000000000000000E+000
1,3274319E-001	1,514739401259075E-001	1,000000000000000E+000
1,3180043E-001	1,497800950719798E-001	1,000000000000000E+000
1,3073561E-001	1,471222687892069E-001	1,000000000000000E+000
1,2977436E-001	1,425633270258985E-001	1,000000000000000E+000
1,2881652E-001	1,374592969056079E-001	1,000000000000000E+000
1,2773493E-001	1,360537222138145E-001	1,000000000000000E+000
1,2681210E-001	1,360797413659318E-001	1,000000000000000E+000
1,2579948E-001	1,362286321473896E-001	1,000000000000000E+000
1,2470154E-001	1,360512818209828E-001	1,000000000000000E+000
1,2373924E-001	1,356128494910616E-001	1,000000000000000E+000
1,2276080E-001	1,349739623945898E-001	1,000000000000000E+000
1,2174182E-001	1,340752993020471E-001	1,000000000000000E+000
1,2067571E-001	1,329791575704744E-001	1,000000000000000E+000
1,1981488E-001	1,289494220443350E-001	1,000000000000000E+000
1,1876050E-001	1,266110279700818E-001	1,000000000000000E+000
1,1770180E-001	1,217784348150923E-001	1,000000000000000E+000
1,1675500E-001	1,198225266610586E-001	1,000000000000000E+000
1,1573219E-001	1,193744530383910E-001	1,000000000000000E+000
1,1472723E-001	1,191273810238473E-001	1,000000000000000E+000
1,1375665E-001	1,191194990856776E-001	1,000000000000000E+000
1,1279456E-001	1,186865696476562E-001	1,000000000000000E+000
1,1183164E-001	1,178669525068941E-001	1,000000000000000E+000
1,1079313E-001	1,170671310413773E-001	1,000000000000000E+000
1,0984164E-001	1,161805434428427E-001	1,000000000000000E+000
1,0873074E-001	1,139806028007078E-001	1,000000000000000E+000
1,0771876E-001	1,112429106228607E-001	1,000000000000000E+000
1,0673375E-001	1,069867744420965E-001	1,000000000000000E+000
1,0577484E-001	1,042469300122727E-001	1,000000000000000E+000
1,0478368E-001	1,035233865388563E-001	1,000000000000000E+000
1,0372181E-001	1,020851441383090E-001	1,000000000000000E+000
1,0279970E-001	1,024094709457883E-001	1,000000000000000E+000
1,0168159E-001	1,021046066070319E-001	1,000000000000000E+000
1,0080016E-001	1,013391212974155E-001	1,000000000000000E+000
9,9784791E-002	1,004616869096129E-001	1,000000000000000E+000
9,8780036E-002	9,945123247733312E-002	1,000000000000000E+000
9,7751074E-002	9,797338185900850E-002	1,000000000000000E+000
9,6801087E-002	9,569293113977273E-002	1,000000000000000E+000
9,5668107E-002	9,208073993903354E-002	1,000000000000000E+000
9,4743170E-002	8,912261340905081E-002	1,000000000000000E+000
9,3785331E-002	8,783537271880992E-002	1,000000000000000E+000
9,2753828E-002	8,715618798440250E-002	1,000000000000000E+000
9,1717653E-002	8,681438028536465E-002	1,000000000000000E+000
9,0697825E-002	8,607714528355870E-002	1,000000000000000E+000
8,9725763E-002	8,550641505496093E-002	1,000000000000000E+000
8,8758998E-002	8,441972984346013E-002	1,000000000000000E+000
8,7747872E-002	8,370949357265112E-002	1,000000000000000E+000
8,6765185E-002	8,198727803580730E-002	1,000000000000000E+000
8,5805222E-002	8,026845590211473E-002	1,000000000000000E+000
8,4714286E-002	7,726366184996802E-002	1,000000000000000E+000
8,3757751E-002	7,350786719298702E-002	1,000000000000000E+000
8,2728781E-002	7,203812850639196E-002	1,000000000000000E+000
8,1791535E-002	7,167713420844990E-002	1,000000000000000E+000
8,0729254E-002	7,097032481666521E-002	1,000000000000000E+000
7,9813220E-002	7,020020981629660E-002	1,000000000000000E+000
7,8743294E-002	6,953675051530195E-002	1,000000000000000E+000
7,7740029E-002	6,836754992535266E-002	1,000000000000000E+000
7,6704487E-002	6,742247061252038E-002	1,000000000000000E+000
7,5656846E-002	6,629772281653601E-002	1,000000000000000E+000
7,4709840E-002	6,459806064419726E-002	1,000000000000000E+000
7,3739253E-002	6,237899627605514E-002	1,000000000000000E+000
7,2726429E-002	5,931545877656724E-002	1,000000000000000E+000
7,1598545E-002	5,740376951655855E-002	1,000000000000000E+000
7,0808195E-002	5,624416796490528E-002	1,000000000000000E+000
6,9796219E-002	5,561879691150462E-002	1,000000000000000E+000
6,8667710E-002	5,502780173318818E-002	1,000000000000000E+000
6,7783520E-002	5,398770587311852E-002	1,000000000000000E+000
6,6726968E-002	5,309078377602555E-002	1,000000000000000E+000
6,5717325E-002	5,204100388585164E-002	1,000000000000000E+000
6,4706832E-002	5,085742029499407E-002	1,000000000000000E+000
6,3772559E-002	4,933323452887317E-002	1,000000000000000E+000
6,2764406E-002	4,738055968967581E-002	1,000000000000000E+000
6,1811902E-002	4,417567459124783E-002	1,000000000000000E+000
6,0470626E-002	4,570632311256795E-002	1,000000000000000E+000
5,9196427E-002	4,060767846682123E-002	1,000000000000000E+000
5,8123097E-002	3,940274511222502E-002	1,000000000000000E+000
5,7177573E-002	3,847498519570336E-002	1,000000000000000E+000
5,6226097E-002	3,748878130378833E-002	1,000000000000000E+000
5,5227067E-002	3,648647005859501E-002	1,000000000000000E+000
5,4063104E-002	3,534419336183758E-002	1,000000000000000E+000
5,3121176E-002	3,402854905774197E-002	1,000000000000000E+000
5,2098595E-002	3,257093695854696E-002	1,000000000000000E+000
5,1057748E-002	3,048757542597358E-002	1,000000000000000E+000
5,0278854E-002	2,830740365337714E-002	1,000000000000000E+000
4,9128897E-002	2,660016662061770E-002	1,000000000000000E+000
4,8079353E-002	2,533372955965896E-002	1,000000000000000E+000
4,7163967E-002	2,437344285944065E-002	1,000000000000000E+000
4,6138402E-002	2,355721205067646E-002	1,000000000000000E+000
4,5203272E-002	2,234365307312053E-002	1,000000000000000E+000
4,4122096E-002	2,141817063912405E-002	1,000000000000000E+000
4,3174867E-002	2,032392702703548E-002	1,000000000000000E+000
4,2145904E-002	1,885944074321610E-002	1,000000000000000E+000
4,1255355E-002	1,769547387785117E-002	1,000000000000000E+000
4,0105090E-002	1,514807173926204E-002	1,000000000000000E+000
3,9247148E-002	1,315182684468000E-002	1,000000000000000E+000
3,8176160E-002	1,163420216633113E-002	1,000000000000000E+000
3,7134469E-002	1,051977560941681E-002	1,000000000000000E+000
3,6146477E-002	9,375225960630618E-003	1,000000000000000E+000
3,5180356E-002	8,328528871061308E-003	1,000000000000000E+000
3,4145243E-002	7,264154709884202E-003	1,000000000000000E+000
3,3087201E-002	6,175812134407099E-003	1,000000000000000E+000
3,2135516E-002	4,961169352841197E-003	1,000000000000000E+000
3,1171938E-002	3,690526801047206E-003	1,000000000000000E+000
2,9916912E-002	1,843610033764785E-003	1,000000000000000E+000
2,8505735E-002	9,442637411135966E-004	1,000000000000000E+000
2,7704345E-002	-1,968995668802464E-003	1,000000000000000E+000
2,6439117E-002	-3,703103992005782E-003	1,000000000000000E+000
2,5635816E-002	-4,840724158350854E-003	1,000000000000000E+000
2,4673302E-002	-5,806984180472416E-003	1,000000000000000E+000
2,3709727E-002	-6,782490464738014E-003	1,000000000000000E+000
2,2677373E-002	-8,128824890634351E-003	1,000000000000000E+000
2,1679409E-002	-9,245662631992946E-003	1,000000000000000E+000
2,0683568E-002	-1,037373120305819E-002	1,000000000000000E+000
1,8993801E-002	-1,716539284633377E-002	1,000000000000000E+000
1,7986638E-002	-1,492657645918324E-002	1,000000000000000E+000
1,7061284E-002	-1,629761590932798E-002	1,000000000000000E+000
1,5819620E-002	-1,778270121387854E-002	1,000000000000000E+000
1,4922916E-002	-1,915675974278536E-002	1,000000000000000E+000
1,3954033E-002	-2,045339013070416E-002	1,000000000000000E+000
1,2986424E-002	-2,165133727464338E-002	1,000000000000000E+000
1,1939635E-002	-2,297395993351800E-002	1,000000000000000E+000
1,1092816E-002	-2,390338495347855E-002	1,000000000000000E+000
9,9689690E-003	-2,539760775484703E-002	1,000000000000000E+000
8,9066820E-003	-2,658041840401926E-002	1,000000000000000E+000
7,9957526E-003	-2,775576856435716E-002	1,000000000000000E+000
6,9389865E-003	-2,934437846609708E-002	1,000000000000000E+000
5,8775502E-003	-3,055608677419111E-002	1,000000000000000E+000
5,0434670E-003	-3,205243760668153E-002	1,000000000000000E+000
4,0319161E-003	-3,353677389073978E-002	1,000000000000000E+000
2,9857638E-003	-3,487696032539955E-002	1,000000000000000E+000
1,9245400E-003	-3,620189695222376E-002	1,000000000000000E+000
1,0100018E-003	-3,754094263314504E-002	1,000000000000000E+000
5,9163802E-005	-3,876503310769930E-002	1,000000000000000E+000
-9,7913446E-004	-3,997327346371959E-002	1,000000000000000E+000
-1,9441955E-003	-4,138196260168151E-002	1,000000000000000E+000
-3,0645346E-003	-4,324832238705345E-002	1,000000000000000E+000
-3,9974195E-003	-4,424039839715199E-002	1,000000000000000E+000
-5,0700945E-003	-4,552663629874565E-002	1,000000000000000E+000
-5,9869690E-003	-4,670650764644413E-002	1,000000000000000E+000
-6,9698617E-003	-4,805195928740924E-002	1,000000000000000E+000
-8,0306623E-003	-4,953605069399414E-002	1,000000000000000E+000
-9,0670493E-003	-5,076137010042614E-002	1,000000000000000E+000
-9,9552646E-003	-5,218636945614380E-002	1,000000000000000E+000
-1,1051091E-002	-5,353481758868794E-002	1,000000000000000E+000
-1,2029314E-002	-5,481593450531363E-002	1,000000000000000E+000
-1,2961047E-002	-5,620631340166771E-002	1,000000000000000E+000
-1,3928232E-002	-5,735100213334787E-002	1,000000000000000E+000
-1,5019386E-002	-5,879954243492747E-002	1,000000000000000E+000
-1,5939446E-002	-6,006584985664576E-002	1,000000000000000E+000
-1,6977955E-002	-6,095103627174270E-002	1,000000000000000E+000
-1,7959150E-002	-6,222009102606929E-002	1,000000000000000E+000
-1,8940344E-002	-6,367082144478685E-002	1,000000000000000E+000
-1,9958474E-002	-6,516858231690220E-002	1,000000000000000E+000
-2,0995500E-002	-6,651991432429161E-002	1,000000000000000E+000
-2,2015329E-002	-6,792257023388890E-002	1,000000000000000E+000
-2,2885077E-002	-6,947364606377171E-002	1,000000000000000E+000
-2,3987060E-002	-7,067219083438858E-002	1,000000000000000E+000
-2,5017954E-002	-7,344920719387349E-002	1,000000000000000E+000
-2,5972353E-002	-7,349630504743088E-002	1,000000000000000E+000
-2,7024226E-002	-7,467611920502434E-002	1,000000000000000E+000
-2,7964875E-002	-7,571544368854810E-002	1,000000000000000E+000
-2,8877292E-002	-7,656356875991654E-002	1,000000000000000E+000
-2,9987764E-002	-7,807444654301632E-002	1,000000000000000E+000
-3,0936906E-002	-7,957140603792623E-002	1,000000000000000E+000
-3,1932112E-002	-8,101126015255300E-002	1,000000000000000E+000
-3,2939631E-002	-8,256396417575007E-002	1,000000000000000E+000
-3,3975802E-002	-8,409476916616132E-002	1,000000000000000E+000
-3,4931734E-002	-8,533336079886356E-002	1,000000000000000E+000
-3,6057703E-002	-8,671472332854235E-002	1,000000000000000E+000
-3,6909193E-002	-8,809591240801473E-002	1,000000000000000E+000
-3,8009271E-002	-8,908155066375123E-002	1,000000000000000E+000
-3,9004900E-002	-9,004232658211331E-002	1,000000000000000E+000
-3,9919436E-002	-9,066210694059140E-002	1,000000000000000E+000
-4,0879406E-002	-9,204722300206336E-002	1,000000000000000E+000
-4,1973744E-002	-9,360137812931235E-002	1,000000000000000E+000
-4,2960882E-002	-9,522659997283311E-002	1,000000000000000E+000
-4,4020411E-002	-9,673711920536521E-002	1,000000000000000E+000
-4,5129608E-002	-9,827473450072644E-002	1,000000000000000E+000
-4,5968782E-002	-9,967840224918456E-002	1,000000000000000E+000
-4,6956565E-002	-1,012287196634266E-001	1,000000000000000E+000
-4,8039470E-002	-1,037517159107937E-001	1,000000000000000E+000
-4,8953958E-002	-1,037984038358210E-001	1,000000000000000E+000
-4,9959768E-002	-1,047955841446919E-001	1,000000000000000E+000
-5,0849896E-002	-1,050687246369539E-001	1,000000000000000E+000
-5,1898167E-002	-1,061431876107777E-001	1,000000000000000E+000
-5,2933712E-002	-1,077261226493178E-001	1,000000000000000E+000
-5,4266080E-002	-1,096506684045826E-001	1,000000000000000E+000
-5,5681210E-002	-1,116132160338261E-001	1,000000000000000E+000
-5,6530364E-002	-1,134897412352819E-001	1,000000000000000E+000
-5,7630867E-002	-1,149234851235871E-001	1,000000000000000E+000
-5,8649000E-002	-1,162330292130789E-001	1,000000000000000E+000
-5,9726566E-002	-1,178165937739386E-001	1,000000000000000E+000
-6,0618393E-002	-1,187461813118442E-001	1,000000000000000E+000
-6,1639495E-002	-1,190329159058077E-001	1,000000000000000E+000
-6,2577389E-002	-1,193147662130215E-001	1,000000000000000E+000
-6,3570887E-002	-1,208382465324742E-001	1,000000000000000E+000
-6,4614289E-002	-1,223079412485712E-001	1,000000000000000E+000
-6,5599725E-002	-1,242906643008743E-001	1,000000000000000E+000
-6,6624857E-002	-1,259433936534654E-001	1,000000000000000E+000
-6,7614965E-002	-1,277582379299458E-001	1,000000000000000E+000
-6,8549894E-002	-1,294003275947436E-001	1,000000000000000E+000
-6,9591589E-002	-1,308520125501137E-001	1,000000000000000E+000
-7,0587851E-002	-1,322992446280462E-001	1,000000000000000E+000
-7,1708113E-002	-1,345124064116840E-001	1,000000000000000E+000
-7,2613679E-002	-1,342548748685248E-001	1,000000000000000E+000
-7,3590398E-002	-1,337991542239820E-001	1,000000000000000E+000
-7,4601293E-002	-1,348324145914781E-001	1,000000000000000E+000
-7,5633861E-002	-1,368797737070250E-001	1,000000000000000E+000
-7,6606140E-002	-1,384932252543941E-001	1,000000000000000E+000
-7,7542111E-002	-1,404435077544166E-001	1,000000000000000E+000
-7,8671277E-002	-1,422718483437266E-001	1,000000000000000E+000
-7,9628900E-002	-1,439345216344079E-001	1,000000000000000E+000
-8,0635779E-002	-1,455650604502468E-001	1,000000000000000E+000
-8,1559457E-002	-1,471726700525591E-001	1,000000000000000E+000
-8,2585439E-002	-1,484413756644006E-001	1,000000000000000E+000
-8,3616935E-002	-1,489167495078787E-001	1,000000000000000E+000
-8,4643133E-002	-1,484968179698891E-001	1,000000000000000E+000
-8,5595034E-002	-1,490255563381919E-001	1,000000000000000E+000
-8,6576231E-002	-1,507700067185973E-001	1,000000000000000E+000
-8,7629609E-002	-1,527700422124726E-001	1,000000000000000E+000
-8,8645823E-002	-1,547229583375164E-001	1,000000000000000E+000
-8,9487545E-002	-1,566863194694397E-001	1,000000000000000E+000
-9,0630285E-002	-1,585709424689408E-001	1,000000000000000E+000
-9,1578797E-002	-1,604897224654754E-001	1,000000000000000E+000
-9,2587605E-002	-1,633891749920116E-001	1,000000000000000E+000
-9,3555376E-002	-1,637395462366163E-001	1,000000000000000E+000
-9,4574355E-002	-1,644689914839419E-001	1,000000000000000E+000
-9,5597573E-002	-1,637548367423874E-001	1,000000000000000E+000
-9,6717186E-002	-1,634397627785804E-001	1,000000000000000E+000
-9,7513050E-002	-1,649980542629409E-001	1,000000000000000E+000
-9,8584898E-002	-1,671897950582208E-001	1,000000000000000E+000
-9,9647179E-002	-1,694206726323392E-001	1,000000000000000E+000
-1,0066871E-001	-1,714941984628910E-001	1,000000000000000E+000
-1,0160703E-001	-1,735641810594610E-001	1,000000000000000E+000
-1,0264234E-001	-1,756302038104165E-001	1,000000000000000E+000
-1,0371355E-001	-1,772219144773688E-001	1,000000000000000E+000
-1,0460072E-001	-1,786428540255182E-001	1,000000000000000E+000
-1,0566171E-001	-1,798195508136244E-001	1,000000000000000E+000
-1,0663252E-001	-1,792889206877188E-001	1,000000000000000E+000
-1,0757104E-001	-1,779802656491043E-001	1,000000000000000E+000
-1,0854629E-001	-1,793461043939537E-001	1,000000000000000E+000
-1,0964084E-001	-1,814601394106390E-001	1,000000000000000E+000
-1,1066662E-001	-1,839954966541242E-001	1,000000000000000E+000
-1,1159644E-001	-1,863437072822345E-001	1,000000000000000E+000
-1,1265957E-001	-1,885278020226568E-001	1,000000000000000E+000
-1,1363228E-001	-1,907534889911335E-001	1,000000000000000E+000
-1,1464144E-001	-1,940061727849138E-001	1,000000000000000E+000
-1,1556662E-001	-1,946670064633640E-001	1,000000000000000E+000
-1,1666413E-001	-1,956288412351301E-001	1,000000000000000E+000
-1,1760967E-001	-1,954441051067848E-001	1,000000000000000E+000
-1,1860932E-001	-1,935376587358331E-001	1,000000000000000E+000
-1,1960284E-001	-1,941489537970882E-001	1,000000000000000E+000
-1,2063030E-001	-1,964280301084115E-001	1,000000000000000E+000
-1,2164865E-001	-1,988166841436863E-001	1,000000000000000E+000
-1,2264215E-001	-2,015020033965511E-001	1,000000000000000E+000
-1,2357411E-001	-2,040507108387017E-001	1,000000000000000E+000
-1,2462323E-001	-2,063616478332770E-001	1,000000000000000E+000
-1,2563033E-001	-2,085612734296811E-001	1,000000000000000E+000
-1,2667075E-001	-2,108049317504532E-001	1,000000000000000E+000
-1,2767507E-001	-2,118390033159545E-001	1,000000000000000E+000
-1,2855098E-001	-2,119460438067708E-001	1,000000000000000E+000
-1,2967037E-001	-2,100277806942663E-001	1,000000000000000E+000
-1,3062185E-001	-2,093067068468635E-001	1,000000000000000E+000
-1,3161430E-001	-2,110160028354988E-001	1,000000000000000E+000
-1,3255940E-001	-2,140254533539216E-001	1,000000000000000E+000
-1,3359410E-001	-2,168513542662065E-001	1,000000000000000E+000
-1,3462771E-001	-2,197056962522073E-001	1,000000000000000E+000
-1,3561113E-001	-2,238438291889102E-001	1,000000000000000E+000
-1,3660431E-001	-2,251334284535718E-001	1,000000000000000E+000
-1,3757488E-001	-2,272452792083772E-001	1,000000000000000E+000
-1,3860659E-001	-2,287479976399083E-001	1,000000000000000E+000
-1,3973448E-001	-2,291085625205329E-001	1,000000000000000E+000
-1,4058171E-001	-2,274080426949583E-001	1,000000000000000E+000
-1,4164360E-001	-2,251699532002762E-001	1,000000000000000E+000
-1,4259230E-001	-2,266002221860823E-001	1,000000000000000E+000
-1,4355777E-001	-2,294289837073951E-001	1,000000000000000E+000
-1,4455511E-001	-2,329520780455177E-001	1,000000000000000E+000
-1,4561018E-001	-2,358934206336185E-001	1,000000000000000E+000
-1,4664318E-001	-2,388927785472739E-001	1,000000000000000E+000
-1,4761311E-001	-2,414799410228934E-001	1,000000000000000E+000
-1,4866479E-001	-2,441178011811442E-001	1,000000000000000E+000
-1,4963005E-001	-2,458155609460337E-001	1,000000000000000E+000
-1,5055840E-001	-2,463017006715136E-001	1,000000000000000E+000
-1,5165146E-001	-2,452089399513273E-001	1,000000000000000E+000
-1,5276407E-001	-2,413989726316053E-001	1,000000000000000E+000
-1,5368031E-001	-2,420230140150688E-001	1,000000000000000E+000
-1,5462478E-001	-2,449779163839096E-001	1,000000000000000E+000
-1,5551998E-001	-2,485628218079587E-001	1,000000000000000E+000
-1,5665001E-001	-2,538013821812695E-001	1,000000000000000E+000
-1,5756704E-001	-2,557446060495234E-001	1,000000000000000E+000
-1,5859365E-001	-2,589304151910314E-001	1,000000000000000E+000
-1,5962347E-001	-2,614307746429145E-001	1,000000000000000E+000
-1,6065179E-001	-2,636463406875187E-001	1,000000000000000E+000
-1,6161962E-001	-2,646589511315569E-001	1,000000000000000E+000
-1,6262713E-001	-2,635834505781521E-001	1,000000000000000E+000
-1,6355355E-001	-2,593088075173666E-001	1,000000000000000E+000
-1,6455853E-001	-2,584490257280851E-001	1,000000000000000E+000
-1,6561911E-001	-2,612796160909863E-001	1,000000000000000E+000
-1,6660370E-001	-2,649099153156067E-001	1,000000000000000E+000
-1,6756111E-001	-2,692023261139789E-001	1,000000000000000E+000
-1,6854933E-001	-2,727499028529841E-001	1,000000000000000E+000
-1,6955642E-001	-2,761499306393995E-001	1,000000000000000E+000
-1,7059875E-001	-2,791379694309502E-001	1,000000000000000E+000
-1,7152050E-001	-2,837082131041421E-001	1,000000000000000E+000
-1,7261671E-001	-2,837106889044789E-001	1,000000000000000E+000
-1,7354929E-001	-2,830005513021221E-001	1,000000000000000E+000
-1,7461058E-001	-2,788851333092945E-001	1,000000000000000E+000
-1,7559518E-001	-2,759325772316916E-001	1,000000000000000E+000
-1,7654683E-001	-2,780334320678204E-001	1,000000000000000E+000
-1,7760642E-001	-2,823822446236455E-001	1,000000000000000E+000
-1,7862593E-001	-2,867054430491960E-001	1,000000000000000E+000
-1,7954300E-001	-2,908279399077101E-001	1,000000000000000E+000
-1,8059425E-001	-2,947610584605076E-001	1,000000000000000E+000
-1,8160114E-001	-2,982316823607238E-001	1,000000000000000E+000
-1,8259761E-001	-3,010156470247444E-001	1,000000000000000E+000
-1,8361701E-001	-3,031201707199211E-001	1,000000000000000E+000
-1,8468651E-001	-3,028361703165707E-001	1,000000000000000E+000
-1,8562292E-001	-2,990328000030571E-001	1,000000000000000E+000
-1,8663214E-001	-2,934936502672461E-001	1,000000000000000E+000
-1,8756109E-001	-2,945618234850746E-001	1,000000000000000E+000
-1,8873739E-001	-2,989482200807991E-001	1,000000000000000E+000
-1,8956488E-001	-3,038816073288526E-001	1,000000000000000E+000
-1,9057448E-001	-3,092281309956757E-001	1,000000000000000E+000
-1,9163063E-001	-3,133551511499613E-001	1,000000000000000E+000
-1,9263200E-001	-3,172071846546951E-001	1,000000000000000E+000
-1,9369872E-001	-3,207120015113436E-001	1,000000000000000E+000
-1,9460541E-001	-3,231710452862351E-001	1,000000000000000E+000
-1,9560105E-001	-3,232744681062507E-001	1,000000000000000E+000
-1,9661494E-001	-3,203352095076333E-001	1,000000000000000E+000
-1,9761607E-001	-3,130072002402611E-001	1,000000000000000E+000
-1,9868474E-001	-3,119841603286284E-001	1,000000000000000E+000
-1,9935922E-001	-3,149583894345502E-001	1,000000000000000E+000
-1,9937889E-001	-3,147687576711178E-001	1,000000000000000E+000
-1,9889762E-001	-2,917481960590783E-001	1,000000000000000E+000
-1,9801277E-001	-2,896930262515393E-001	1,000000000000000E+000
-1,9692609E-001	-2,889665072024973E-001	1,000000000000000E+000
-1,9588886E-001	-2,884050613890080E-001	1,000000000000000E+000
-1,9501255E-001	-2,860953252831542E-001	1,000000000000000E+000
-1,9389825E-001	-2,856907444419683E-001	1,000000000000000E+000
-1,9284850E-001	-2,832467023766165E-001	1,000000000000000E+000
-1,9193479E-001	-2,782492890816037E-001	1,000000000000000E+000
-1,9094194E-001	-2,697408565285584E-001	1,000000000000000E+000
-1,8992931E-001	-2,581767822374355E-001	1,000000000000000E+000
-1,8890297E-001	-2,561785215856838E-001	1,000000000000000E+000
-1,8791200E-001	-2,566489365158811E-001	1,000000000000000E+000
-1,8692867E-001	-2,579065584750080E-001	1,000000000000000E+000
-1,8590330E-001	-2,591361366331759E-001	1,000000000000000E+000
-1,8488500E-001	-2,595041008597168E-001	1,000000000000000E+000
-1,8387960E-001	-2,594065379558322E-001	1,000000000000000E+000
-1,8291095E-001	-2,589543742231195E-001	1,000000000000000E+000
-1,8189283E-001	-2,577455024821342E-001	1,000000000000000E+000
-1,8082756E-001	-2,543251587905817E-001	1,000000000000000E+000
-1,7991662E-001	-2,483562133447443E-001	1,000000000000000E+000
-1,7895965E-001	-2,388574089165090E-001	1,000000000000000E+000
-1,7787760E-001	-2,345905927596270E-001	1,000000000000000E+000
-1,7691171E-001	-2,345785702820180E-001	1,000000000000000E+000
-1,7592710E-001	-2,354547358980323E-001	1,000000000000000E+000
-1,7494996E-001	-2,366640793711494E-001	1,000000000000000E+000
-1,7388979E-001	-2,369679213949928E-001	1,000000000000000E+000
-1,7279460E-001	-2,373546134956461E-001	1,000000000000000E+000
-1,7191273E-001	-2,369003366954900E-001	1,000000000000000E+000
-1,7087784E-001	-2,358180665652512E-001	1,000000000000000E+000
-1,6986459E-001	-2,335816350317113E-001	1,000000000000000E+000
-1,6887744E-001	-2,275680750608444E-001	1,000000000000000E+000
-1,6790923E-001	-2,206049851590280E-001	1,000000000000000E+000
-1,6693908E-001	-2,152700107544654E-001	1,000000000000000E+000
-1,6591969E-001	-2,144434950141987E-001	1,000000000000000E+000
-1,6498433E-001	-2,150511282530650E-001	1,000000000000000E+000
-1,6401908E-001	-2,160227535016555E-001	1,000000000000000E+000
-1,6294914E-001	-2,162586590275171E-001	1,000000000000000E+000
-1,6190509E-001	-2,164104114183119E-001	1,000000000000000E+000
-1,6087998E-001	-2,160570591136259E-001	1,000000000000000E+000
-1,5990663E-001	-2,153774922782616E-001	1,000000000000000E+000
-1,5891673E-001	-2,135369343752112E-001	1,000000000000000E+000
-1,5795973E-001	-2,099681828791897E-001	1,000000000000000E+000
-1,5694989E-001	-2,036121285141062E-001	1,000000000000000E+000
-1,5593030E-001	-1,962805475556744E-001	1,000000000000000E+000
-1,5494613E-001	-1,955448051707602E-001	1,000000000000000E+000
-1,5388300E-001	-1,956875368745790E-001	1,000000000000000E+000
-1,5287592E-001	-1,963918382577883E-001	1,000000000000000E+000
-1,5187626E-001	-1,966501394010809E-001	1,000000000000000E+000
-1,5092966E-001	-1,967647818641532E-001	1,000000000000000E+000
-1,4996375E-001	-1,963483578422005E-001	1,000000000000000E+000
-1,4884287E-001	-1,957466298093392E-001	1,000000000000000E+000
-1,4789586E-001	-1,944938004016876E-001	1,000000000000000E+000
-1,4697622E-001	-1,915216038382987E-001	1,000000000000000E+000
-1,4588061E-001	-1,867231489159167E-001	1,000000000000000E+000
-1,4497603E-001	-1,805316757376270E-001	1,000000000000000E+000
-1,4386281E-001	-1,780447898674078E-001	1,000000000000000E+000
-1,4298372E-001	-1,779104001061231E-001	1,000000000000000E+000
-1,4194138E-001	-1,780560509715645E-001	1,000000000000000E+000
-1,4095892E-001	-1,782047087154179E-001	1,000000000000000E+000
-1,4000553E-001	-1,782298287445752E-001	1,000000000000000E+000
-1,3895237E-001	-1,776917821003332E-001	1,000000000000000E+000
-1,3795421E-001	-1,771970567534924E-001	1,000000000000000E+000
-1,3702628E-001	-1,762574997523609E-001	1,000000000000000E+000
-1,3585977E-001	-1,739212482029364E-001	1,000000000000000E+000
-1,3478012E-001	-1,691874419683929E-001	1,000000000000000E+000
-1,3397489E-001	-1,642384536357386E-001	1,000000000000000E+000
-1,3288651E-001	-1,610329188233999E-001	1,000000000000000E+000
-1,3193186E-001	-1,605345912415671E-001	1,000000000000000E+000
-1,3086043E-001	-1,604909738525742E-001	1,000000000000000E+000
-1,2993166E-001	-1,606492858242102E-001	1,000000000000000E+000
-1,2900949E-001	-1,602850114340310E-001	1,000000000000000E+000
-1,2791346E-001	-1,599677356856837E-001	1,000000000000000E+000
-1,2689786E-001	-1,589894151073644E-001	1,000000000000000E+000
-1,2590180E-001	-1,583316478947240E-001	1,000000000000000E+000
-1,2495521E-001	-1,565992563997431E-001	1,000000000000000E+000
-1,2394282E-001	-1,537036036693105E-001	1,000000000000000E+000
-1,2292343E-001	-1,487827036115854E-001	1,000000000000000E+000
-1,2186665E-001	-1,448211669921869E-001	1,000000000000000E+000
-1,2099522E-001	-1,439307906181999E-001	1,000000000000000E+000
-1,1990555E-001	-1,434003459807078E-001	1,000000000000000E+000
-1,1894260E-001	-1,434253034940747E-001	1,000000000000000E+000
-1,1800704E-001	-1,431318501838379E-001	1,000000000000000E+000
-1,1691291E-001	-1,425088097824272E-001	1,000000000000000E+000
-1,1590985E-001	-1,419622432957919E-001	1,000000000000000E+000
-1,1491379E-001	-1,394363958733498E-001	1,000000000000000E+000
-1,1387957E-001	-1,392034154247355E-001	1,000000000000000E+000
-1,1283554E-001	-1,369847178769608E-001	1,000000000000000E+000
-1,1190168E-001	-1,330600338125669E-001	1,000000000000000E+000
-1,1089162E-001	-1,289195008920849E-001	1,000000000000000E+000
-1,0990469E-001	-1,273779522765564E-001	1,000000000000000E+000
-1,0895599E-001	-1,269003153019757E-001	1,000000000000000E+000
-1,0795526E-001	-1,265757828433481E-001	1,000000000000000E+000
-1,0681187E-001	-1,262280323059743E-001	1,000000000000000E+000
-1,0591306E-001	-1,255938305209079E-001	1,000000000000000E+000
-1,0495966E-001	-1,249171730855272E-001	1,000000000000000E+000
-1,0391011E-001	-1,238813149846272E-001	1,000000000000000E+000
-1,0301065E-001	-1,228793073031640E-001	1,000000000000000E+000
-1,0195240E-001	-1,207748481451911E-001	1,000000000000000E+000
-1,0090051E-001	-1,176240142020912E-001	1,000000000000000E+000
-9,9929489E-002	-1,135948429367053E-001	1,000000000000000E+000
-9,8966688E-002	-1,101989932358263E-001	1,000000000000000E+000
-9,7877137E-002	-1,104728959983698E-001	1,000000000000000E+000
-9,6967690E-002	-1,100513128460276E-001	1,000000000000000E+000
-9,5965266E-002	-1,095756915984332E-001	1,000000000000000E+000
-9,4872206E-002	-1,088810025162443E-001	1,000000000000000E+000
-9,3934529E-002	-1,082601591910199E-001	1,000000000000000E+000
-9,2930190E-002	-1,072630084257711E-001	1,000000000000000E+000
-9,1913126E-002	-1,063083987855523E-001	1,000000000000000E+000
-9,0943180E-002	-1,045173121340295E-001	1,000000000000000E+000
-8,9933328E-002	-1,022167847733253E-001	1,000000000000000E+000
-8,8897146E-002	-9,865046388262677E-002	1,000000000000000E+000
-8,7994076E-002	-9,578098661990619E-002	1,000000000000000E+000
-8,6969785E-002	-9,510555591744696E-002	1,000000000000000E+000
-8,5907720E-002	-9,442782759045532E-002	1,000000000000000E+000
-8,4880665E-002	-9,354055176178644E-002	1,000000000000000E+000
-8,3959125E-002	-9,320752690891165E-002	1,000000000000000E+000
-8,2903422E-002	-9,236560482531830E-002	1,000000000000000E+000
-8,1939422E-002	-9,134287004255603E-002	1,000000000000000E+000
-8,1010446E-002	-9,039979818691002E-002	1,000000000000000E+000
-7,9925440E-002	-8,901898073101444E-002	1,000000000000000E+000
-7,8891605E-002	-8,677704877185599E-002	1,000000000000000E+000
-7,8031845E-002	-8,385867759136978E-002	1,000000000000000E+000
-7,6984614E-002	-7,944410842739846E-002	1,000000000000000E+000
-7,5918123E-002	-7,910408745347347E-002	1,000000000000000E+000
-7,4812755E-002	-7,850985777460839E-002	1,000000000000000E+000
-7,3978879E-002	-7,774440428518048E-002	1,000000000000000E+000
-7,2909161E-002	-7,719176255718416E-002	1,000000000000000E+000
-7,1943037E-002	-7,624353664168337E-002	1,000000000000000E+000
-7,0997506E-002	-7,548670659566081E-002	1,000000000000000E+000
-6,9988295E-002	-7,421281073173447E-002	1,000000000000000E+000
-6,8890549E-002	-7,301157017893800E-002	1,000000000000000E+000
-6,7959882E-002	-7,128675809750917E-002	1,000000000000000E+000
-6,6922642E-002	-6,863950067889635E-002	1,000000000000000E+000
-6,6001743E-002	-6,567466164145752E-002	1,000000000000000E+000
-6,4914621E-002	-6,436859691274099E-002	1,000000000000000E+000
-6,3942976E-002	-6,328428475427678E-002	1,000000000000000E+000
-6,2957741E-002	-6,253713941098094E-002	1,000000000000000E+000
-6,1921991E-002	-6,168178695736959E-002	1,000000000000000E+000
-6,0984742E-002	-6,086128048978157E-002	1,000000000000000E+000
-5,9942406E-002	-5,965641751471495E-002	1,000000000000000E+000
-5,8935743E-002	-5,874855718058014E-002	1,000000000000000E+000
-5,7866450E-002	-5,741170919672722E-002	1,000000000000000E+000
-5,6932166E-002	-5,584044187950576E-002	1,000000000000000E+000
-5,5901308E-002	-5,371995639331872E-002	1,000000000000000E+000
-5,4966804E-002	-4,958357916782719E-002	1,000000000000000E+000
-5,4007296E-002	-4,914195655362186E-002	1,000000000000000E+000
-5,2936520E-002	-4,787603231077942E-002	1,000000000000000E+000
-5,1903315E-002	-4,700544144940999E-002	1,000000000000000E+000
-5,0934434E-002	-4,615959658770386E-002	1,000000000000000E+000
-4,9582057E-002	-4,757221728666788E-002	1,000000000000000E+000
-4,8303034E-002	-4,450483203227454E-002	1,000000000000000E+000
-4,7342226E-002	-4,192078207119343E-002	1,000000000000000E+000
-4,6418134E-002	-4,035521592703395E-002	1,000000000000000E+000
-4,5270305E-002	-3,896380682406875E-002	1,000000000000000E+000
-4,4428576E-002	-3,661779309967874E-002	1,000000000000000E+000
-4,3447170E-002	-3,444652996646846E-002	1,000000000000000E+000
-4,2348795E-002	-3,293294083602998E-002	1,000000000000000E+000
-4,1349556E-002	-3,197561271264449E-002	1,000000000000000E+000
-4,0293425E-002	-3,081812430604336E-002	1,000000000000000E+000
-3,9343230E-002	-2,996574382349432E-002	1,000000000000000E+000
-3,8285185E-002	-2,875406771501587E-002	1,000000000000000E+000
-3,7282340E-002	-2,776678353634288E-002	1,000000000000000E+000
-3,6356334E-002	-2,660136298638664E-002	1,000000000000000E+000
-3,5259448E-002	-2,521620718848516E-002	1,000000000000000E+000
-3,4500487E-002	-2,259663283971519E-002	1,000000000000000E+000
-3,3195410E-002	-2,199788515982037E-002	1,000000000000000E+000
-3,2304436E-002	-1,960139333796516E-002	1,000000000000000E+000
-3,1337038E-002	-1,805744311530841E-002	1,000000000000000E+000
-3,0353300E-002	-1,685377751925478E-002	1,000000000000000E+000
-2,9241765E-002	-1,578492261210659E-002	1,000000000000000E+000
-2,8431669E-002	-1,473250388840425E-002	1,000000000000000E+000
-2,7332868E-002	-1,361575286568101E-002	1,000000000000000E+000
-2,6337452E-002	-1,238965538666685E-002	1,000000000000000E+000
-2,5270708E-002	-1,125088950438013E-002	1,000000000000000E+000
-2,4297792E-002	-9,842822018846897E-003	1,000000000000000E+000
-2,3377521E-002	-8,622879874935638E-003	1,000000000000000E+000
-2,2392932E-002	-7,038643885472873E-003	1,000000000000000E+000
-2,1382442E-002	-5,154506778193586E-003	1,000000000000000E+000
-2,0271331E-002	-3,492055600401250E-003	1,000000000000000E+000
-1,9307755E-002	-2,077335290744452E-003	1,000000000000000E+000
-1,7724004E-002	-4,930320526033956E-004	1,000000000000000E+000
-1,6756395E-002	3,049166910395118E-004	1,000000000000000E+000
-1,5789425E-002	1,877452384144784E-003	1,000000000000000E+000
-1,4739448E-002	3,145873130792839E-003	1,000000000000000E+000
-1,3798799E-002	4,137662690482117E-003	1,000000000000000E+000
-1,2832504E-002	5,463115257616322E-003	1,000000000000000E+000
-1,1776368E-002	8,531446636576810E-003	1,000000000000000E+000
-1,0882210E-002	8,783852544621842E-003	1,000000000000000E+000
-9,8001827E-003	9,703610210972671E-003	1,000000000000000E+000
-8,1903171E-003	1,561250755146532E-002	1,000000000000000E+000
-7,1259104E-003	1,441670537072537E-002	1,000000000000000E+000
-6,0933442E-003	1,536775315697819E-002	1,000000000000000E+000
-5,0412468E-003	1,650174653062736E-002	1,000000000000000E+000
-4,0619634E-003	1,768098753031894E-002	1,000000000000000E+000
-3,1669545E-003	1,882383391192112E-002	1,000000000000000E+000
-2,0917195E-003	2,027861778710600E-002	1,000000000000000E+000
-1,2434127E-003	2,132499614445904E-002	1,000000000000000E+000
-1,2338626E-004	2,297300029830607E-002	1,000000000000000E+000
8,3339581E-004	2,439996886662110E-002	1,000000000000000E+000
1,8795481E-003	2,577750814250768E-002	1,000000000000000E+000
2,8441844E-003	2,727345591066058E-002	1,000000000000000E+000
3,8330210E-003	2,848541300692076E-002	1,000000000000000E+000
4,7980817E-003	2,978856946100239E-002	1,000000000000000E+000
5,6600831E-003	3,083558448789903E-002	1,000000000000000E+000
5,8726184E-003	3,182167590906224E-002	2,000000000000000E+000
6,7927553E-003	3,207060730481459E-002	2,000000000000000E+000
7,7168453E-003	3,352245373685880E-002	2,000000000000000E+000
8,6865770E-003	3,481437268028797E-002	2,000000000000000E+000
9,6628405E-003	3,760984260588884E-002	2,000000000000000E+000
1,0726202E-002	3,743399216155369E-002	2,000000000000000E+000
1,1746881E-002	3,878210613900734E-002	2,000000000000000E+000
1,2694959E-002	4,027216866422725E-002	2,000000000000000E+000
1,3703962E-002	4,148117364901621E-002	2,000000000000000E+000
1,4671570E-002	4,274787755545089E-002	2,000000000000000E+000
1,5709443E-002	4,424539498588131E-002	2,000000000000000E+000
1,6672170E-002	4,563110959457428E-002	2,000000000000000E+000
1,7705586E-002	4,684454192735110E-002	2,000000000000000E+000
1,8613754E-002	4,831281450094171E-002	2,000000000000000E+000
1,9733567E-002	4,963193767428120E-002	2,000000000000000E+000
2,0691624E-002	5,083976243622584E-002	2,000000000000000E+000
2,1747753E-002	5,210884946777877E-002	2,000000000000000E+000
2,2724066E-002	5,337934330519700E-002	2,000000000000000E+000
2,3761090E-002	5,431798974017577E-002	2,000000000000000E+000
2,4743132E-002	5,554711494456838E-002	2,000000000000000E+000
2,5798202E-002	5,708357880616355E-002	2,000000000000000E+000
2,6773453E-002	5,849477467644548E-002	2,000000000000000E+000
2,7672280E-002	5,989229785174977E-002	2,000000000000000E+000
2,8746242E-002	6,127478612621362E-002	2,000000000000000E+000
2,9786237E-002	6,277518682354280E-002	2,000000000000000E+000
3,0712876E-002	6,395833031274356E-002	2,000000000000000E+000
3,1724006E-002	6,537324719613880E-002	2,000000000000000E+000
3,2826066E-002	6,837378262059302E-002	2,000000000000000E+000
3,3822641E-002	6,809072754414802E-002	2,000000000000000E+000
3,4686022E-002	6,894558175742893E-002	2,000000000000000E+000
3,5731111E-002	6,997027914729664E-002	2,000000000000000E+000
3,6663059E-002	7,109846038467915E-002	2,000000000000000E+000
3,7719399E-002	7,281727125626758E-002	2,000000000000000E+000
3,8721185E-002	7,423163167442440E-002	2,000000000000000E+000
3,9702166E-002	7,576548460767540E-002	2,000000000000000E+000
4,0740248E-002	7,710161273954097E-002	2,000000000000000E+000
4,1880015E-002	7,859848667350056E-002	2,000000000000000E+000
4,2642988E-002	8,008727533052917E-002	2,000000000000000E+000
4,3713342E-002	8,125430992287053E-002	2,000000000000000E+000
4,4588394E-002	8,231405706006911E-002	2,000000000000000E+000
4,5742176E-002	8,335006025757763E-002	2,000000000000000E+000
4,6653528E-002	8,358128161031630E-002	2,000000000000000E+000
4,7690555E-002	8,522660804360527E-002	2,000000000000000E+000
4,8663467E-002	8,675355412479918E-002	2,000000000000000E+000
4,9626190E-002	8,821317919150551E-002	2,000000000000000E+000
5,0696544E-002	8,985741094996524E-002	2,000000000000000E+000
5,1686019E-002	9,134693919784542E-002	2,000000000000000E+000
5,2726436E-002	9,283018469189663E-002	2,000000000000000E+000
5,3617623E-002	9,440482461273131E-002	2,000000000000000E+000
5,4675899E-002	9,688330451199048E-002	2,000000000000000E+000
5,5727303E-002	9,695120411062597E-002	2,000000000000000E+000
5,6711473E-002	9,786741682155853E-002	2,000000000000000E+000
5,7713248E-002	9,808671843536487E-002	2,000000000000000E+000
5,8627155E-002	9,913979015416530E-002	2,000000000000000E+000
5,9663966E-002	1,006294881614549E-001	2,000000000000000E+000
6,0646437E-002	1,023477719993227E-001	2,000000000000000E+000
6,1708510E-002	1,041977257226352E-001	2,000000000000000E+000
6,2690981E-002	1,057365285750067E-001	2,000000000000000E+000
6,3555844E-002	1,073212942143009E-001	2,000000000000000E+000
6,4606450E-002	1,088198472366293E-001	2,000000000000000E+000
6,6367038E-002	1,104708180383402E-001	2,000000000000000E+000
6,7397267E-002	1,114764848758498E-001	2,000000000000000E+000
6,8335153E-002	1,118795177209435E-001	2,000000000000000E+000
6,9300428E-002	1,121972867253203E-001	2,000000000000000E+000
7,0315368E-002	1,133321120093271E-001	2,000000000000000E+000
7,1337536E-002	1,152439461158659E-001	2,000000000000000E+000
7,2367765E-002	1,169117310222374E-001	2,000000000000000E+000
7,3388234E-002	1,187389162024139E-001	2,000000000000000E+000
7,4344590E-002	1,205741548048402E-001	2,000000000000000E+000
7,5330250E-002	1,220596379221039E-001	2,000000000000000E+000
7,6304212E-002	1,236962396134105E-001	2,000000000000000E+000
7,7360772E-002	1,252970662726851E-001	2,000000000000000E+000
7,8375086E-002	1,259953209578439E-001	2,000000000000000E+000
7,9333387E-002	1,278749670039996E-001	2,000000000000000E+000
8,0360815E-002	1,266330292758848E-001	2,000000000000000E+000
8,1433229E-002	1,273972512557147E-001	2,000000000000000E+000
8,2295761E-002	1,291525248886536E-001	2,000000000000000E+000
8,3292030E-002	1,310696949044030E-001	2,000000000000000E+000
8,4413327E-002	1,331781995551720E-001	2,000000000000000E+000
8,5439742E-002	1,348234158423214E-001	2,000000000000000E+000
8,6287625E-002	1,366894706842243E-001	2,000000000000000E+000
8,7343119E-002	1,384656709032476E-001	2,000000000000000E+000
8,8334501E-002	1,398608569676676E-001	2,000000000000000E+000
8,9384250E-002	1,408532701467199E-001	2,000000000000000E+000
9,0360776E-002	1,414717879422283E-001	2,000000000000000E+000
9,1295481E-002	1,409144740448229E-001	2,000000000000000E+000
9,2319779E-002	1,412058667176304E-001	2,000000000000000E+000
9,3410291E-002	1,430435130476120E-001	2,000000000000000E+000
9,4398916E-002	1,450012525095157E-001	2,000000000000000E+000
9,5312394E-002	1,471637924615716E-001	2,000000000000000E+000
9,6365564E-002	1,491647916501040E-001	2,000000000000000E+000
9,7316392E-002	1,512357185732718E-001	2,000000000000000E+000
9,8350011E-002	1,530406436089562E-001	2,000000000000000E+000
9,9365547E-002	1,552144757092551E-001	2,000000000000000E+000
1,0034167E-001	1,562937449974315E-001	2,000000000000000E+000
1,0137337E-001	1,566543141035013E-001	2,000000000000000E+000
1,0232018E-001	1,561128160467851E-001	2,000000000000000E+000
1,0333684E-001	1,556617160396724E-001	2,000000000000000E+000
1,0437874E-001	1,570048523135488E-001	2,000000000000000E+000
1,0526717E-001	1,592688582734105E-001	2,000000000000000E+000
1,0630397E-001	1,616311986689212E-001	2,000000000000000E+000
1,0733081E-001	1,638321013155357E-001	2,000000000000000E+000
1,0827805E-001	1,659090918212849E-001	2,000000000000000E+000
1,0935605E-001	1,680062130714458E-001	2,000000000000000E+000
1,1032598E-001	1,697403031263370E-001	2,000000000000000E+000
1,1127830E-001	1,710078909613744E-001	2,000000000000000E+000
1,1239599E-001	1,718747659965807E-001	2,000000000000000E+000
1,1324090E-001	1,711820490589300E-001	2,000000000000000E+000
1,1435010E-001	1,699351958964986E-001	2,000000000000000E+000
1,1528587E-001	1,711170656296117E-001	2,000000000000000E+000
1,1626919E-001	1,733064791532580E-001	2,000000000000000E+000
1,1740747E-001	1,760394967816490E-001	2,000000000000000E+000
1,1830756E-001	1,784867001869888E-001	2,000000000000000E+000
1,1944161E-001	1,806939867394115E-001	2,000000000000000E+000
1,2031412E-001	1,829663439377871E-001	2,000000000000000E+000
1,2134068E-001	1,862589817459654E-001	2,000000000000000E+000
1,2236796E-001	1,868078022056983E-001	2,000000000000000E+000
1,2332009E-001	1,875318062181282E-001	2,000000000000000E+000
1,2438788E-001	1,871077396768945E-001	2,000000000000000E+000
1,2539393E-001	1,852486457807574E-001	2,000000000000000E+000
1,2629654E-001	1,853254783760612E-001	2,000000000000000E+000
1,2738621E-001	1,877909688692965E-001	2,000000000000000E+000
1,2838757E-001	1,907742671944463E-001	2,000000000000000E+000
1,2940952E-001	1,933521779805979E-001	2,000000000000000E+000
1,3046564E-001	1,959321298119097E-001	2,000000000000000E+000
1,3125940E-001	1,984101320375440E-001	2,000000000000000E+000
1,3240553E-001	2,004718437307966E-001	2,000000000000000E+000
1,3335338E-001	2,024206509123794E-001	2,000000000000000E+000
1,3439338E-001	2,035508285862977E-001	2,000000000000000E+000
1,3539518E-001	2,033787910585048E-001	2,000000000000000E+000
1,3623075E-001	2,010872941464183E-001	2,000000000000000E+000
1,3732699E-001	2,001681012204952E-001	2,000000000000000E+000
1,3829461E-001	2,022935422827243E-001	2,000000000000000E+000
1,3935731E-001	2,052100791285438E-001	2,000000000000000E+000
1,4035125E-001	2,085110478241123E-001	2,000000000000000E+000
1,4137830E-001	2,112904696000939E-001	2,000000000000000E+000
1,4235725E-001	2,155748410150409E-001	2,000000000000000E+000
1,4327908E-001	2,167941042463541E-001	2,000000000000000E+000
1,4428003E-001	2,188233198184104E-001	2,000000000000000E+000
1,4543636E-001	2,200554443040394E-001	2,000000000000000E+000
1,4627703E-001	2,200101097286855E-001	2,000000000000000E+000
1,4733441E-001	2,178192076928642E-001	2,000000000000000E+000
1,4830860E-001	2,153500993563622E-001	2,000000000000000E+000
1,4930572E-001	2,172620512062196E-001	2,000000000000000E+000
1,5032257E-001	2,204974068466710E-001	2,000000000000000E+000
1,5128107E-001	2,240126170562924E-001	2,000000000000000E+000
1,5233549E-001	2,271612196884778E-001	2,000000000000000E+000
1,5331139E-001	2,298479926324011E-001	2,000000000000000E+000
1,5425755E-001	2,326231402931382E-001	2,000000000000000E+000
1,5528037E-001	2,350388668063617E-001	2,000000000000000E+000
1,5626538E-001	2,368698048370859E-001	2,000000000000000E+000
1,5740769E-001	2,370798441546935E-001	2,000000000000000E+000
1,5829167E-001	2,349898022496046E-001	2,000000000000000E+000
1,5934864E-001	2,313180956989527E-001	2,000000000000000E+000
1,6031136E-001	2,319537030394994E-001	2,000000000000000E+000
1,6130614E-001	2,352520325048664E-001	2,000000000000000E+000
1,6238074E-001	2,391101870409868E-001	2,000000000000000E+000
1,6329122E-001	2,433600036979273E-001	2,000000000000000E+000
1,6435349E-001	2,464871237882313E-001	2,000000000000000E+000
1,6534467E-001	2,494005474296426E-001	2,000000000000000E+000
1,6630124E-001	2,520895383355235E-001	2,000000000000000E+000
1,6737542E-001	2,541980771002939E-001	2,000000000000000E+000
1,6834386E-001	2,545478307745512E-001	2,000000000000000E+000
1,6935012E-001	2,529841007802762E-001	2,000000000000000E+000
1,7029649E-001	2,482113835436336E-001	2,000000000000000E+000
1,7134434E-001	2,471955626237161E-001	2,000000000000000E+000
1,7233890E-001	2,504992085957403E-001	2,000000000000000E+000
1,7329568E-001	2,547354467075178E-001	2,000000000000000E+000
1,7436646E-001	2,590546913927909E-001	2,000000000000000E+000
1,7531370E-001	2,626326953716300E-001	2,000000000000000E+000
1,7628618E-001	2,662277577651877E-001	2,000000000000000E+000
1,7736164E-001	2,690287224465496E-001	2,000000000000000E+000
1,7837572E-001	2,717097948684737E-001	2,000000000000000E+000
1,7938326E-001	2,745472150682300E-001	2,000000000000000E+000
1,8038720E-001	2,717785459971847E-001	2,000000000000000E+000
1,8137087E-001	2,665762909584580E-001	2,000000000000000E+000
1,8240000E-001	2,635811640087664E-001	2,000000000000000E+000
1,8334997E-001	2,663397763131397E-001	2,000000000000000E+000
1,8438813E-001	2,710400318933868E-001	2,000000000000000E+000
1,8533064E-001	2,757894625128419E-001	2,000000000000000E+000
1,8642965E-001	2,801070521689114E-001	2,000000000000000E+000
1,8735969E-001	2,840438799725642E-001	2,000000000000000E+000
1,8824345E-001	2,872031659094827E-001	2,000000000000000E+000
1,8930233E-001	2,900928493106254E-001	2,000000000000000E+000
1,9032003E-001	2,917044098937396E-001	2,000000000000000E+000
1,9139846E-001	2,906208639895476E-001	2,000000000000000E+000
1,9229662E-001	2,859762585894372E-001	2,000000000000000E+000
1,9325809E-001	2,801372340569892E-001	2,000000000000000E+000
1,9431698E-001	2,819710409406710E-001	2,000000000000000E+000
1,9529712E-001	2,873023943285693E-001	2,000000000000000E+000
1,9630674E-001	2,926123091537103E-001	2,000000000000000E+000
1,9733655E-001	2,975520432616277E-001	2,000000000000000E+000
1,9834346E-001	3,031041240664552E-001	2,000000000000000E+000
1,9935921E-001	3,057290118670579E-001	2,000000000000000E+000
2,0010166E-001	3,081896555299539E-001	2,000000000000000E+000
2,0052375E-001	3,106787867016263E-001	2,000000000000000E+000
1,9987746E-001	2,837192400669065E-001	2,000000000000000E+000
1,9886672E-001	2,746351983191242E-001	2,000000000000000E+000
1,9779710E-001	2,679101752669166E-001	2,000000000000000E+000
1,9684626E-001	2,554821127128819E-001	2,000000000000000E+000
1,9584791E-001	2,465591209561184E-001	2,000000000000000E+000
1,9486631E-001	2,471854687426928E-001	2,000000000000000E+000
1,9387300E-001	2,486168051276496E-001	2,000000000000000E+000
1,9290836E-001	2,498799807357566E-001	2,000000000000000E+000
1,9187143E-001	2,503549228765753E-001	2,000000000000000E+000
1,9077365E-001	2,504302768243667E-001	2,000000000000000E+000
1,8981029E-001	2,499032521413436E-001	2,000000000000000E+000
1,8883014E-001	2,486955860491702E-001	2,000000000000000E+000
1,8789546E-001	2,461312835070266E-001	2,000000000000000E+000
1,8680768E-001	2,411159505998643E-001	2,000000000000000E+000
1,8592669E-001	2,319443324511816E-001	2,000000000000000E+000
1,8485570E-001	2,241407650764351E-001	2,000000000000000E+000
1,8384439E-001	2,234130448627250E-001	2,000000000000000E+000
1,8287805E-001	2,243000279284189E-001	2,000000000000000E+000
1,8180534E-001	2,258283231338423E-001	2,000000000000000E+000
1,8079484E-001	2,264513611034662E-001	2,000000000000000E+000
1,7989497E-001	2,268294376424620E-001	2,000000000000000E+000
1,7890316E-001	2,263205164215638E-001	2,000000000000000E+000
1,7776573E-001	2,260124895169784E-001	2,000000000000000E+000
1,7693909E-001	2,244194683584348E-001	2,000000000000000E+000
1,7590480E-001	2,191422027018333E-001	2,000000000000000E+000
1,7485209E-001	2,137785461489807E-001	2,000000000000000E+000
1,7379810E-001	2,056421837596982E-001	2,000000000000000E+000
1,7290352E-001	2,031253457276356E-001	2,000000000000000E+000
1,7192212E-001	2,039769203574568E-001	2,000000000000000E+000
1,7084263E-001	2,050296634573623E-001	2,000000000000000E+000
1,6986398E-001	2,059224780510971E-001	2,000000000000000E+000
1,6880149E-001	2,060894815044279E-001	2,000000000000000E+000
1,6777997E-001	2,062153303650791E-001	2,000000000000000E+000
1,6680408E-001	2,055528935182984E-001	2,000000000000000E+000
1,6594325E-001	2,044125704646662E-001	2,000000000000000E+000
1,6476570E-001	2,014529777138865E-001	2,000000000000000E+000
1,6380042E-001	1,966412952169778E-001	2,000000000000000E+000
1,6287784E-001	1,876691738488497E-001	2,000000000000000E+000
1,6184273E-001	1,847957375769816E-001	2,000000000000000E+000
1,6080357E-001	1,850678924022722E-001	2,000000000000000E+000
1,5992004E-001	1,857458289747154E-001	2,000000000000000E+000
1,5887474E-001	1,865602487318774E-001	2,000000000000000E+000
1,5785258E-001	1,868471556895037E-001	2,000000000000000E+000
1,5678689E-001	1,866733638604199E-001	2,000000000000000E+000
1,5591693E-001	1,861869802146598E-001	2,000000000000000E+000
1,5488160E-001	1,852573534922195E-001	2,000000000000000E+000
1,5391293E-001	1,831290512690669E-001	2,000000000000000E+000
1,5292026E-001	1,794690473212135E-001	2,000000000000000E+000
1,5188156E-001	1,727204747429050E-001	2,000000000000000E+000
1,5084305E-001	1,680136297105086E-001	2,000000000000000E+000
1,4982279E-001	1,676328037348064E-001	2,000000000000000E+000
1,4883034E-001	1,681964510913800E-001	2,000000000000000E+000
1,4782962E-001	1,686142416739904E-001	2,000000000000000E+000
1,4677709E-001	1,688672793615194E-001	2,000000000000000E+000
1,4584856E-001	1,684861303548570E-001	2,000000000000000E+000
1,4487861E-001	1,681591086262078E-001	2,000000000000000E+000
1,4392690E-001	1,671810580624478E-001	2,000000000000000E+000
1,4291431E-001	1,655538710075679E-001	2,000000000000000E+000
1,4179729E-001	1,611705018483387E-001	2,000000000000000E+000
1,4091054E-001	1,568285409637080E-001	2,000000000000000E+000
1,3994062E-001	1,518558612852181E-001	2,000000000000000E+000
1,3881572E-001	1,505006100396040E-001	2,000000000000000E+000
1,3789606E-001	1,504118605171919E-001	2,000000000000000E+000
1,3685459E-001	1,508238766756325E-001	2,000000000000000E+000
1,3588549E-001	1,508710085483341E-001	2,000000000000000E+000
1,3490662E-001	1,504512408541301E-001	2,000000000000000E+000
1,3385241E-001	1,501200488182134E-001	2,000000000000000E+000
1,3288099E-001	1,495714152783707E-001	2,000000000000000E+000
1,3190150E-001	1,481437722255512E-001	2,000000000000000E+000
1,3088314E-001	1,459119803686111E-001	2,000000000000000E+000
1,2981556E-001	1,418119180188686E-001	2,000000000000000E+000
1,2889677E-001	1,366757571662738E-001	2,000000000000000E+000
1,2780204E-001	1,329250053019718E-001	2,000000000000000E+000
1,2681417E-001	1,335900404923964E-001	2,000000000000000E+000
1,2586685E-001	1,338060346466526E-001	2,000000000000000E+000
1,2490498E-001	1,339438691459327E-001	2,000000000000000E+000
1,2385140E-001	1,336255390541974E-001	2,000000000000000E+000
1,2287487E-001	1,330623479249574E-001	2,000000000000000E+000
1,2182045E-001	1,323670039677789E-001	2,000000000000000E+000
1,2079275E-001	1,312705444137534E-001	2,000000000000000E+000
1,1989096E-001	1,295067516190037E-001	2,000000000000000E+000
1,1891338E-001	1,262387464995733E-001	2,000000000000000E+000
1,1781882E-001	1,214778288957421E-001	2,000000000000000E+000
1,1677182E-001	1,185370231461193E-001	2,000000000000000E+000
1,1588573E-001	1,178144820000013E-001	2,000000000000000E+000
1,1486759E-001	1,176787488576438E-001	2,000000000000000E+000
1,1378577E-001	1,176514587089146E-001	2,000000000000000E+000
1,1294936E-001	1,171001078112535E-001	2,000000000000000E+000
1,1184844E-001	1,166144284695667E-001	2,000000000000000E+000
1,1093900E-001	1,156777578612994E-001	2,000000000000000E+000
1,0984425E-001	1,148447584947228E-001	2,000000000000000E+000
1,0886240E-001	1,132321175946687E-001	2,000000000000000E+000
1,0779332E-001	1,107859595471785E-001	2,000000000000000E+000
1,0691678E-001	1,067400412047628E-001	2,000000000000000E+000
1,0588831E-001	1,019139284164546E-001	2,000000000000000E+000
1,0484658E-001	1,018819541290954E-001	2,000000000000000E+000
1,0384800E-001	1,016536896048044E-001	2,000000000000000E+000
1,0290564E-001	1,012935004610989E-001	2,000000000000000E+000
1,0186055E-001	1,008403037364283E-001	2,000000000000000E+000
1,0081207E-001	1,003568274382918E-001	2,000000000000000E+000
9,9884778E-002	9,951743599096374E-002	2,000000000000000E+000
9,8841608E-002	9,861554667629635E-002	2,000000000000000E+000
9,7858503E-002	9,719518221983714E-002	2,000000000000000E+000
9,6787937E-002	9,508261032816451E-002	2,000000000000000E+000
9,5846236E-002	9,193419583176293E-002	2,000000000000000E+000
9,4889030E-002	8,832174240335533E-002	2,000000000000000E+000
9,3824610E-002	8,686908446597263E-002	2,000000000000000E+000
9,2783988E-002	8,643728649002247E-002	2,000000000000000E+000
9,1895349E-002	8,589409407297210E-002	2,000000000000000E+000
9,0829447E-002	8,538227405881971E-002	2,000000000000000E+000
8,9799002E-002	8,458340239573137E-002	2,000000000000000E+000
8,8853687E-002	8,373738068190448E-002	2,000000000000000E+000
8,7930873E-002	8,294738085802489E-002	2,000000000000000E+000
8,6845234E-002	8,167608122824235E-002	2,000000000000000E+000
8,5863397E-002	7,992008073186430E-002	2,000000000000000E+000
8,4885821E-002	7,740117822497794E-002	2,000000000000000E+000
8,3811209E-002	7,242530363577360E-002	2,000000000000000E+000
8,2896076E-002	7,166158357048735E-002	2,000000000000000E+000
8,1863299E-002	7,099343840619231E-002	2,000000000000000E+000
8,0859400E-002	7,023138422691444E-002	2,000000000000000E+000
7,9918109E-002	6,964271649269849E-002	2,000000000000000E+000
7,8870043E-002	6,900382619696133E-002	2,000000000000000E+000
7,7884182E-002	6,818429980840979E-002	2,000000000000000E+000
7,6857977E-002	6,691776967986876E-002	2,000000000000000E+000
7,5781256E-002	6,590202937971901E-002	2,000000000000000E+000
7,4840613E-002	6,451681319244779E-002	2,000000000000000E+000
7,3785327E-002	6,226830731180555E-002	2,000000000000000E+000
7,2802864E-002	5,941602383326339E-002	2,000000000000000E+000
7,1821667E-002	5,716127473688515E-002	2,000000000000000E+000
7,0843019E-002	5,604322378834126E-002	2,000000000000000E+000
6,9733612E-002	5,524778191034718E-002	2,000000000000000E+000
6,8900369E-002	5,456673672112333E-002	2,000000000000000E+000
6,7809634E-002	5,359196751723422E-002	2,000000000000000E+000
6,6904865E-002	5,285698304780628E-002	2,000000000000000E+000
6,5849170E-002	5,168873615804381E-002	2,000000000000000E+000
6,4850986E-002	5,075551378885645E-002	2,000000000000000E+000
6,3877441E-002	4,943355028000140E-002	2,000000000000000E+000
6,2872678E-002	4,734052897482699E-002	2,000000000000000E+000
6,1883327E-002	4,352384582765534E-002	2,000000000000000E+000
6,0488917E-002	4,506639614183872E-002	2,000000000000000E+000
5,9165645E-002	4,021058727866400E-002	2,000000000000000E+000
5,8261100E-002	3,920292824127322E-002	2,000000000000000E+000
5,7312176E-002	3,827331542830784E-002	2,000000000000000E+000
5,6223780E-002	3,736657904530005E-002	2,000000000000000E+000
5,5256590E-002	3,642590659135869E-002	2,000000000000000E+000
5,4235488E-002	3,549213606984925E-002	2,000000000000000E+000
5,3203348E-002	3,406700915743227E-002	2,000000000000000E+000
5,2246571E-002	3,267673442260943E-002	2,000000000000000E+000
5,1219303E-002	3,095872483336956E-002	2,000000000000000E+000
5,0206907E-002	2,858921778991952E-002	2,000000000000000E+000
4,9204908E-002	2,650099926352223E-002	2,000000000000000E+000
4,8240062E-002	2,558988535397311E-002	2,000000000000000E+000
4,7296230E-002	2,434739877935502E-002	2,000000000000000E+000
4,6275977E-002	2,348580384730464E-002	2,000000000000000E+000
4,5273341E-002	2,234544505632508E-002	2,000000000000000E+000
4,4225492E-002	2,153794428212907E-002	2,000000000000000E+000
4,3302670E-002	2,038349827786007E-002	2,000000000000000E+000
4,2349711E-002	1,908309026233233E-002	2,000000000000000E+000
4,1292518E-002	1,792708354898620E-002	2,000000000000000E+000
4,0293619E-002	1,439555495636788E-002	2,000000000000000E+000
3,9252050E-002	1,413760485377646E-002	2,000000000000000E+000
3,8229883E-002	1,195701057225018E-002	2,000000000000000E+000
3,7188187E-002	1,064887185606900E-002	2,000000000000000E+000
3,6292542E-002	9,675509313604329E-003	2,000000000000000E+000
3,5252757E-002	8,601416655841992E-003	2,000000000000000E+000
3,4255005E-002	7,534358202031369E-003	2,000000000000000E+000
3,3200365E-002	6,326986328026071E-003	2,000000000000000E+000
3,2236572E-002	5,321631236088096E-003	2,000000000000000E+000
3,1230759E-002	4,133965469211263E-003	2,000000000000000E+000
2,9974673E-002	2,201195175719928E-003	2,000000000000000E+000
2,8618259E-002	9,983802328524380E-004	2,000000000000000E+000
2,7690349E-002	-7,448616843911786E-004	2,000000000000000E+000
2,6751610E-002	-3,308605567090797E-003	2,000000000000000E+000
2,5723290E-002	-4,700042370435156E-003	2,000000000000000E+000
2,4786672E-002	-5,433414753362620E-003	2,000000000000000E+000
2,3744131E-002	-6,422894492667787E-003	2,000000000000000E+000
2,2761451E-002	-7,778998759695926E-003	2,000000000000000E+000
2,1843093E-002	-8,815460151742643E-003	2,000000000000000E+000
2,0775074E-002	-9,958096959895468E-003	2,000000000000000E+000
1,9561175E-002	-1,295098226930186E-002	2,000000000000000E+000
1,8067703E-002	-1,270091919448331E-002	2,000000000000000E+000
1,7030060E-002	-1,540713432175966E-002	2,000000000000000E+000
1,5996220E-002	-1,713887760976190E-002	2,000000000000000E+000
1,5040500E-002	-1,866714898022587E-002	2,000000000000000E+000
1,4100488E-002	-1,997262263385993E-002	2,000000000000000E+000
1,3177459E-002	-2,112158436836942E-002	2,000000000000000E+000
1,2037479E-002	-2,239693169206106E-002	2,000000000000000E+000
1,1143746E-002	-2,346298523911244E-002	2,000000000000000E+000
1,0115637E-002	-2,475238688445330E-002	2,000000000000000E+000
9,1669215E-003	-2,599761792872513E-002	2,000000000000000E+000
8,0248164E-003	-2,705468323202453E-002	2,000000000000000E+000
7,0877774E-003	-2,857378655527199E-002	2,000000000000000E+000
6,1668716E-003	-2,982418713401314E-002	2,000000000000000E+000
5,0415387E-003	-3,145424371016126E-002	2,000000000000000E+000
4,1250894E-003	-3,285260565354703E-002	2,000000000000000E+000
3,0642899E-003	-3,422753439129633E-002	2,000000000000000E+000
1,9767426E-003	-3,550815293824094E-002	2,000000000000000E+000
1,0885277E-003	-3,695737542067137E-002	2,000000000000000E+000
1,2389138E-004	-3,824918322196144E-002	2,000000000000000E+000
-9,3775772E-004	-3,936054099661596E-002	2,000000000000000E+000
-1,8081412E-003	-4,057950405748900E-002	2,000000000000000E+000
-2,9708366E-003	-4,193797679531780E-002	2,000000000000000E+000
-3,9527575E-003	-4,499843776122564E-002	2,000000000000000E+000
-4,8686708E-003	-4,443679581379034E-002	2,000000000000000E+000
-5,8668354E-003	-4,587793256225137E-002	2,000000000000000E+000
-6,7900782E-003	-4,725906487847487E-002	2,000000000000000E+000
-7,8922724E-003	-4,865676757051740E-002	2,000000000000000E+000
-8,8314358E-003	-5,013899750041739E-002	2,000000000000000E+000
-9,8510534E-003	-5,145202126974863E-002	2,000000000000000E+000
-1,0862604E-002	-5,267757680956953E-002	2,000000000000000E+000
-1,1846982E-002	-5,410878236957450E-002	2,000000000000000E+000
-1,2839853E-002	-5,519531127410360E-002	2,000000000000000E+000
-1,3889402E-002	-5,651262312851563E-002	2,000000000000000E+000
-1,4793114E-002	-5,782885692530781E-002	2,000000000000000E+000
-1,5882783E-002	-5,908315552019128E-002	2,000000000000000E+000
-1,6887119E-002	-6,016975870631858E-002	2,000000000000000E+000
-1,7813118E-002	-6,137777352705576E-002	2,000000000000000E+000
-1,8918710E-002	-6,269822391267466E-002	2,000000000000000E+000
-1,9871671E-002	-6,421503398774392E-002	2,000000000000000E+000
-2,0821022E-002	-6,568334468950865E-002	2,000000000000000E+000
-2,1870362E-002	-6,713243460075724E-002	2,000000000000000E+000
-2,2912268E-002	-6,815812649653746E-002	2,000000000000000E+000
-2,3793902E-002	-6,969577989851439E-002	2,000000000000000E+000
-2,4877630E-002	-7,127962198487847E-002	2,000000000000000E+000
-2,5893211E-002	-7,231054305857798E-002	2,000000000000000E+000
-2,6813705E-002	-7,504129263192949E-002	2,000000000000000E+000
-2,7846865E-002	-7,486774825870463E-002	2,000000000000000E+000
-2,8859690E-002	-7,555511536042148E-002	2,000000000000000E+000
-2,9865509E-002	-7,690319427530500E-002	2,000000000000000E+000
-3,0971946E-002	-7,845195524256554E-002	2,000000000000000E+000
-3,1842545E-002	-7,991898638472228E-002	2,000000000000000E+000
-3,2871719E-002	-8,137177838943899E-002	2,000000000000000E+000
-3,3939738E-002	-8,288141304661514E-002	2,000000000000000E+000
-3,4801204E-002	-8,427942476097361E-002	2,000000000000000E+000
-3,5852876E-002	-8,562269886196766E-002	2,000000000000000E+000
-3,6835339E-002	-8,692155493837217E-002	2,000000000000000E+000
-3,7820779E-002	-8,813757810707168E-002	2,000000000000000E+000
-3,8824264E-002	-8,896243479102850E-002	2,000000000000000E+000
-3,9789751E-002	-8,955926645581647E-002	2,000000000000000E+000
-4,0922090E-002	-9,077280427812173E-002	2,000000000000000E+000
-4,1841086E-002	-9,224684386410631E-002	2,000000000000000E+000
-4,2950496E-002	-9,381753162273934E-002	2,000000000000000E+000
-4,3771848E-002	-9,555591296197630E-002	2,000000000000000E+000
-4,4933900E-002	-9,676078013661821E-002	2,000000000000000E+000
-4,5873065E-002	-9,846214177431911E-002	2,000000000000000E+000
-4,6896297E-002	-9,993964290522328E-002	2,000000000000000E+000
-4,7906358E-002	-1,012287204912689E-001	2,000000000000000E+000
-4,8860695E-002	-1,032021953206924E-001	2,000000000000000E+000
-4,9840074E-002	-1,038214720406184E-001	2,000000000000000E+000
-5,0706621E-002	-1,039900156772804E-001	2,000000000000000E+000
-5,1744919E-002	-1,047791049091353E-001	2,000000000000000E+000
-5,2822702E-002	-1,064093364230188E-001	2,000000000000000E+000
-5,3804114E-002	-1,079408470196304E-001	2,000000000000000E+000
-5,5179793E-002	-1,097981213458077E-001	2,000000000000000E+000
-5,6444842E-002	-1,120288762505407E-001	2,000000000000000E+000
-5,7572510E-002	-1,134178243163562E-001	2,000000000000000E+000
-5,8467727E-002	-1,149573699502192E-001	2,000000000000000E+000
-5,9504539E-002	-1,163623450599884E-001	2,000000000000000E+000
-6,0470447E-002	-1,172814629799506E-001	2,000000000000000E+000
-6,1552476E-002	-1,179688524592808E-001	2,000000000000000E+000
-6,2431559E-002	-1,181501124606088E-001	2,000000000000000E+000
-6,3502975E-002	-1,191899548457175E-001	2,000000000000000E+000
-6,4510711E-002	-1,208425804075817E-001	2,000000000000000E+000
-6,5518007E-002	-1,225641859626325E-001	2,000000000000000E+000
-6,6459306E-002	-1,243615520911080E-001	2,000000000000000E+000
-6,7477636E-002	-1,259843839366948E-001	2,000000000000000E+000
-6,8534203E-002	-1,276257654686495E-001	2,000000000000000E+000
-6,9572926E-002	-1,293414859963511E-001	2,000000000000000E+000
-7,0513360E-002	-1,307406096236292E-001	2,000000000000000E+000
-7,1506865E-002	-1,317599867643026E-001	2,000000000000000E+000
-7,2508439E-002	-1,326030963100495E-001	2,000000000000000E+000
-7,3520839E-002	-1,324185089001220E-001	2,000000000000000E+000
-7,4428588E-002	-1,329088175013937E-001	2,000000000000000E+000
-7,5421683E-002	-1,363001961295529E-001	2,000000000000000E+000
-7,6554596E-002	-1,369372483135927E-001	2,000000000000000E+000
-7,7489741E-002	-1,387413245522309E-001	2,000000000000000E+000
-7,8553081E-002	-1,406276630824088E-001	2,000000000000000E+000
-7,9446390E-002	-1,421914516982661E-001	2,000000000000000E+000
-8,0527991E-002	-1,439550825636143E-001	2,000000000000000E+000
-8,1566714E-002	-1,455253620321550E-001	2,000000000000000E+000
-8,2498871E-002	-1,466617023882766E-001	2,000000000000000E+000
-8,3558403E-002	-1,475199327148772E-001	2,000000000000000E+000
-8,4515817E-002	-1,471618227488194E-001	2,000000000000000E+000
-8,5512295E-002	-1,473765958928404E-001	2,000000000000000E+000
-8,6487338E-002	-1,485841568490418E-001	2,000000000000000E+000
-8,7623708E-002	-1,506132028514032E-001	2,000000000000000E+000
-8,8479437E-002	-1,527030761181202E-001	2,000000000000000E+000
-8,9459158E-002	-1,546985087571313E-001	2,000000000000000E+000
-9,0558805E-002	-1,565356264408266E-001	2,000000000000000E+000
-9,1489047E-002	-1,585099107620341E-001	2,000000000000000E+000
-9,2463449E-002	-1,600197138678698E-001	2,000000000000000E+000
-9,3510456E-002	-1,616793904384530E-001	2,000000000000000E+000
-9,4486132E-002	-1,623876384735383E-001	2,000000000000000E+000
-9,5496833E-002	-1,622628536144335E-001	2,000000000000000E+000
-9,6535549E-002	-1,616529472931116E-001	2,000000000000000E+000
-9,7418241E-002	-1,627225109927910E-001	2,000000000000000E+000
-9,8514237E-002	-1,662619712038174E-001	2,000000000000000E+000
-9,9466369E-002	-1,672717948375204E-001	2,000000000000000E+000
-1,0055137E-001	-1,694545122898281E-001	2,000000000000000E+000
-1,0147779E-001	-1,715196985578921E-001	2,000000000000000E+000
-1,0245666E-001	-1,734988501088486E-001	2,000000000000000E+000
-1,0347500E-001	-1,752205858938396E-001	2,000000000000000E+000
-1,0458165E-001	-1,768491685183513E-001	2,000000000000000E+000
-1,0551422E-001	-1,778300321247017E-001	2,000000000000000E+000
-1,0655147E-001	-1,779387260752694E-001	2,000000000000000E+000
-1,0743246E-001	-1,766498579333229E-001	2,000000000000000E+000
-1,0846864E-001	-1,771205122824071E-001	2,000000000000000E+000
-1,0959293E-001	-1,790509851890860E-001	2,000000000000000E+000
-1,1042213E-001	-1,815476265942887E-001	2,000000000000000E+000
-1,1147634E-001	-1,840268046664140E-001	2,000000000000000E+000
-1,1247686E-001	-1,862258375622341E-001	2,000000000000000E+000
-1,1352066E-001	-1,884355843929504E-001	2,000000000000000E+000
-1,1438597E-001	-1,904504048741522E-001	2,000000000000000E+000
-1,1551934E-001	-1,922552882245296E-001	2,000000000000000E+000
-1,1642145E-001	-1,947981563603710E-001	2,000000000000000E+000
-1,1759996E-001	-1,939413500432350E-001	2,000000000000000E+000
-1,1853978E-001	-1,923056151248761E-001	2,000000000000000E+000
-1,1945644E-001	-1,918516146295045E-001	2,000000000000000E+000
-1,2053650E-001	-1,939410561419752E-001	2,000000000000000E+000
-1,2153235E-001	-1,964387331088935E-001	2,000000000000000E+000
-1,2251332E-001	-1,991395099019568E-001	2,000000000000000E+000
-1,2358750E-001	-2,015287270424548E-001	2,000000000000000E+000
-1,2449503E-001	-2,040539026536319E-001	2,000000000000000E+000
-1,2545437E-001	-2,061144638185706E-001	2,000000000000000E+000
-1,2651262E-001	-2,082624387823868E-001	2,000000000000000E+000
-1,2754093E-001	-2,097473078648795E-001	2,000000000000000E+000
-1,2858540E-001	-2,100350039631675E-001	2,000000000000000E+000
-1,2948041E-001	-2,086684706586375E-001	2,000000000000000E+000
-1,3046457E-001	-2,071384791698719E-001	2,000000000000000E+000
-1,3151221E-001	-2,084265916642765E-001	2,000000000000000E+000
-1,3255411E-001	-2,112026722342879E-001	2,000000000000000E+000
-1,3346949E-001	-2,140728623295836E-001	2,000000000000000E+000
-1,3443393E-001	-2,168177207241992E-001	2,000000000000000E+000
-1,3546439E-001	-2,196380193517708E-001	2,000000000000000E+000
-1,3649577E-001	-2,231849222271531E-001	2,000000000000000E+000
-1,3749041E-001	-2,248596485911154E-001	2,000000000000000E+000
-1,3850132E-001	-2,264226224549385E-001	2,000000000000000E+000
-1,3956977E-001	-2,268823760872078E-001	2,000000000000000E+000
-1,4052187E-001	-2,259790049520909E-001	2,000000000000000E+000
-1,4150900E-001	-2,232286502710643E-001	2,000000000000000E+000
-1,4255263E-001	-2,238241815249689E-001	2,000000000000000E+000
-1,4350601E-001	-2,264744462790320E-001	2,000000000000000E+000
-1,4448701E-001	-2,297777071664168E-001	2,000000000000000E+000
-1,4547710E-001	-2,330469294554662E-001	2,000000000000000E+000
-1,4649118E-001	-2,359091440491659E-001	2,000000000000000E+000
-1,4740106E-001	-2,387238549482493E-001	2,000000000000000E+000
-1,4854847E-001	-2,413613747253471E-001	2,000000000000000E+000
-1,4944178E-001	-2,433438356620847E-001	2,000000000000000E+000
-1,5043381E-001	-2,443468899086667E-001	2,000000000000000E+000
-1,5150099E-001	-2,437277555948609E-001	2,000000000000000E+000
-1,5240555E-001	-2,400281086771017E-001	2,000000000000000E+000
-1,5348141E-001	-2,392875499057556E-001	2,000000000000000E+000
-1,5451416E-001	-2,418555941225755E-001	2,000000000000000E+000
-1,5547033E-001	-2,454210745032750E-001	2,000000000000000E+000
-1,5652221E-001	-2,490273950690467E-001	2,000000000000000E+000
-1,5750690E-001	-2,538113976932239E-001	2,000000000000000E+000
-1,5845060E-001	-2,558630363049890E-001	2,000000000000000E+000
-1,5953432E-001	-2,586071855836987E-001	2,000000000000000E+000
-1,6051596E-001	-2,610381200771639E-001	2,000000000000000E+000
-1,6156209E-001	-2,625109600938020E-001	2,000000000000000E+000
-1,6244775E-001	-2,621358398831006E-001	2,000000000000000E+000
-1,6349179E-001	-2,583994541524182E-001	2,000000000000000E+000
-1,6451290E-001	-2,558940956369054E-001	2,000000000000000E+000
-1,6539559E-001	-2,579122799000257E-001	2,000000000000000E+000
-1,6651054E-001	-2,617813623337844E-001	2,000000000000000E+000
-1,6751677E-001	-2,659693431040213E-001	2,000000000000000E+000
-1,6846655E-001	-2,698056963444853E-001	2,000000000000000E+000
-1,6954689E-001	-2,731534013938575E-001	2,000000000000000E+000
-1,7046884E-001	-2,763425752658542E-001	2,000000000000000E+000
-1,7145874E-001	-2,791034830734129E-001	2,000000000000000E+000
-1,7245582E-001	-2,820197122723425E-001	2,000000000000000E+000
-1,7342581E-001	-2,811017581434148E-001	2,000000000000000E+000
-1,7449823E-001	-2,775418384818282E-001	2,000000000000000E+000
-1,7542702E-001	-2,732339997741358E-001	2,000000000000000E+000
-1,7651071E-001	-2,743131795346176E-001	2,000000000000000E+000
-1,7750600E-001	-2,782968568995036E-001	2,000000000000000E+000
-1,7850980E-001	-2,826860851987645E-001	2,000000000000000E+000
-1,7954934E-001	-2,870731118169649E-001	2,000000000000000E+000
-1,8052417E-001	-2,910105875796747E-001	2,000000000000000E+000
-1,8151388E-001	-2,947115702554584E-001	2,000000000000000E+000
-1,8258357E-001	-2,977023965299677E-001	2,000000000000000E+000
-1,8353505E-001	-3,003984741452652E-001	2,000000000000000E+000
-1,8459076E-001	-3,004250740287491E-001	2,000000000000000E+000
-1,8553630E-001	-2,980224134193530E-001	2,000000000000000E+000
-1,8652895E-001	-2,921169639599537E-001	2,000000000000000E+000
-1,8742949E-001	-2,912155924433906E-001	2,000000000000000E+000
-1,8848561E-001	-2,949793700956640E-001	2,000000000000000E+000
-1,8951859E-001	-2,998560443865488E-001	2,000000000000000E+000
-1,9054352E-001	-3,051644644389553E-001	2,000000000000000E+000
-1,9149755E-001	-3,110208138478576E-001	2,000000000000000E+000
-1,9250228E-001	-3,139645497970007E-001	2,000000000000000E+000
-1,9354481E-001	-3,174276358482466E-001	2,000000000000000E+000
-1,9452451E-001	-3,205049117268244E-001	2,000000000000000E+000
-1,9553266E-001	-3,210703928575471E-001	2,000000000000000E+000
-1,9654275E-001	-3,193688076679340E-001	2,000000000000000E+000
-1,9744582E-001	-3,122132658199575E-001	2,000000000000000E+000
-1,9849379E-001	-3,090119878102131E-001	2,000000000000000E+000
-1,9924353E-001	-3,113110042953251E-001	2,000000000000000E+000
-1,9958661E-001	-3,124863642912654E-001	2,000000000000000E+000
-1,9891810E-001	-2,887373794973991E-001	2,000000000000000E+000
-1,9787872E-001	-2,869113370500231E-001	2,000000000000000E+000
-1,9695339E-001	-2,863009834524102E-001	2,000000000000000E+000
-1,9589067E-001	-2,856775797144671E-001	2,000000000000000E+000
-1,9486403E-001	-2,848654359717051E-001	2,000000000000000E+000
-1,9392617E-001	-2,824571333411647E-001	2,000000000000000E+000
-1,9289872E-001	-2,812115269264696E-001	2,000000000000000E+000
-1,9191325E-001	-2,766053015711116E-001	2,000000000000000E+000
-1,9084121E-001	-2,691741677139099E-001	2,000000000000000E+000
-1,8987426E-001	-2,582329793798693E-001	2,000000000000000E+000
-1,8889022E-001	-2,524475753307343E-001	2,000000000000000E+000
-1,8792292E-001	-2,536642925675832E-001	2,000000000000000E+000
-1,8692748E-001	-2,548412375014120E-001	2,000000000000000E+000
-1,8593083E-001	-2,562519593822359E-001	2,000000000000000E+000
-1,8498769E-001	-2,569516924477881E-001	2,000000000000000E+000
-1,8393090E-001	-2,569683524607511E-001	2,000000000000000E+000
-1,8289390E-001	-2,564839642770860E-001	2,000000000000000E+000
-1,8184754E-001	-2,554328451278038E-001	2,000000000000000E+000
-1,8100475E-001	-2,523420534476086E-001	2,000000000000000E+000
-1,7982697E-001	-2,469136461063681E-001	2,000000000000000E+000
-1,7899777E-001	-2,376389852552498E-001	2,000000000000000E+000
-1,7793591E-001	-2,321288153805117E-001	2,000000000000000E+000
-1,7689274E-001	-2,317450320762067E-001	2,000000000000000E+000
-1,7595632E-001	-2,327661421839839E-001	2,000000000000000E+000
-1,7479280E-001	-2,338009727083987E-001	2,000000000000000E+000
-1,7383473E-001	-2,344299797658564E-001	2,000000000000000E+000
-1,7294694E-001	-2,349262328956421E-001	2,000000000000000E+000
-1,7181312E-001	-2,344931574469364E-001	2,000000000000000E+000
-1,7087819E-001	-2,336779968054201E-001	2,000000000000000E+000
-1,6986388E-001	-2,318453699764271E-001	2,000000000000000E+000
-1,6886371E-001	-2,263345023341210E-001	2,000000000000000E+000
-1,6793083E-001	-2,194848617331839E-001	2,000000000000000E+000
-1,6696024E-001	-2,135550841620122E-001	2,000000000000000E+000
-1,6595528E-001	-2,122402890688844E-001	2,000000000000000E+000
-1,6492271E-001	-2,126803538175641E-001	2,000000000000000E+000
-1,6389734E-001	-2,136365122817177E-001	2,000000000000000E+000
-1,6285886E-001	-2,141657182256931E-001	2,000000000000000E+000
-1,6194177E-001	-2,144437340881531E-001	2,000000000000000E+000
-1,6089922E-001	-2,143041837822501E-001	2,000000000000000E+000
-1,5991655E-001	-2,135893767354675E-001	2,000000000000000E+000
-1,5878993E-001	-2,122126563486684E-001	2,000000000000000E+000
-1,5790045E-001	-2,087072385819981E-001	2,000000000000000E+000
-1,5692139E-001	-2,030963819749934E-001	2,000000000000000E+000
-1,5589891E-001	-1,944973968935226E-001	2,000000000000000E+000
-1,5484013E-001	-1,936851811457290E-001	2,000000000000000E+000
-1,5392540E-001	-1,942512072553786E-001	2,000000000000000E+000
-1,5287711E-001	-1,946048064985204E-001	2,000000000000000E+000
-1,5185133E-001	-1,949820423291793E-001	2,000000000000000E+000
-1,5095209E-001	-1,951952753933479E-001	2,000000000000000E+000
-1,4992398E-001	-1,948054527725884E-001	2,000000000000000E+000
-1,4889778E-001	-1,943115042177599E-001	2,000000000000000E+000
-1,4793590E-001	-1,931826658201989E-001	2,000000000000000E+000
-1,4692202E-001	-1,905419159922053E-001	2,000000000000000E+000
-1,4589179E-001	-1,863050553430279E-001	2,000000000000000E+000
-1,4491653E-001	-1,797159065113023E-001	2,000000000000000E+000
-1,4393345E-001	-1,765260854908441E-001	2,000000000000000E+000
-1,4291890E-001	-1,760723267647406E-001	2,000000000000000E+000
-1,4190291E-001	-1,761466925963764E-001	2,000000000000000E+000
-1,4095163E-001	-1,767406681104120E-001	2,000000000000000E+000
-1,3998722E-001	-1,764789969936294E-001	2,000000000000000E+000
-1,3892280E-001	-1,763422392067264E-001	2,000000000000000E+000
-1,3795838E-001	-1,757704276005150E-001	2,000000000000000E+000
-1,3695320E-001	-1,749954169995531E-001	2,000000000000000E+000
-1,3590024E-001	-1,726170166878507E-001	2,000000000000000E+000
-1,3484330E-001	-1,690918076266014E-001	2,000000000000000E+000
-1,3388991E-001	-1,632060457745359E-001	2,000000000000000E+000
-1,3286586E-001	-1,596437851311981E-001	2,000000000000000E+000
-1,3185261E-001	-1,588804453300932E-001	2,000000000000000E+000
-1,3096672E-001	-1,587436835419527E-001	2,000000000000000E+000
-1,2985772E-001	-1,588360839868304E-001	2,000000000000000E+000
-1,2890244E-001	-1,587928509926078E-001	2,000000000000000E+000
-1,2791722E-001	-1,585216204877249E-001	2,000000000000000E+000
-1,2694769E-001	-1,576307451317984E-001	2,000000000000000E+000
-1,2584421E-001	-1,569947650725090E-001	2,000000000000000E+000
-1,2492734E-001	-1,555420006625354E-001	2,000000000000000E+000
-1,2396928E-001	-1,527999811115919E-001	2,000000000000000E+000
-1,2291805E-001	-1,482014616054519E-001	2,000000000000000E+000
-1,2193918E-001	-1,439435146576553E-001	2,000000000000000E+000
-1,2098176E-001	-1,426089213367687E-001	2,000000000000000E+000
-1,1995047E-001	-1,422046248249154E-001	2,000000000000000E+000
-1,1888608E-001	-1,421143455534351E-001	2,000000000000000E+000
-1,1795284E-001	-1,419658809382883E-001	2,000000000000000E+000
-1,1698119E-001	-1,413321176681803E-001	2,000000000000000E+000
-1,1587773E-001	-1,407801090670679E-001	2,000000000000000E+000
-1,1493114E-001	-1,399299693638807E-001	2,000000000000000E+000
-1,1390995E-001	-1,373761117251386E-001	2,000000000000000E+000
-1,1288707E-001	-1,361230119407453E-001	2,000000000000000E+000
-1,1195067E-001	-1,326917274165207E-001	2,000000000000000E+000
-1,1095735E-001	-1,283933666741680E-001	2,000000000000000E+000
-1,0994221E-001	-1,263246229780765E-001	2,000000000000000E+000
-1,0896038E-001	-1,257121106609698E-001	2,000000000000000E+000
-1,0790382E-001	-1,256820719723627E-001	2,000000000000000E+000
-1,0693026E-001	-1,250469537141420E-001	2,000000000000000E+000
-1,0587562E-001	-1,246427560087149E-001	2,000000000000000E+000
-1,0494538E-001	-1,240458679040546E-001	2,000000000000000E+000
-1,0394869E-001	-1,230012878810087E-001	2,000000000000000E+000
-1,0296493E-001	-1,220862823193549E-001	2,000000000000000E+000
-1,0188079E-001	-1,202107859189039E-001	2,000000000000000E+000
-1,0095011E-001	-1,171248078829157E-001	2,000000000000000E+000
-9,9910751E-002	-1,131620209802082E-001	2,000000000000000E+000
-9,8924458E-002	-1,108081767473503E-001	2,000000000000000E+000
-9,7952463E-002	-1,081438621299133E-001	2,000000000000000E+000
-9,6923031E-002	-1,091040016186453E-001	2,000000000000000E+000
-9,5899172E-002	-1,086436308471970E-001	2,000000000000000E+000
-9,4905466E-002	-1,080621083060072E-001	2,000000000000000E+000
-9,3916625E-002	-1,072969934558157E-001	2,000000000000000E+000
-9,2853077E-002	-1,065375338032566E-001	2,000000000000000E+000
-9,2011772E-002	-1,055160739148655E-001	2,000000000000000E+000
-9,0881124E-002	-1,039528577347049E-001	2,000000000000000E+000
-8,9969978E-002	-1,016261651422139E-001	2,000000000000000E+000
-8,8890933E-002	-9,806733480137253E-002	2,000000000000000E+000
-8,7958768E-002	-9,512153699890535E-002	2,000000000000000E+000
-8,6932138E-002	-9,419882453598649E-002	2,000000000000000E+000
-8,5993402E-002	-9,356003979876346E-002	2,000000000000000E+000
-8,4940679E-002	-9,282819242044188E-002	2,000000000000000E+000
-8,3984539E-002	-9,222089900221286E-002	2,000000000000000E+000
-8,2953230E-002	-9,147533203509639E-002	2,000000000000000E+000
-8,1967801E-002	-9,049760257928696E-002	2,000000000000000E+000
-8,0946483E-002	-8,956761386555900E-002	2,000000000000000E+000
-7,9982489E-002	-8,828350565292764E-002	2,000000000000000E+000
-7,8991942E-002	-8,638805815846523E-002	2,000000000000000E+000
-7,7956408E-002	-8,326223552985884E-002	2,000000000000000E+000
-7,6978303E-002	-7,914570749185401E-002	2,000000000000000E+000
-7,5962640E-002	-7,852945527648203E-002	2,000000000000000E+000
-7,4976563E-002	-7,800314089076399E-002	2,000000000000000E+000
-7,3907912E-002	-7,705034140531963E-002	2,000000000000000E+000
-7,2983816E-002	-7,662667367710838E-002	2,000000000000000E+000
-7,2037019E-002	-7,560957315446898E-002	2,000000000000000E+000
-7,0904888E-002	-7,489709497463942E-002	2,000000000000000E+000
-6,9899492E-002	-7,380500378915011E-002	2,000000000000000E+000
-6,8974972E-002	-7,239067008615407E-002	2,000000000000000E+000
-6,7861527E-002	-7,074026175326242E-002	2,000000000000000E+000
-6,6840425E-002	-6,848664418794204E-002	2,000000000000000E+000
-6,5927587E-002	-6,547896502780937E-002	2,000000000000000E+000
-6,4929411E-002	-6,376793122574398E-002	2,000000000000000E+000
-6,4004682E-002	-6,268793091833302E-002	2,000000000000000E+000
-6,2950678E-002	-6,173954171094087E-002	2,000000000000000E+000
-6,1912794E-002	-6,101767254855345E-002	2,000000000000000E+000
-6,0882345E-002	-6,012140530920407E-002	2,000000000000000E+000
-5,9982255E-002	-5,909171832414972E-002	2,000000000000000E+000
-5,8894914E-002	-5,818355657781171E-002	2,000000000000000E+000
-5,7902470E-002	-5,687164687724011E-002	2,000000000000000E+000
-5,6905352E-002	-5,542958683023835E-002	2,000000000000000E+000
-5,5998463E-002	-5,340378244269517E-002	2,000000000000000E+000
-5,4981850E-002	-5,028234868034448E-002	2,000000000000000E+000
-5,3908095E-002	-4,851227444251660E-002	2,000000000000000E+000
-5,2912254E-002	-4,740189039148378E-002	2,000000000000000E+000
-5,1985189E-002	-4,636206245049812E-002	2,000000000000000E+000
-5,0455969E-002	-5,072883494819176E-002	2,000000000000000E+000
-4,9302638E-002	-4,284332063549223E-002	2,000000000000000E+000
-4,8200656E-002	-4,224653543766448E-002	2,000000000000000E+000
-4,7263198E-002	-4,111077736080115E-002	2,000000000000000E+000
-4,6294104E-002	-3,997100253710184E-002	2,000000000000000E+000
-4,5406099E-002	-3,835735744279289E-002	2,000000000000000E+000
-4,4303261E-002	-3,628612303657931E-002	2,000000000000000E+000
-4,3391060E-002	-3,379727167042859E-002	2,000000000000000E+000
-4,2366561E-002	-3,252267169214229E-002	2,000000000000000E+000
-4,1269250E-002	-3,136548900079950E-002	2,000000000000000E+000
-4,0203992E-002	-3,024838856611117E-002	2,000000000000000E+000
-3,9369699E-002	-2,934918488824267E-002	2,000000000000000E+000
-3,8429257E-002	-2,816562918532214E-002	2,000000000000000E+000
-3,7285458E-002	-2,717462534309123E-002	2,000000000000000E+000
-3,6212768E-002	-2,592494814328983E-002	2,000000000000000E+000
-3,5321370E-002	-2,482711714778651E-002	2,000000000000000E+000
-3,4277126E-002	-2,329599163581247E-002	2,000000000000000E+000
-3,3322372E-002	-2,107917579511792E-002	2,000000000000000E+000
-3,2281652E-002	-1,895947907878845E-002	2,000000000000000E+000
-3,1293239E-002	-1,754770012080864E-002	2,000000000000000E+000
-3,0328818E-002	-1,629050474191363E-002	2,000000000000000E+000
-2,9384138E-002	-1,537572380577867E-002	2,000000000000000E+000
-2,8405491E-002	-1,424059389952431E-002	2,000000000000000E+000
-2,7340870E-002	-1,312954472032962E-002	2,000000000000000E+000
-2,6287500E-002	-1,204676332310076E-002	2,000000000000000E+000
-2,5360223E-002	-1,074614719470479E-002	2,000000000000000E+000
-2,4401320E-002	-9,395245221202025E-003	2,000000000000000E+000
-2,3304006E-002	-8,259806161125510E-003	2,000000000000000E+000
-2,2268256E-002	-6,597586035409393E-003	2,000000000000000E+000
-2,1376643E-002	-4,851093888713937E-003	2,000000000000000E+000
-1,9936634E-002	-2,149377346876376E-003	2,000000000000000E+000
-1,8765844E-002	-1,980193499076889E-003	2,000000000000000E+000
-1,7807152E-002	-1,025873413574892E-004	2,000000000000000E+000
-1,6766943E-002	1,414920118501570E-003	2,000000000000000E+000
-1,5757727E-002	2,146565758502444E-003	2,000000000000000E+000
-1,4883948E-002	3,341105372345290E-003	2,000000000000000E+000
-1,3771349E-002	4,706034811399008E-003	2,000000000000000E+000
-1,2768713E-002	5,861593380729939E-003	2,000000000000000E+000
-1,1892174E-002	7,107432771051567E-003	2,000000000000000E+000
-1,0787493E-002	6,254799316988469E-003	2,000000000000000E+000
-9,0846177E-003	1,409085672585883E-002	2,000000000000000E+000
-8,0898441E-003	1,340468225276307E-002	2,000000000000000E+000
-7,1421894E-003	1,451756592831335E-002	2,000000000000000E+000
-6,1713960E-003	1,569730994567556E-002	2,000000000000000E+000
-5,2526128E-003	1,689001337918274E-002	2,000000000000000E+000
-4,2701447E-003	1,803082241288693E-002	2,000000000000000E+000
-3,1719827E-003	1,940669920899113E-002	2,000000000000000E+000
-2,1827214E-003	2,065575818091425E-002	2,000000000000000E+000
-1,1637405E-003	2,181817393715460E-002	2,000000000000000E+000
-1,7851267E-004	2,327969026777693E-002	2,000000000000000E+000
7,7890622E-004	2,474879324263723E-002	2,000000000000000E+000
1,8726095E-003	2,632015650333064E-002	2,000000000000000E+000
2,7841753E-003	2,738481655251235E-002	2,000000000000000E+000
3,7362867E-003	2,896717870263033E-002	2,000000000000000E+000
4,7580274E-003	3,023315944570913E-002	2,000000000000000E+000
5,5759349E-003	3,140244968346365E-002	2,000000000000000E+000
6,0403869E-003	3,188244967410961E-002	3,000000000000000E+000
6,8093794E-003	3,245461716627081E-002	3,000000000000000E+000
7,8266608E-003	3,400416328588987E-002	3,000000000000000E+000
8,6490707E-003	3,497798647300365E-002	3,000000000000000E+000
9,7839553E-003	3,637944082988220E-002	3,000000000000000E+000
1,0714203E-002	3,779117118015340E-002	3,000000000000000E+000
1,1754804E-002	4,039424967831340E-002	3,000000000000000E+000
1,2739604E-002	4,077160614973829E-002	3,000000000000000E+000
1,3739266E-002	4,193411646755740E-002	3,000000000000000E+000
1,4713881E-002	4,319411793430494E-002	3,000000000000000E+000
1,5705265E-002	4,470163765708313E-002	3,000000000000000E+000
1,6680302E-002	4,585183585166130E-002	3,000000000000000E+000
1,7670836E-002	4,727991481087401E-002	3,000000000000000E+000
1,8719537E-002	4,861867254065300E-002	3,000000000000000E+000
1,9795833E-002	4,998788907606566E-002	3,000000000000000E+000
2,0713981E-002	5,113605095970403E-002	3,000000000000000E+000
2,1711096E-002	5,255880399124202E-002	3,000000000000000E+000
2,2743661E-002	5,363560079907376E-002	3,000000000000000E+000
2,3746297E-002	5,476354948175977E-002	3,000000000000000E+000
2,4686944E-002	5,587280370915937E-002	3,000000000000000E+000
2,5762603E-002	5,747111910022788E-002	3,000000000000000E+000
2,6712807E-002	5,878642773152243E-002	3,000000000000000E+000
2,7695060E-002	6,009403824875192E-002	3,000000000000000E+000
2,8711490E-002	6,164456289089149E-002	3,000000000000000E+000
2,9814323E-002	6,312227018901861E-002	3,000000000000000E+000
3,0637583E-002	6,429275291695946E-002	3,000000000000000E+000
3,1674184E-002	6,574107213290792E-002	3,000000000000000E+000
3,2733917E-002	6,704070369920001E-002	3,000000000000000E+000
3,3711307E-002	7,009968308180015E-002	3,000000000000000E+000
3,4575708E-002	6,920227416170160E-002	3,000000000000000E+000
3,5643078E-002	7,028610011804126E-002	3,000000000000000E+000
3,6625974E-002	7,143194894996235E-002	3,000000000000000E+000
3,7698023E-002	7,294297365782165E-002	3,000000000000000E+000
3,8829509E-002	7,458197997227556E-002	3,000000000000000E+000
3,9771222E-002	7,599611325120459E-002	3,000000000000000E+000
4,0750511E-002	7,755549970358894E-002	3,000000000000000E+000
4,1736800E-002	7,892551150655880E-002	3,000000000000000E+000
4,2539250E-002	8,040110138244938E-002	3,000000000000000E+000
4,3701943E-002	8,143465189884111E-002	3,000000000000000E+000
4,4689510E-002	8,269562398049013E-002	3,000000000000000E+000
4,5590885E-002	8,357285204584963E-002	3,000000000000000E+000
4,6770137E-002	8,423944662704541E-002	3,000000000000000E+000
4,7740288E-002	8,529802623929239E-002	3,000000000000000E+000
4,8739530E-002	8,700602589589018E-002	3,000000000000000E+000
4,9697369E-002	8,849839366006584E-002	3,000000000000000E+000
5,0723787E-002	9,015157246203331E-002	3,000000000000000E+000
5,1660184E-002	9,157052915543340E-002	3,000000000000000E+000
5,2713346E-002	9,308742154044680E-002	3,000000000000000E+000
5,3683709E-002	9,456779142082827E-002	3,000000000000000E+000
5,4697383E-002	9,601849580563027E-002	3,000000000000000E+000
5,5677947E-002	9,715249029816064E-002	3,000000000000000E+000
5,6766998E-002	9,913010050163229E-002	3,000000000000000E+000
5,7663664E-002	9,850222277627485E-002	3,000000000000000E+000
5,8576487E-002	9,943520600252098E-002	3,000000000000000E+000
5,9706066E-002	1,009124858925738E-001	3,000000000000000E+000
6,0673892E-002	1,025934887325597E-001	3,000000000000000E+000
6,1648075E-002	1,044465714582692E-001	3,000000000000000E+000
6,2641375E-002	1,059147303889481E-001	3,000000000000000E+000
6,3694105E-002	1,074665611161405E-001	3,000000000000000E+000
6,4771667E-002	1,091865556900977E-001	3,000000000000000E+000
6,6343315E-002	1,107307171931977E-001	3,000000000000000E+000
6,7283116E-002	1,118321634518604E-001	3,000000000000000E+000
6,8342015E-002	1,124044767994845E-001	3,000000000000000E+000
6,9344223E-002	1,123903525682790E-001	3,000000000000000E+000
7,0363417E-002	1,135914873987161E-001	3,000000000000000E+000
7,1389183E-002	1,152844005781746E-001	3,000000000000000E+000
7,2329409E-002	1,170932684024733E-001	3,000000000000000E+000
7,3274523E-002	1,188534245722828E-001	3,000000000000000E+000
7,4337013E-002	1,207596723990584E-001	3,000000000000000E+000
7,5383596E-002	1,222569239325826E-001	3,000000000000000E+000
7,6281153E-002	1,238600932820531E-001	3,000000000000000E+000
7,7323064E-002	1,254585341170982E-001	3,000000000000000E+000
7,8185804E-002	1,263274882264716E-001	3,000000000000000E+000
7,9306044E-002	1,270268525479845E-001	3,000000000000000E+000
8,0344118E-002	1,266859137901559E-001	3,000000000000000E+000
8,1354618E-002	1,273036176787206E-001	3,000000000000000E+000
8,2351536E-002	1,306216096402040E-001	3,000000000000000E+000
8,3375126E-002	1,314644993075902E-001	3,000000000000000E+000
8,4306017E-002	1,333816670295267E-001	3,000000000000000E+000
8,5324146E-002	1,352537442343651E-001	3,000000000000000E+000
8,6311072E-002	1,369150704704223E-001	3,000000000000000E+000
8,7337270E-002	1,385380440495081E-001	3,000000000000000E+000
8,8350944E-002	1,401544056867290E-001	3,000000000000000E+000
8,9394972E-002	1,411082110954105E-001	3,000000000000000E+000
9,0344325E-002	1,419321280317728E-001	3,000000000000000E+000
9,1276906E-002	1,414288109064927E-001	3,000000000000000E+000
9,2322424E-002	1,414199916611391E-001	3,000000000000000E+000
9,3283452E-002	1,431854492639772E-001	3,000000000000000E+000
9,4365053E-002	1,452444349933003E-001	3,000000000000000E+000
9,5356442E-002	1,474935594187290E-001	3,000000000000000E+000
9,6340179E-002	1,492614555000147E-001	3,000000000000000E+000
9,7369350E-002	1,513177885466981E-001	3,000000000000000E+000
9,8368578E-002	1,530944087922019E-001	3,000000000000000E+000
9,9293299E-002	1,548497330362872E-001	3,000000000000000E+000
1,0026473E-001	1,560417267976812E-001	3,000000000000000E+000
1,0135335E-001	1,567771285427393E-001	3,000000000000000E+000
1,0234027E-001	1,563485995866355E-001	3,000000000000000E+000
1,0330470E-001	1,557168798279700E-001	3,000000000000000E+000
1,0430606E-001	1,570433082955862E-001	3,000000000000000E+000
1,0529307E-001	1,607133570058208E-001	3,000000000000000E+000
1,0631894E-001	1,618545377902960E-001	3,000000000000000E+000
1,0725110E-001	1,639713468892428E-001	3,000000000000000E+000
1,0832186E-001	1,661152578200460E-001	3,000000000000000E+000
1,0929796E-001	1,682451706448638E-001	3,000000000000000E+000
1,1038021E-001	1,699542665543656E-001	3,000000000000000E+000
1,1132766E-001	1,714152585439104E-001	3,000000000000000E+000
1,1229908E-001	1,722760039933579E-001	3,000000000000000E+000
1,1335330E-001	1,718378503358465E-001	3,000000000000000E+000
1,1434341E-001	1,704808041039442E-001	3,000000000000000E+000
1,1541313E-001	1,711331472421690E-001	3,000000000000000E+000
1,1632279E-001	1,733729229481144E-001	3,000000000000000E+000
1,1730015E-001	1,759979803184111E-001	3,000000000000000E+000
1,1834419E-001	1,784461838952103E-001	3,000000000000000E+000
1,1933259E-001	1,808454312073686E-001	3,000000000000000E+000
1,2035136E-001	1,828938837646050E-001	3,000000000000000E+000
1,2129308E-001	1,849190486698515E-001	3,000000000000000E+000
1,2232479E-001	1,868770723576076E-001	3,000000000000000E+000
1,2330727E-001	1,876231871234881E-001	3,000000000000000E+000
1,2433092E-001	1,875059444422805E-001	3,000000000000000E+000
1,2529662E-001	1,855695338367873E-001	3,000000000000000E+000
1,2640709E-001	1,854450717154477E-001	3,000000000000000E+000
1,2731801E-001	1,875011427155520E-001	3,000000000000000E+000
1,2824845E-001	1,916228913081186E-001	3,000000000000000E+000
1,2932198E-001	1,935370161232579E-001	3,000000000000000E+000
1,3033989E-001	1,959951765904266E-001	3,000000000000000E+000
1,3140111E-001	1,983967368249546E-001	3,000000000000000E+000
1,3235959E-001	2,006491821052299E-001	3,000000000000000E+000
1,3333081E-001	2,024300416103673E-001	3,000000000000000E+000
1,3433388E-001	2,037839369710399E-001	3,000000000000000E+000
1,3537686E-001	2,037461634587365E-001	3,000000000000000E+000
1,3636634E-001	2,016961208924108E-001	3,000000000000000E+000
1,3737001E-001	2,002453144846692E-001	3,000000000000000E+000
1,3832979E-001	2,022815142171801E-001	3,000000000000000E+000
1,3932094E-001	2,052677881524517E-001	3,000000000000000E+000
1,4040783E-001	2,085063821739617E-001	3,000000000000000E+000
1,4133173E-001	2,114840328555425E-001	3,000000000000000E+000
1,4231420E-001	2,138867146094077E-001	3,000000000000000E+000
1,4331131E-001	2,164829450624959E-001	3,000000000000000E+000
1,4432572E-001	2,201822701910576E-001	3,000000000000000E+000
1,4531803E-001	2,204073647864988E-001	3,000000000000000E+000
1,4630538E-001	2,205722416509630E-001	3,000000000000000E+000
1,4736745E-001	2,187606967226776E-001	3,000000000000000E+000
1,4830989E-001	2,160320005581233E-001	3,000000000000000E+000
1,4916220E-001	2,169943693335417E-001	3,000000000000000E+000
1,5040696E-001	2,201127524108246E-001	3,000000000000000E+000
1,5135291E-001	2,235024729053730E-001	3,000000000000000E+000
1,5238675E-001	2,268991707651709E-001	3,000000000000000E+000
1,5334587E-001	2,296322597949593E-001	3,000000000000000E+000
1,5430094E-001	2,325516568358852E-001	3,000000000000000E+000
1,5535729E-001	2,351973411385657E-001	3,000000000000000E+000
1,5637648E-001	2,369086764131987E-001	3,000000000000000E+000
1,5737297E-001	2,374396654949695E-001	3,000000000000000E+000
1,5835588E-001	2,359007572479270E-001	3,000000000000000E+000
1,5935321E-001	2,318886455700357E-001	3,000000000000000E+000
1,6038470E-001	2,320910035805017E-001	3,000000000000000E+000
1,6132365E-001	2,351603559735747E-001	3,000000000000000E+000
1,6233116E-001	2,389835670452429E-001	3,000000000000000E+000
1,6329983E-001	2,427618962678100E-001	3,000000000000000E+000
1,6424367E-001	2,461153923499371E-001	3,000000000000000E+000
1,6534710E-001	2,501149265854465E-001	3,000000000000000E+000
1,6640939E-001	2,519968107549673E-001	3,000000000000000E+000
1,6733539E-001	2,543225032449876E-001	3,000000000000000E+000
1,6834673E-001	2,552681591844663E-001	3,000000000000000E+000
1,6934745E-001	2,539656173644799E-001	3,000000000000000E+000
1,7029022E-001	2,493240738425540E-001	3,000000000000000E+000
1,7118460E-001	2,472919010108825E-001	3,000000000000000E+000
1,7237510E-001	2,505433626679907E-001	3,000000000000000E+000
1,7327604E-001	2,547461426023530E-001	3,000000000000000E+000
1,7433047E-001	2,589555093673648E-001	3,000000000000000E+000
1,7531063E-001	2,625594448160242E-001	3,000000000000000E+000
1,7633086E-001	2,661101153051408E-001	3,000000000000000E+000
1,7730209E-001	2,691340529601316E-001	3,000000000000000E+000
1,7835566E-001	2,715390533967703E-001	3,000000000000000E+000
1,7937018E-001	2,731554212600549E-001	3,000000000000000E+000
1,8042420E-001	2,721444315587478E-001	3,000000000000000E+000
1,8133873E-001	2,674964740527455E-001	3,000000000000000E+000
1,8235962E-001	2,634698945546043E-001	3,000000000000000E+000
1,8330601E-001	2,658733921470464E-001	3,000000000000000E+000
1,8432583E-001	2,708625491639527E-001	3,000000000000000E+000
1,8527204E-001	2,770469491197557E-001	3,000000000000000E+000
1,8630029E-001	2,803112912095269E-001	3,000000000000000E+000
1,8729909E-001	2,838681676528529E-001	3,000000000000000E+000
1,8833421E-001	2,872220235014407E-001	3,000000000000000E+000
1,8931180E-001	2,901150531790875E-001	3,000000000000000E+000
1,9029066E-001	2,920354557465075E-001	3,000000000000000E+000
1,9125210E-001	2,914546929575774E-001	3,000000000000000E+000
1,9228978E-001	2,876205534363789E-001	3,000000000000000E+000
1,9335778E-001	2,812591991214841E-001	3,000000000000000E+000
1,9431435E-001	2,820904010354921E-001	3,000000000000000E+000
1,9532081E-001	2,867115813962844E-001	3,000000000000000E+000
1,9630794E-001	2,919778923883483E-001	3,000000000000000E+000
1,9735050E-001	2,971319026417216E-001	3,000000000000000E+000
1,9830684E-001	3,013651462064866E-001	3,000000000000000E+000
1,9933005E-001	3,057690239683899E-001	3,000000000000000E+000
2,0009328E-001	3,083410525694501E-001	3,000000000000000E+000
2,0043312E-001	3,094949156045914E-001	3,000000000000000E+000
1,9985077E-001	2,838665185565188E-001	3,000000000000000E+000
1,9878143E-001	2,752476064833229E-001	3,000000000000000E+000
1,9787209E-001	2,689703391795915E-001	3,000000000000000E+000
1,9680132E-001	2,573845181614161E-001	3,000000000000000E+000
1,9592094E-001	2,468761567509294E-001	3,000000000000000E+000
1,9481815E-001	2,470209941061006E-001	3,000000000000000E+000
1,9390002E-001	2,482009556627387E-001	3,000000000000000E+000
1,9286236E-001	2,497803147675275E-001	3,000000000000000E+000
1,9193210E-001	2,501685667989997E-001	3,000000000000000E+000
1,9086492E-001	2,502138598097713E-001	3,000000000000000E+000
1,8978463E-001	2,499084997991181E-001	3,000000000000000E+000
1,8886264E-001	2,488880592432843E-001	3,000000000000000E+000
1,8777595E-001	2,468199333934864E-001	3,000000000000000E+000
1,8677691E-001	2,421290230488893E-001	3,000000000000000E+000
1,8587150E-001	2,339356693404714E-001	3,000000000000000E+000
1,8482196E-001	2,252288061297607E-001	3,000000000000000E+000
1,8380147E-001	2,231552692958045E-001	3,000000000000000E+000
1,8296041E-001	2,240976491184155E-001	3,000000000000000E+000
1,8187754E-001	2,256240686746654E-001	3,000000000000000E+000
1,8081863E-001	2,265717292342471E-001	3,000000000000000E+000
1,7983891E-001	2,267880483220015E-001	3,000000000000000E+000
1,7878768E-001	2,266429376753951E-001	3,000000000000000E+000
1,7788863E-001	2,262105184986639E-001	3,000000000000000E+000
1,7690489E-001	2,247078029990757E-001	3,000000000000000E+000
1,7589538E-001	2,198326346222999E-001	3,000000000000000E+000
1,7489924E-001	2,149152284557068E-001	3,000000000000000E+000
1,7388493E-001	2,065075352718986E-001	3,000000000000000E+000
1,7281160E-001	2,030393414682257E-001	3,000000000000000E+000
1,7179856E-001	2,037582496112145E-001	3,000000000000000E+000
1,7083669E-001	2,048048374967444E-001	3,000000000000000E+000
1,6982578E-001	2,058379776016976E-001	3,000000000000000E+000
1,6878940E-001	2,060516250009345E-001	3,000000000000000E+000
1,6778867E-001	2,060972085843487E-001	3,000000000000000E+000
1,6680725E-001	2,056436905361432E-001	3,000000000000000E+000
1,6583200E-001	2,046518879770121E-001	3,000000000000000E+000
1,6480049E-001	2,021707856889674E-001	3,000000000000000E+000
1,6379172E-001	1,977771323657143E-001	3,000000000000000E+000
1,6283351E-001	1,883914909429021E-001	3,000000000000000E+000
1,6179304E-001	1,851593157173026E-001	3,000000000000000E+000
1,6089042E-001	1,854277937328104E-001	3,000000000000000E+000
1,5984404E-001	1,862071885865315E-001	3,000000000000000E+000
1,5884863E-001	1,869321354768343E-001	3,000000000000000E+000
1,5787359E-001	1,872055150258038E-001	3,000000000000000E+000
1,5687412E-001	1,869863683737258E-001	3,000000000000000E+000
1,5579297E-001	1,864972020913331E-001	3,000000000000000E+000
1,5483595E-001	1,858259245442846E-001	3,000000000000000E+000
1,5379384E-001	1,838700471756354E-001	3,000000000000000E+000
1,5283452E-001	1,805974897859550E-001	3,000000000000000E+000
1,5187156E-001	1,744348600472292E-001	3,000000000000000E+000
1,5088613E-001	1,687989513631218E-001	3,000000000000000E+000
1,4987564E-001	1,677607443114668E-001	3,000000000000000E+000
1,4888297E-001	1,681359103466905E-001	3,000000000000000E+000
1,4784364E-001	1,688308704782414E-001	3,000000000000000E+000
1,4679091E-001	1,689454943493562E-001	3,000000000000000E+000
1,4586893E-001	1,687594516271798E-001	3,000000000000000E+000
1,4494632E-001	1,682228109005974E-001	3,000000000000000E+000
1,4382418E-001	1,676072745618447E-001	3,000000000000000E+000
1,4287120E-001	1,661545330037682E-001	3,000000000000000E+000
1,4184448E-001	1,621870953693154E-001	3,000000000000000E+000
1,4092372E-001	1,581474869270569E-001	3,000000000000000E+000
1,3994424E-001	1,525746268323723E-001	3,000000000000000E+000
1,3888620E-001	1,508104645957553E-001	3,000000000000000E+000
1,3786720E-001	1,506070625381888E-001	3,000000000000000E+000
1,3692443E-001	1,512276340551950E-001	3,000000000000000E+000
1,3584538E-001	1,513018274369335E-001	3,000000000000000E+000
1,3482596E-001	1,511295340196401E-001	3,000000000000000E+000
1,3383988E-001	1,505222966963498E-001	3,000000000000000E+000
1,3287653E-001	1,500339478047366E-001	3,000000000000000E+000
1,3181318E-001	1,487582051022738E-001	3,000000000000000E+000
1,3086404E-001	1,464203864818923E-001	3,000000000000000E+000
1,2986755E-001	1,427275643994403E-001	3,000000000000000E+000
1,2891291E-001	1,374251267665794E-001	3,000000000000000E+000
1,2789349E-001	1,345991756663554E-001	3,000000000000000E+000
1,2680000E-001	1,344302043111796E-001	3,000000000000000E+000
1,2574515E-001	1,344433303715455E-001	3,000000000000000E+000
1,2483296E-001	1,345137033646027E-001	3,000000000000000E+000
1,2381971E-001	1,340946901451661E-001	3,000000000000000E+000
1,2291302E-001	1,337879905304705E-001	3,000000000000000E+000
1,2188993E-001	1,311989135488314E-001	3,000000000000000E+000
1,2089484E-001	1,317624457490935E-001	3,000000000000000E+000
1,1987479E-001	1,301525073919305E-001	3,000000000000000E+000
1,1892735E-001	1,270540629651533E-001	3,000000000000000E+000
1,1789117E-001	1,225488375596429E-001	3,000000000000000E+000
1,1683123E-001	1,191717398835830E-001	3,000000000000000E+000
1,1587571E-001	1,186545135591321E-001	3,000000000000000E+000
1,1489772E-001	1,183231944839163E-001	3,000000000000000E+000
1,1393626E-001	1,183876998170655E-001	3,000000000000000E+000
1,1288034E-001	1,177846166236249E-001	3,000000000000000E+000
1,1182973E-001	1,173159521831957E-001	3,000000000000000E+000
1,1088335E-001	1,165573786150802E-001	3,000000000000000E+000
1,0989049E-001	1,155050365875163E-001	3,000000000000000E+000
1,0881822E-001	1,140616717058474E-001	3,000000000000000E+000
1,0786250E-001	1,116924468531373E-001	3,000000000000000E+000
1,0690804E-001	1,080308338213298E-001	3,000000000000000E+000
1,0577723E-001	1,036463213774065E-001	3,000000000000000E+000
1,0486014E-001	1,024084412665274E-001	3,000000000000000E+000
1,0390422E-001	1,020980275546515E-001	3,000000000000000E+000
1,0285318E-001	1,016189202114384E-001	3,000000000000000E+000
1,0179365E-001	1,013519500589206E-001	3,000000000000000E+000
1,0087911E-001	1,007888079793363E-001	3,000000000000000E+000
9,9892169E-002	9,999261939622195E-002	3,000000000000000E+000
9,8960675E-002	9,913850642947702E-002	3,000000000000000E+000
9,7743839E-002	9,795203844637240E-002	3,000000000000000E+000
9,6843742E-002	9,592195963314554E-002	3,000000000000000E+000
9,5876552E-002	9,295813196890634E-002	3,000000000000000E+000
9,4918288E-002	8,926075990139326E-002	3,000000000000000E+000
9,3862362E-002	8,747034716523361E-002	3,000000000000000E+000
9,2859104E-002	8,676664425163638E-002	3,000000000000000E+000
9,1860496E-002	8,625957910488857E-002	3,000000000000000E+000
9,0912834E-002	8,583299590585147E-002	3,000000000000000E+000
8,9865841E-002	8,508061113146459E-002	3,000000000000000E+000
8,8849202E-002	8,415877061930545E-002	3,000000000000000E+000
8,7901548E-002	8,341530624225219E-002	3,000000000000000E+000
8,6868346E-002	8,217936881852383E-002	3,000000000000000E+000
8,5819848E-002	8,061822622807535E-002	3,000000000000000E+000
8,4823377E-002	7,826595186014407E-002	3,000000000000000E+000
8,3879024E-002	7,356113090214322E-002	3,000000000000000E+000
8,2924917E-002	7,229685012458084E-002	3,000000000000000E+000
8,1830367E-002	7,127432753676888E-002	3,000000000000000E+000
8,0838770E-002	7,068633121714263E-002	3,000000000000000E+000
7,9807259E-002	7,025228975409692E-002	3,000000000000000E+000
7,8890815E-002	6,928902344467724E-002	3,000000000000000E+000
7,7912800E-002	6,869712285697438E-002	3,000000000000000E+000
7,6881297E-002	6,757202066688101E-002	3,000000000000000E+000
7,5896069E-002	6,653171638889155E-002	3,000000000000000E+000
7,4853949E-002	6,506326961917486E-002	3,000000000000000E+000
7,3831789E-002	6,333056145727084E-002	3,000000000000000E+000
7,2845712E-002	6,021657329984043E-002	3,000000000000000E+000
7,1813986E-002	5,782966324369672E-002	3,000000000000000E+000
7,0948280E-002	5,658781012796155E-002	3,000000000000000E+000
6,9853097E-002	5,593803293002675E-002	3,000000000000000E+000
6,8863623E-002	5,528111141864867E-002	3,000000000000000E+000
6,7903228E-002	5,458729188130418E-002	3,000000000000000E+000
6,6896342E-002	5,349188074642020E-002	3,000000000000000E+000
6,5888613E-002	5,239259892281312E-002	3,000000000000000E+000
6,4837158E-002	5,135078932572568E-002	3,000000000000000E+000
6,3881867E-002	4,998083943846066E-002	3,000000000000000E+000
6,2834226E-002	4,837751268253965E-002	3,000000000000000E+000
6,2019669E-002	4,593251170418056E-002	3,000000000000000E+000
6,0700547E-002	4,505486808872478E-002	3,000000000000000E+000
5,9283216E-002	4,075493563087307E-002	3,000000000000000E+000
5,8261704E-002	3,969463205861812E-002	3,000000000000000E+000
5,7351191E-002	3,886279150308980E-002	3,000000000000000E+000
5,6306109E-002	3,805875377643311E-002	3,000000000000000E+000
5,5293709E-002	3,690586327488915E-002	3,000000000000000E+000
5,4110002E-002	3,596043485837674E-002	3,000000000000000E+000
5,3156193E-002	3,469534855577405E-002	3,000000000000000E+000
5,2232947E-002	3,338625589040695E-002	3,000000000000000E+000
5,1239863E-002	3,165693471156450E-002	3,000000000000000E+000
5,0257608E-002	2,938906769526906E-002	3,000000000000000E+000
4,9227167E-002	2,727696757884357E-002	3,000000000000000E+000
4,8327282E-002	2,608423063928189E-002	3,000000000000000E+000
4,7254805E-002	2,497018066545331E-002	3,000000000000000E+000
4,6300355E-002	2,409709138899213E-002	3,000000000000000E+000
4,5132134E-002	2,291052281873779E-002	3,000000000000000E+000
4,4262394E-002	2,206303851885927E-002	3,000000000000000E+000
4,3192465E-002	2,090782529665852E-002	3,000000000000000E+000
4,2228676E-002	1,969354536332590E-002	3,000000000000000E+000
4,1264467E-002	1,845094132995984E-002	3,000000000000000E+000
4,0347591E-002	1,690280859151649E-002	3,000000000000000E+000
3,9264064E-002	1,290261611036297E-002	3,000000000000000E+000
3,8223691E-002	1,263120527814698E-002	3,000000000000000E+000
3,7277739E-002	1,123799050670904E-002	3,000000000000000E+000
3,6260881E-002	9,992959924231952E-003	3,000000000000000E+000
3,5265040E-002	9,040085614995200E-003	3,000000000000000E+000
3,4312502E-002	7,961293534781033E-003	3,000000000000000E+000
3,3247244E-002	6,940690752041220E-003	3,000000000000000E+000
3,2294493E-002	5,838407968878079E-003	3,000000000000000E+000
3,1243036E-002	4,600364700309004E-003	3,000000000000000E+000
2,9997144E-002	2,728808763415198E-003	3,000000000000000E+000
2,8640728E-002	1,654295213854684E-003	3,000000000000000E+000
2,7786266E-002	-6,842414835421182E-006	3,000000000000000E+000
2,6690228E-002	-2,798548839227470E-003	3,000000000000000E+000
2,5671035E-002	-4,090301649369025E-003	3,000000000000000E+000
2,4812113E-002	-4,782766503652704E-003	3,000000000000000E+000
2,3696121E-002	-5,864857878704138E-003	3,000000000000000E+000
2,2837840E-002	-7,178901882272992E-003	3,000000000000000E+000
2,1727793E-002	-8,282814017514267E-003	3,000000000000000E+000
2,0782260E-002	-9,324005604462907E-003	3,000000000000000E+000
1,9492062E-002	-8,492968266364198E-003	3,000000000000000E+000
1,7969355E-002	-1,456350119058267E-002	3,000000000000000E+000
1,7075064E-002	-1,501534722262510E-002	3,000000000000000E+000
1,6201919E-002	-1,652187657654632E-002	3,000000000000000E+000
1,5047294E-002	-1,807164978796479E-002	3,000000000000000E+000
1,4063340E-002	-1,925252170810748E-002	3,000000000000000E+000
1,3115049E-002	-2,067162709836684E-002	3,000000000000000E+000
1,2100951E-002	-2,176467828771644E-002	3,000000000000000E+000
1,0980289E-002	-2,286150945238430E-002	3,000000000000000E+000
1,0097593E-002	-2,421625593409849E-002	3,000000000000000E+000
9,1257393E-003	-2,539096598478928E-002	3,000000000000000E+000
8,1039974E-003	-2,644046003223129E-002	3,000000000000000E+000
7,0884153E-003	-2,797387072092128E-002	3,000000000000000E+000
6,1530732E-003	-2,939282924247288E-002	3,000000000000000E+000
5,1020384E-003	-3,069977361398440E-002	3,000000000000000E+000
4,0569468E-003	-3,228246694413461E-002	3,000000000000000E+000
3,0721445E-003	-3,364422200333883E-002	3,000000000000000E+000
2,0599570E-003	-3,487490554754102E-002	3,000000000000000E+000
1,0568978E-003	-3,632803661403833E-002	3,000000000000000E+000
9,3535185E-005	-3,755823233923689E-002	3,000000000000000E+000
-9,5792435E-004	-3,886964427376227E-002	3,000000000000000E+000
-1,9299907E-003	-4,002947321040898E-002	3,000000000000000E+000
-2,8750978E-003	-4,128035212677256E-002	3,000000000000000E+000
-3,8554433E-003	-4,254999348497082E-002	3,000000000000000E+000
-4,9829818E-003	-4,549248795956351E-002	3,000000000000000E+000
-5,8509149E-003	-4,536767787713980E-002	3,000000000000000E+000
-6,8894252E-003	-4,677332190934708E-002	3,000000000000000E+000
-7,8818714E-003	-4,809492851469507E-002	3,000000000000000E+000
-8,8448096E-003	-4,943381769893063E-002	3,000000000000000E+000
-9,9126147E-003	-5,086001026858065E-002	3,000000000000000E+000
-1,0864514E-002	-5,203278131645039E-002	3,000000000000000E+000
-1,2045466E-002	-5,354064495164756E-002	3,000000000000000E+000
-1,2908419E-002	-5,481817975157380E-002	3,000000000000000E+000
-1,3853314E-002	-5,587732965230119E-002	3,000000000000000E+000
-1,4877390E-002	-5,734697497380803E-002	3,000000000000000E+000
-1,5853914E-002	-5,851087322527596E-002	3,000000000000000E+000
-1,6746374E-002	-5,962426521539421E-002	3,000000000000000E+000
-1,7808449E-002	-6,069538255946516E-002	3,000000000000000E+000
-1,8970506E-002	-6,214717301298600E-002	3,000000000000000E+000
-1,9826241E-002	-6,361731845471585E-002	3,000000000000000E+000
-2,0889379E-002	-6,489019337351687E-002	3,000000000000000E+000
-2,1874819E-002	-6,644636988467356E-002	3,000000000000000E+000
-2,2938166E-002	-6,792464309061574E-002	3,000000000000000E+000
-2,3870958E-002	-6,915222139408161E-002	3,000000000000000E+000
-2,4869774E-002	-7,064079006926893E-002	3,000000000000000E+000
-2,5951589E-002	-7,177651031115251E-002	3,000000000000000E+000
-2,6825609E-002	-7,404209037000931E-002	3,000000000000000E+000
-2,7913323E-002	-7,417964103148766E-002	3,000000000000000E+000
-2,8881766E-002	-7,509230976682835E-002	3,000000000000000E+000
-2,9734531E-002	-7,630172150244041E-002	3,000000000000000E+000
-3,0818043E-002	-7,792694897701324E-002	3,000000000000000E+000
-3,1884156E-002	-7,936361299275774E-002	3,000000000000000E+000
-3,2886792E-002	-8,074899763731201E-002	3,000000000000000E+000
-3,3877537E-002	-8,235095437892030E-002	3,000000000000000E+000
-3,4859579E-002	-8,367561405800550E-002	3,000000000000000E+000
-3,5857331E-002	-8,501298973095373E-002	3,000000000000000E+000
-3,6982879E-002	-8,644412252707046E-002	3,000000000000000E+000
-3,7895083E-002	-8,745662237655472E-002	3,000000000000000E+000
-3,8980506E-002	-8,863764752082037E-002	3,000000000000000E+000
-3,9837513E-002	-8,909939044086168E-002	3,000000000000000E+000
-4,0889610E-002	-9,024957150082846E-002	3,000000000000000E+000
-4,1908592E-002	-9,170561115671372E-002	3,000000000000000E+000
-4,2839263E-002	-9,324963283035193E-002	3,000000000000000E+000
-4,3880105E-002	-9,491079784412371E-002	3,000000000000000E+000
-4,4920102E-002	-9,640736931383043E-002	3,000000000000000E+000
-4,5916587E-002	-9,787317115330607E-002	3,000000000000000E+000
-4,6818811E-002	-9,927958396642844E-002	3,000000000000000E+000
-4,7828022E-002	-1,007425850602214E-001	3,000000000000000E+000
-4,8885852E-002	-1,020020736139953E-001	3,000000000000000E+000
-4,9783070E-002	-1,047789889767213E-001	3,000000000000000E+000
-5,0808106E-002	-1,034095648469195E-001	3,000000000000000E+000
-5,1748104E-002	-1,041877083997766E-001	3,000000000000000E+000
-5,2877892E-002	-1,057087129361374E-001	3,000000000000000E+000
-5,3804740E-002	-1,073488337332731E-001	3,000000000000000E+000
-5,4885924E-002	-1,091134145131543E-001	3,000000000000000E+000
-5,6480289E-002	-1,111409568557975E-001	3,000000000000000E+000
-5,7539389E-002	-1,128317558172124E-001	3,000000000000000E+000
-5,8501054E-002	-1,142738668455013E-001	3,000000000000000E+000
-5,9539776E-002	-1,159157207994554E-001	3,000000000000000E+000
-6,0525004E-002	-1,168749961933053E-001	3,000000000000000E+000
-6,1509591E-002	-1,175524881971933E-001	3,000000000000000E+000
-6,2459797E-002	-1,176505335606635E-001	3,000000000000000E+000
-6,3566238E-002	-1,186027076198820E-001	3,000000000000000E+000
-6,4525567E-002	-1,202307927111785E-001	3,000000000000000E+000
-6,5548792E-002	-1,220506551434046E-001	3,000000000000000E+000
-6,6487320E-002	-1,237927336349256E-001	3,000000000000000E+000
-6,7462780E-002	-1,255148822545169E-001	3,000000000000000E+000
-6,8495989E-002	-1,270727668888869E-001	3,000000000000000E+000
-6,9435567E-002	-1,287782676862896E-001	3,000000000000000E+000
-7,0505723E-002	-1,301942276423449E-001	3,000000000000000E+000
-7,1554631E-002	-1,313733785516691E-001	3,000000000000000E+000
-7,2504826E-002	-1,322132494059148E-001	3,000000000000000E+000
-7,3508523E-002	-1,322480123145156E-001	3,000000000000000E+000
-7,4486114E-002	-1,324284936094451E-001	3,000000000000000E+000
-7,5487636E-002	-1,355415104577937E-001	3,000000000000000E+000
-7,6547384E-002	-1,364456842377504E-001	3,000000000000000E+000
-7,7633448E-002	-1,380159978720328E-001	3,000000000000000E+000
-7,8565612E-002	-1,398825846198530E-001	3,000000000000000E+000
-7,9530664E-002	-1,415658296534311E-001	3,000000000000000E+000
-8,0621392E-002	-1,433114154367816E-001	3,000000000000000E+000
-8,1546985E-002	-1,449846140867859E-001	3,000000000000000E+000
-8,2502060E-002	-1,462255408814935E-001	3,000000000000000E+000
-8,3539933E-002	-1,470821918229810E-001	3,000000000000000E+000
-8,4519215E-002	-1,469844250974282E-001	3,000000000000000E+000
-8,5544772E-002	-1,468703793534258E-001	3,000000000000000E+000
-8,6586475E-002	-1,480351537466043E-001	3,000000000000000E+000
-8,7511629E-002	-1,502559969063708E-001	3,000000000000000E+000
-8,8555872E-002	-1,522730102900551E-001	3,000000000000000E+000
-8,9492276E-002	-1,542180780907744E-001	3,000000000000000E+000
-9,0495549E-002	-1,559734234275920E-001	3,000000000000000E+000
-9,1525353E-002	-1,580778402793737E-001	3,000000000000000E+000
-9,2606537E-002	-1,594603196200397E-001	3,000000000000000E+000
-9,3543991E-002	-1,610763067965984E-001	3,000000000000000E+000
-9,4495244E-002	-1,619429707147730E-001	3,000000000000000E+000
-9,5497683E-002	-1,621212774404763E-001	3,000000000000000E+000
-9,6490979E-002	-1,611596227589034E-001	3,000000000000000E+000
-9,7474918E-002	-1,621231623683821E-001	3,000000000000000E+000
-9,8440863E-002	-1,654180310735547E-001	3,000000000000000E+000
-9,9451929E-002	-1,666937749315467E-001	3,000000000000000E+000
-1,0051826E-001	-1,686756506010343E-001	3,000000000000000E+000
-1,0149351E-001	-1,708290918592223E-001	3,000000000000000E+000
-1,0257426E-001	-1,729017952457078E-001	3,000000000000000E+000
-1,0352297E-001	-1,746388008059183E-001	3,000000000000000E+000
-1,0444813E-001	-1,762471546039537E-001	3,000000000000000E+000
-1,0553206E-001	-1,773653530550225E-001	3,000000000000000E+000
-1,0649564E-001	-1,776229794378636E-001	3,000000000000000E+000
-1,0748702E-001	-1,766033781243975E-001	3,000000000000000E+000
-1,0849751E-001	-1,766906878393550E-001	3,000000000000000E+000
-1,0962603E-001	-1,784014817741175E-001	3,000000000000000E+000
-1,1046585E-001	-1,807329019152180E-001	3,000000000000000E+000
-1,1153069E-001	-1,832481185319246E-001	3,000000000000000E+000
-1,1249192E-001	-1,855388654188976E-001	3,000000000000000E+000
-1,1354169E-001	-1,877960865558300E-001	3,000000000000000E+000
-1,1453243E-001	-1,897608235098978E-001	3,000000000000000E+000
-1,1556011E-001	-1,917692132777089E-001	3,000000000000000E+000
-1,1646463E-001	-1,943515734919519E-001	3,000000000000000E+000
-1,1746114E-001	-1,938201983079866E-001	3,000000000000000E+000
-1,1858093E-001	-1,924290739510006E-001	3,000000000000000E+000
-1,1951631E-001	-1,915064151053902E-001	3,000000000000000E+000
-1,2052102E-001	-1,930793514992627E-001	3,000000000000000E+000
-1,2152554E-001	-1,955344727331849E-001	3,000000000000000E+000
-1,2244476E-001	-1,982714629352640E-001	3,000000000000000E+000
-1,2360150E-001	-2,008441531754754E-001	3,000000000000000E+000
-1,2445576E-001	-2,033509852157707E-001	3,000000000000000E+000
-1,2553228E-001	-2,055308814332988E-001	3,000000000000000E+000
-1,2651326E-001	-2,076715724197804E-001	3,000000000000000E+000
-1,2753160E-001	-2,091933144601414E-001	3,000000000000000E+000
-1,2853615E-001	-2,097025055576249E-001	3,000000000000000E+000
-1,2955385E-001	-2,087142752069558E-001	3,000000000000000E+000
-1,3055776E-001	-2,066544309189471E-001	3,000000000000000E+000
-1,3151518E-001	-2,077076604796775E-001	3,000000000000000E+000
-1,3249658E-001	-2,103409862697685E-001	3,000000000000000E+000
-1,3343470E-001	-2,132749202212798E-001	3,000000000000000E+000
-1,3450123E-001	-2,163023739294316E-001	3,000000000000000E+000
-1,3546605E-001	-2,190029525232529E-001	3,000000000000000E+000
-1,3654594E-001	-2,220375881426873E-001	3,000000000000000E+000
-1,3756917E-001	-2,242506205759662E-001	3,000000000000000E+000
-1,3846798E-001	-2,257941091709119E-001	3,000000000000000E+000
-1,3955407E-001	-2,266681634441564E-001	3,000000000000000E+000
-1,4052570E-001	-2,257518094998803E-001	3,000000000000000E+000
-1,4149225E-001	-2,229904734564045E-001	3,000000000000000E+000
-1,4259253E-001	-2,231428973652703E-001	3,000000000000000E+000
-1,4352213E-001	-2,257573701165345E-001	3,000000000000000E+000
-1,4444835E-001	-2,288734526545921E-001	3,000000000000000E+000
-1,4556900E-001	-2,322002061194288E-001	3,000000000000000E+000
-1,4651434E-001	-2,351812924844801E-001	3,000000000000000E+000
-1,4751974E-001	-2,379229590296754E-001	3,000000000000000E+000
-1,4852278E-001	-2,405791406140290E-001	3,000000000000000E+000
-1,4961670E-001	-2,428145203739409E-001	3,000000000000000E+000
-1,5054461E-001	-2,440044575336343E-001	3,000000000000000E+000
-1,5141480E-001	-2,435627850117505E-001	3,000000000000000E+000
-1,5250106E-001	-2,404084017983190E-001	3,000000000000000E+000
-1,5345764E-001	-2,390268963796118E-001	3,000000000000000E+000
-1,5450740E-001	-2,415273467216785E-001	3,000000000000000E+000
-1,5552488E-001	-2,448808197621948E-001	3,000000000000000E+000
-1,5647084E-001	-2,484745160780020E-001	3,000000000000000E+000
-1,5753330E-001	-2,532457039794975E-001	3,000000000000000E+000
-1,5849625E-001	-2,554248774907091E-001	3,000000000000000E+000
-1,5958253E-001	-2,580660679550082E-001	3,000000000000000E+000
-1,6051446E-001	-2,605332157195166E-001	3,000000000000000E+000
-1,6156740E-001	-2,622601103934437E-001	3,000000000000000E+000
-1,6249871E-001	-2,620426320505365E-001	3,000000000000000E+000
-1,6351897E-001	-2,590649521530235E-001	3,000000000000000E+000
-1,6445856E-001	-2,558327522128829E-001	3,000000000000000E+000
-1,6549006E-001	-2,570725289966775E-001	3,000000000000000E+000
-1,6656041E-001	-2,604848735241430E-001	3,000000000000000E+000
-1,6749829E-001	-2,647220740715643E-001	3,000000000000000E+000
-1,6853532E-001	-2,686048805782639E-001	3,000000000000000E+000
-1,6954264E-001	-2,721737389694203E-001	3,000000000000000E+000
-1,7046779E-001	-2,753770603556869E-001	3,000000000000000E+000
-1,7143729E-001	-2,782790116551852E-001	3,000000000000000E+000
-1,7239855E-001	-2,804585128539689E-001	3,000000000000000E+000
-1,7354208E-001	-2,820579496867692E-001	3,000000000000000E+000
-1,7441203E-001	-2,783266036450172E-001	3,000000000000000E+000
-1,7552713E-001	-2,734282096778911E-001	3,000000000000000E+000
-1,7649491E-001	-2,736793848582435E-001	3,000000000000000E+000
-1,7744869E-001	-2,773414811257400E-001	3,000000000000000E+000
-1,7853938E-001	-2,816205119231228E-001	3,000000000000000E+000
-1,7949142E-001	-2,861241930750786E-001	3,000000000000000E+000
-1,8044397E-001	-2,902078995550124E-001	3,000000000000000E+000
-1,8145320E-001	-2,937416362196754E-001	3,000000000000000E+000
-1,8250103E-001	-2,971412334246226E-001	3,000000000000000E+000
-1,8347779E-001	-2,996675636343378E-001	3,000000000000000E+000
-1,8451418E-001	-2,999603524114249E-001	3,000000000000000E+000
-1,8556586E-001	-2,982693668799814E-001	3,000000000000000E+000
-1,8642412E-001	-2,921261999549127E-001	3,000000000000000E+000
-1,8754455E-001	-2,906098983560990E-001	3,000000000000000E+000
-1,8856163E-001	-2,938769531470768E-001	3,000000000000000E+000
-1,8948445E-001	-2,986521111387334E-001	3,000000000000000E+000
-1,9059364E-001	-3,038886441607711E-001	3,000000000000000E+000
-1,9150516E-001	-3,089006533501319E-001	3,000000000000000E+000
-1,9256938E-001	-3,130106377518844E-001	3,000000000000000E+000
-1,9351427E-001	-3,165177646679465E-001	3,000000000000000E+000
-1,9454367E-001	-3,195595676079388E-001	3,000000000000000E+000
-1,9545375E-001	-3,208887227293511E-001	3,000000000000000E+000
-1,9656889E-001	-3,194527728483081E-001	3,000000000000000E+000
-1,9750446E-001	-3,129402382851195E-001	3,000000000000000E+000
-1,9851989E-001	-3,086499566914335E-001	3,000000000000000E+000
-1,9934413E-001	-3,099716496653864E-001	3,000000000000000E+000
-1,9962998E-001	-3,117719267805417E-001	3,000000000000000E+000
-1,9896542E-001	-2,871773641349540E-001	3,000000000000000E+000
-1,9794239E-001	-2,849664726742991E-001	3,000000000000000E+000
-1,9690622E-001	-2,850572502723445E-001	3,000000000000000E+000
-1,9592015E-001	-2,844084720299751E-001	3,000000000000000E+000
-1,9493130E-001	-2,837859339391180E-001	3,000000000000000E+000
-1,9391228E-001	-2,812627219008623E-001	3,000000000000000E+000
-1,9293115E-001	-2,805599620289829E-001	3,000000000000000E+000
-1,9193745E-001	-2,766821658997622E-001	3,000000000000000E+000
-1,9093609E-001	-2,696680762563597E-001	3,000000000000000E+000
-1,8992494E-001	-2,587681951139245E-001	3,000000000000000E+000
-1,8881766E-001	-2,517872671769172E-001	3,000000000000000E+000
-1,8790144E-001	-2,532787880411846E-001	3,000000000000000E+000
-1,8689801E-001	-2,544490910756094E-001	3,000000000000000E+000
-1,8594556E-001	-2,559131136069408E-001	3,000000000000000E+000
-1,8493374E-001	-2,565664846592943E-001	3,000000000000000E+000
-1,8396127E-001	-2,565692344818404E-001	3,000000000000000E+000
-1,8293998E-001	-2,561117318217390E-001	3,000000000000000E+000
-1,8188341E-001	-2,551402473063373E-001	3,000000000000000E+000
-1,8098904E-001	-2,525381390695216E-001	3,000000000000000E+000
-1,7988028E-001	-2,477442122719919E-001	3,000000000000000E+000
-1,7883666E-001	-2,385427780035454E-001	3,000000000000000E+000
-1,7790450E-001	-2,320175941826566E-001	3,000000000000000E+000
-1,7697701E-001	-2,308592591089775E-001	3,000000000000000E+000
-1,7598011E-001	-2,316905585014166E-001	3,000000000000000E+000
-1,7492335E-001	-2,328940919703900E-001	3,000000000000000E+000
-1,7384133E-001	-2,335866211948017E-001	3,000000000000000E+000
-1,7287222E-001	-2,340203333922002E-001	3,000000000000000E+000
-1,7199016E-001	-2,336296742712999E-001	3,000000000000000E+000
-1,7088564E-001	-2,330104878724173E-001	3,000000000000000E+000
-1,6993140E-001	-2,313190322300351E-001	3,000000000000000E+000
-1,6883308E-001	-2,260826979936272E-001	3,000000000000000E+000
-1,6788775E-001	-2,199440614354832E-001	3,000000000000000E+000
-1,6696724E-001	-2,130556312148224E-001	3,000000000000000E+000
-1,6586293E-001	-2,111360034387975E-001	3,000000000000000E+000
-1,6497345E-001	-2,116946776018098E-001	3,000000000000000E+000
-1,6400181E-001	-2,125997147005472E-001	3,000000000000000E+000
-1,6291362E-001	-2,131747912132627E-001	3,000000000000000E+000
-1,6189826E-001	-2,133524567578671E-001	3,000000000000000E+000
-1,6092767E-001	-2,133679789387530E-001	3,000000000000000E+000
-1,5987746E-001	-2,127259385392624E-001	3,000000000000000E+000
-1,5897483E-001	-2,116760660859716E-001	3,000000000000000E+000
-1,5788877E-001	-2,088071019561202E-001	3,000000000000000E+000
-1,5692201E-001	-2,035727256357127E-001	3,000000000000000E+000
-1,5586212E-001	-1,949868590605481E-001	3,000000000000000E+000
-1,5496920E-001	-1,931670995912063E-001	3,000000000000000E+000
-1,5390372E-001	-1,932959949114799E-001	3,000000000000000E+000
-1,5286948E-001	-1,938532515325475E-001	3,000000000000000E+000
-1,5192224E-001	-1,942287137283492E-001	3,000000000000000E+000
-1,5092809E-001	-1,943218548506218E-001	3,000000000000000E+000
-1,4981721E-001	-1,942214755065459E-001	3,000000000000000E+000
-1,4897336E-001	-1,936805508685886E-001	3,000000000000000E+000
-1,4798558E-001	-1,926827763069283E-001	3,000000000000000E+000
-1,4691375E-001	-1,903569275271835E-001	3,000000000000000E+000
-1,4592215E-001	-1,865033110327738E-001	3,000000000000000E+000
-1,4500909E-001	-1,799571206448252E-001	3,000000000000000E+000
-1,4386253E-001	-1,760835657758568E-001	3,000000000000000E+000
-1,4294036E-001	-1,756223525369061E-001	3,000000000000000E+000
-1,4200161E-001	-1,757598899787771E-001	3,000000000000000E+000
-1,4093848E-001	-1,759642614224162E-001	3,000000000000000E+000
-1,3991335E-001	-1,760674967534008E-001	3,000000000000000E+000
-1,3897164E-001	-1,758647443278238E-001	3,000000000000000E+000
-1,3787051E-001	-1,752853463748822E-001	3,000000000000000E+000
-1,3699736E-001	-1,745303667633351E-001	3,000000000000000E+000
-1,3593443E-001	-1,725746552218442E-001	3,000000000000000E+000
-1,3489066E-001	-1,691056589285531E-001	3,000000000000000E+000
-1,3391605E-001	-1,636672714483680E-001	3,000000000000000E+000
-1,3291956E-001	-1,595890932647432E-001	3,000000000000000E+000
-1,3190016E-001	-1,583371761220467E-001	3,000000000000000E+000
-1,3101108E-001	-1,585442608360332E-001	3,000000000000000E+000
-1,2989998E-001	-1,585367747444517E-001	3,000000000000000E+000
-1,2890157E-001	-1,583818023748418E-001	3,000000000000000E+000
-1,2798896E-001	-1,581674410651126E-001	3,000000000000000E+000
-1,2695596E-001	-1,573532557425403E-001	3,000000000000000E+000
-1,2592679E-001	-1,566977932945720E-001	3,000000000000000E+000
-1,2497298E-001	-1,552359644082133E-001	3,000000000000000E+000
-1,2396016E-001	-1,528023913226740E-001	3,000000000000000E+000
-1,2292610E-001	-1,483736062008478E-001	3,000000000000000E+000
-1,2195489E-001	-1,439017492898359E-001	3,000000000000000E+000
-1,2091406E-001	-1,421032503799156E-001	3,000000000000000E+000
-1,1996151E-001	-1,414121524948212E-001	3,000000000000000E+000
-1,1889435E-001	-1,415060914673461E-001	3,000000000000000E+000
-1,1802121E-001	-1,411773542080210E-001	3,000000000000000E+000
-1,1696380E-001	-1,407728038935198E-001	3,000000000000000E+000
-1,1594376E-001	-1,403227125260007E-001	3,000000000000000E+000
-1,1493368E-001	-1,393950261451575E-001	3,000000000000000E+000
-1,1392429E-001	-1,372370449998583E-001	3,000000000000000E+000
-1,1288366E-001	-1,361159680204255E-001	3,000000000000000E+000
-1,1196828E-001	-1,328658602131457E-001	3,000000000000000E+000
-1,1094590E-001	-1,283079632730395E-001	3,000000000000000E+000
-1,0994580E-001	-1,260054121483805E-001	3,000000000000000E+000
-1,0895973E-001	-1,251980770482786E-001	3,000000000000000E+000
-1,0793692E-001	-1,249408363192164E-001	3,000000000000000E+000
-1,0691667E-001	-1,244234673644381E-001	3,000000000000000E+000
-1,0597219E-001	-1,241889899872520E-001	3,000000000000000E+000
-1,0490355E-001	-1,235752803514947E-001	3,000000000000000E+000
-1,0397565E-001	-1,225594184188936E-001	3,000000000000000E+000
-1,0284499E-001	-1,217405625308550E-001	3,000000000000000E+000
-1,0195446E-001	-1,200519026326083E-001	3,000000000000000E+000
-1,0091192E-001	-1,173342424272386E-001	3,000000000000000E+000
-9,9979319E-002	-1,132734684032148E-001	3,000000000000000E+000
-9,8936141E-002	-1,104890815396273E-001	3,000000000000000E+000
-9,7902559E-002	-1,079730709531792E-001	3,000000000000000E+000
-9,6826039E-002	-1,086050359083826E-001	3,000000000000000E+000
-9,5890902E-002	-1,081991807937068E-001	3,000000000000000E+000
-9,4961084E-002	-1,076943830035075E-001	3,000000000000000E+000
-9,3923628E-002	-1,070247188693401E-001	3,000000000000000E+000
-9,2899971E-002	-1,061048178105710E-001	3,000000000000000E+000
-9,1955312E-002	-1,052306780798573E-001	3,000000000000000E+000
-9,0976447E-002	-1,037685802999747E-001	3,000000000000000E+000
-8,9986965E-002	-1,015305736067664E-001	3,000000000000000E+000
-8,8893473E-002	-9,833457144149738E-002	3,000000000000000E+000
-8,7894663E-002	-9,508762072288879E-002	3,000000000000000E+000
-8,6947434E-002	-9,364526349775182E-002	3,000000000000000E+000
-8,5976213E-002	-9,315464890527481E-002	3,000000000000000E+000
-8,4940463E-002	-9,241658178399570E-002	3,000000000000000E+000
-8,3983041E-002	-9,186508184022957E-002	3,000000000000000E+000
-8,2895711E-002	-9,119798343939090E-002	3,000000000000000E+000
-8,2030624E-002	-9,008196465395102E-002	3,000000000000000E+000
-8,1008047E-002	-8,918873271559963E-002	3,000000000000000E+000
-7,9943210E-002	-8,798236805186765E-002	3,000000000000000E+000
-7,9029098E-002	-8,597513494357800E-002	3,000000000000000E+000
-7,7876598E-002	-8,343566447944850E-002	3,000000000000000E+000
-7,7045105E-002	-7,880028207889833E-002	3,000000000000000E+000
-7,5919755E-002	-7,805791680908081E-002	3,000000000000000E+000
-7,4943870E-002	-7,736681354301134E-002	3,000000000000000E+000
-7,3887743E-002	-7,672810358754223E-002	3,000000000000000E+000
-7,2925232E-002	-7,611853415491376E-002	3,000000000000000E+000
-7,1995616E-002	-7,517603092344027E-002	3,000000000000000E+000
-7,0903189E-002	-7,432657705309520E-002	3,000000000000000E+000
-6,9936432E-002	-7,337941287982225E-002	3,000000000000000E+000
-6,8888150E-002	-7,210749446379899E-002	3,000000000000000E+000
-6,7990385E-002	-7,062376242268981E-002	3,000000000000000E+000
-6,6951238E-002	-6,837870107308336E-002	3,000000000000000E+000
-6,6036068E-002	-6,530843499220040E-002	3,000000000000000E+000
-6,4946815E-002	-6,347785880616702E-002	3,000000000000000E+000
-6,3965835E-002	-6,236903248699721E-002	3,000000000000000E+000
-6,2954709E-002	-6,148813785640161E-002	3,000000000000000E+000
-6,1903242E-002	-6,061846787903330E-002	3,000000000000000E+000
-6,0976818E-002	-5,974321284641815E-002	3,000000000000000E+000
-6,0032979E-002	-5,885494785831763E-002	3,000000000000000E+000
-5,8945645E-002	-5,782217287492997E-002	3,000000000000000E+000
-5,7951931E-002	-5,667939725228477E-002	3,000000000000000E+000
-5,6955025E-002	-5,524244743261342E-002	3,000000000000000E+000
-5,5932652E-002	-5,334370911845748E-002	3,000000000000000E+000
-5,5019211E-002	-5,010861839185005E-002	3,000000000000000E+000
-5,3908315E-002	-4,818443058886479E-002	3,000000000000000E+000
-5,3019878E-002	-4,712588636256326E-002	3,000000000000000E+000
-5,1887758E-002	-4,616127445586710E-002	3,000000000000000E+000
-5,1004846E-002	-4,533186638986464E-002	3,000000000000000E+000
-4,9219206E-002	-4,495732509548322E-002	3,000000000000000E+000
-4,8283663E-002	-4,223613911825763E-002	3,000000000000000E+000
-4,7311801E-002	-4,090771045001157E-002	3,000000000000000E+000
-4,6278179E-002	-3,980510654704020E-002	3,000000000000000E+000
-4,5142017E-002	-3,821028645702251E-002	3,000000000000000E+000
-4,4361640E-002	-3,640536486205670E-002	3,000000000000000E+000
-4,3295957E-002	-3,383577618040816E-002	3,000000000000000E+000
-4,2274218E-002	-3,222032891655402E-002	3,000000000000000E+000
-4,1387271E-002	-3,116064526019961E-002	3,000000000000000E+000
-4,0383793E-002	-2,993294895040216E-002	3,000000000000000E+000
-3,9238505E-002	-2,915206085028194E-002	3,000000000000000E+000
-3,8377676E-002	-2,793643619278772E-002	3,000000000000000E+000
-3,7168916E-002	-2,683183628876029E-002	3,000000000000000E+000
-3,6285367E-002	-2,577556579597984E-002	3,000000000000000E+000
-3,5362124E-002	-2,460547705844938E-002	3,000000000000000E+000
-3,4254201E-002	-2,317788452772350E-002	3,000000000000000E+000
-3,3309069E-002	-2,037528744269232E-002	3,000000000000000E+000
-3,2375064E-002	-1,926216100670257E-002	3,000000000000000E+000
-3,1432077E-002	-1,734903661525565E-002	3,000000000000000E+000
-3,0294003E-002	-1,614324350979318E-002	3,000000000000000E+000
-2,9277574E-002	-1,491021044138405E-002	3,000000000000000E+000
-2,8283428E-002	-1,403699325466590E-002	3,000000000000000E+000
-2,7336834E-002	-1,272421189545031E-002	3,000000000000000E+000
-2,6291745E-002	-1,183988139166978E-002	3,000000000000000E+000
-2,5372962E-002	-1,049198380766295E-002	3,000000000000000E+000
-2,4280956E-002	-9,177724812481601E-003	3,000000000000000E+000
-2,3264734E-002	-8,015692087442197E-003	3,000000000000000E+000
-2,2350406E-002	-6,445911460711315E-003	3,000000000000000E+000
-2,1337371E-002	-4,866200580619512E-003	3,000000000000000E+000
-2,0357026E-002	-2,988716691712995E-003	3,000000000000000E+000
-1,8663738E-002	-1,027925872402786E-003	3,000000000000000E+000
-1,7865529E-002	-3,299885044401440E-004	3,000000000000000E+000
-1,6683092E-002	1,545841541546567E-003	3,000000000000000E+000
-1,5750721E-002	2,499881268401324E-003	3,000000000000000E+000
-1,4827480E-002	3,485096831691740E-003	3,000000000000000E+000
-1,3832911E-002	4,813420640183946E-003	3,000000000000000E+000
-1,2828366E-002	6,085729404326723E-003	3,000000000000000E+000
-1,1798770E-002	7,295093121852177E-003	3,000000000000000E+000
-1,0609685E-002	6,972815518060491E-003	3,000000000000000E+000
-9,2344880E-003	1,403580318718149E-002	3,000000000000000E+000
-8,1879180E-003	1,361328196341037E-002	3,000000000000000E+000
-7,1967458E-003	1,453031676053931E-002	3,000000000000000E+000
-6,1862562E-003	1,586862066027669E-002	3,000000000000000E+000
-5,1874425E-003	1,716871228482980E-002	3,000000000000000E+000
-4,2005163E-003	1,820864140150937E-002	3,000000000000000E+000
-3,2138021E-003	1,954850726502226E-002	3,000000000000000E+000
-2,2120161E-003	2,076817535001935E-002	3,000000000000000E+000
-1,1278652E-003	2,191192602212710E-002	3,000000000000000E+000
-5,3903586E-005	2,346370923462213E-002	3,000000000000000E+000
9,0372754E-004	2,499645855924526E-002	3,000000000000000E+000
1,8350356E-003	2,621686801797257E-002	3,000000000000000E+000
2,8058281E-003	2,776602373234227E-002	3,000000000000000E+000
3,7978485E-003	2,911914331424566E-002	3,000000000000000E+000
4,9543870E-003	3,027880011143640E-002	3,000000000000000E+000
5,7978290E-003	3,138171890307036E-002	3,000000000000000E+000
6,3384296E-003	3,215309977531433E-002	4,000000000000000E+000
6,7828442E-003	3,269709211222266E-002	4,000000000000000E+000
7,7625532E-003	3,411065021754010E-002	4,000000000000000E+000
8,7556355E-003	3,543145238439116E-002	4,000000000000000E+000
9,6667772E-003	3,657462937688394E-002	4,000000000000000E+000
1,0770457E-002	3,793376338823409E-002	4,000000000000000E+000
1,1758836E-002	4,055373334860493E-002	4,000000000000000E+000
1,2731536E-002	4,078362107759825E-002	4,000000000000000E+000
1,3693838E-002	4,210133073178851E-002	4,000000000000000E+000
1,4821507E-002	4,339186831687897E-002	4,000000000000000E+000
1,5674058E-002	4,462027176783470E-002	4,000000000000000E+000
1,6739318E-002	4,624391954685403E-002	4,000000000000000E+000
1,7787378E-002	4,729890821639588E-002	4,000000000000000E+000
1,8736307E-002	4,876056112159310E-002	4,000000000000000E+000
1,9708375E-002	4,999698555372911E-002	4,000000000000000E+000
2,0730749E-002	5,139603978022911E-002	4,000000000000000E+000
2,1856721E-002	5,273559655890694E-002	4,000000000000000E+000
2,2632852E-002	5,387024948787363E-002	4,000000000000000E+000
2,3757759E-002	5,497272194501146E-002	4,000000000000000E+000
2,4750417E-002	5,600516117798792E-002	4,000000000000000E+000
2,5768759E-002	5,755467004901585E-002	4,000000000000000E+000
2,6747830E-002	5,896768673254099E-002	4,000000000000000E+000
2,7677231E-002	6,027028875218510E-002	4,000000000000000E+000
2,8766898E-002	6,169185533912647E-002	4,000000000000000E+000
2,9783756E-002	6,313008767621653E-002	4,000000000000000E+000
3,0652866E-002	6,444861818346426E-002	4,000000000000000E+000
3,1625994E-002	6,578362047568814E-002	4,000000000000000E+000
3,2743052E-002	6,712843432022197E-002	4,000000000000000E+000
3,3630144E-002	7,007881347089995E-002	4,000000000000000E+000
3,4596935E-002	6,941010030331413E-002	4,000000000000000E+000
3,5821397E-002	7,036325542463207E-002	4,000000000000000E+000
3,6666520E-002	7,167135964630664E-002	4,000000000000000E+000
3,7716705E-002	7,311108735114066E-002	4,000000000000000E+000
3,8659900E-002	7,459266545009563E-002	4,000000000000000E+000
3,9650861E-002	7,605584693589688E-002	4,000000000000000E+000
4,0745836E-002	7,743682644191990E-002	4,000000000000000E+000
4,1650612E-002	7,889227626017420E-002	4,000000000000000E+000
4,2753231E-002	8,033839645105673E-002	4,000000000000000E+000
4,3621700E-002	8,178895087567750E-002	4,000000000000000E+000
4,4794589E-002	8,275862173522230E-002	4,000000000000000E+000
4,5613598E-002	8,401586123121259E-002	4,000000000000000E+000
4,6627060E-002	8,420657288903999E-002	4,000000000000000E+000
4,7662385E-002	8,549241155937914E-002	4,000000000000000E+000
4,8659075E-002	8,696317371774343E-002	4,000000000000000E+000
4,9718175E-002	8,850424093435749E-002	4,000000000000000E+000
5,0750319E-002	9,018153482530655E-002	4,000000000000000E+000
5,1759113E-002	9,170845538998673E-002	4,000000000000000E+000
5,2561983E-002	9,321767359075195E-002	4,000000000000000E+000
5,3735297E-002	9,446716061965743E-002	4,000000000000000E+000
5,4692078E-002	9,622539347900005E-002	4,000000000000000E+000
5,5633575E-002	9,739352903259813E-002	4,000000000000000E+000
5,6603320E-002	9,989217982661902E-002	4,000000000000000E+000
5,7764061E-002	9,864180083214169E-002	4,000000000000000E+000
5,8746096E-002	9,962819808128298E-002	4,000000000000000E+000
5,9676770E-002	1,009853473278106E-001	4,000000000000000E+000
6,0653724E-002	1,025088658142425E-001	4,000000000000000E+000
6,1725345E-002	1,044162897634567E-001	4,000000000000000E+000
6,2639035E-002	1,059477916159843E-001	4,000000000000000E+000
6,3667990E-002	1,075272018400326E-001	4,000000000000000E+000
6,4939022E-002	1,093890768201904E-001	4,000000000000000E+000
6,6382810E-002	1,107800975269469E-001	4,000000000000000E+000
6,7368679E-002	1,120220594694497E-001	4,000000000000000E+000
6,8294466E-002	1,124438346467084E-001	4,000000000000000E+000
6,9380946E-002	1,127108921020947E-001	4,000000000000000E+000
7,0330091E-002	1,134774220969399E-001	4,000000000000000E+000
7,1328051E-002	1,154104350134735E-001	4,000000000000000E+000
7,2397985E-002	1,169608379541722E-001	4,000000000000000E+000
7,3396578E-002	1,189394106191617E-001	4,000000000000000E+000
7,4362278E-002	1,207121493881220E-001	4,000000000000000E+000
7,5262599E-002	1,222283643221962E-001	4,000000000000000E+000
7,6273717E-002	1,238621952598566E-001	4,000000000000000E+000
7,7370815E-002	1,255701037330760E-001	4,000000000000000E+000
7,8391925E-002	1,264760991972356E-001	4,000000000000000E+000
7,9292238E-002	1,272609040520529E-001	4,000000000000000E+000
8,0232464E-002	1,270247104715694E-001	4,000000000000000E+000
8,1365645E-002	1,273466502833693E-001	4,000000000000000E+000
8,2350977E-002	1,302663134928381E-001	4,000000000000000E+000
8,3355598E-002	1,313012256804444E-001	4,000000000000000E+000
8,4384136E-002	1,331873658389127E-001	4,000000000000000E+000
8,5362144E-002	1,350721417477835E-001	4,000000000000000E+000
8,6369663E-002	1,368925761327975E-001	4,000000000000000E+000
8,7346613E-002	1,386385739574008E-001	4,000000000000000E+000
8,8392973E-002	1,400991672546501E-001	4,000000000000000E+000
8,9420438E-002	1,413238646497053E-001	4,000000000000000E+000
9,0411618E-002	1,420251121399584E-001	4,000000000000000E+000
9,1316603E-002	1,417410124472727E-001	4,000000000000000E+000
9,2398636E-002	1,415693304432488E-001	4,000000000000000E+000
9,3294702E-002	1,430248892693617E-001	4,000000000000000E+000
9,4396681E-002	1,449612234029227E-001	4,000000000000000E+000
9,5339231E-002	1,470491182472973E-001	4,000000000000000E+000
9,6298158E-002	1,491833582899909E-001	4,000000000000000E+000
9,7286135E-002	1,511559609530699E-001	4,000000000000000E+000
9,8444149E-002	1,529995754913047E-001	4,000000000000000E+000
9,9369302E-002	1,547263971081483E-001	4,000000000000000E+000
1,0035601E-001	1,560288948627810E-001	4,000000000000000E+000
1,0128945E-001	1,567601307847166E-001	4,000000000000000E+000
1,0230801E-001	1,566525121322937E-001	4,000000000000000E+000
1,0337920E-001	1,558249417554454E-001	4,000000000000000E+000
1,0434852E-001	1,566292209792195E-001	4,000000000000000E+000
1,0541868E-001	1,602683671301718E-001	4,000000000000000E+000
1,0629791E-001	1,616025901813476E-001	4,000000000000000E+000
1,0734683E-001	1,637462253544351E-001	4,000000000000000E+000
1,0835562E-001	1,659450105012019E-001	4,000000000000000E+000
1,0934128E-001	1,680114291677324E-001	4,000000000000000E+000
1,1035134E-001	1,697461783747984E-001	4,000000000000000E+000
1,1140280E-001	1,714576678695501E-001	4,000000000000000E+000
1,1240692E-001	1,722621129204831E-001	4,000000000000000E+000
1,1332888E-001	1,721898799900108E-001	4,000000000000000E+000
1,1430625E-001	1,709268995284760E-001	4,000000000000000E+000
1,1528809E-001	1,711106324671872E-001	4,000000000000000E+000
1,1638264E-001	1,731719262725511E-001	4,000000000000000E+000
1,1733581E-001	1,758430964934323E-001	4,000000000000000E+000
1,1841317E-001	1,782466566569547E-001	4,000000000000000E+000
1,1942748E-001	1,806420971880904E-001	4,000000000000000E+000
1,2035859E-001	1,827723035692337E-001	4,000000000000000E+000
1,2133872E-001	1,847305289573137E-001	4,000000000000000E+000
1,2230505E-001	1,867092028087769E-001	4,000000000000000E+000
1,2338454E-001	1,877085934738045E-001	4,000000000000000E+000
1,2427954E-001	1,878455248488871E-001	4,000000000000000E+000
1,2540233E-001	1,862749584812533E-001	4,000000000000000E+000
1,2625764E-001	1,853500624980644E-001	4,000000000000000E+000
1,2733118E-001	1,872716324265902E-001	4,000000000000000E+000
1,2835215E-001	1,919833631254724E-001	4,000000000000000E+000
1,2931114E-001	1,932913056850709E-001	4,000000000000000E+000
1,3032313E-001	1,958405609691041E-001	4,000000000000000E+000
1,3133956E-001	1,981377031102225E-001	4,000000000000000E+000
1,3224538E-001	2,003871409084512E-001	4,000000000000000E+000
1,3333124E-001	2,023379582635787E-001	4,000000000000000E+000
1,3430627E-001	2,038358058090566E-001	4,000000000000000E+000
1,3540785E-001	2,040968434195269E-001	4,000000000000000E+000
1,3631919E-001	2,023465914858718E-001	4,000000000000000E+000
1,3737808E-001	2,003343520272112E-001	4,000000000000000E+000
1,3835163E-001	2,019615425486809E-001	4,000000000000000E+000
1,3937315E-001	2,048281220788217E-001	4,000000000000000E+000
1,4039533E-001	2,080587393569724E-001	4,000000000000000E+000
1,4132111E-001	2,111012539998813E-001	4,000000000000000E+000
1,4238766E-001	2,136380832504345E-001	4,000000000000000E+000
1,4330621E-001	2,159254752375466E-001	4,000000000000000E+000
1,4439915E-001	2,198567413897428E-001	4,000000000000000E+000
1,4530212E-001	2,203430455109032E-001	4,000000000000000E+000
1,4632343E-001	2,206138828079465E-001	4,000000000000000E+000
1,4733924E-001	2,191296216376399E-001	4,000000000000000E+000
1,4829202E-001	2,162156164642344E-001	4,000000000000000E+000
1,4932546E-001	2,167291688146413E-001	4,000000000000000E+000
1,5033120E-001	2,196250807976825E-001	4,000000000000000E+000
1,5136269E-001	2,231840037016402E-001	4,000000000000000E+000
1,5230544E-001	2,264676786683224E-001	4,000000000000000E+000
1,5331785E-001	2,292731155951815E-001	4,000000000000000E+000
1,5427038E-001	2,323038358310310E-001	4,000000000000000E+000
1,5529914E-001	2,344686587996501E-001	4,000000000000000E+000
1,5632704E-001	2,368840632477287E-001	4,000000000000000E+000
1,5734048E-001	2,375869374998203E-001	4,000000000000000E+000
1,5821172E-001	2,363547775549470E-001	4,000000000000000E+000
1,5936296E-001	2,326191377101674E-001	4,000000000000000E+000
1,6031379E-001	2,316770294198296E-001	4,000000000000000E+000
1,6130370E-001	2,345959216149318E-001	4,000000000000000E+000
1,6225898E-001	2,383813729371742E-001	4,000000000000000E+000
1,6331299E-001	2,421701478047491E-001	4,000000000000000E+000
1,6431241E-001	2,460746702013732E-001	4,000000000000000E+000
1,6528915E-001	2,492062763345472E-001	4,000000000000000E+000
1,6631363E-001	2,516482550029941E-001	4,000000000000000E+000
1,6732116E-001	2,541579325441954E-001	4,000000000000000E+000
1,6838409E-001	2,551678962384658E-001	4,000000000000000E+000
1,6933388E-001	2,544692354621700E-001	4,000000000000000E+000
1,7036004E-001	2,504553149488804E-001	4,000000000000000E+000
1,7120549E-001	2,473018048233937E-001	4,000000000000000E+000
1,7234831E-001	2,496811279820077E-001	4,000000000000000E+000
1,7333926E-001	2,536455484245117E-001	4,000000000000000E+000
1,7435230E-001	2,585800834069092E-001	4,000000000000000E+000
1,7534836E-001	2,622544863778691E-001	4,000000000000000E+000
1,7629623E-001	2,658014029126472E-001	4,000000000000000E+000
1,7735341E-001	2,685242614674357E-001	4,000000000000000E+000
1,7829745E-001	2,713444283301083E-001	4,000000000000000E+000
1,7934638E-001	2,732776996714097E-001	4,000000000000000E+000
1,8037450E-001	2,724349218317206E-001	4,000000000000000E+000
1,8133253E-001	2,688510331359737E-001	4,000000000000000E+000
1,8237701E-001	2,638699112597993E-001	4,000000000000000E+000
1,8327369E-001	2,651445180591612E-001	4,000000000000000E+000
1,8426956E-001	2,696897700704908E-001	4,000000000000000E+000
1,8528028E-001	2,759603164331219E-001	4,000000000000000E+000
1,8630789E-001	2,792514235954042E-001	4,000000000000000E+000
1,8729460E-001	2,832564470116745E-001	4,000000000000000E+000
1,8834203E-001	2,864149234223150E-001	4,000000000000000E+000
1,8928014E-001	2,894259613973116E-001	4,000000000000000E+000
1,9028617E-001	2,916812974683660E-001	4,000000000000000E+000
1,9131322E-001	2,913859536595380E-001	4,000000000000000E+000
1,9237804E-001	2,880265425752706E-001	4,000000000000000E+000
1,9333802E-001	2,811718224030395E-001	4,000000000000000E+000
1,9437419E-001	2,811123994696474E-001	4,000000000000000E+000
1,9519043E-001	2,860201615150325E-001	4,000000000000000E+000
1,9631998E-001	2,913519246848644E-001	4,000000000000000E+000
1,9729760E-001	2,965928706926872E-001	4,000000000000000E+000
1,9829406E-001	3,007744487926916E-001	4,000000000000000E+000
1,9930032E-001	3,062451254507459E-001	4,000000000000000E+000
2,0011449E-001	3,080700860048329E-001	4,000000000000000E+000
2,0037621E-001	3,093242615461349E-001	4,000000000000000E+000
1,9977970E-001	2,826670967387395E-001	4,000000000000000E+000
1,9886878E-001	2,766967512736169E-001	4,000000000000000E+000
1,9780162E-001	2,697501977629679E-001	4,000000000000000E+000
1,9679260E-001	2,590973062647716E-001	4,000000000000000E+000
1,9580518E-001	2,476050328739259E-001	4,000000000000000E+000
1,9477636E-001	2,467993909355115E-001	4,000000000000000E+000
1,9384143E-001	2,479045938148543E-001	4,000000000000000E+000
1,9275217E-001	2,490711459821013E-001	4,000000000000000E+000
1,9182321E-001	2,497609204923110E-001	4,000000000000000E+000
1,9081758E-001	2,498603273114126E-001	4,000000000000000E+000
1,8979777E-001	2,495596676168075E-001	4,000000000000000E+000
1,8884842E-001	2,485479661436001E-001	4,000000000000000E+000
1,8784069E-001	2,468001693487170E-001	4,000000000000000E+000
1,8689854E-001	2,424928486968083E-001	4,000000000000000E+000
1,8579039E-001	2,354288076016082E-001	4,000000000000000E+000
1,8484023E-001	2,257573964695139E-001	4,000000000000000E+000
1,8388237E-001	2,212638435418284E-001	4,000000000000000E+000
1,8280250E-001	2,234034877684388E-001	4,000000000000000E+000
1,8182264E-001	2,248902753303275E-001	4,000000000000000E+000
1,8080644E-001	2,258330037886331E-001	4,000000000000000E+000
1,7979258E-001	2,262908242366930E-001	4,000000000000000E+000
1,7882374E-001	2,260106950653382E-001	4,000000000000000E+000
1,7780586E-001	2,256548666498732E-001	4,000000000000000E+000
1,7685363E-001	2,244248305688847E-001	4,000000000000000E+000
1,7588304E-001	2,214130358770490E-001	4,000000000000000E+000
1,7485896E-001	2,158495831061851E-001	4,000000000000000E+000
1,7379880E-001	2,073848329277492E-001	4,000000000000000E+000
1,7281762E-001	2,030698760516110E-001	4,000000000000000E+000
1,7175597E-001	2,034032749426040E-001	4,000000000000000E+000
1,7074718E-001	2,044217974568419E-001	4,000000000000000E+000
1,6973583E-001	2,053818453655198E-001	4,000000000000000E+000
1,6887309E-001	2,057465393855056E-001	4,000000000000000E+000
1,6787682E-001	2,059611135886774E-001	4,000000000000000E+000
1,6678078E-001	2,053024272468904E-001	4,000000000000000E+000
1,6587709E-001	2,045048709820807E-001	4,000000000000000E+000
1,6478062E-001	2,021104744463056E-001	4,000000000000000E+000
1,6386269E-001	1,982044358565300E-001	4,000000000000000E+000
1,6282904E-001	1,891645909356026E-001	4,000000000000000E+000
1,6181497E-001	1,852183872488924E-001	4,000000000000000E+000
1,6091043E-001	1,846479692979277E-001	4,000000000000000E+000
1,5986216E-001	1,854814736655466E-001	4,000000000000000E+000
1,5881579E-001	1,862283885409983E-001	4,000000000000000E+000
1,5782715E-001	1,864399243215176E-001	4,000000000000000E+000
1,5683196E-001	1,865095400458410E-001	4,000000000000000E+000
1,5583102E-001	1,860183795258679E-001	4,000000000000000E+000
1,5485515E-001	1,854077375976848E-001	4,000000000000000E+000
1,5382873E-001	1,837815952797726E-001	4,000000000000000E+000
1,5282524E-001	1,807286680883013E-001	4,000000000000000E+000
1,5182281E-001	1,748691267437410E-001	4,000000000000000E+000
1,5078537E-001	1,690241227926754E-001	4,000000000000000E+000
1,4978909E-001	1,673944116121642E-001	4,000000000000000E+000
1,4880939E-001	1,678151386548530E-001	4,000000000000000E+000
1,4784582E-001	1,683359246494036E-001	4,000000000000000E+000
1,4685741E-001	1,686909470396736E-001	4,000000000000000E+000
1,4587493E-001	1,684876792650256E-001	4,000000000000000E+000
1,4484300E-001	1,682717457965563E-001	4,000000000000000E+000
1,4390087E-001	1,674426327183565E-001	4,000000000000000E+000
1,4287892E-001	1,662416874465567E-001	4,000000000000000E+000
1,4188832E-001	1,620713065171406E-001	4,000000000000000E+000
1,4082995E-001	1,590220931641483E-001	4,000000000000000E+000
1,3985343E-001	1,531589373394291E-001	4,000000000000000E+000
1,3884124E-001	1,507176705636084E-001	4,000000000000000E+000
1,3785347E-001	1,507417834708806E-001	4,000000000000000E+000
1,3686231E-001	1,511983074661756E-001	4,000000000000000E+000
1,3581209E-001	1,513516405183402E-001	4,000000000000000E+000
1,3484661E-001	1,510532154115261E-001	4,000000000000000E+000
1,3383509E-001	1,505938338771194E-001	4,000000000000000E+000
1,3283329E-001	1,499082250520583E-001	4,000000000000000E+000
1,3188690E-001	1,488171955053177E-001	4,000000000000000E+000
1,3085519E-001	1,467537388067552E-001	4,000000000000000E+000
1,2982135E-001	1,434819697643872E-001	4,000000000000000E+000
1,2889493E-001	1,381710795858118E-001	4,000000000000000E+000
1,2792313E-001	1,332713970397083E-001	4,000000000000000E+000
1,2680881E-001	1,339481180464781E-001	4,000000000000000E+000
1,2586647E-001	1,339822895824918E-001	4,000000000000000E+000
1,2479887E-001	1,340233241207898E-001	4,000000000000000E+000
1,2385397E-001	1,336789705307670E-001	4,000000000000000E+000
1,2285516E-001	1,333812902060654E-001	4,000000000000000E+000
1,2185443E-001	1,325706667266784E-001	4,000000000000000E+000
1,2091868E-001	1,317262034863231E-001	4,000000000000000E+000
1,1979397E-001	1,300894867076909E-001	4,000000000000000E+000
1,1885121E-001	1,273171262884580E-001	4,000000000000000E+000
1,1785961E-001	1,228114787868602E-001	4,000000000000000E+000
1,1693510E-001	1,192230869739971E-001	4,000000000000000E+000
1,1577345E-001	1,181178576209478E-001	4,000000000000000E+000
1,1484513E-001	1,176789098039824E-001	4,000000000000000E+000
1,1386818E-001	1,177302131049887E-001	4,000000000000000E+000
1,1286554E-001	1,172541332845056E-001	4,000000000000000E+000
1,1184444E-001	1,169282319024205E-001	4,000000000000000E+000
1,1083885E-001	1,160849855902296E-001	4,000000000000000E+000
1,0975999E-001	1,153347169704460E-001	4,000000000000000E+000
1,0874632E-001	1,139540936694377E-001	4,000000000000000E+000
1,0786743E-001	1,118366465282938E-001	4,000000000000000E+000
1,0680155E-001	1,083711657535147E-001	4,000000000000000E+000
1,0585538E-001	1,029174513942390E-001	4,000000000000000E+000
1,0488270E-001	1,025901246746930E-001	4,000000000000000E+000
1,0376099E-001	1,019206402857822E-001	4,000000000000000E+000
1,0281716E-001	1,017926696998376E-001	4,000000000000000E+000
1,0180964E-001	1,012791511085300E-001	4,000000000000000E+000
1,0088682E-001	1,008275505327789E-001	4,000000000000000E+000
9,9888436E-002	1,000017543081884E-001	4,000000000000000E+000
9,8821059E-002	9,905501256731375E-002	4,000000000000000E+000
9,7763859E-002	9,796448146786396E-002	4,000000000000000E+000
9,6796259E-002	9,625418105645656E-002	4,000000000000000E+000
9,5874071E-002	9,346912421837983E-002	4,000000000000000E+000
9,4836414E-002	8,952342834392646E-002	4,000000000000000E+000
9,3832932E-002	8,758944878354646E-002	4,000000000000000E+000
9,2835382E-002	8,669222312703484E-002	4,000000000000000E+000
9,1868207E-002	8,619772860159447E-002	4,000000000000000E+000
9,0880007E-002	8,581357660565381E-002	4,000000000000000E+000
8,9860387E-002	8,489871953821015E-002	4,000000000000000E+000
8,8795982E-002	8,432977785425366E-002	4,000000000000000E+000
8,7779552E-002	8,344228783001495E-002	4,000000000000000E+000
8,6943120E-002	8,230415742878858E-002	4,000000000000000E+000
8,5806549E-002	8,080668040309780E-002	4,000000000000000E+000
8,4856987E-002	7,847120092871296E-002	4,000000000000000E+000
8,3863035E-002	7,374984695990039E-002	4,000000000000000E+000
8,2934536E-002	7,224522540518223E-002	4,000000000000000E+000
8,1850596E-002	7,152721326349809E-002	4,000000000000000E+000
8,0823548E-002	7,068007319510261E-002	4,000000000000000E+000
7,9835773E-002	7,017444053457830E-002	4,000000000000000E+000
7,8854159E-002	6,946766533440474E-002	4,000000000000000E+000
7,7866174E-002	6,855169190438826E-002	4,000000000000000E+000
7,6790720E-002	6,740275178863508E-002	4,000000000000000E+000
7,5742446E-002	6,660541742005255E-002	4,000000000000000E+000
7,4773982E-002	6,546325771207018E-002	4,000000000000000E+000
7,3773049E-002	6,326994172262934E-002	4,000000000000000E+000
7,2846621E-002	6,058612314087375E-002	4,000000000000000E+000
7,1795374E-002	5,801825429726815E-002	4,000000000000000E+000
7,0838600E-002	5,647761780872126E-002	4,000000000000000E+000
6,9820039E-002	5,577315519460346E-002	4,000000000000000E+000
6,8822287E-002	5,510420105592484E-002	4,000000000000000E+000
6,7859560E-002	5,414072174958329E-002	4,000000000000000E+000
6,6934623E-002	5,339563312871326E-002	4,000000000000000E+000
6,5774053E-002	5,235818933040171E-002	4,000000000000000E+000
6,4872891E-002	5,134053854271772E-002	4,000000000000000E+000
6,3917808E-002	4,986152922976073E-002	4,000000000000000E+000
6,2916026E-002	4,857319384744341E-002	4,000000000000000E+000
6,1795615E-002	4,480862834370092E-002	4,000000000000000E+000
6,0356528E-002	4,717526139898442E-002	4,000000000000000E+000
5,9223216E-002	3,983768318883252E-002	4,000000000000000E+000
5,8331821E-002	3,959628216128945E-002	4,000000000000000E+000
5,7077207E-002	3,887107199558093E-002	4,000000000000000E+000
5,6247801E-002	3,795118645454451E-002	4,000000000000000E+000
5,5229034E-002	3,705314553722196E-002	4,000000000000000E+000
5,4243166E-002	3,597861036865224E-002	4,000000000000000E+000
5,3172607E-002	3,480823407880956E-002	4,000000000000000E+000
5,2147679E-002	3,360387228894973E-002	4,000000000000000E+000
5,1180489E-002	3,182022896578041E-002	4,000000000000000E+000
5,0276566E-002	2,961458002769013E-002	4,000000000000000E+000
4,9199846E-002	2,743166432008831E-002	4,000000000000000E+000
4,8197642E-002	2,610359867362097E-002	4,000000000000000E+000
4,7276944E-002	2,507801634190543E-002	4,000000000000000E+000
4,6263691E-002	2,421130528414839E-002	4,000000000000000E+000
4,5302667E-002	2,308442716538495E-002	4,000000000000000E+000
4,4276256E-002	2,218144303360198E-002	4,000000000000000E+000
4,3155596E-002	2,098101432029920E-002	4,000000000000000E+000
4,2289246E-002	1,990163540553860E-002	4,000000000000000E+000
4,1199476E-002	1,795737782743312E-002	4,000000000000000E+000
4,0390778E-002	1,675990394195884E-002	4,000000000000000E+000
3,9141484E-002	1,486555020393874E-002	4,000000000000000E+000
3,8187884E-002	1,285262977061966E-002	4,000000000000000E+000
3,7170179E-002	1,142917944148567E-002	4,000000000000000E+000
3,6281113E-002	1,016305746290729E-002	4,000000000000000E+000
3,5181254E-002	9,052251461306936E-003	4,000000000000000E+000
3,4190506E-002	8,077768474187758E-003	4,000000000000000E+000
3,3239879E-002	6,879880671880972E-003	4,000000000000000E+000
3,2194365E-002	6,061972925198042E-003	4,000000000000000E+000
3,1273250E-002	4,677040115455895E-003	4,000000000000000E+000
2,9864194E-002	2,767624843596547E-003	4,000000000000000E+000
2,8655445E-002	2,038521053219916E-003	4,000000000000000E+000
2,7675100E-002	2,223644493626531E-004	4,000000000000000E+000
2,6775630E-002	-2,735885795792211E-003	4,000000000000000E+000
2,5751982E-002	-3,923484525768330E-003	4,000000000000000E+000
2,4748286E-002	-4,717663832168355E-003	4,000000000000000E+000
2,3667745E-002	-5,887499340503727E-003	4,000000000000000E+000
2,2734739E-002	-7,085079082537915E-003	4,000000000000000E+000
2,1843338E-002	-8,200586728182503E-003	4,000000000000000E+000
2,0735838E-002	-9,211489156802657E-003	4,000000000000000E+000
1,9596253E-002	-7,685387005330984E-003	4,000000000000000E+000
1,7993012E-002	-1,631477260121353E-002	4,000000000000000E+000
1,7058965E-002	-1,509394336069284E-002	4,000000000000000E+000
1,6054418E-002	-1,624159204678749E-002	4,000000000000000E+000
1,5049239E-002	-1,792803722330261E-002	4,000000000000000E+000
1,4051698E-002	-1,916212747649593E-002	4,000000000000000E+000
1,3105317E-002	-2,041007805382836E-002	4,000000000000000E+000
1,2029021E-002	-2,165374374750112E-002	4,000000000000000E+000
1,1103021E-002	-2,269572947450254E-002	4,000000000000000E+000
1,0123312E-002	-2,403336484416363E-002	4,000000000000000E+000
9,0894718E-003	-2,517031758799454E-002	4,000000000000000E+000
8,0484143E-003	-2,640444122220359E-002	4,000000000000000E+000
7,0659462E-003	-2,784579893125705E-002	4,000000000000000E+000
6,1855852E-003	-2,911626457460914E-002	4,000000000000000E+000
5,0969771E-003	-3,051728334847004E-002	4,000000000000000E+000
4,0557068E-003	-3,216646557794550E-002	4,000000000000000E+000
3,1496603E-003	-3,346244357008910E-002	4,000000000000000E+000
2,1304679E-003	-3,483197797107052E-002	4,000000000000000E+000
1,0624505E-003	-3,611675177321394E-002	4,000000000000000E+000
1,6935050E-005	-3,738335031515883E-002	4,000000000000000E+000
-9,1118924E-004	-3,871283366741557E-002	4,000000000000000E+000
-1,9133994E-003	-3,972977670599454E-002	4,000000000000000E+000
-2,9345029E-003	-4,096955334750452E-002	4,000000000000000E+000
-3,8721925E-003	-4,390500288853350E-002	4,000000000000000E+000
-4,9616043E-003	-4,410089190221490E-002	4,000000000000000E+000
-5,8595841E-003	-4,517178762169471E-002	4,000000000000000E+000
-6,8840850E-003	-4,644376624599766E-002	4,000000000000000E+000
-7,8115729E-003	-4,790713392301560E-002	4,000000000000000E+000
-8,8398932E-003	-4,924663338654978E-002	4,000000000000000E+000
-9,9836951E-003	-5,053671602918586E-002	4,000000000000000E+000
-1,0924555E-002	-5,200545300074189E-002	4,000000000000000E+000
-1,1875605E-002	-5,326093484095673E-002	4,000000000000000E+000
-1,2838546E-002	-5,460495902742782E-002	4,000000000000000E+000
-1,3864320E-002	-5,572124628384639E-002	4,000000000000000E+000
-1,4880328E-002	-5,719123658275715E-002	4,000000000000000E+000
-1,5827771E-002	-5,825405765359337E-002	4,000000000000000E+000
-1,6956288E-002	-5,951191316772642E-002	4,000000000000000E+000
-1,7869553E-002	-6,045194698014730E-002	4,000000000000000E+000
-1,8879404E-002	-6,196287188989408E-002	4,000000000000000E+000
-1,9797340E-002	-6,334727441167676E-002	4,000000000000000E+000
-2,0844975E-002	-6,476636268888372E-002	4,000000000000000E+000
-2,1960968E-002	-6,621479240453049E-002	4,000000000000000E+000
-2,2894187E-002	-6,758426163449041E-002	4,000000000000000E+000
-2,3883663E-002	-6,899762011340072E-002	4,000000000000000E+000
-2,4911350E-002	-7,049969087044428E-002	4,000000000000000E+000
-2,5871342E-002	-7,271407773131844E-002	4,000000000000000E+000
-2,6913414E-002	-7,281237283583586E-002	4,000000000000000E+000
-2,8009862E-002	-7,417504344549430E-002	4,000000000000000E+000
-2,8914426E-002	-7,493890038070586E-002	4,000000000000000E+000
-2,9961215E-002	-7,604101214005993E-002	4,000000000000000E+000
-3,0782772E-002	-7,769141173749050E-002	4,000000000000000E+000
-3,1965423E-002	-7,902454032079831E-002	4,000000000000000E+000
-3,2827534E-002	-8,054594001387844E-002	4,000000000000000E+000
-3,3909556E-002	-8,211058149700645E-002	4,000000000000000E+000
-3,4854665E-002	-8,334620950605576E-002	4,000000000000000E+000
-3,5898481E-002	-8,486823819543177E-002	4,000000000000000E+000
-3,6994308E-002	-8,611369285629022E-002	4,000000000000000E+000
-3,7833065E-002	-8,736256213375881E-002	4,000000000000000E+000
-3,8814466E-002	-8,852630827782881E-002	4,000000000000000E+000
-3,9913267E-002	-8,903620361902370E-002	4,000000000000000E+000
-4,0861771E-002	-8,987519498569574E-002	4,000000000000000E+000
-4,1865464E-002	-9,154614153387081E-002	4,000000000000000E+000
-4,3013513E-002	-9,300908254873397E-002	4,000000000000000E+000
-4,3860123E-002	-9,466228741048666E-002	4,000000000000000E+000
-4,4823058E-002	-9,621587828560640E-002	4,000000000000000E+000
-4,5933954E-002	-9,756418637482933E-002	4,000000000000000E+000
-4,6899866E-002	-9,916960548057607E-002	4,000000000000000E+000
-4,7941566E-002	-1,004984996936944E-001	4,000000000000000E+000
-4,8876066E-002	-1,036027954994803E-001	4,000000000000000E+000
-4,9894381E-002	-1,029465332178884E-001	4,000000000000000E+000
-5,0850298E-002	-1,034395785450388E-001	4,000000000000000E+000
-5,1875439E-002	-1,040440898871533E-001	4,000000000000000E+000
-5,2705701E-002	-1,054766440281159E-001	4,000000000000000E+000
-5,3775419E-002	-1,070084121354202E-001	4,000000000000000E+000
-5,4884620E-002	-1,087750784914798E-001	4,000000000000000E+000
-5,6124229E-002	-1,105689121617212E-001	4,000000000000000E+000
-5,7494354E-002	-1,126315311563229E-001	4,000000000000000E+000
-5,8554944E-002	-1,141250550539961E-001	4,000000000000000E+000
-5,9519790E-002	-1,156511340738724E-001	4,000000000000000E+000
-6,0577199E-002	-1,166701100904632E-001	4,000000000000000E+000
-6,1578341E-002	-1,175527550038638E-001	4,000000000000000E+000
-6,2506035E-002	-1,176600153385488E-001	4,000000000000000E+000
-6,3510373E-002	-1,182915014559744E-001	4,000000000000000E+000
-6,4594105E-002	-1,198687435955641E-001	4,000000000000000E+000
-6,5509073E-002	-1,215668441727760E-001	4,000000000000000E+000
-6,6564769E-002	-1,234624025204947E-001	4,000000000000000E+000
-6,7479946E-002	-1,251337949910929E-001	4,000000000000000E+000
-6,8514213E-002	-1,268520026847173E-001	4,000000000000000E+000
-6,9642730E-002	-1,285071338492410E-001	4,000000000000000E+000
-7,0530310E-002	-1,297812742284602E-001	4,000000000000000E+000
-7,1542285E-002	-1,310219810585735E-001	4,000000000000000E+000
-7,2515801E-002	-1,327037317678332E-001	4,000000000000000E+000
-7,3493466E-002	-1,324921265233491E-001	4,000000000000000E+000
-7,4492387E-002	-1,325716225740808E-001	4,000000000000000E+000
-7,5549997E-002	-1,340480772260988E-001	4,000000000000000E+000
-7,6460928E-002	-1,359350082499009E-001	4,000000000000000E+000
-7,7572241E-002	-1,376020163987521E-001	4,000000000000000E+000
-7,8502283E-002	-1,396517435399192E-001	4,000000000000000E+000
-7,9542696E-002	-1,412440100857231E-001	4,000000000000000E+000
-8,0585882E-002	-1,430232623867962E-001	4,000000000000000E+000
-8,1614621E-002	-1,446668999614538E-001	4,000000000000000E+000
-8,2582235E-002	-1,459730464999605E-001	4,000000000000000E+000
-8,3584234E-002	-1,469613912653321E-001	4,000000000000000E+000
-8,4487945E-002	-1,470123653438080E-001	4,000000000000000E+000
-8,5536219E-002	-1,466502116613645E-001	4,000000000000000E+000
-8,6571328E-002	-1,478322635542737E-001	4,000000000000000E+000
-8,7548487E-002	-1,497467335106599E-001	4,000000000000000E+000
-8,8599525E-002	-1,517334272222663E-001	4,000000000000000E+000
-8,9561410E-002	-1,538004983147538E-001	4,000000000000000E+000
-9,0531774E-002	-1,556216193259590E-001	4,000000000000000E+000
-9,1460541E-002	-1,577504405027459E-001	4,000000000000000E+000
-9,2514962E-002	-1,591942630777208E-001	4,000000000000000E+000
-9,3538195E-002	-1,607895517652784E-001	4,000000000000000E+000
-9,4532423E-002	-1,634974025224371E-001	4,000000000000000E+000
-9,5495455E-002	-1,622574173293450E-001	4,000000000000000E+000
-9,6478231E-002	-1,613698719725112E-001	4,000000000000000E+000
-9,7441256E-002	-1,621164095726001E-001	4,000000000000000E+000
-9,8545782E-002	-1,638728571469312E-001	4,000000000000000E+000
-9,9459901E-002	-1,661218368551793E-001	4,000000000000000E+000
-1,0047571E-001	-1,682789167044337E-001	4,000000000000000E+000
-1,0153054E-001	-1,704491198200861E-001	4,000000000000000E+000
-1,0260515E-001	-1,724382655488118E-001	4,000000000000000E+000
-1,0351927E-001	-1,743107743354314E-001	4,000000000000000E+000
-1,0448963E-001	-1,760549177070732E-001	4,000000000000000E+000
-1,0550735E-001	-1,771666865312936E-001	4,000000000000000E+000
-1,0658131E-001	-1,776327036355656E-001	4,000000000000000E+000
-1,0748608E-001	-1,765401733142360E-001	4,000000000000000E+000
-1,0852905E-001	-1,764146489505136E-001	4,000000000000000E+000
-1,0958306E-001	-1,780070676813247E-001	4,000000000000000E+000
-1,1050502E-001	-1,803798275240860E-001	4,000000000000000E+000
-1,1155753E-001	-1,828890636873743E-001	4,000000000000000E+000
-1,1250116E-001	-1,850665961564687E-001	4,000000000000000E+000
-1,1352863E-001	-1,874384219171823E-001	4,000000000000000E+000
-1,1452081E-001	-1,908091586773041E-001	4,000000000000000E+000
-1,1555339E-001	-1,916036491144311E-001	4,000000000000000E+000
-1,1645796E-001	-1,930029197699490E-001	4,000000000000000E+000
-1,1755230E-001	-1,936697641008152E-001	4,000000000000000E+000
-1,1856300E-001	-1,926326382284360E-001	4,000000000000000E+000
-1,1958941E-001	-1,914019696069538E-001	4,000000000000000E+000
-1,2056190E-001	-1,928451973082567E-001	4,000000000000000E+000
-1,2154055E-001	-1,951201687290993E-001	4,000000000000000E+000
-1,2253851E-001	-1,978164747426344E-001	4,000000000000000E+000
-1,2355219E-001	-2,005044038028072E-001	4,000000000000000E+000
-1,2447670E-001	-2,029124595638772E-001	4,000000000000000E+000
-1,2554431E-001	-2,050619058104015E-001	4,000000000000000E+000
-1,2650576E-001	-2,074082009839240E-001	4,000000000000000E+000
-1,2746127E-001	-2,090599511025679E-001	4,000000000000000E+000
-1,2862480E-001	-2,095917477444919E-001	4,000000000000000E+000
-1,2954359E-001	-2,090376651742392E-001	4,000000000000000E+000
-1,3056852E-001	-2,068050418532010E-001	4,000000000000000E+000
-1,3149919E-001	-2,074597856650753E-001	4,000000000000000E+000
-1,3249971E-001	-2,099877784580548E-001	4,000000000000000E+000
-1,3346753E-001	-2,131476558882880E-001	4,000000000000000E+000
-1,3452685E-001	-2,160123347615199E-001	4,000000000000000E+000
-1,3551822E-001	-2,185812241018379E-001	4,000000000000000E+000
-1,3653296E-001	-2,228429756230776E-001	4,000000000000000E+000
-1,3759457E-001	-2,236567497667341E-001	4,000000000000000E+000
-1,3854201E-001	-2,255548865154924E-001	4,000000000000000E+000
-1,3952024E-001	-2,265414596983677E-001	4,000000000000000E+000
-1,4053752E-001	-2,263147987908241E-001	4,000000000000000E+000
-1,4148919E-001	-2,234194495335768E-001	4,000000000000000E+000
-1,4248823E-001	-2,230808390649388E-001	4,000000000000000E+000
-1,4352229E-001	-2,251585843731396E-001	4,000000000000000E+000
-1,4456525E-001	-2,283566213316379E-001	4,000000000000000E+000
-1,4545283E-001	-2,315222891737461E-001	4,000000000000000E+000
-1,4646544E-001	-2,346066371365273E-001	4,000000000000000E+000
-1,4755087E-001	-2,374940795685949E-001	4,000000000000000E+000
-1,4853399E-001	-2,400492828822229E-001	4,000000000000000E+000
-1,4953704E-001	-2,422841711797652E-001	4,000000000000000E+000
-1,5057215E-001	-2,435446010419628E-001	4,000000000000000E+000
-1,5146439E-001	-2,435196438735288E-001	4,000000000000000E+000
-1,5251713E-001	-2,405494861994626E-001	4,000000000000000E+000
-1,5354672E-001	-2,387314472968385E-001	4,000000000000000E+000
-1,5454681E-001	-2,404756789199176E-001	4,000000000000000E+000
-1,5545690E-001	-2,437115821780438E-001	4,000000000000000E+000
-1,5654019E-001	-2,474005142640729E-001	4,000000000000000E+000
-1,5754905E-001	-2,524902849561641E-001	4,000000000000000E+000
-1,5855326E-001	-2,542589960481823E-001	4,000000000000000E+000
-1,5948524E-001	-2,571797455074618E-001	4,000000000000000E+000
-1,6054156E-001	-2,597930726974653E-001	4,000000000000000E+000
-1,6154420E-001	-2,618410214436828E-001	4,000000000000000E+000
-1,6253261E-001	-2,619336832452701E-001	4,000000000000000E+000
-1,6355011E-001	-2,595442589027477E-001	4,000000000000000E+000
-1,6450539E-001	-2,558484432735924E-001	4,000000000000000E+000
-1,6543120E-001	-2,566648206708058E-001	4,000000000000000E+000
-1,6648944E-001	-2,600754448040217E-001	4,000000000000000E+000
-1,6750672E-001	-2,640705779884707E-001	4,000000000000000E+000
-1,6847962E-001	-2,680808382315769E-001	4,000000000000000E+000
-1,6952473E-001	-2,716930482743511E-001	4,000000000000000E+000
-1,7048427E-001	-2,748467680756703E-001	4,000000000000000E+000
-1,7148522E-001	-2,778670455294623E-001	4,000000000000000E+000
-1,7251223E-001	-2,814831487075597E-001	4,000000000000000E+000
-1,7348619E-001	-2,809777779642628E-001	4,000000000000000E+000
-1,7444938E-001	-2,791609480897393E-001	4,000000000000000E+000
-1,7547129E-001	-2,739844993101785E-001	4,000000000000000E+000
-1,7652230E-001	-2,733846910780781E-001	4,000000000000000E+000
-1,7745645E-001	-2,767913037980047E-001	4,000000000000000E+000
-1,7849511E-001	-2,810626664302416E-001	4,000000000000000E+000
-1,7958987E-001	-2,855493770567357E-001	4,000000000000000E+000
-1,8051162E-001	-2,896905775630363E-001	4,000000000000000E+000
-1,8158472E-001	-2,931405067512838E-001	4,000000000000000E+000
-1,8262535E-001	-2,963966821768764E-001	4,000000000000000E+000
-1,8351719E-001	-2,994171680054724E-001	4,000000000000000E+000
-1,8455146E-001	-3,001722417840800E-001	4,000000000000000E+000
-1,8546684E-001	-2,988582762579126E-001	4,000000000000000E+000
-1,8659452E-001	-2,930511009568963E-001	4,000000000000000E+000
-1,8745746E-001	-2,901251925224499E-001	4,000000000000000E+000
-1,8851550E-001	-2,933006554290081E-001	4,000000000000000E+000
-1,8958436E-001	-2,978415212904419E-001	4,000000000000000E+000
-1,9051716E-001	-3,029779567624686E-001	4,000000000000000E+000
-1,9156595E-001	-3,090311803820516E-001	4,000000000000000E+000
-1,9251603E-001	-3,120286175981172E-001	4,000000000000000E+000
-1,9350889E-001	-3,159729277508136E-001	4,000000000000000E+000
-1,9461046E-001	-3,189449834947791E-001	4,000000000000000E+000
-1,9548996E-001	-3,204776384971200E-001	4,000000000000000E+000
-1,9656266E-001	-3,195894628211295E-001	4,000000000000000E+000
-1,9759503E-001	-3,137483029729791E-001	4,000000000000000E+000
-1,9852784E-001	-3,084983557669652E-001	4,000000000000000E+000
-1,9923349E-001	-3,095600715993587E-001	4,000000000000000E+000
-1,9966778E-001	-3,107208634416263E-001	4,000000000000000E+000
-1,9892614E-001	-2,861104372336909E-001	4,000000000000000E+000
-1,9797190E-001	-2,841312007081747E-001	4,000000000000000E+000
-1,9695292E-001	-2,839556733767195E-001	4,000000000000000E+000
-1,9586778E-001	-2,817849795575496E-001	4,000000000000000E+000
-1,9494191E-001	-2,827222036818663E-001	4,000000000000000E+000
-1,9388433E-001	-2,816382697266016E-001	4,000000000000000E+000
-1,9288720E-001	-2,801711518248480E-001	4,000000000000000E+000
-1,9196080E-001	-2,765446089346089E-001	4,000000000000000E+000
-1,9090571E-001	-2,703724243091767E-001	4,000000000000000E+000
-1,9003958E-001	-2,596679106699655E-001	4,000000000000000E+000
-1,8898506E-001	-2,514977468936532E-001	4,000000000000000E+000
-1,8795559E-001	-2,522235176077596E-001	4,000000000000000E+000
-1,8696590E-001	-2,533066026797446E-001	4,000000000000000E+000
-1,8597187E-001	-2,547060617308925E-001	4,000000000000000E+000
-1,8493961E-001	-2,555468418463835E-001	4,000000000000000E+000
-1,8387674E-001	-2,556601813476949E-001	4,000000000000000E+000
-1,8290575E-001	-2,555119018242857E-001	4,000000000000000E+000
-1,8186831E-001	-2,545242248172013E-001	4,000000000000000E+000
-1,8095717E-001	-2,524456435262619E-001	4,000000000000000E+000
-1,7995623E-001	-2,480041892095279E-001	4,000000000000000E+000
-1,7892027E-001	-2,394226240339106E-001	4,000000000000000E+000
-1,7789958E-001	-2,319968845005391E-001	4,000000000000000E+000
-1,7693283E-001	-2,302898933973021E-001	4,000000000000000E+000
-1,7590407E-001	-2,311190914155716E-001	4,000000000000000E+000
-1,7488872E-001	-2,323675991415417E-001	4,000000000000000E+000
-1,7390922E-001	-2,328837155191987E-001	4,000000000000000E+000
-1,7288874E-001	-2,334811615378225E-001	4,000000000000000E+000
-1,7185639E-001	-2,333318791869616E-001	4,000000000000000E+000
-1,7088093E-001	-2,326735906578881E-001	4,000000000000000E+000
-1,6992159E-001	-2,313364470998451E-001	4,000000000000000E+000
-1,6882220E-001	-2,272492603709293E-001	4,000000000000000E+000
-1,6786116E-001	-2,209912345710179E-001	4,000000000000000E+000
-1,6695768E-001	-2,135184313412068E-001	4,000000000000000E+000
-1,6589303E-001	-2,108728746987043E-001	4,000000000000000E+000
-1,6495365E-001	-2,111922553223047E-001	4,000000000000000E+000
-1,6391282E-001	-2,122139923136545E-001	4,000000000000000E+000
-1,6292845E-001	-2,129225505998837E-001	4,000000000000000E+000
-1,6191182E-001	-2,131006227875196E-001	4,000000000000000E+000
-1,6098411E-001	-2,130347796612321E-001	4,000000000000000E+000
-1,5990971E-001	-2,124947177384184E-001	4,000000000000000E+000
-1,5895335E-001	-2,114306616217458E-001	4,000000000000000E+000
-1,5788621E-001	-2,084364024922249E-001	4,000000000000000E+000
-1,5693620E-001	-2,039498472241341E-001	4,000000000000000E+000
-1,5590304E-001	-1,952532131776765E-001	4,000000000000000E+000
-1,5495603E-001	-1,927991567386513E-001	4,000000000000000E+000
-1,5394299E-001	-1,924149306422036E-001	4,000000000000000E+000
-1,5294799E-001	-1,928034195055566E-001	4,000000000000000E+000
-1,5193048E-001	-1,933624090074932E-001	4,000000000000000E+000
-1,5089305E-001	-1,935646472395289E-001	4,000000000000000E+000
-1,4985815E-001	-1,934178577977477E-001	4,000000000000000E+000
-1,4898266E-001	-1,930652052095088E-001	4,000000000000000E+000
-1,4799108E-001	-1,923388873606371E-001	4,000000000000000E+000
-1,4694832E-001	-1,902633517704624E-001	4,000000000000000E+000
-1,4597836E-001	-1,868290225457816E-001	4,000000000000000E+000
-1,4492542E-001	-1,804672082782615E-001	4,000000000000000E+000
-1,4397712E-001	-1,760190031146278E-001	4,000000000000000E+000
-1,4290805E-001	-1,752261320232509E-001	4,000000000000000E+000
-1,4191009E-001	-1,751658583439337E-001	4,000000000000000E+000
-1,4094439E-001	-1,755279112020851E-001	4,000000000000000E+000
-1,3986914E-001	-1,756702983682910E-001	4,000000000000000E+000
-1,3902637E-001	-1,753799025383257E-001	4,000000000000000E+000
-1,3787428E-001	-1,749408293032539E-001	4,000000000000000E+000
-1,3693492E-001	-1,741981503415715E-001	4,000000000000000E+000
-1,3601443E-001	-1,725550593325389E-001	4,000000000000000E+000
-1,3499460E-001	-1,698149550292225E-001	4,000000000000000E+000
-1,3390860E-001	-1,633472459528731E-001	4,000000000000000E+000
-1,3296305E-001	-1,596285397255861E-001	4,000000000000000E+000
-1,3192943E-001	-1,581152635971428E-001	4,000000000000000E+000
-1,3091128E-001	-1,578304613250542E-001	4,000000000000000E+000
-1,2989931E-001	-1,578999149475110E-001	4,000000000000000E+000
-1,2892723E-001	-1,579515909327676E-001	4,000000000000000E+000
-1,2803286E-001	-1,575993568532987E-001	4,000000000000000E+000
-1,2694022E-001	-1,569589100329694E-001	4,000000000000000E+000
-1,2591104E-001	-1,563119299330364E-001	4,000000000000000E+000
-1,2495130E-001	-1,550294882100491E-001	4,000000000000000E+000
-1,2399875E-001	-1,527838078327477E-001	4,000000000000000E+000
-1,2293862E-001	-1,488496261234911E-001	4,000000000000000E+000
-1,2189882E-001	-1,439216443234019E-001	4,000000000000000E+000
-1,2095307E-001	-1,417767748547094E-001	4,000000000000000E+000
-1,1990968E-001	-1,412736797808776E-001	4,000000000000000E+000
-1,1892997E-001	-1,410382046812662E-001	4,000000000000000E+000
-1,1796936E-001	-1,408392947891518E-001	4,000000000000000E+000
-1,1693130E-001	-1,405601010795818E-001	4,000000000000000E+000
-1,1583928E-001	-1,401038654321050E-001	4,000000000000000E+000
-1,1490648E-001	-1,390723856683407E-001	4,000000000000000E+000
-1,1397000E-001	-1,365122916866779E-001	4,000000000000000E+000
-1,1300186E-001	-1,359414914967835E-001	4,000000000000000E+000
-1,1191369E-001	-1,327881086445246E-001	4,000000000000000E+000
-1,1094522E-001	-1,283891099263674E-001	4,000000000000000E+000
-1,0994280E-001	-1,258034399296664E-001	4,000000000000000E+000
-1,0890153E-001	-1,248173370819403E-001	4,000000000000000E+000
-1,0800546E-001	-1,246132948608309E-001	4,000000000000000E+000
-1,0696993E-001	-1,243307472517095E-001	4,000000000000000E+000
-1,0595880E-001	-1,237747222530072E-001	4,000000000000000E+000
-1,0498695E-001	-1,231415113261728E-001	4,000000000000000E+000
-1,0393931E-001	-1,223404675860096E-001	4,000000000000000E+000
-1,0294941E-001	-1,214030528682524E-001	4,000000000000000E+000
-1,0195335E-001	-1,199002503762366E-001	4,000000000000000E+000
-1,0110739E-001	-1,173426200187314E-001	4,000000000000000E+000
-9,9917084E-002	-1,136385683591161E-001	4,000000000000000E+000
-9,9037997E-002	-1,103286296646628E-001	4,000000000000000E+000
-9,8040894E-002	-1,091906049771719E-001	4,000000000000000E+000
-9,6948922E-002	-1,080532863184263E-001	4,000000000000000E+000
-9,5942654E-002	-1,077952212826518E-001	4,000000000000000E+000
-9,4948724E-002	-1,074061834218879E-001	4,000000000000000E+000
-9,3924232E-002	-1,068012973086701E-001	4,000000000000000E+000
-9,2925429E-002	-1,058217331042719E-001	4,000000000000000E+000
-9,1854014E-002	-1,049380777231246E-001	4,000000000000000E+000
-9,0904668E-002	-1,037238349413703E-001	4,000000000000000E+000
-8,9933865E-002	-1,016156627727607E-001	4,000000000000000E+000
-8,8951185E-002	-9,863784441862400E-002	4,000000000000000E+000
-8,7966591E-002	-9,500989257530479E-002	4,000000000000000E+000
-8,6946979E-002	-9,358611201039646E-002	4,000000000000000E+000
-8,6002074E-002	-9,286777608751928E-002	4,000000000000000E+000
-8,4977783E-002	-9,241327424361212E-002	4,000000000000000E+000
-8,3901078E-002	-9,165770394072215E-002	4,000000000000000E+000
-8,2941957E-002	-9,096895650684544E-002	4,000000000000000E+000
-8,2074970E-002	-9,008889005484955E-002	4,000000000000000E+000
-8,0943055E-002	-8,904915208997266E-002	4,000000000000000E+000
-7,9963982E-002	-8,800431875580972E-002	4,000000000000000E+000
-7,8993827E-002	-8,612067332594764E-002	4,000000000000000E+000
-7,7888235E-002	-8,374703477171264E-002	4,000000000000000E+000
-7,6898761E-002	-8,040219394455606E-002	4,000000000000000E+000
-7,5925238E-002	-7,732019637262944E-002	4,000000000000000E+000
-7,4954666E-002	-7,711733622407468E-002	4,000000000000000E+000
-7,3994070E-002	-7,635275336603314E-002	4,000000000000000E+000
-7,3015414E-002	-7,588464069111223E-002	4,000000000000000E+000
-7,1931258E-002	-7,494997016706084E-002	4,000000000000000E+000
-7,0927359E-002	-7,419081563474905E-002	4,000000000000000E+000
-7,0023842E-002	-7,311345733426233E-002	4,000000000000000E+000
-6,8970054E-002	-7,192421918390002E-002	4,000000000000000E+000
-6,7986950E-002	-7,041486229368121E-002	4,000000000000000E+000
-6,6933587E-002	-6,839838711958790E-002	4,000000000000000E+000
-6,5902293E-002	-6,529964643737463E-002	4,000000000000000E+000
-6,4959519E-002	-6,342409507164504E-002	4,000000000000000E+000
-6,3890435E-002	-6,208664736779457E-002	4,000000000000000E+000
-6,3049138E-002	-6,127982352066930E-002	4,000000000000000E+000
-6,1935056E-002	-6,050880379215984E-002	4,000000000000000E+000
-6,0952161E-002	-5,950679509314161E-002	4,000000000000000E+000
-5,9953347E-002	-5,869684490823623E-002	4,000000000000000E+000
-5,8919929E-002	-5,758365140193034E-002	4,000000000000000E+000
-5,7989895E-002	-5,647871394089798E-002	4,000000000000000E+000
-5,6912113E-002	-5,515075608639530E-002	4,000000000000000E+000
-5,5943869E-002	-5,331026880863932E-002	4,000000000000000E+000
-5,4939743E-002	-5,087901952814455E-002	4,000000000000000E+000
-5,3975783E-002	-4,815834707201083E-002	4,000000000000000E+000
-5,2991830E-002	-4,681000942191871E-002	4,000000000000000E+000
-5,1913623E-002	-4,600138363807849E-002	4,000000000000000E+000
-5,0899949E-002	-4,521021898404731E-002	4,000000000000000E+000
-4,9529351E-002	-4,828505144402784E-002	4,000000000000000E+000
-4,8280228E-002	-4,241845756769178E-002	4,000000000000000E+000
-4,7361657E-002	-4,090725250662883E-002	4,000000000000000E+000
-4,6492759E-002	-3,968177295151953E-002	4,000000000000000E+000
-4,5318816E-002	-3,817919163999173E-002	4,000000000000000E+000
-4,4393450E-002	-3,642776558020455E-002	4,000000000000000E+000
-4,3382112E-002	-3,405513742904120E-002	4,000000000000000E+000
-4,2384781E-002	-3,218122104320809E-002	4,000000000000000E+000
-4,1257966E-002	-3,092743989718322E-002	4,000000000000000E+000
-4,0372297E-002	-2,987905111405309E-002	4,000000000000000E+000
-3,9319351E-002	-2,904343524413111E-002	4,000000000000000E+000
-3,8343254E-002	-2,786481667189261E-002	4,000000000000000E+000
-3,7372246E-002	-2,688108968841679E-002	4,000000000000000E+000
-3,6407184E-002	-2,571620860275009E-002	4,000000000000000E+000
-3,5417289E-002	-2,445201677296105E-002	4,000000000000000E+000
-3,4328468E-002	-2,315673694506071E-002	4,000000000000000E+000
-3,3354063E-002	-2,162501425051168E-002	4,000000000000000E+000
-3,2199994E-002	-1,784860522106840E-002	4,000000000000000E+000
-3,1290878E-002	-1,722685296166071E-002	4,000000000000000E+000
-3,0394167E-002	-1,598076647604574E-002	4,000000000000000E+000
-2,9208763E-002	-1,500004584926895E-002	4,000000000000000E+000
-2,8325427E-002	-1,388780211736615E-002	4,000000000000000E+000
-2,7277153E-002	-1,273775812889516E-002	4,000000000000000E+000
-2,6447313E-002	-1,172602454338360E-002	4,000000000000000E+000
-2,5333866E-002	-1,058622901392585E-002	4,000000000000000E+000
-2,4277100E-002	-9,163322801382635E-003	4,000000000000000E+000
-2,3379333E-002	-8,035164602376799E-003	4,000000000000000E+000
-2,2349523E-002	-6,563042132593538E-003	4,000000000000000E+000
-2,1306556E-002	-4,746267961713298E-003	4,000000000000000E+000
-2,0320904E-002	-2,908518423889006E-003	4,000000000000000E+000
-1,8990010E-002	-8,902528328892136E-004	4,000000000000000E+000
-1,7813487E-002	-2,534994244919526E-004	4,000000000000000E+000
-1,6710654E-002	1,345663897087370E-003	4,000000000000000E+000
-1,5793145E-002	2,639690261275973E-003	4,000000000000000E+000
-1,4693283E-002	3,687976682192170E-003	4,000000000000000E+000
-1,3730559E-002	4,810170271041543E-003	4,000000000000000E+000
-1,2733654E-002	6,090377631523911E-003	4,000000000000000E+000
-1,1768806E-002	7,281040569068864E-003	4,000000000000000E+000
-1,0890355E-002	8,772968081757440E-003	4,000000000000000E+000
-9,5547577E-003	1,037304230309469E-002	4,000000000000000E+000
-8,1326785E-003	1,280693155260655E-002	4,000000000000000E+000
-7,1171070E-003	1,439583581803295E-002	4,000000000000000E+000
-6,1488613E-003	1,594950438744420E-002	4,000000000000000E+000
-5,1245736E-003	1,717111429078849E-002	4,000000000000000E+000
-4,1276701E-003	1,816684582822573E-002	4,000000000000000E+000
-3,2008195E-003	1,956727001298632E-002	4,000000000000000E+000
-2,1190038E-003	2,086710540310448E-002	4,000000000000000E+000
-1,2027670E-003	2,195365103910241E-002	4,000000000000000E+000
-1,5343014E-004	2,331971502173003E-002	4,000000000000000E+000
8,3052390E-004	2,481260828466891E-002	4,000000000000000E+000
1,8601181E-003	2,629193865814833E-002	4,000000000000000E+000
2,7415403E-003	2,780991919442199E-002	4,000000000000000E+000
3,8910732E-003	2,901691121169958E-002	4,000000000000000E+000
4,8548602E-003	3,024411587372287E-002	4,000000000000000E+000
5,6936629E-003	3,140674631244356E-002	4,000000000000000E+000
6,0631339E-003	3,165431196490920E-002	5,000000000000000E+000
6,5892772E-003	3,270788863301280E-002	5,000000000000000E+000
7,8933509E-003	3,406800294329446E-002	5,000000000000000E+000
8,7057818E-003	3,512063866946846E-002	5,000000000000000E+000
9,7657330E-003	3,660642648012297E-002	5,000000000000000E+000
1,0728459E-002	3,777625312149091E-002	5,000000000000000E+000
1,1795017E-002	4,038139402486934E-002	5,000000000000000E+000
1,2759188E-002	4,034469550458242E-002	5,000000000000000E+000
1,3639105E-002	4,198867766859216E-002	5,000000000000000E+000
1,4674643E-002	4,326107347366846E-002	5,000000000000000E+000
1,5691074E-002	4,463731859276019E-002	5,000000000000000E+000
1,6718546E-002	4,598401653304429E-002	5,000000000000000E+000
1,7690614E-002	4,717185918276234E-002	5,000000000000000E+000
1,8814035E-002	4,869451955892146E-002	5,000000000000000E+000
1,9746192E-002	4,992781940813163E-002	5,000000000000000E+000
2,0747552E-002	5,125267713986065E-002	5,000000000000000E+000
2,1747854E-002	5,255942218247123E-002	5,000000000000000E+000
2,2690199E-002	5,379301250084395E-002	5,000000000000000E+000
2,3732319E-002	5,488591224679529E-002	5,000000000000000E+000
2,4726462E-002	5,596754508506896E-002	5,000000000000000E+000
2,5628686E-002	5,720508045137496E-002	5,000000000000000E+000
2,6776947E-002	5,885053605393131E-002	5,000000000000000E+000
2,7769815E-002	6,015752478399217E-002	5,000000000000000E+000
2,8743368E-002	6,154697628139905E-002	5,000000000000000E+000
2,9696329E-002	6,298694254278581E-002	5,000000000000000E+000
3,0744608E-002	6,423943718308944E-002	5,000000000000000E+000
3,1669546E-002	6,567087252106951E-002	5,000000000000000E+000
3,2696594E-002	6,707411052452161E-002	5,000000000000000E+000
3,3739984E-002	6,819240825630191E-002	5,000000000000000E+000
3,4629576E-002	6,987745807230161E-002	5,000000000000000E+000
3,5694491E-002	7,055015053979491E-002	5,000000000000000E+000
3,6664005E-002	7,137685244109618E-002	5,000000000000000E+000
3,7679378E-002	7,292354670870638E-002	5,000000000000000E+000
3,8697507E-002	7,442992194383251E-002	5,000000000000000E+000
3,9630514E-002	7,593801570193898E-002	5,000000000000000E+000
4,0683459E-002	7,744550639418540E-002	5,000000000000000E+000
4,1710928E-002	7,881379068863603E-002	5,000000000000000E+000
4,2552870E-002	8,020426961593341E-002	5,000000000000000E+000
4,3715987E-002	8,161047062215704E-002	5,000000000000000E+000
4,4675533E-002	8,265109383501121E-002	5,000000000000000E+000
4,5717437E-002	8,376912075025905E-002	5,000000000000000E+000
4,6678036E-002	8,439954179684062E-002	5,000000000000000E+000
4,7666661E-002	8,512300080447266E-002	5,000000000000000E+000
4,8887312E-002	8,679948096094581E-002	5,000000000000000E+000
4,9603153E-002	8,834426948386764E-002	5,000000000000000E+000
5,0685603E-002	8,981708614845541E-002	5,000000000000000E+000
5,1716685E-002	9,138563036470226E-002	5,000000000000000E+000
5,2675173E-002	9,297094211258261E-002	5,000000000000000E+000
5,3665489E-002	9,439087027028481E-002	5,000000000000000E+000
5,4621205E-002	9,578527224733024E-002	5,000000000000000E+000
5,5749938E-002	9,711734885867279E-002	5,000000000000000E+000
5,6810100E-002	9,799205881750384E-002	5,000000000000000E+000
5,7642277E-002	9,844077097389992E-002	5,000000000000000E+000
5,8725663E-002	1,010322144979403E-001	5,000000000000000E+000
5,9713967E-002	1,004440196341385E-001	5,000000000000000E+000
6,0623180E-002	1,023051997957132E-001	5,000000000000000E+000
6,1712429E-002	1,041453969664876E-001	5,000000000000000E+000
6,2582172E-002	1,056386163734176E-001	5,000000000000000E+000
6,3695192E-002	1,072816285477192E-001	5,000000000000000E+000
6,4580217E-002	1,089593003055565E-001	5,000000000000000E+000
6,6078357E-002	1,101723627953067E-001	5,000000000000000E+000
6,7317545E-002	1,117500616237523E-001	5,000000000000000E+000
6,8273693E-002	1,125989159810594E-001	5,000000000000000E+000
6,9232799E-002	1,125391469233565E-001	5,000000000000000E+000
7,0235021E-002	1,131329025072907E-001	5,000000000000000E+000
7,1304306E-002	1,150232370666888E-001	5,000000000000000E+000
7,2363414E-002	1,166646515053733E-001	5,000000000000000E+000
7,3256508E-002	1,184813854870979E-001	5,000000000000000E+000
7,4345544E-002	1,201947078936627E-001	5,000000000000000E+000
7,5331829E-002	1,218818099824364E-001	5,000000000000000E+000
7,6292440E-002	1,236041861379311E-001	5,000000000000000E+000
7,7343896E-002	1,252471969842368E-001	5,000000000000000E+000
7,8370936E-002	1,262424726004675E-001	5,000000000000000E+000
7,9404145E-002	1,271557185833379E-001	5,000000000000000E+000
8,0297664E-002	1,269283186885768E-001	5,000000000000000E+000
8,1349544E-002	1,272824560636999E-001	5,000000000000000E+000
8,2244143E-002	1,288434095956654E-001	5,000000000000000E+000
8,3302274E-002	1,317799576834120E-001	5,000000000000000E+000
8,4335342E-002	1,329862362429231E-001	5,000000000000000E+000
8,5336708E-002	1,348688264756848E-001	5,000000000000000E+000
8,6306855E-002	1,365213643207595E-001	5,000000000000000E+000
8,7385066E-002	1,381839665377306E-001	5,000000000000000E+000
8,8335060E-002	1,397259398018599E-001	5,000000000000000E+000
8,9330897E-002	1,410162748286013E-001	5,000000000000000E+000
9,0324193E-002	1,420210489002920E-001	5,000000000000000E+000
9,1274604E-002	1,418084766957211E-001	5,000000000000000E+000
9,2298672E-002	1,413461526993798E-001	5,000000000000000E+000
9,3297280E-002	1,426779923753611E-001	5,000000000000000E+000
9,4305649E-002	1,446140549421587E-001	5,000000000000000E+000
9,5348828E-002	1,469129018347576E-001	5,000000000000000E+000
9,6324511E-002	1,490047145462429E-001	5,000000000000000E+000
9,7280636E-002	1,507527649023193E-001	5,000000000000000E+000
9,8335072E-002	1,526611431639781E-001	5,000000000000000E+000
9,9456578E-002	1,543753777837593E-001	5,000000000000000E+000
1,0037368E-001	1,558445728108013E-001	5,000000000000000E+000
1,0127059E-001	1,568709439770493E-001	5,000000000000000E+000
1,0225921E-001	1,568304453114122E-001	5,000000000000000E+000
1,0335907E-001	1,558926658601396E-001	5,000000000000000E+000
1,0437041E-001	1,564792867025571E-001	5,000000000000000E+000
1,0530745E-001	1,586548339023635E-001	5,000000000000000E+000
1,0634662E-001	1,624016940628221E-001	5,000000000000000E+000
1,0731970E-001	1,634559284171289E-001	5,000000000000000E+000
1,0832657E-001	1,654982219312195E-001	5,000000000000000E+000
1,0931648E-001	1,675727253055408E-001	5,000000000000000E+000
1,1031953E-001	1,693628733391284E-001	5,000000000000000E+000
1,1141302E-001	1,709468189833896E-001	5,000000000000000E+000
1,1235260E-001	1,719604543824165E-001	5,000000000000000E+000
1,1336266E-001	1,721195698267326E-001	5,000000000000000E+000
1,1427679E-001	1,707214007533544E-001	5,000000000000000E+000
1,1535202E-001	1,707483274103319E-001	5,000000000000000E+000
1,1630817E-001	1,727994979290221E-001	5,000000000000000E+000
1,1741439E-001	1,752033159999105E-001	5,000000000000000E+000
1,1826142E-001	1,777032511653731E-001	5,000000000000000E+000
1,1937699E-001	1,799341866022182E-001	5,000000000000000E+000
1,2032210E-001	1,821317725849370E-001	5,000000000000000E+000
1,2134130E-001	1,843059572598156E-001	5,000000000000000E+000
1,2232929E-001	1,862447082789407E-001	5,000000000000000E+000
1,2326208E-001	1,875126438939732E-001	5,000000000000000E+000
1,2428275E-001	1,878478471707146E-001	5,000000000000000E+000
1,2529856E-001	1,864110154651657E-001	5,000000000000000E+000
1,2638590E-001	1,851083304112155E-001	5,000000000000000E+000
1,2730148E-001	1,868434918664952E-001	5,000000000000000E+000
1,2836671E-001	1,911517168843631E-001	5,000000000000000E+000
1,2939461E-001	1,926805715042135E-001	5,000000000000000E+000
1,3030554E-001	1,954270367234670E-001	5,000000000000000E+000
1,3135636E-001	1,977121594051514E-001	5,000000000000000E+000
1,3243075E-001	1,999708709341515E-001	5,000000000000000E+000
1,3330027E-001	2,019530991437258E-001	5,000000000000000E+000
1,3431692E-001	2,036327807991585E-001	5,000000000000000E+000
1,3538621E-001	2,038352540176778E-001	5,000000000000000E+000
1,3626212E-001	2,029784880923446E-001	5,000000000000000E+000
1,3735582E-001	2,004483851293726E-001	5,000000000000000E+000
1,3837290E-001	2,014642852117072E-001	5,000000000000000E+000
1,3920911E-001	2,041939711198211E-001	5,000000000000000E+000
1,4026417E-001	2,073666471298096E-001	5,000000000000000E+000
1,4136700E-001	2,104118031415130E-001	5,000000000000000E+000
1,4238641E-001	2,130035328230372E-001	5,000000000000000E+000
1,4334637E-001	2,155068570541010E-001	5,000000000000000E+000
1,4435390E-001	2,177675814816244E-001	5,000000000000000E+000
1,4534317E-001	2,211746428230861E-001	5,000000000000000E+000
1,4638163E-001	2,205763397462395E-001	5,000000000000000E+000
1,4732186E-001	2,195458351117043E-001	5,000000000000000E+000
1,4833117E-001	2,163235329268849E-001	5,000000000000000E+000
1,4922976E-001	2,161789596149761E-001	5,000000000000000E+000
1,5036169E-001	2,190399070580789E-001	5,000000000000000E+000
1,5130752E-001	2,224486831368671E-001	5,000000000000000E+000
1,5231080E-001	2,258244352070262E-001	5,000000000000000E+000
1,5338793E-001	2,288445017335037E-001	5,000000000000000E+000
1,5436615E-001	2,316442784956769E-001	5,000000000000000E+000
1,5532273E-001	2,342223299805211E-001	5,000000000000000E+000
1,5627080E-001	2,362653129147718E-001	5,000000000000000E+000
1,5729851E-001	2,373005547733227E-001	5,000000000000000E+000
1,5821728E-001	2,363636725823648E-001	5,000000000000000E+000
1,5928401E-001	2,329415292996497E-001	5,000000000000000E+000
1,6025205E-001	2,312485788845353E-001	5,000000000000000E+000
1,6133663E-001	2,339207736637308E-001	5,000000000000000E+000
1,6233736E-001	2,376362431656416E-001	5,000000000000000E+000
1,6327609E-001	2,413768878344582E-001	5,000000000000000E+000
1,6441225E-001	2,448471321689867E-001	5,000000000000000E+000
1,6525732E-001	2,493835661077388E-001	5,000000000000000E+000
1,6642065E-001	2,511237202281191E-001	5,000000000000000E+000
1,6730613E-001	2,536588872748398E-001	5,000000000000000E+000
1,6834252E-001	2,549889070775224E-001	5,000000000000000E+000
1,6927806E-001	2,546047851512279E-001	5,000000000000000E+000
1,7029980E-001	2,509444305259310E-001	5,000000000000000E+000
1,7125438E-001	2,475903900341254E-001	5,000000000000000E+000
1,7241435E-001	2,492974894466227E-001	5,000000000000000E+000
1,7330322E-001	2,535366473926439E-001	5,000000000000000E+000
1,7428611E-001	2,577639777144354E-001	5,000000000000000E+000
1,7532335E-001	2,616617619577379E-001	5,000000000000000E+000
1,7634171E-001	2,652155741773261E-001	5,000000000000000E+000
1,7732479E-001	2,683115534967295E-001	5,000000000000000E+000
1,7834972E-001	2,709697184877271E-001	5,000000000000000E+000
1,7930353E-001	2,731878245939265E-001	5,000000000000000E+000
1,8036094E-001	2,726765308115204E-001	5,000000000000000E+000
1,8135613E-001	2,699030074118465E-001	5,000000000000000E+000
1,8233117E-001	2,642555240955620E-001	5,000000000000000E+000
1,8338327E-001	2,645263004427156E-001	5,000000000000000E+000
1,8433879E-001	2,689636322773155E-001	5,000000000000000E+000
1,8531403E-001	2,738673092314499E-001	5,000000000000000E+000
1,8636733E-001	2,795679038390531E-001	5,000000000000000E+000
1,8733010E-001	2,826117320607109E-001	5,000000000000000E+000
1,8836032E-001	2,859318005955878E-001	5,000000000000000E+000
1,8930776E-001	2,890643837896221E-001	5,000000000000000E+000
1,9022933E-001	2,916164296782684E-001	5,000000000000000E+000
1,9136293E-001	2,916279998435460E-001	5,000000000000000E+000
1,9231397E-001	2,894584039847059E-001	5,000000000000000E+000
1,9328178E-001	2,824184384403958E-001	5,000000000000000E+000
1,9443174E-001	2,806576463842292E-001	5,000000000000000E+000
1,9527285E-001	2,850441883007684E-001	5,000000000000000E+000
1,9632301E-001	2,901460911940648E-001	5,000000000000000E+000
1,9731845E-001	2,954650618549852E-001	5,000000000000000E+000
1,9830768E-001	2,998813046487392E-001	5,000000000000000E+000
1,9927934E-001	3,040661295806926E-001	5,000000000000000E+000
2,0009500E-001	3,093335249150790E-001	5,000000000000000E+000
2,0050134E-001	3,087924897670744E-001	5,000000000000000E+000
1,9985057E-001	2,827913433106404E-001	5,000000000000000E+000
1,9889447E-001	2,756838570176452E-001	5,000000000000000E+000
1,9790116E-001	2,696733716875306E-001	5,000000000000000E+000
1,9685927E-001	2,597377358901278E-001	5,000000000000000E+000
1,9582675E-001	2,473776990685748E-001	5,000000000000000E+000
1,9488037E-001	2,459774094254339E-001	5,000000000000000E+000
1,9390108E-001	2,468603356844845E-001	5,000000000000000E+000
1,9276130E-001	2,482194747361879E-001	5,000000000000000E+000
1,9183934E-001	2,490142466914322E-001	5,000000000000000E+000
1,9081229E-001	2,491548593259525E-001	5,000000000000000E+000
1,8983811E-001	2,489498561869065E-001	5,000000000000000E+000
1,8880831E-001	2,481496746272394E-001	5,000000000000000E+000
1,8783665E-001	2,467062625068203E-001	5,000000000000000E+000
1,8688880E-001	2,428184960865307E-001	5,000000000000000E+000
1,8581758E-001	2,362344942435066E-001	5,000000000000000E+000
1,8489116E-001	2,264554854482412E-001	5,000000000000000E+000
1,8386988E-001	2,211146991079049E-001	5,000000000000000E+000
1,8281467E-001	2,228610461448008E-001	5,000000000000000E+000
1,8185282E-001	2,242072672030114E-001	5,000000000000000E+000
1,8089589E-001	2,255177560986752E-001	5,000000000000000E+000
1,7994446E-001	2,257258963115794E-001	5,000000000000000E+000
1,7891426E-001	2,257329465614433E-001	5,000000000000000E+000
1,7793438E-001	2,255124649446874E-001	5,000000000000000E+000
1,7694931E-001	2,245971391115487E-001	5,000000000000000E+000
1,7582126E-001	2,217626364004821E-001	5,000000000000000E+000
1,7483988E-001	2,169657128828550E-001	5,000000000000000E+000
1,7383045E-001	2,085476947810365E-001	5,000000000000000E+000
1,7280997E-001	2,031234234778421E-001	5,000000000000000E+000
1,7182855E-001	2,031188862812185E-001	5,000000000000000E+000
1,7084482E-001	2,040624217371705E-001	5,000000000000000E+000
1,6978784E-001	2,051190961911171E-001	5,000000000000000E+000
1,6877268E-001	2,055433653295036E-001	5,000000000000000E+000
1,6785794E-001	2,054257035531375E-001	5,000000000000000E+000
1,6677527E-001	2,051129452884188E-001	5,000000000000000E+000
1,6586924E-001	2,044725161114775E-001	5,000000000000000E+000
1,6484070E-001	2,025525495409957E-001	5,000000000000000E+000
1,6384718E-001	1,986806270218018E-001	5,000000000000000E+000
1,6281511E-001	1,902906978502865E-001	5,000000000000000E+000
1,6183513E-001	1,853679930963725E-001	5,000000000000000E+000
1,6082063E-001	1,846443051472302E-001	5,000000000000000E+000
1,5981014E-001	1,853026492279723E-001	5,000000000000000E+000
1,5885505E-001	1,861380258989014E-001	5,000000000000000E+000
1,5785198E-001	1,865187885791616E-001	5,000000000000000E+000
1,5684386E-001	1,863038800311863E-001	5,000000000000000E+000
1,5584673E-001	1,860518525009622E-001	5,000000000000000E+000
1,5484473E-001	1,853861500405609E-001	5,000000000000000E+000
1,5382363E-001	1,839465360433141E-001	5,000000000000000E+000
1,5283056E-001	1,808716448679286E-001	5,000000000000000E+000
1,5182899E-001	1,756350917879628E-001	5,000000000000000E+000
1,5084480E-001	1,694141919379710E-001	5,000000000000000E+000
1,4981182E-001	1,672158721937904E-001	5,000000000000000E+000
1,4891660E-001	1,673224832759137E-001	5,000000000000000E+000
1,4787085E-001	1,679564537997873E-001	5,000000000000000E+000
1,4684467E-001	1,684090599279706E-001	5,000000000000000E+000
1,4580511E-001	1,682062049706778E-001	5,000000000000000E+000
1,4489245E-001	1,679223970579051E-001	5,000000000000000E+000
1,4384249E-001	1,672609770601543E-001	5,000000000000000E+000
1,4277470E-001	1,662942662283227E-001	5,000000000000000E+000
1,4190888E-001	1,622727528317933E-001	5,000000000000000E+000
1,4090829E-001	1,597110803790947E-001	5,000000000000000E+000
1,3985662E-001	1,539083569207119E-001	5,000000000000000E+000
1,3891894E-001	1,508368897355261E-001	5,000000000000000E+000
1,3785495E-001	1,505573804110840E-001	5,000000000000000E+000
1,3685127E-001	1,506529008210811E-001	5,000000000000000E+000
1,3586241E-001	1,510794442319483E-001	5,000000000000000E+000
1,3492474E-001	1,508364872834478E-001	5,000000000000000E+000
1,3385673E-001	1,505182377856087E-001	5,000000000000000E+000
1,3293284E-001	1,499302414832298E-001	5,000000000000000E+000
1,3184786E-001	1,488811083448438E-001	5,000000000000000E+000
1,3085987E-001	1,472599934096694E-001	5,000000000000000E+000
1,2990732E-001	1,438832532579974E-001	5,000000000000000E+000
1,2895159E-001	1,389132043588219E-001	5,000000000000000E+000
1,2789844E-001	1,332038318634863E-001	5,000000000000000E+000
1,2686019E-001	1,339389839968470E-001	5,000000000000000E+000
1,2586965E-001	1,339417255518061E-001	5,000000000000000E+000
1,2487191E-001	1,340065618494048E-001	5,000000000000000E+000
1,2386885E-001	1,337412742518442E-001	5,000000000000000E+000
1,2284837E-001	1,334302613373706E-001	5,000000000000000E+000
1,2190221E-001	1,327067657408332E-001	5,000000000000000E+000
1,2086199E-001	1,318808374581506E-001	5,000000000000000E+000
1,1989418E-001	1,306204232042312E-001	5,000000000000000E+000
1,1882128E-001	1,277846668467477E-001	5,000000000000000E+000
1,1790291E-001	1,240812405012554E-001	5,000000000000000E+000
1,1684170E-001	1,196550716197597E-001	5,000000000000000E+000
1,1589617E-001	1,183448250371002E-001	5,000000000000000E+000
1,1486190E-001	1,179589143333337E-001	5,000000000000000E+000
1,1369812E-001	1,179035939621151E-001	5,000000000000000E+000
1,1284772E-001	1,176013543132557E-001	5,000000000000000E+000
1,1184444E-001	1,171276424494057E-001	5,000000000000000E+000
1,1085795E-001	1,163396731501933E-001	5,000000000000000E+000
1,0981581E-001	1,156520390262208E-001	5,000000000000000E+000
1,0881807E-001	1,142803774629202E-001	5,000000000000000E+000
1,0785980E-001	1,121936111055590E-001	5,000000000000000E+000
1,0680452E-001	1,089609818429582E-001	5,000000000000000E+000
1,0588261E-001	1,032549820460936E-001	5,000000000000000E+000
1,0484111E-001	1,026554633863269E-001	5,000000000000000E+000
1,0388177E-001	1,020213102887348E-001	5,000000000000000E+000
1,0287660E-001	1,017873826850622E-001	5,000000000000000E+000
1,0192023E-001	1,014401579310227E-001	5,000000000000000E+000
1,0085624E-001	1,008900381210778E-001	5,000000000000000E+000
9,9857859E-002	1,000719413126783E-001	5,000000000000000E+000
9,8873273E-002	9,923470003047490E-002	5,000000000000000E+000
9,7800575E-002	9,827072404462944E-002	5,000000000000000E+000
9,6874580E-002	9,641535843170623E-002	5,000000000000000E+000
9,5835648E-002	9,406169323699054E-002	5,000000000000000E+000
9,4826862E-002	9,012762308810551E-002	5,000000000000000E+000
9,3853951E-002	8,781810562747183E-002	5,000000000000000E+000
9,2919029E-002	8,703282836790160E-002	5,000000000000000E+000
9,1798574E-002	8,651243272685905E-002	5,000000000000000E+000
9,0890616E-002	8,599921564261126E-002	5,000000000000000E+000
8,9867391E-002	8,529719697415011E-002	5,000000000000000E+000
8,8888749E-002	8,470156829355760E-002	5,000000000000000E+000
8,7884411E-002	8,370875384382614E-002	5,000000000000000E+000
8,6825311E-002	8,253997590185869E-002	5,000000000000000E+000
8,5829049E-002	8,119784143787856E-002	5,000000000000000E+000
8,4929585E-002	7,908631748243899E-002	5,000000000000000E+000
8,3876841E-002	7,424671893628920E-002	5,000000000000000E+000
8,2856841E-002	7,290444583459588E-002	5,000000000000000E+000
8,1869274E-002	7,176454936119692E-002	5,000000000000000E+000
8,0866650E-002	7,103776803274664E-002	5,000000000000000E+000
7,9894155E-002	7,050648959422534E-002	5,000000000000000E+000
7,8851610E-002	6,967635245786741E-002	5,000000000000000E+000
7,7788047E-002	6,870693676346148E-002	5,000000000000000E+000
7,6829351E-002	6,778243797210326E-002	5,000000000000000E+000
7,5919487E-002	6,677583641269144E-002	5,000000000000000E+000
7,4865274E-002	6,564365091078250E-002	5,000000000000000E+000
7,3862851E-002	6,377688255505976E-002	5,000000000000000E+000
7,2843231E-002	6,112618483947951E-002	5,000000000000000E+000
7,1784973E-002	5,834996492463951E-002	5,000000000000000E+000
7,0865124E-002	5,693784850235639E-002	5,000000000000000E+000
6,9886267E-002	5,601434332008148E-002	5,000000000000000E+000
6,8875782E-002	5,538572134725994E-002	5,000000000000000E+000
6,7884825E-002	5,436402558418076E-002	5,000000000000000E+000
6,6881552E-002	5,343465591539376E-002	5,000000000000000E+000
6,5912046E-002	5,268799030670379E-002	5,000000000000000E+000
6,4896449E-002	5,161866307672525E-002	5,000000000000000E+000
6,3895307E-002	5,040240297266469E-002	5,000000000000000E+000
6,2915169E-002	4,882655649756394E-002	5,000000000000000E+000
6,1891761E-002	4,616069352616475E-002	5,000000000000000E+000
6,0875755E-002	4,357124650764654E-002	5,000000000000000E+000
5,9153792E-002	4,384164731190709E-002	5,000000000000000E+000
5,8261342E-002	4,021502916563169E-002	5,000000000000000E+000
5,7380985E-002	3,922821618444117E-002	5,000000000000000E+000
5,6285158E-002	3,827267472149318E-002	5,000000000000000E+000
5,5260658E-002	3,731881480025903E-002	5,000000000000000E+000
5,4259300E-002	3,613132495364102E-002	5,000000000000000E+000
5,3149886E-002	3,521954252695042E-002	5,000000000000000E+000
5,2251693E-002	3,371662208896686E-002	5,000000000000000E+000
5,1177733E-002	3,226229864069152E-002	5,000000000000000E+000
5,0274443E-002	3,002729970979059E-002	5,000000000000000E+000
4,9257588E-002	2,788935051972264E-002	5,000000000000000E+000
4,8268758E-002	2,645562763791534E-002	5,000000000000000E+000
4,7098204E-002	2,535065538594861E-002	5,000000000000000E+000
4,6203196E-002	2,439167204364720E-002	5,000000000000000E+000
4,5215845E-002	2,341184366054630E-002	5,000000000000000E+000
4,4375394E-002	2,240904482917994E-002	5,000000000000000E+000
4,3332636E-002	2,135571077060716E-002	5,000000000000000E+000
4,2184804E-002	2,002407045802101E-002	5,000000000000000E+000
4,1234814E-002	1,901598817332545E-002	5,000000000000000E+000
4,0088937E-002	1,585726433700918E-002	5,000000000000000E+000
3,9338268E-002	1,568412824309678E-002	5,000000000000000E+000
3,8305063E-002	1,337118107929000E-002	5,000000000000000E+000
3,7323657E-002	1,166824590742455E-002	5,000000000000000E+000
3,6178794E-002	1,045869269485895E-002	5,000000000000000E+000
3,5206728E-002	9,570448857697630E-003	5,000000000000000E+000
3,4328699E-002	8,432309937671995E-003	5,000000000000000E+000
3,3299532E-002	7,406245381355751E-003	5,000000000000000E+000
3,2243188E-002	6,237544774194262E-003	5,000000000000000E+000
3,1374078E-002	5,043002761171774E-003	5,000000000000000E+000
3,0246411E-002	3,911280971132563E-003	5,000000000000000E+000
2,8918277E-002	1,838850426928748E-003	5,000000000000000E+000
2,7653234E-002	9,887135521509001E-004	5,000000000000000E+000
2,6649324E-002	-1,994322031586535E-003	5,000000000000000E+000
2,5764931E-002	-3,682271719164298E-003	5,000000000000000E+000
2,4792440E-002	-4,449250234217651E-003	5,000000000000000E+000
2,3787895E-002	-5,461974135768197E-003	5,000000000000000E+000
2,2738134E-002	-6,670104069161006E-003	5,000000000000000E+000
2,1721702E-002	-7,727798695365606E-003	5,000000000000000E+000
2,0831363E-002	-8,956248881683348E-003	5,000000000000000E+000
1,9864393E-002	-1,017305459201995E-002	5,000000000000000E+000
1,8598741E-002	-1,263303705886790E-002	5,000000000000000E+000
1,7064042E-002	-1,400842884214837E-002	5,000000000000000E+000
1,5968021E-002	-1,588561248111853E-002	5,000000000000000E+000
1,5060277E-002	-1,747948908100452E-002	5,000000000000000E+000
1,4054881E-002	-1,880345162849323E-002	5,000000000000000E+000
1,3067956E-002	-2,003257332964697E-002	5,000000000000000E+000
1,2150446E-002	-2,132906947776467E-002	5,000000000000000E+000
1,1100473E-002	-2,237537231175563E-002	5,000000000000000E+000
1,0195488E-002	-2,347168579257825E-002	5,000000000000000E+000
9,1104871E-003	-2,489721424084301E-002	5,000000000000000E+000
8,0401357E-003	-2,608918664649273E-002	5,000000000000000E+000
7,0986380E-003	-2,753432382208593E-002	5,000000000000000E+000
6,1155329E-003	-2,865771840205755E-002	5,000000000000000E+000
5,0453930E-003	-3,008760814555000E-002	5,000000000000000E+000
4,0438189E-003	-3,172582268490676E-002	5,000000000000000E+000
3,0558321E-003	-3,296614089911729E-002	5,000000000000000E+000
2,0979885E-003	-3,445797075551971E-002	5,000000000000000E+000
1,0165977E-003	-3,568762606785947E-002	5,000000000000000E+000
4,7503534E-005	-3,702364532552929E-002	5,000000000000000E+000
-9,6765603E-004	-3,828148457169933E-002	5,000000000000000E+000
-2,0456510E-003	-3,943150596158518E-002	5,000000000000000E+000
-2,8406747E-003	-4,064290134529414E-002	5,000000000000000E+000
-3,8443226E-003	-4,377505637670825E-002	5,000000000000000E+000
-4,9463320E-003	-4,315664283758786E-002	5,000000000000000E+000
-5,7806163E-003	-4,467608680069046E-002	5,000000000000000E+000
-6,9596563E-003	-4,609488460873434E-002	5,000000000000000E+000
-7,8979712E-003	-4,743512869484867E-002	5,000000000000000E+000
-8,9090979E-003	-4,880693736831099E-002	5,000000000000000E+000
-9,8531432E-003	-5,019601426708194E-002	5,000000000000000E+000
-1,0985482E-002	-5,139940046636304E-002	5,000000000000000E+000
-1,1817866E-002	-5,283496282235878E-002	5,000000000000000E+000
-1,2895224E-002	-5,413517186038708E-002	5,000000000000000E+000
-1,3873022E-002	-5,549505104621244E-002	5,000000000000000E+000
-1,4926606E-002	-5,661797335509355E-002	5,000000000000000E+000
-1,5898246E-002	-5,791135321164309E-002	5,000000000000000E+000
-1,6793892E-002	-5,901201781644316E-002	5,000000000000000E+000
-1,7854905E-002	-6,009213804025892E-002	5,000000000000000E+000
-1,8944999E-002	-6,150094912111470E-002	5,000000000000000E+000
-1,9983934E-002	-6,295237498771811E-002	5,000000000000000E+000
-2,0920126E-002	-6,437798634309438E-002	5,000000000000000E+000
-2,1759303E-002	-6,571818888187393E-002	5,000000000000000E+000
-2,2932401E-002	-6,722617140729663E-002	5,000000000000000E+000
-2,3772640E-002	-6,839586797825725E-002	5,000000000000000E+000
-2,4920691E-002	-7,007700338511291E-002	5,000000000000000E+000
-2,5843292E-002	-7,102338483350157E-002	5,000000000000000E+000
-2,6850257E-002	-7,395615374358966E-002	5,000000000000000E+000
-2,7771473E-002	-7,388520337365267E-002	5,000000000000000E+000
-2,8996790E-002	-7,439926485703507E-002	5,000000000000000E+000
-2,9964611E-002	-7,556380837707333E-002	5,000000000000000E+000
-3,0954722E-002	-7,712502778438766E-002	5,000000000000000E+000
-3,1836145E-002	-7,868260090860218E-002	5,000000000000000E+000
-3,2873806E-002	-8,009453993980509E-002	5,000000000000000E+000
-3,4022916E-002	-8,147166153691998E-002	5,000000000000000E+000
-3,4974180E-002	-8,287408861711087E-002	5,000000000000000E+000
-3,5747334E-002	-8,437670662964647E-002	5,000000000000000E+000
-3,6825120E-002	-8,566533812080265E-002	5,000000000000000E+000
-3,7842188E-002	-8,684758462563735E-002	5,000000000000000E+000
-3,8914669E-002	-8,798736664121609E-002	5,000000000000000E+000
-3,9727096E-002	-8,862002427620741E-002	5,000000000000000E+000
-4,0814005E-002	-8,950133076696476E-002	5,000000000000000E+000
-4,1952923E-002	-9,102659903604637E-002	5,000000000000000E+000
-4,2879775E-002	-9,244626096484271E-002	5,000000000000000E+000
-4,3827429E-002	-9,417986465376504E-002	5,000000000000000E+000
-4,4887807E-002	-9,555433525841794E-002	5,000000000000000E+000
-4,5919310E-002	-9,700632745538040E-002	5,000000000000000E+000
-4,6769317E-002	-9,867990296334028E-002	5,000000000000000E+000
-4,7902077E-002	-9,984998765436037E-002	5,000000000000000E+000
-4,8852071E-002	-1,013558647526358E-001	5,000000000000000E+000
-5,0029356E-002	-1,042485715717905E-001	5,000000000000000E+000
-5,0866656E-002	-1,031497570996480E-001	5,000000000000000E+000
-5,1810049E-002	-1,034979004481875E-001	5,000000000000000E+000
-5,2748371E-002	-1,049804745966362E-001	5,000000000000000E+000
-5,3796437E-002	-1,064044513429203E-001	5,000000000000000E+000
-5,4830275E-002	-1,083398826799729E-001	5,000000000000000E+000
-5,6179762E-002	-1,100345537894302E-001	5,000000000000000E+000
-5,7478428E-002	-1,120468972043859E-001	5,000000000000000E+000
-5,8493167E-002	-1,135018270428261E-001	5,000000000000000E+000
-5,9441455E-002	-1,150695039994187E-001	5,000000000000000E+000
-6,0539830E-002	-1,162492334670214E-001	5,000000000000000E+000
-6,1467320E-002	-1,171613922170188E-001	5,000000000000000E+000
-6,2462945E-002	-1,173134047055131E-001	5,000000000000000E+000
-6,3460909E-002	-1,178314731007921E-001	5,000000000000000E+000
-6,4498149E-002	-1,193404242879259E-001	5,000000000000000E+000
-6,5569989E-002	-1,211006219533304E-001	5,000000000000000E+000
-6,6435061E-002	-1,228656101695918E-001	5,000000000000000E+000
-6,7469336E-002	-1,246944341498111E-001	5,000000000000000E+000
-6,8484060E-002	-1,261194162243215E-001	5,000000000000000E+000
-6,9493495E-002	-1,278456179425127E-001	5,000000000000000E+000
-7,0527337E-002	-1,292373392454995E-001	5,000000000000000E+000
-7,1561173E-002	-1,306082635635029E-001	5,000000000000000E+000
-7,2536208E-002	-1,314874568919617E-001	5,000000000000000E+000
-7,3511280E-002	-1,331628579991286E-001	5,000000000000000E+000
-7,4491762E-002	-1,321136691824782E-001	5,000000000000000E+000
-7,5496070E-002	-1,335571377227702E-001	5,000000000000000E+000
-7,6521635E-002	-1,352882819871107E-001	5,000000000000000E+000
-7,7519812E-002	-1,369899181235168E-001	5,000000000000000E+000
-7,8474686E-002	-1,388425787703853E-001	5,000000000000000E+000
-7,9503216E-002	-1,406830661171292E-001	5,000000000000000E+000
-8,0552973E-002	-1,423106540028969E-001	5,000000000000000E+000
-8,1563473E-002	-1,441261798867752E-001	5,000000000000000E+000
-8,2561217E-002	-1,453499346799048E-001	5,000000000000000E+000
-8,3551325E-002	-1,463815076449122E-001	5,000000000000000E+000
-8,4583052E-002	-1,467572157443676E-001	5,000000000000000E+000
-8,5474655E-002	-1,463700267141337E-001	5,000000000000000E+000
-8,6498305E-002	-1,471351215753842E-001	5,000000000000000E+000
-8,7515809E-002	-1,491187681202530E-001	5,000000000000000E+000
-8,8526718E-002	-1,509587344954961E-001	5,000000000000000E+000
-8,9606196E-002	-1,530434986645433E-001	5,000000000000000E+000
-9,0463631E-002	-1,549853211510235E-001	5,000000000000000E+000
-9,1574959E-002	-1,570336852498631E-001	5,000000000000000E+000
-9,2426233E-002	-1,584541102940293E-001	5,000000000000000E+000
-9,3550511E-002	-1,602425855342984E-001	5,000000000000000E+000
-9,4489470E-002	-1,628679312351675E-001	5,000000000000000E+000
-9,5448971E-002	-1,620021503142732E-001	5,000000000000000E+000
-9,6486166E-002	-1,612898678712622E-001	5,000000000000000E+000
-9,7518951E-002	-1,614355123601858E-001	5,000000000000000E+000
-9,8522432E-002	-1,633608499886808E-001	5,000000000000000E+000
-9,9518925E-002	-1,653895708214903E-001	5,000000000000000E+000
-1,0045382E-001	-1,675517111499280E-001	5,000000000000000E+000
-1,0140680E-001	-1,698052007532507E-001	5,000000000000000E+000
-1,0256099E-001	-1,717717549936091E-001	5,000000000000000E+000
-1,0352584E-001	-1,735256464496531E-001	5,000000000000000E+000
-1,0452040E-001	-1,752809660543715E-001	5,000000000000000E+000
-1,0553557E-001	-1,767477432645310E-001	5,000000000000000E+000
-1,0656007E-001	-1,771436543721294E-001	5,000000000000000E+000
-1,0748798E-001	-1,764815558713893E-001	5,000000000000000E+000
-1,0852799E-001	-1,757304757764491E-001	5,000000000000000E+000
-1,0954908E-001	-1,774618176363956E-001	5,000000000000000E+000
-1,1048400E-001	-1,795525042064203E-001	5,000000000000000E+000
-1,1150129E-001	-1,820969741653510E-001	5,000000000000000E+000
-1,1263554E-001	-1,844383971248238E-001	5,000000000000000E+000
-1,1353841E-001	-1,865929308416390E-001	5,000000000000000E+000
-1,1461724E-001	-1,885973020215279E-001	5,000000000000000E+000
-1,1550907E-001	-1,923007827631573E-001	5,000000000000000E+000
-1,1650869E-001	-1,924236384220415E-001	5,000000000000000E+000
-1,1745825E-001	-1,930116484183122E-001	5,000000000000000E+000
-1,1848065E-001	-1,925199232754053E-001	5,000000000000000E+000
-1,1955250E-001	-1,907611851994360E-001	5,000000000000000E+000
-1,2045003E-001	-1,919564977805654E-001	5,000000000000000E+000
-1,2158853E-001	-1,943784036363163E-001	5,000000000000000E+000
-1,2249542E-001	-1,967613467325768E-001	5,000000000000000E+000
-1,2356895E-001	-1,996506061404943E-001	5,000000000000000E+000
-1,2459324E-001	-2,019537581061881E-001	5,000000000000000E+000
-1,2553412E-001	-2,042834183408155E-001	5,000000000000000E+000
-1,2649195E-001	-2,066144453085674E-001	5,000000000000000E+000
-1,2749352E-001	-2,083641566267171E-001	5,000000000000000E+000
-1,2845562E-001	-2,091607416945467E-001	5,000000000000000E+000
-1,2956184E-001	-2,089863504041682E-001	5,000000000000000E+000
-1,3061669E-001	-2,068852162057602E-001	5,000000000000000E+000
-1,3160129E-001	-2,069038699070598E-001	5,000000000000000E+000
-1,3247040E-001	-2,092158173866292E-001	5,000000000000000E+000
-1,3346073E-001	-2,119713956490146E-001	5,000000000000000E+000
-1,3446061E-001	-2,150144933688409E-001	5,000000000000000E+000
-1,3550846E-001	-2,177654120174268E-001	5,000000000000000E+000
-1,3647594E-001	-2,216988294902769E-001	5,000000000000000E+000
-1,3749819E-001	-2,230393046306238E-001	5,000000000000000E+000
-1,3845603E-001	-2,249783765593616E-001	5,000000000000000E+000
-1,3949327E-001	-2,262676896665381E-001	5,000000000000000E+000
-1,4058825E-001	-2,260909212960140E-001	5,000000000000000E+000
-1,4148536E-001	-2,235456996217922E-001	5,000000000000000E+000
-1,4253855E-001	-2,224072522173320E-001	5,000000000000000E+000
-1,4343503E-001	-2,245144322859476E-001	5,000000000000000E+000
-1,4444023E-001	-2,276530908075749E-001	5,000000000000000E+000
-1,4545877E-001	-2,310824454244638E-001	5,000000000000000E+000
-1,4649220E-001	-2,339904393172918E-001	5,000000000000000E+000
-1,4761010E-001	-2,367283751567211E-001	5,000000000000000E+000
-1,4850701E-001	-2,395055097769259E-001	5,000000000000000E+000
-1,4950562E-001	-2,418245628338167E-001	5,000000000000000E+000
-1,5048957E-001	-2,435204754756004E-001	5,000000000000000E+000
-1,5153721E-001	-2,434378899288949E-001	5,000000000000000E+000
-1,5254027E-001	-2,411384506978917E-001	5,000000000000000E+000
-1,5344016E-001	-2,385433258281813E-001	5,000000000000000E+000
-1,5449119E-001	-2,397769038324018E-001	5,000000000000000E+000
-1,5547790E-001	-2,429064100746210E-001	5,000000000000000E+000
-1,5652406E-001	-2,465679650022472E-001	5,000000000000000E+000
-1,5748695E-001	-2,513389365954533E-001	5,000000000000000E+000
-1,5854351E-001	-2,537279698169894E-001	5,000000000000000E+000
-1,5950325E-001	-2,566174810959243E-001	5,000000000000000E+000
-1,6054519E-001	-2,589494624278612E-001	5,000000000000000E+000
-1,6147074E-001	-2,612143680453300E-001	5,000000000000000E+000
-1,6253898E-001	-2,612970229238272E-001	5,000000000000000E+000
-1,6347241E-001	-2,596011830286846E-001	5,000000000000000E+000
-1,6460241E-001	-2,556314830909732E-001	5,000000000000000E+000
-1,6559295E-001	-2,560731835525343E-001	5,000000000000000E+000
-1,6650686E-001	-2,590045276684338E-001	5,000000000000000E+000
-1,6749845E-001	-2,629570914777322E-001	5,000000000000000E+000
-1,6851231E-001	-2,669535283068264E-001	5,000000000000000E+000
-1,6946234E-001	-2,706023992073749E-001	5,000000000000000E+000
-1,7042612E-001	-2,739851230893411E-001	5,000000000000000E+000
-1,7145443E-001	-2,768897979554741E-001	5,000000000000000E+000
-1,7252676E-001	-2,812521831580899E-001	5,000000000000000E+000
-1,7351530E-001	-2,805454765480981E-001	5,000000000000000E+000
-1,7445846E-001	-2,792638876233950E-001	5,000000000000000E+000
-1,7552984E-001	-2,740622489047151E-001	5,000000000000000E+000
-1,7649341E-001	-2,726377239105875E-001	5,000000000000000E+000
-1,7750934E-001	-2,757909645981824E-001	5,000000000000000E+000
-1,7848533E-001	-2,798286318365073E-001	5,000000000000000E+000
-1,7948754E-001	-2,845195225543454E-001	5,000000000000000E+000
-1,8051694E-001	-2,885851001160011E-001	5,000000000000000E+000
-1,8147668E-001	-2,925248416830539E-001	5,000000000000000E+000
-1,8250926E-001	-2,957307758775571E-001	5,000000000000000E+000
-1,8353182E-001	-2,987392337785844E-001	5,000000000000000E+000
-1,8455082E-001	-3,000172656029456E-001	5,000000000000000E+000
-1,8547067E-001	-2,991651806773410E-001	5,000000000000000E+000
-1,8644612E-001	-2,938967350939356E-001	5,000000000000000E+000
-1,8750925E-001	-2,899276863231703E-001	5,000000000000000E+000
-1,8850572E-001	-2,924880179128158E-001	5,000000000000000E+000
-1,8942750E-001	-2,966898445522901E-001	5,000000000000000E+000
-1,9055878E-001	-3,019999961403235E-001	5,000000000000000E+000
-1,9146599E-001	-3,078146618963391E-001	5,000000000000000E+000
-1,9242030E-001	-3,112043660754962E-001	5,000000000000000E+000
-1,9352630E-001	-3,149991870547328E-001	5,000000000000000E+000
-1,9455442E-001	-3,182417076356989E-001	5,000000000000000E+000
-1,9558105E-001	-3,202554818794678E-001	5,000000000000000E+000
-1,9642255E-001	-3,196719059789626E-001	5,000000000000000E+000
-1,9757529E-001	-3,148477969139265E-001	5,000000000000000E+000
-1,9853632E-001	-3,085067189057114E-001	5,000000000000000E+000
-1,9904816E-001	-3,087381502458211E-001	5,000000000000000E+000
-1,9959591E-001	-3,098491489887238E-001	5,000000000000000E+000
-1,9892542E-001	-2,850412691563915E-001	5,000000000000000E+000
-1,9796291E-001	-2,829090658989214E-001	5,000000000000000E+000
-1,9689831E-001	-2,829095115540209E-001	5,000000000000000E+000
-1,9586655E-001	-2,824192026078143E-001	5,000000000000000E+000
-1,9489622E-001	-2,821058006267314E-001	5,000000000000000E+000
-1,9395427E-001	-2,810295234882725E-001	5,000000000000000E+000
-1,9291194E-001	-2,780701445967506E-001	5,000000000000000E+000
-1,9192292E-001	-2,760502461481988E-001	5,000000000000000E+000
-1,9086000E-001	-2,706406972267565E-001	5,000000000000000E+000
-1,8996288E-001	-2,602327244563236E-001	5,000000000000000E+000
-1,8888339E-001	-2,526051384155389E-001	5,000000000000000E+000
-1,8797567E-001	-2,503011460519486E-001	5,000000000000000E+000
-1,8694438E-001	-2,518938470079951E-001	5,000000000000000E+000
-1,8593606E-001	-2,534159662938262E-001	5,000000000000000E+000
-1,8490459E-001	-2,542268304430217E-001	5,000000000000000E+000
-1,8396036E-001	-2,545909890905034E-001	5,000000000000000E+000
-1,8296349E-001	-2,544736267515902E-001	5,000000000000000E+000
-1,8197681E-001	-2,539817994391478E-001	5,000000000000000E+000
-1,8089591E-001	-2,521400742784701E-001	5,000000000000000E+000
-1,7993000E-001	-2,479497587170307E-001	5,000000000000000E+000
-1,7894754E-001	-2,404938851379685E-001	5,000000000000000E+000
-1,7798886E-001	-2,323027834020269E-001	5,000000000000000E+000
-1,7689706E-001	-2,300168196153303E-001	5,000000000000000E+000
-1,7594112E-001	-2,304811262767066E-001	5,000000000000000E+000
-1,7490432E-001	-2,316136963803454E-001	5,000000000000000E+000
-1,7393737E-001	-2,325127068907018E-001	5,000000000000000E+000
-1,7292833E-001	-2,328455983143711E-001	5,000000000000000E+000
-1,7186201E-001	-2,328876810217335E-001	5,000000000000000E+000
-1,7092180E-001	-2,322118215745794E-001	5,000000000000000E+000
-1,6990918E-001	-2,312171069422253E-001	5,000000000000000E+000
-1,6887301E-001	-2,279694310423954E-001	5,000000000000000E+000
-1,6792285E-001	-2,210724849805792E-001	5,000000000000000E+000
-1,6683380E-001	-2,138149094319455E-001	5,000000000000000E+000
-1,6591629E-001	-2,105757605146475E-001	5,000000000000000E+000
-1,6493319E-001	-2,106435097478059E-001	5,000000000000000E+000
-1,6391656E-001	-2,113817054433402E-001	5,000000000000000E+000
-1,6291687E-001	-2,119555793771593E-001	5,000000000000000E+000
-1,6195968E-001	-2,124460680686213E-001	5,000000000000000E+000
-1,6089231E-001	-2,121797614834375E-001	5,000000000000000E+000
-1,5986651E-001	-2,119938338658325E-001	5,000000000000000E+000
-1,5890889E-001	-2,110586840728370E-001	5,000000000000000E+000
-1,5799710E-001	-2,086210563020022E-001	5,000000000000000E+000
-1,5688366E-001	-2,043571705688469E-001	5,000000000000000E+000
-1,5586533E-001	-1,973369633951401E-001	5,000000000000000E+000
-1,5492800E-001	-1,913131555128418E-001	5,000000000000000E+000
-1,5395774E-001	-1,919071559483811E-001	5,000000000000000E+000
-1,5287273E-001	-1,923765160522808E-001	5,000000000000000E+000
-1,5201128E-001	-1,928975191829654E-001	5,000000000000000E+000
-1,5094940E-001	-1,931487383941803E-001	5,000000000000000E+000
-1,4996630E-001	-1,931085912338286E-001	5,000000000000000E+000
-1,4896855E-001	-1,927400386409352E-001	5,000000000000000E+000
-1,4787336E-001	-1,918564062496584E-001	5,000000000000000E+000
-1,4691256E-001	-1,901440394317935E-001	5,000000000000000E+000
-1,4591140E-001	-1,868883965847394E-001	5,000000000000000E+000
-1,4496164E-001	-1,808665307687107E-001	5,000000000000000E+000
-1,4391716E-001	-1,760289686283580E-001	5,000000000000000E+000
-1,4292686E-001	-1,746056278891581E-001	5,000000000000000E+000
-1,4190149E-001	-1,746510943673818E-001	5,000000000000000E+000
-1,4096169E-001	-1,749086608178922E-001	5,000000000000000E+000
-1,3993572E-001	-1,751817548475056E-001	5,000000000000000E+000
-1,3892543E-001	-1,748418183479874E-001	5,000000000000000E+000
-1,3792492E-001	-1,744314658593518E-001	5,000000000000000E+000
-1,3690107E-001	-1,737534011265742E-001	5,000000000000000E+000
-1,3591136E-001	-1,723949634987449E-001	5,000000000000000E+000
-1,3490281E-001	-1,698339261390540E-001	5,000000000000000E+000
-1,3392666E-001	-1,640384099273771E-001	5,000000000000000E+000
-1,3287464E-001	-1,595652846412522E-001	5,000000000000000E+000
-1,3192995E-001	-1,579255410814997E-001	5,000000000000000E+000
-1,3093135E-001	-1,577084371130230E-001	5,000000000000000E+000
-1,2993422E-001	-1,576424396113947E-001	5,000000000000000E+000
-1,2898190E-001	-1,577948326141463E-001	5,000000000000000E+000
-1,2795296E-001	-1,574301448202244E-001	5,000000000000000E+000
-1,2701273E-001	-1,568086774571351E-001	5,000000000000000E+000
-1,2588060E-001	-1,563047480390026E-001	5,000000000000000E+000
-1,2494758E-001	-1,550194001756613E-001	5,000000000000000E+000
-1,2400863E-001	-1,529546955048473E-001	5,000000000000000E+000
-1,2295146E-001	-1,494961720373902E-001	5,000000000000000E+000
-1,2195519E-001	-1,443544210072745E-001	5,000000000000000E+000
-1,2097144E-001	-1,418946125475626E-001	5,000000000000000E+000
-1,1993314E-001	-1,409567126452367E-001	5,000000000000000E+000
-1,1903919E-001	-1,409602056395403E-001	5,000000000000000E+000
-1,1798625E-001	-1,407433785843080E-001	5,000000000000000E+000
-1,1693776E-001	-1,403530276621936E-001	5,000000000000000E+000
-1,1595954E-001	-1,397338354166738E-001	5,000000000000000E+000
-1,1490299E-001	-1,390478798809149E-001	5,000000000000000E+000
-1,1395639E-001	-1,380014829165126E-001	5,000000000000000E+000
-1,1300428E-001	-1,363685750919912E-001	5,000000000000000E+000
-1,1199594E-001	-1,324785996262956E-001	5,000000000000000E+000
-1,1100371E-001	-1,288555829130393E-001	5,000000000000000E+000
-1,0995013E-001	-1,256825229222032E-001	5,000000000000000E+000
-1,0898379E-001	-1,246464839895012E-001	5,000000000000000E+000
-1,0794974E-001	-1,243020469771214E-001	5,000000000000000E+000
-1,0692164E-001	-1,238438660382399E-001	5,000000000000000E+000
-1,0590732E-001	-1,235989311847974E-001	5,000000000000000E+000
-1,0484950E-001	-1,230376931424766E-001	5,000000000000000E+000
-1,0400883E-001	-1,219844689799681E-001	5,000000000000000E+000
-1,0293360E-001	-1,212945396115106E-001	5,000000000000000E+000
-1,0189933E-001	-1,197251262902106E-001	5,000000000000000E+000
-1,0096548E-001	-1,173681914633894E-001	5,000000000000000E+000
-9,9967718E-002	-1,139270842799709E-001	5,000000000000000E+000
-9,8911807E-002	-1,103444813267775E-001	5,000000000000000E+000
-9,7955883E-002	-1,088791136043494E-001	5,000000000000000E+000
-9,6909501E-002	-1,082982209821538E-001	5,000000000000000E+000
-9,5920458E-002	-1,079312401685727E-001	5,000000000000000E+000
-9,4886415E-002	-1,072746038057459E-001	5,000000000000000E+000
-9,3951911E-002	-1,067548791395008E-001	5,000000000000000E+000
-9,2910431E-002	-1,058770434034090E-001	5,000000000000000E+000
-9,1924571E-002	-1,050270431744006E-001	5,000000000000000E+000
-9,0994030E-002	-1,021710136491389E-001	5,000000000000000E+000
-8,9937590E-002	-1,017058519474054E-001	5,000000000000000E+000
-8,8923275E-002	-9,875387437986527E-002	5,000000000000000E+000
-8,7963097E-002	-9,530993376824037E-002	5,000000000000000E+000
-8,6942211E-002	-9,371659502869933E-002	5,000000000000000E+000
-8,5917488E-002	-9,270353882608062E-002	5,000000000000000E+000
-8,4946066E-002	-9,206422314875651E-002	5,000000000000000E+000
-8,3968051E-002	-9,152639071733049E-002	5,000000000000000E+000
-8,3031006E-002	-9,066253189963339E-002	5,000000000000000E+000
-8,1924565E-002	-8,986331102507261E-002	5,000000000000000E+000
-8,1014492E-002	-8,903356137064566E-002	5,000000000000000E+000
-7,9951994E-002	-8,786326766669528E-002	5,000000000000000E+000
-7,8926854E-002	-8,619108721958796E-002	5,000000000000000E+000
-7,7877313E-002	-8,388971525278881E-002	5,000000000000000E+000
-7,6975293E-002	-8,063265884778015E-002	5,000000000000000E+000
-7,6000042E-002	-7,851885372117429E-002	5,000000000000000E+000
-7,4929692E-002	-7,726491113296818E-002	5,000000000000000E+000
-7,4032351E-002	-7,663880140279200E-002	5,000000000000000E+000
-7,2984718E-002	-7,591494983407043E-002	5,000000000000000E+000
-7,1954057E-002	-7,507576890013801E-002	5,000000000000000E+000
-7,0988387E-002	-7,325454593498115E-002	5,000000000000000E+000
-6,9987029E-002	-7,295699458120872E-002	5,000000000000000E+000
-6,8997137E-002	-7,188116689212576E-002	5,000000000000000E+000
-6,7997888E-002	-7,038011532104416E-002	5,000000000000000E+000
-6,6925421E-002	-6,867909527176785E-002	5,000000000000000E+000
-6,5957382E-002	-6,573796397316523E-002	5,000000000000000E+000
-6,4963877E-002	-6,332091751715385E-002	5,000000000000000E+000
-6,3941501E-002	-6,217059695713778E-002	5,000000000000000E+000
-6,2983446E-002	-6,125956759960560E-002	5,000000000000000E+000
-6,1978258E-002	-6,025043705098854E-002	5,000000000000000E+000
-6,0959283E-002	-5,957476542917650E-002	5,000000000000000E+000
-5,9981901E-002	-5,862661008723086E-002	5,000000000000000E+000
-5,8910705E-002	-5,756315335424422E-002	5,000000000000000E+000
-5,7937361E-002	-5,644372298761646E-002	5,000000000000000E+000
-5,6779336E-002	-5,527325109061276E-002	5,000000000000000E+000
-5,5940159E-002	-5,336048217766232E-002	5,000000000000000E+000
-5,4970637E-002	-5,119250711329552E-002	5,000000000000000E+000
-5,3932130E-002	-4,874066589831322E-002	5,000000000000000E+000
-5,2952845E-002	-4,710012069403158E-002	5,000000000000000E+000
-5,1997341E-002	-4,601204321133312E-002	5,000000000000000E+000
-5,0939329E-002	-4,475634800339179E-002	5,000000000000000E+000
-4,9616367E-002	-4,877871397313549E-002	5,000000000000000E+000
-4,8340205E-002	-4,073986161448473E-002	5,000000000000000E+000
-4,7377057E-002	-4,072545723627419E-002	5,000000000000000E+000
-4,6323683E-002	-3,969308312257946E-002	5,000000000000000E+000
-4,5405321E-002	-3,816521202679721E-002	5,000000000000000E+000
-4,4389747E-002	-3,660658743508424E-002	5,000000000000000E+000
-4,3301981E-002	-3,421309263945582E-002	5,000000000000000E+000
-4,2217404E-002	-3,219816796654065E-002	5,000000000000000E+000
-4,1240454E-002	-3,102729946409377E-002	5,000000000000000E+000
-4,0402129E-002	-2,998394496669922E-002	5,000000000000000E+000
-3,9222661E-002	-2,895765494624220E-002	5,000000000000000E+000
-3,8400043E-002	-2,795018321248111E-002	5,000000000000000E+000
-3,7319500E-002	-2,681491801222025E-002	5,000000000000000E+000
-3,6289267E-002	-2,583660369014575E-002	5,000000000000000E+000
-3,5355199E-002	-2,451092156762658E-002	5,000000000000000E+000
-3,4317113E-002	-2,336807480012926E-002	5,000000000000000E+000
-3,3328705E-002	-2,163040136952926E-002	5,000000000000000E+000
-3,2319695E-002	-1,971255799677841E-002	5,000000000000000E+000
-3,1361431E-002	-1,786947300812847E-002	5,000000000000000E+000
-3,0338265E-002	-1,452447429808129E-002	5,000000000000000E+000
-2,9325832E-002	-1,492554284589079E-002	5,000000000000000E+000
-2,8379669E-002	-1,387484682965334E-002	5,000000000000000E+000
-2,7304010E-002	-1,288246620808624E-002	5,000000000000000E+000
-2,6383957E-002	-1,178241441030642E-002	5,000000000000000E+000
-2,5305111E-002	-1,052287004293043E-002	5,000000000000000E+000
-2,4308419E-002	-9,308482346737174E-003	5,000000000000000E+000
-2,3394093E-002	-8,293623891572816E-003	5,000000000000000E+000
-2,2244772E-002	-6,618924124200842E-003	5,000000000000000E+000
-2,1022605E-002	-3,663674055167640E-003	5,000000000000000E+000
-1,9682584E-002	-3,268780101886179E-003	5,000000000000000E+000
-1,8725801E-002	-1,590328368736141E-003	5,000000000000000E+000
-1,7818056E-002	6,011143099621478E-004	5,000000000000000E+000
-1,6742822E-002	1,237904283496188E-003	5,000000000000000E+000
-1,5864795E-002	2,276540094936975E-003	5,000000000000000E+000
-1,4770667E-002	3,615799186432199E-003	5,000000000000000E+000
-1,3861224E-002	4,674044745452521E-003	5,000000000000000E+000
-1,2795967E-002	5,958402367131937E-003	5,000000000000000E+000
-1,1780593E-002	7,144216764977035E-003	5,000000000000000E+000
-1,0747390E-002	8,651783507688096E-003	5,000000000000000E+000
-9,9213729E-003	1,015400769365779E-002	5,000000000000000E+000
-8,2594147E-003	1,746430595123752E-002	5,000000000000000E+000
-7,2455374E-003	1,487477060302617E-002	5,000000000000000E+000
-6,1613200E-003	1,569005661143894E-002	5,000000000000000E+000
-5,2172737E-003	1,702981292597816E-002	5,000000000000000E+000
-4,2154882E-003	1,820966169988325E-002	5,000000000000000E+000
-3,0823003E-003	1,932993379024855E-002	5,000000000000000E+000
-2,1959948E-003	2,054304875976720E-002	5,000000000000000E+000
-1,3502358E-003	2,186557836830620E-002	5,000000000000000E+000
-1,6143010E-004	2,326176823892939E-002	5,000000000000000E+000
9,2526787E-004	2,468897908262002E-002	5,000000000000000E+000
1,9077359E-003	2,599617320595807E-002	5,000000000000000E+000
2,8577249E-003	2,755386859213033E-002	5,000000000000000E+000
3,8293663E-003	2,877058746741595E-002	5,000000000000000E+000
4,7475132E-003	3,000699252718042E-002	5,000000000000000E+000
5,7571805E-003	3,125990555983860E-002	5,000000000000000E+000
6,1430368E-003	3,178699500858784E-002	5,000000000000000E+000