Ewe/V	<I>/mA	cycle number	
3,2939140E-002	-3,192232251167297E-001	1,000000000000000E+000
3,3468746E-002	-8,178594488126674E-001	1,000000000000000E+000
3,4861453E-002	-1,700522328539780E-001	1,000000000000000E+000
3,6132157E-002	-2,059905132642192E-002	1,000000000000000E+000
3,7321683E-002	3,580999766402081E-002	1,000000000000000E+000
3,8484372E-002	6,901768651005130E-002	1,000000000000000E+000
3,9718430E-002	9,220631679959790E-002	1,000000000000000E+000
4,0943693E-002	1,119569612460007E-001	1,000000000000000E+000
4,2059701E-002	1,264280989109667E-001	1,000000000000000E+000
4,3303438E-002	1,371260567328947E-001	1,000000000000000E+000
4,4514559E-002	1,459262795574938E-001	1,000000000000000E+000
4,5646954E-002	1,570209662604616E-001	1,000000000000000E+000
4,6883371E-002	1,629496695467323E-001	1,000000000000000E+000
4,8064452E-002	1,715228871681682E-001	1,000000000000000E+000
4,9228307E-002	1,733325739559306E-001	1,000000000000000E+000
5,0495762E-002	1,814782868314069E-001	1,000000000000000E+000
5,1727928E-002	1,876987097849552E-001	1,000000000000000E+000
5,2913927E-002	1,927925725920234E-001	1,000000000000000E+000
5,4039650E-002	1,966580490471745E-001	1,000000000000000E+000
5,5281132E-002	2,015471740386499E-001	1,000000000000000E+000
5,6505695E-002	2,046976902961934E-001	1,000000000000000E+000
5,7657309E-002	2,105224260368344E-001	1,000000000000000E+000
5,8895323E-002	2,138649454120438E-001	1,000000000000000E+000
6,0131785E-002	2,169443864161926E-001	1,000000000000000E+000
6,1300736E-002	2,196684797462602E-001	1,000000000000000E+000
6,4744495E-002	2,287054995874911E-001	1,000000000000000E+000
6,8160921E-002	2,401793682883087E-001	1,000000000000000E+000
6,9397487E-002	2,478638878156854E-001	1,000000000000000E+000
7,0720844E-002	2,471311555483325E-001	1,000000000000000E+000
7,1716957E-002	2,513608645434344E-001	1,000000000000000E+000
7,2937995E-002	2,530462813447230E-001	1,000000000000000E+000
7,4266575E-002	2,560441228108374E-001	1,000000000000000E+000
7,5486057E-002	2,587557788097508E-001	1,000000000000000E+000
7,6595567E-002	2,627417198544006E-001	1,000000000000000E+000
7,7857710E-002	2,641209913967439E-001	1,000000000000000E+000
7,9002962E-002	2,659029038073253E-001	1,000000000000000E+000
8,0240622E-002	2,708270850481416E-001	1,000000000000000E+000
8,1395417E-002	2,715485683745807E-001	1,000000000000000E+000
8,2670733E-002	2,748658268958222E-001	1,000000000000000E+000
8,3866686E-002	2,768651008664165E-001	1,000000000000000E+000
8,4959261E-002	2,788682144148176E-001	1,000000000000000E+000
8,6345792E-002	2,822033910746944E-001	1,000000000000000E+000
8,7401249E-002	2,833528384508099E-001	1,000000000000000E+000
8,8673078E-002	2,873534405823897E-001	1,000000000000000E+000
8,9824058E-002	2,872844966607067E-001	1,000000000000000E+000
9,1044165E-002	2,921488895727746E-001	1,000000000000000E+000
9,2237964E-002	2,932570020073193E-001	1,000000000000000E+000
9,3482345E-002	2,950687907092888E-001	1,000000000000000E+000
9,4602264E-002	2,983340950191224E-001	1,000000000000000E+000
9,5878214E-002	2,996223717184172E-001	1,000000000000000E+000
9,6949793E-002	3,004445041846751E-001	1,000000000000000E+000
9,8153777E-002	3,053380389950089E-001	1,000000000000000E+000
9,9455446E-002	3,054394198503965E-001	1,000000000000000E+000
1,0064060E-001	3,067589738703753E-001	1,000000000000000E+000
1,0181312E-001	3,105045106106745E-001	1,000000000000000E+000
1,0307173E-001	3,113814662986742E-001	1,000000000000000E+000
1,0412783E-001	3,126708099670283E-001	1,000000000000000E+000
1,0546143E-001	3,171464550541723E-001	1,000000000000000E+000
1,0668141E-001	3,173592758248556E-001	1,000000000000000E+000
1,0775321E-001	3,191239922954185E-001	1,000000000000000E+000
1,0888155E-001	3,237754587640262E-001	1,000000000000000E+000
1,1025754E-001	3,242467005362024E-001	1,000000000000000E+000
1,1138658E-001	3,272040332473498E-001	1,000000000000000E+000
1,1262114E-001	3,295459317806593E-001	1,000000000000000E+000
1,1370312E-001	3,313237058076384E-001	1,000000000000000E+000
1,1506692E-001	3,350235553936931E-001	1,000000000000000E+000
1,1606994E-001	3,358316863175581E-001	1,000000000000000E+000
1,1737543E-001	3,381371046675170E-001	1,000000000000000E+000
1,1855499E-001	3,427517414093018E-001	1,000000000000000E+000
1,1986539E-001	3,428139106124746E-001	1,000000000000000E+000
1,2106018E-001	3,470887886554319E-001	1,000000000000000E+000
1,2212370E-001	3,481614831705682E-001	1,000000000000000E+000
1,2347542E-001	3,511522461000518E-001	1,000000000000000E+000
1,2462951E-001	3,533710377200308E-001	1,000000000000000E+000
1,2571257E-001	3,546101303848754E-001	1,000000000000000E+000
1,2709139E-001	3,598998155858779E-001	1,000000000000000E+000
1,2814961E-001	3,609439004083272E-001	1,000000000000000E+000
1,2933826E-001	3,640330481575806E-001	1,000000000000000E+000
1,3065885E-001	3,655534594565548E-001	1,000000000000000E+000
1,3185653E-001	3,677297160999538E-001	1,000000000000000E+000
1,3300614E-001	3,708473854995740E-001	1,000000000000000E+000
1,3416724E-001	3,729443443460498E-001	1,000000000000000E+000
1,3545190E-001	3,757145219779972E-001	1,000000000000000E+000
1,3662155E-001	3,767399522023180E-001	1,000000000000000E+000
1,3783190E-001	3,802548478448031E-001	1,000000000000000E+000
1,3898960E-001	3,821194428536625E-001	1,000000000000000E+000
1,4021681E-001	3,843160794155369E-001	1,000000000000000E+000
1,4145276E-001	3,884408392154413E-001	1,000000000000000E+000
1,4263685E-001	3,894159712039666E-001	1,000000000000000E+000
1,4384274E-001	3,925032389233820E-001	1,000000000000000E+000
1,4501344E-001	3,938133467260441E-001	1,000000000000000E+000
1,4617819E-001	3,969812062051579E-001	1,000000000000000E+000
1,4739999E-001	3,997579714632593E-001	1,000000000000000E+000
1,4857835E-001	4,006725339826920E-001	1,000000000000000E+000
1,4976889E-001	4,051179684271728E-001	1,000000000000000E+000
1,5098545E-001	4,058295147972073E-001	1,000000000000000E+000
1,5220366E-001	4,088268489900235E-001	1,000000000000000E+000
1,5338452E-001	4,109150653368703E-001	1,000000000000000E+000
1,5454526E-001	4,126737582329163E-001	1,000000000000000E+000
1,5586704E-001	4,162657557947877E-001	1,000000000000000E+000
1,5698123E-001	4,185009735067275E-001	1,000000000000000E+000
1,5821308E-001	4,192276757740814E-001	1,000000000000000E+000
1,5936756E-001	4,240116718057023E-001	1,000000000000000E+000
1,6059412E-001	4,251988907085948E-001	1,000000000000000E+000
1,6173737E-001	4,286425402452659E-001	1,000000000000000E+000
1,6302888E-001	4,296631723926936E-001	1,000000000000000E+000
1,6418344E-001	4,311181580026948E-001	1,000000000000000E+000
1,6537420E-001	4,355388605617907E-001	1,000000000000000E+000
1,6653283E-001	4,362671503848947E-001	1,000000000000000E+000
1,6782936E-001	4,385723389827429E-001	1,000000000000000E+000
1,6898175E-001	4,404954796320668E-001	1,000000000000000E+000
1,7014503E-001	4,426313509142732E-001	1,000000000000000E+000
1,7136621E-001	4,452839460637836E-001	1,000000000000000E+000
1,7257847E-001	4,470829215715630E-001	1,000000000000000E+000
1,7369275E-001	4,473966833902532E-001	1,000000000000000E+000
1,7499208E-001	4,497120822585803E-001	1,000000000000000E+000
1,7618649E-001	4,538430780456917E-001	1,000000000000000E+000
1,7725807E-001	4,534390761077196E-001	1,000000000000000E+000
1,7889322E-001	4,557001662324196E-001	1,000000000000000E+000
1,7967306E-001	4,578442911992582E-001	1,000000000000000E+000
1,8105310E-001	4,576498317765068E-001	1,000000000000000E+000
1,8224591E-001	4,584838248362448E-001	1,000000000000000E+000
1,8344489E-001	4,590886781613035E-001	1,000000000000000E+000
1,8457823E-001	4,602514142105876E-001	1,000000000000000E+000
1,8587974E-001	4,610541244748880E-001	1,000000000000000E+000
1,8695931E-001	4,629222453610662E-001	1,000000000000000E+000
1,8812811E-001	4,631007932669799E-001	1,000000000000000E+000
1,8938051E-001	4,658478787233543E-001	1,000000000000000E+000
1,9063275E-001	4,664673722452610E-001	1,000000000000000E+000
1,9177319E-001	4,703194714254826E-001	1,000000000000000E+000
1,9296345E-001	4,702067632784357E-001	1,000000000000000E+000
1,9413903E-001	4,730064473502953E-001	1,000000000000000E+000
1,9536693E-001	4,769593105690246E-001	1,000000000000000E+000
1,9663233E-001	4,770269383702221E-001	1,000000000000000E+000
1,9774440E-001	4,821856834136673E-001	1,000000000000000E+000
1,9911824E-001	4,839756471273082E-001	1,000000000000000E+000
1,9990638E-001	4,851755963522013E-001	1,000000000000000E+000
2,0041442E-001	4,877558350563049E-001	1,000000000000000E+000
2,0027687E-001	4,882119894027710E-001	1,000000000000000E+000
2,0018975E-001	3,671734110749751E-001	1,000000000000000E+000
1,9837320E-001	2,546456830912378E-001	1,000000000000000E+000
1,9739796E-001	3,003311979664436E-001	1,000000000000000E+000
1,9631229E-001	2,760556072397689E-001	1,000000000000000E+000
1,9507313E-001	2,639036189551309E-001	1,000000000000000E+000
1,9383347E-001	2,594466526675709E-001	1,000000000000000E+000
1,9255988E-001	2,497282816847384E-001	1,000000000000000E+000
1,9158195E-001	2,466191862735685E-001	1,000000000000000E+000
1,9027789E-001	2,395561912821405E-001	1,000000000000000E+000
1,8909724E-001	2,347910625782479E-001	1,000000000000000E+000
1,8786557E-001	2,291303199340797E-001	1,000000000000000E+000
1,8658586E-001	2,238689326234946E-001	1,000000000000000E+000
1,8550988E-001	2,193586032080934E-001	1,000000000000000E+000
1,8425365E-001	2,169038893933068E-001	1,000000000000000E+000
1,8308204E-001	2,102829579736047E-001	1,000000000000000E+000
1,8188976E-001	2,063116511595178E-001	1,000000000000000E+000
1,8070002E-001	2,033620423398035E-001	1,000000000000000E+000
1,7945738E-001	1,987250079853573E-001	1,000000000000000E+000
1,7836456E-001	1,918556255113805E-001	1,000000000000000E+000
1,7707512E-001	1,921829672808402E-001	1,000000000000000E+000
1,7592010E-001	1,846300592652468E-001	1,000000000000000E+000
1,7463493E-001	1,828104063040681E-001	1,000000000000000E+000
1,7347746E-001	1,800470053664565E-001	1,000000000000000E+000
1,7218332E-001	1,743741699449153E-001	1,000000000000000E+000
1,7138930E-001	1,715149097629667E-001	1,000000000000000E+000
1,6971700E-001	1,678666008843320E-001	1,000000000000000E+000
1,6875525E-001	1,656228952310306E-001	1,000000000000000E+000
1,6738123E-001	1,604294647630824E-001	1,000000000000000E+000
1,6611655E-001	1,574820795536249E-001	1,000000000000000E+000
1,6507898E-001	1,544618513564480E-001	1,000000000000000E+000
1,6389339E-001	1,525138964627533E-001	1,000000000000000E+000
1,6263664E-001	1,471779627932447E-001	1,000000000000000E+000
1,6152403E-001	1,434334726169859E-001	1,000000000000000E+000
1,6034098E-001	1,415780861231424E-001	1,000000000000000E+000
1,5900080E-001	1,368672553378726E-001	1,000000000000000E+000
1,5790077E-001	1,354803565789353E-001	1,000000000000000E+000
1,5671845E-001	1,316841254318004E-001	1,000000000000000E+000
1,5541829E-001	1,284830902214806E-001	1,000000000000000E+000
1,5425868E-001	1,251652965357706E-001	1,000000000000000E+000
1,5308675E-001	1,224275642000268E-001	1,000000000000000E+000
1,5198490E-001	1,194171925486041E-001	1,000000000000000E+000
1,5068029E-001	1,161846650971308E-001	1,000000000000000E+000
1,4956184E-001	1,130685689406365E-001	1,000000000000000E+000
1,4822266E-001	1,094254557214703E-001	1,000000000000000E+000
1,4713521E-001	1,062630245497633E-001	1,000000000000000E+000
1,4584519E-001	1,045618238648685E-001	1,000000000000000E+000
1,4476840E-001	9,968302277168994E-002	1,000000000000000E+000
1,4349525E-001	9,583917299136832E-002	1,000000000000000E+000
1,4221096E-001	9,420233582689730E-002	1,000000000000000E+000
1,4113888E-001	8,974260793022265E-002	1,000000000000000E+000
1,4004718E-001	8,649873754216576E-002	1,000000000000000E+000
1,3861820E-001	8,506889114182248E-002	1,000000000000000E+000
1,3754161E-001	7,991703939397787E-002	1,000000000000000E+000
1,3634972E-001	7,833915824691473E-002	1,000000000000000E+000
1,3515233E-001	7,364466404154268E-002	1,000000000000000E+000
1,3391055E-001	7,016559478991757E-002	1,000000000000000E+000
1,3274820E-001	6,722807157428994E-002	1,000000000000000E+000
1,3145781E-001	6,364370155723836E-002	1,000000000000000E+000
1,3029437E-001	6,084307554637158E-002	1,000000000000000E+000
1,2906598E-001	5,696964504346014E-002	1,000000000000000E+000
1,2790425E-001	5,271478590778644E-002	1,000000000000000E+000
1,2674972E-001	5,073406214958384E-002	1,000000000000000E+000
1,2555170E-001	4,831581652251754E-002	1,000000000000000E+000
1,2431481E-001	4,455245457292112E-002	1,000000000000000E+000
1,2061433E-001	4,424093738603202E-002	1,000000000000000E+000
1,1745496E-001	4,701931693044670E-002	1,000000000000000E+000
1,1639336E-001	3,785152652967050E-002	1,000000000000000E+000
1,1512087E-001	2,442851133067367E-002	1,000000000000000E+000
1,1374294E-001	1,717010054279755E-002	1,000000000000000E+000
1,1258615E-001	1,868397689698514E-002	1,000000000000000E+000
1,1131871E-001	2,334883923524306E-002	1,000000000000000E+000
1,1018387E-001	2,438878116744389E-002	1,000000000000000E+000
1,0911218E-001	1,984129661509031E-002	1,000000000000000E+000
1,0794201E-001	1,367416982146905E-002	1,000000000000000E+000
1,0680073E-001	9,749699559001249E-003	1,000000000000000E+000
1,0542028E-001	9,048730264314367E-003	1,000000000000000E+000
1,0415997E-001	9,247775891102150E-003	1,000000000000000E+000
1,0307523E-001	8,245834977262549E-003	1,000000000000000E+000
1,0191958E-001	5,917397012732778E-003	1,000000000000000E+000
1,0068298E-001	2,953227426410701E-003	1,000000000000000E+000
9,9574663E-002	4,621759576238178E-004	1,000000000000000E+000
9,8300636E-002	-1,568442293559104E-003	1,000000000000000E+000
9,7141832E-002	-4,157865805356979E-003	1,000000000000000E+000
9,5870905E-002	-5,746781387743862E-003	1,000000000000000E+000
9,4647788E-002	-6,918154293190218E-003	1,000000000000000E+000
9,3528301E-002	-9,715363125299831E-003	1,000000000000000E+000
9,2317671E-002	-1,195696882718439E-002	1,000000000000000E+000
9,1206104E-002	-1,397214437606127E-002	1,000000000000000E+000
8,9948982E-002	-1,604942967383571E-002	1,000000000000000E+000
8,8698007E-002	-1,777362609674218E-002	1,000000000000000E+000
8,7386481E-002	-2,006994065333040E-002	1,000000000000000E+000
8,6445235E-002	-2,232627652200692E-002	1,000000000000000E+000
8,5074328E-002	-2,385078240008121E-002	1,000000000000000E+000
8,3891019E-002	-2,633210695259747E-002	1,000000000000000E+000
8,2648113E-002	-2,880241214815110E-002	1,000000000000000E+000
8,1478454E-002	-3,022138729647847E-002	1,000000000000000E+000
8,0380850E-002	-3,240711993405259E-002	1,000000000000000E+000
7,9059429E-002	-3,481834926626315E-002	1,000000000000000E+000
7,7788107E-002	-3,629139377396012E-002	1,000000000000000E+000
7,6704063E-002	-3,948623486778358E-002	1,000000000000000E+000
7,5452469E-002	-4,148256579679188E-002	1,000000000000000E+000
7,4269786E-002	-4,310427464871391E-002	1,000000000000000E+000
7,3100127E-002	-4,487269776533745E-002	1,000000000000000E+000
7,1908176E-002	-4,671518617235249E-002	1,000000000000000E+000
7,0689961E-002	-4,863313545340320E-002	1,000000000000000E+000
6,9439501E-002	-5,127946048176246E-002	1,000000000000000E+000
6,8424173E-002	-5,281335077678592E-002	1,000000000000000E+000
6,7165628E-002	-5,499733420179465E-002	1,000000000000000E+000
6,5931939E-002	-5,782931137299685E-002	1,000000000000000E+000
6,4737648E-002	-5,973207962152739E-002	1,000000000000000E+000
6,3598871E-002	-6,215840358345281E-002	1,000000000000000E+000
6,2262993E-002	-6,405624186057413E-002	1,000000000000000E+000
6,1078042E-002	-6,548272790920817E-002	1,000000000000000E+000
5,9939060E-002	-6,744653665211625E-002	1,000000000000000E+000
5,8861744E-002	-7,048402366247819E-002	1,000000000000000E+000
5,7535347E-002	-7,323377206355630E-002	1,000000000000000E+000
5,6399647E-002	-7,505498436269864E-002	1,000000000000000E+000
5,5100489E-002	-7,619596889303959E-002	1,000000000000000E+000
5,3997986E-002	-7,795203360243885E-002	1,000000000000000E+000
5,2803133E-002	-8,106141156329416E-002	1,000000000000000E+000
5,1622503E-002	-8,392989255662542E-002	1,000000000000000E+000
5,0404731E-002	-8,614624457226872E-002	1,000000000000000E+000
4,9104087E-002	-8,736706147707651E-002	1,000000000000000E+000
4,8051391E-002	-8,915061262572022E-002	1,000000000000000E+000
4,6807118E-002	-9,228601169080419E-002	1,000000000000000E+000
4,5667168E-002	-9,461621220624530E-002	1,000000000000000E+000
4,4435427E-002	-9,682188707746642E-002	1,000000000000000E+000
4,3242406E-002	-9,925366400016666E-002	1,000000000000000E+000
4,1971065E-002	-1,009540052635001E-001	1,000000000000000E+000
4,0720455E-002	-1,031066809535124E-001	1,000000000000000E+000
3,9703421E-002	-1,056153194529341E-001	1,000000000000000E+000
3,8432363E-002	-1,076318525334092E-001	1,000000000000000E+000
3,4862410E-002	-1,124651911587984E-001	1,000000000000000E+000
3,1294785E-002	-1,211372336579688E-001	1,000000000000000E+000
3,0120805E-002	-1,199929530735575E-001	1,000000000000000E+000
2,8945344E-002	-1,243365759550619E-001	1,000000000000000E+000
2,7758839E-002	-1,239555736311659E-001	1,000000000000000E+000
2,6556205E-002	-1,290828274326892E-001	1,000000000000000E+000
2,5356611E-002	-1,294255422221285E-001	1,000000000000000E+000
2,4061911E-002	-1,303395143784454E-001	1,000000000000000E+000
2,2881322E-002	-1,345763343560972E-001	1,000000000000000E+000
2,1771099E-002	-1,344751855051270E-001	1,000000000000000E+000
2,0609539E-002	-1,371417718829537E-001	1,000000000000000E+000
1,9387515E-002	-1,399759001829404E-001	1,000000000000000E+000
1,8058216E-002	-1,401900048885081E-001	1,000000000000000E+000
1,6939148E-002	-1,432171301195113E-001	1,000000000000000E+000
1,5657688E-002	-1,452781208144089E-001	1,000000000000000E+000
1,4488873E-002	-1,462742613706118E-001	1,000000000000000E+000
1,3341575E-002	-1,490227213135866E-001	1,000000000000000E+000
1,2080068E-002	-1,512718281268870E-001	1,000000000000000E+000
1,0922503E-002	-1,520380689180454E-001	1,000000000000000E+000
9,7357193E-003	-1,557302801488225E-001	1,000000000000000E+000
8,5747587E-003	-1,556334705674085E-001	1,000000000000000E+000
7,3015774E-003	-1,598289484293978E-001	1,000000000000000E+000
6,0998593E-003	-1,604870301153913E-001	1,000000000000000E+000
4,8698070E-003	-1,632065242706116E-001	1,000000000000000E+000
3,7018422E-003	-1,641791422961334E-001	1,000000000000000E+000
2,5651935E-003	-1,679884212369666E-001	1,000000000000000E+000
1,3454315E-003	-1,688855233919138E-001	1,000000000000000E+000
6,6443419E-005	-1,710191445987830E-001	1,000000000000000E+000
-1,1003863E-003	-1,720836831405501E-001	1,000000000000000E+000
-2,3287777E-003	-1,753115429504137E-001	1,000000000000000E+000
-3,5302837E-003	-1,769560100446037E-001	1,000000000000000E+000
-4,7676652E-003	-1,776203481486955E-001	1,000000000000000E+000
-5,9159528E-003	-1,817574091255665E-001	1,000000000000000E+000
-7,0166253E-003	-1,821226031073198E-001	1,000000000000000E+000
-8,3137956E-003	-1,851201421199624E-001	1,000000000000000E+000
-9,4655529E-003	-1,872692575885186E-001	1,000000000000000E+000
-1,0706120E-002	-1,879450590931806E-001	1,000000000000000E+000
-1,1968475E-002	-1,916753291055406E-001	1,000000000000000E+000
-1,3089491E-002	-1,929309634013208E-001	1,000000000000000E+000
-1,4376545E-002	-1,942746917549003E-001	1,000000000000000E+000
-1,5469327E-002	-1,961846976644466E-001	1,000000000000000E+000
-1,6731469E-002	-1,993517948463310E-001	1,000000000000000E+000
-1,7901346E-002	-2,003442162725455E-001	1,000000000000000E+000
-1,9005267E-002	-2,039848941753410E-001	1,000000000000000E+000
-2,0352824E-002	-2,042411892778337E-001	1,000000000000000E+000
-2,1501472E-002	-2,061659283450961E-001	1,000000000000000E+000
-2,2674382E-002	-2,100059592404344E-001	1,000000000000000E+000
-2,3845531E-002	-2,103569584044940E-001	1,000000000000000E+000
-2,5156576E-002	-2,130989360254412E-001	1,000000000000000E+000
-2,6308335E-002	-2,153637417488633E-001	1,000000000000000E+000
-2,7438439E-002	-2,175341719897310E-001	1,000000000000000E+000
-2,8597277E-002	-2,184016882060356E-001	1,000000000000000E+000
-2,9942175E-002	-2,218054649872807E-001	1,000000000000000E+000
-3,1112045E-002	-2,223148813678153E-001	1,000000000000000E+000
-3,2449417E-002	-2,245035553771428E-001	1,000000000000000E+000
-3,3130936E-002	-2,283537634001624E-001	1,000000000000000E+000
-3,4751911E-002	-2,287295678624002E-001	1,000000000000000E+000
-3,5908412E-002	-2,305954501175114E-001	1,000000000000000E+000
-3,7086841E-002	-2,337833425521647E-001	1,000000000000000E+000
-3,8345665E-002	-2,338660480874946E-001	1,000000000000000E+000
-3,9487943E-002	-2,353494333381402E-001	1,000000000000000E+000
-4,0584508E-002	-2,389581952657958E-001	1,000000000000000E+000
-4,1948549E-002	-2,405748843803939E-001	1,000000000000000E+000
-4,3163214E-002	-2,421265639164218E-001	1,000000000000000E+000
-4,4280089E-002	-2,453751113336889E-001	1,000000000000000E+000
-4,5487534E-002	-2,462590477532806E-001	1,000000000000000E+000
-4,6747837E-002	-2,483600274071143E-001	1,000000000000000E+000
-4,7906354E-002	-2,519003101462864E-001	1,000000000000000E+000
-4,9156260E-002	-2,529256045818323E-001	1,000000000000000E+000
-5,0312974E-002	-2,545057164582736E-001	1,000000000000000E+000
-5,1443048E-002	-2,575751470479499E-001	1,000000000000000E+000
-5,2613769E-002	-2,589900236990710E-001	1,000000000000000E+000
-5,3804379E-002	-2,620522720260636E-001	1,000000000000000E+000
-5,5132963E-002	-2,630355718720234E-001	1,000000000000000E+000
-5,6200940E-002	-2,651261696527298E-001	1,000000000000000E+000
-5,7503633E-002	-2,677924381019285E-001	1,000000000000000E+000
-5,8715258E-002	-2,696989224673909E-001	1,000000000000000E+000
-5,9778355E-002	-2,711571782484596E-001	1,000000000000000E+000
-6,0986575E-002	-2,745665982365604E-001	1,000000000000000E+000
-6,2401764E-002	-2,760360813117588E-001	1,000000000000000E+000
-6,3442595E-002	-2,775437819946086E-001	1,000000000000000E+000
-6,4500734E-002	-2,806455364399074E-001	1,000000000000000E+000
-6,6012979E-002	-2,828851173722375E-001	1,000000000000000E+000
-6,7036167E-002	-2,832523287312744E-001	1,000000000000000E+000
-6,8241596E-002	-2,873770888965933E-001	1,000000000000000E+000
-6,9511242E-002	-2,882729012506182E-001	1,000000000000000E+000
-7,0739634E-002	-2,907412198255770E-001	1,000000000000000E+000
-7,1823254E-002	-2,933336917582583E-001	1,000000000000000E+000
-7,3011175E-002	-2,936729926085633E-001	1,000000000000000E+000
-7,4305154E-002	-2,969317255806843E-001	1,000000000000000E+000
-7,5446516E-002	-2,997584283293686E-001	1,000000000000000E+000
-7,6719984E-002	-3,002721789525813E-001	1,000000000000000E+000
-7,7757113E-002	-3,037084225377624E-001	1,000000000000000E+000
-7,9069138E-002	-3,053374070603034E-001	1,000000000000000E+000
-8,0271281E-002	-3,068974684024899E-001	1,000000000000000E+000
-8,1483968E-002	-3,100735965417689E-001	1,000000000000000E+000
-8,2797095E-002	-3,116103186233263E-001	1,000000000000000E+000
-8,3816461E-002	-3,125114539288916E-001	1,000000000000000E+000
-8,5039929E-002	-3,169442287633304E-001	1,000000000000000E+000
-8,6400427E-002	-3,173137775609369E-001	1,000000000000000E+000
-8,7547950E-002	-3,201408104764082E-001	1,000000000000000E+000
-8,8692710E-002	-3,223477296673478E-001	1,000000000000000E+000
-8,9833714E-002	-3,223217566523493E-001	1,000000000000000E+000
-9,1073565E-002	-3,266117050273651E-001	1,000000000000000E+000
-9,2263743E-002	-3,279269184244598E-001	1,000000000000000E+000
-9,3439989E-002	-3,294010927848943E-001	1,000000000000000E+000
-9,4642699E-002	-3,329195179588478E-001	1,000000000000000E+000
-9,5911413E-002	-3,347403190887714E-001	1,000000000000000E+000
-9,7006992E-002	-3,353811068098160E-001	1,000000000000000E+000
-9,8336428E-002	-3,395521045701236E-001	1,000000000000000E+000
-9,9554680E-002	-3,402430698560130E-001	1,000000000000000E+000
-1,0060287E-001	-3,423796449011816E-001	1,000000000000000E+000
-1,0191897E-001	-3,453437025632913E-001	1,000000000000000E+000
-1,0306808E-001	-3,448798505511750E-001	1,000000000000000E+000
-1,0437538E-001	-3,507769777400718E-001	1,000000000000000E+000
-1,0538667E-001	-3,492887134068754E-001	1,000000000000000E+000
-1,0660637E-001	-3,531957583294970E-001	1,000000000000000E+000
-1,0784990E-001	-3,533859735988605E-001	1,000000000000000E+000
-1,0897300E-001	-3,572568612936350E-001	1,000000000000000E+000
-1,1030900E-001	-3,581000914176289E-001	1,000000000000000E+000
-1,1148866E-001	-3,594448994004358E-001	1,000000000000000E+000
-1,1263193E-001	-3,628801720009905E-001	1,000000000000000E+000
-1,1385927E-001	-3,640149074554859E-001	1,000000000000000E+000
-1,1518685E-001	-3,651552653690384E-001	1,000000000000000E+000
-1,1618330E-001	-3,670018573886611E-001	1,000000000000000E+000
-1,1744053E-001	-3,700659976780623E-001	1,000000000000000E+000
-1,1863991E-001	-3,701295120279386E-001	1,000000000000000E+000
-1,1977284E-001	-3,716398348980077E-001	1,000000000000000E+000
-1,2107303E-001	-3,734516340708876E-001	1,000000000000000E+000
-1,2221416E-001	-3,755218525443018E-001	1,000000000000000E+000
-1,2342587E-001	-3,759740163481586E-001	1,000000000000000E+000
-1,2468214E-001	-3,773679227322440E-001	1,000000000000000E+000
-1,2586808E-001	-3,800368390835089E-001	1,000000000000000E+000
-1,2714210E-001	-3,832677555037667E-001	1,000000000000000E+000
-1,2824830E-001	-3,814292566643817E-001	1,000000000000000E+000
-1,2952913E-001	-3,861997668540815E-001	1,000000000000000E+000
-1,3069978E-001	-3,885249117609231E-001	1,000000000000000E+000
-1,3176182E-001	-3,883064647800176E-001	1,000000000000000E+000
-1,3300399E-001	-3,932431688881461E-001	1,000000000000000E+000
-1,3424174E-001	-3,942455576810353E-001	1,000000000000000E+000
-1,3551097E-001	-3,958237769159792E-001	1,000000000000000E+000
-1,3664827E-001	-3,996553002701448E-001	1,000000000000000E+000
-1,3790008E-001	-4,004922848608756E-001	1,000000000000000E+000
-1,3907601E-001	-4,048537234064291E-001	1,000000000000000E+000
-1,4021952E-001	-4,056151896430595E-001	1,000000000000000E+000
-1,4139685E-001	-4,072001713729065E-001	1,000000000000000E+000
-1,4263387E-001	-4,113322288483481E-001	1,000000000000000E+000
-1,4384237E-001	-4,122132209013225E-001	1,000000000000000E+000
-1,4509518E-001	-4,152684428910201E-001	1,000000000000000E+000
-1,4616224E-001	-4,180603761213000E-001	1,000000000000000E+000
-1,4748877E-001	-4,193092996590879E-001	1,000000000000000E+000
-1,4864755E-001	-4,225205280430000E-001	1,000000000000000E+000
-1,4981543E-001	-4,250699516398724E-001	1,000000000000000E+000
-1,5106195E-001	-4,259094581292523E-001	1,000000000000000E+000
-1,5220666E-001	-4,302997509237478E-001	1,000000000000000E+000
-1,5342706E-001	-4,307943147658895E-001	1,000000000000000E+000
-1,5458685E-001	-4,354606917477200E-001	1,000000000000000E+000
-1,5587667E-001	-4,358298199044335E-001	1,000000000000000E+000
-1,5708184E-001	-4,400220346805206E-001	1,000000000000000E+000
-1,5820883E-001	-4,406838433610060E-001	1,000000000000000E+000
-1,5938316E-001	-4,430392836931976E-001	1,000000000000000E+000
-1,6063313E-001	-4,473829108691358E-001	1,000000000000000E+000
-1,6189748E-001	-4,478469290382536E-001	1,000000000000000E+000
-1,6298258E-001	-4,517267355630699E-001	1,000000000000000E+000
-1,6415791E-001	-4,538399039043330E-001	1,000000000000000E+000
-1,6558421E-001	-4,551706106156210E-001	1,000000000000000E+000
-1,6661620E-001	-4,591312031520287E-001	1,000000000000000E+000
-1,6784637E-001	-4,601147256649307E-001	1,000000000000000E+000
-1,6909644E-001	-4,625012472841066E-001	1,000000000000000E+000
-1,7014845E-001	-4,664514734370941E-001	1,000000000000000E+000
-1,7152032E-001	-4,681740816126361E-001	1,000000000000000E+000
-1,7263345E-001	-4,703255327897047E-001	1,000000000000000E+000
-1,7379823E-001	-4,718534738510938E-001	1,000000000000000E+000
-1,7507310E-001	-4,752285061210069E-001	1,000000000000000E+000
-1,7623952E-001	-4,779523725996526E-001	1,000000000000000E+000
-1,7745201E-001	-4,810784128947279E-001	1,000000000000000E+000
-1,7863622E-001	-4,827659566912574E-001	1,000000000000000E+000
-1,7991479E-001	-4,839242261886190E-001	1,000000000000000E+000
-1,8100537E-001	-4,886543477574992E-001	1,000000000000000E+000
-1,8221222E-001	-4,887569837414452E-001	1,000000000000000E+000
-1,8336803E-001	-4,919876239081411E-001	1,000000000000000E+000
-1,8460786E-001	-4,945640805979346E-001	1,000000000000000E+000
-1,8579890E-001	-4,962534155024034E-001	1,000000000000000E+000
-1,8707018E-001	-4,996890054123173E-001	1,000000000000000E+000
-1,8824217E-001	-5,000933449159159E-001	1,000000000000000E+000
-1,8948755E-001	-5,032042217208059E-001	1,000000000000000E+000
-1,9065587E-001	-5,057708637581932E-001	1,000000000000000E+000
-1,9184804E-001	-5,056992714202764E-001	1,000000000000000E+000
-1,9305718E-001	-5,083335189071168E-001	1,000000000000000E+000
-1,9420548E-001	-5,122920148100487E-001	1,000000000000000E+000
-1,9538976E-001	-5,116791171474473E-001	1,000000000000000E+000
-1,9666791E-001	-5,141823922878943E-001	1,000000000000000E+000
-1,9784939E-001	-5,163893127464689E-001	1,000000000000000E+000
-1,9893414E-001	-5,181902760357060E-001	1,000000000000000E+000
-1,9950528E-001	-5,189270973205566E-001	1,000000000000000E+000
-1,9940981E-001	-5,177647471427917E-001	1,000000000000000E+000
-1,9926570E-001	-3,871423755513703E-001	1,000000000000000E+000
-1,9743425E-001	-2,782206276760384E-001	1,000000000000000E+000
-1,9645345E-001	-3,412891247490819E-001	1,000000000000000E+000
-1,9530660E-001	-2,859716432932236E-001	1,000000000000000E+000
-1,9388492E-001	-2,875042171540878E-001	1,000000000000000E+000
-1,9290793E-001	-2,773457918471332E-001	1,000000000000000E+000
-1,9160701E-001	-2,661620734466443E-001	1,000000000000000E+000
-1,9046904E-001	-2,609923752445158E-001	1,000000000000000E+000
-1,8926145E-001	-2,502392760523233E-001	1,000000000000000E+000
-1,8805280E-001	-2,465585164383001E-001	1,000000000000000E+000
-1,8675636E-001	-2,395022901538248E-001	1,000000000000000E+000
-1,8566656E-001	-2,349344016919430E-001	1,000000000000000E+000
-1,8444720E-001	-2,285024318229674E-001	1,000000000000000E+000
-1,8320294E-001	-2,231140044685969E-001	1,000000000000000E+000
-1,8203887E-001	-2,188509735311122E-001	1,000000000000000E+000
-1,8083560E-001	-2,142880675835637E-001	1,000000000000000E+000
-1,7967996E-001	-2,113045249004952E-001	1,000000000000000E+000
-1,7843550E-001	-2,062333698074024E-001	1,000000000000000E+000
-1,7725429E-001	-2,005280997675271E-001	1,000000000000000E+000
-1,7605047E-001	-2,003289554138772E-001	1,000000000000000E+000
-1,7489305E-001	-1,940533894489302E-001	1,000000000000000E+000
-1,7360649E-001	-1,912597651082453E-001	1,000000000000000E+000
-1,7244837E-001	-1,877962777669178E-001	1,000000000000000E+000
-1,7123993E-001	-1,839806426044859E-001	1,000000000000000E+000
-1,7011932E-001	-1,820317285471695E-001	1,000000000000000E+000
-1,6892387E-001	-1,768381019776117E-001	1,000000000000000E+000
-1,6774529E-001	-1,759829976492461E-001	1,000000000000000E+000
-1,6648135E-001	-1,703311491000926E-001	1,000000000000000E+000
-1,6522598E-001	-1,683416359268853E-001	1,000000000000000E+000
-1,6414282E-001	-1,654879857895950E-001	1,000000000000000E+000
-1,6287875E-001	-1,613146759369153E-001	1,000000000000000E+000
-1,6168977E-001	-1,591602629115281E-001	1,000000000000000E+000
-1,6034915E-001	-1,555926414342439E-001	1,000000000000000E+000
-1,5927649E-001	-1,532271017430400E-001	1,000000000000000E+000
-1,5805517E-001	-1,489576032876765E-001	1,000000000000000E+000
-1,5689251E-001	-1,482598671168991E-001	1,000000000000000E+000
-1,5562153E-001	-1,429205307471824E-001	1,000000000000000E+000
-1,5441240E-001	-1,416750864850146E-001	1,000000000000000E+000
-1,5331611E-001	-1,368269410854230E-001	1,000000000000000E+000
-1,5208213E-001	-1,364105248131735E-001	1,000000000000000E+000
-1,5091826E-001	-1,316857903681614E-001	1,000000000000000E+000
-1,4969006E-001	-1,299982778356119E-001	1,000000000000000E+000
-1,4841585E-001	-1,253072651824263E-001	1,000000000000000E+000
-1,4728545E-001	-1,243846056119462E-001	1,000000000000000E+000
-1,4616235E-001	-1,215221642277257E-001	1,000000000000000E+000
-1,4482917E-001	-1,167226766475424E-001	1,000000000000000E+000
-1,4361832E-001	-1,159985319536643E-001	1,000000000000000E+000
-1,4247526E-001	-1,129114960187709E-001	1,000000000000000E+000
-1,4126512E-001	-1,093023081177509E-001	1,000000000000000E+000
-1,3999598E-001	-1,073728061213237E-001	1,000000000000000E+000
-1,3885030E-001	-1,058177291690500E-001	1,000000000000000E+000
-1,3771981E-001	-1,002670544888437E-001	1,000000000000000E+000
-1,3650009E-001	-9,948872151532362E-002	1,000000000000000E+000
-1,3520333E-001	-9,590159821608624E-002	1,000000000000000E+000
-1,3416338E-001	-9,462190281839078E-002	1,000000000000000E+000
-1,3281597E-001	-9,027002273392570E-002	1,000000000000000E+000
-1,3155904E-001	-8,971267398091087E-002	1,000000000000000E+000
-1,3056658E-001	-8,464788182916672E-002	1,000000000000000E+000
-1,2933005E-001	-8,379616730801187E-002	1,000000000000000E+000
-1,2791847E-001	-8,013003947659569E-002	1,000000000000000E+000
-1,2684397E-001	-7,749409812903540E-002	1,000000000000000E+000
-1,2573779E-001	-7,595418283421584E-002	1,000000000000000E+000
-1,2440859E-001	-7,060424433843226E-002	1,000000000000000E+000
-1,2329459E-001	-6,969335969269097E-002	1,000000000000000E+000
-1,2214029E-001	-6,639997021961264E-002	1,000000000000000E+000
-1,2088408E-001	-6,434363742139071E-002	1,000000000000000E+000
-1,1974507E-001	-6,103189601223380E-002	1,000000000000000E+000
-1,1838209E-001	-5,809691649402438E-002	1,000000000000000E+000
-1,1723713E-001	-5,554050439645353E-002	1,000000000000000E+000
-1,1606830E-001	-5,386019287511279E-002	1,000000000000000E+000
-1,1491019E-001	-4,993882977982533E-002	1,000000000000000E+000
-1,1365801E-001	-4,719408776226253E-002	1,000000000000000E+000
-1,1244282E-001	-4,396654364164637E-002	1,000000000000000E+000
-1,1132246E-001	-4,136654483833502E-002	1,000000000000000E+000
-1,1011863E-001	-3,867090382037630E-002	1,000000000000000E+000
-1,0882384E-001	-3,536276845867786E-002	1,000000000000000E+000
-1,0765234E-001	-3,159749574559900E-002	1,000000000000000E+000
-1,0648480E-001	-3,046837882478332E-002	1,000000000000000E+000
-1,0529024E-001	-2,595064457919866E-002	1,000000000000000E+000
-1,0403014E-001	-2,450171340064522E-002	1,000000000000000E+000
-1,0289983E-001	-2,109178241193543E-002	1,000000000000000E+000
-9,9421963E-002	-1,635065425197102E-002	1,000000000000000E+000
-9,5982447E-002	-1,312416346647501E-002	1,000000000000000E+000
-9,4765581E-002	-7,693663933423522E-003	1,000000000000000E+000
-9,3579471E-002	-1,588880378105742E-003	1,000000000000000E+000
-9,2286803E-002	1,508163229788001E-003	1,000000000000000E+000
-9,0980642E-002	2,114993050807042E-003	1,000000000000000E+000
-8,9795478E-002	1,881202049793904E-003	1,000000000000000E+000
-8,8837251E-002	2,777950506267911E-003	1,000000000000000E+000
-8,7515384E-002	5,129998063997252E-003	1,000000000000000E+000
-8,6397879E-002	8,789739495417358E-003	1,000000000000000E+000
-8,5152857E-002	1,170071926773950E-002	1,000000000000000E+000
-8,3936632E-002	1,389934897755060E-002	1,000000000000000E+000
-8,2866527E-002	1,498957483858654E-002	1,000000000000000E+000
-8,1522793E-002	1,594184570664461E-002	1,000000000000000E+000
-8,0449298E-002	1,751387559549278E-002	1,000000000000000E+000
-7,9253241E-002	2,043889744486982E-002	1,000000000000000E+000
-7,7940717E-002	2,351736951176370E-002	1,000000000000000E+000
-7,6648891E-002	2,582888208416984E-002	1,000000000000000E+000
-7,5647779E-002	2,751630625021384E-002	1,000000000000000E+000
-7,4393623E-002	2,856476584242444E-002	1,000000000000000E+000
-7,3254772E-002	3,006099445095373E-002	1,000000000000000E+000
-7,1939565E-002	3,301314701295471E-002	1,000000000000000E+000
-7,0804074E-002	3,525691518411295E-002	1,000000000000000E+000
-6,9496788E-002	3,740138876754734E-002	1,000000000000000E+000
-6,8392299E-002	3,945035425325244E-002	1,000000000000000E+000
-6,7149177E-002	4,055690473210744E-002	1,000000000000000E+000
-6,6104837E-002	4,230780475255519E-002	1,000000000000000E+000
-6,4787075E-002	4,482705083986122E-002	1,000000000000000E+000
-6,3486010E-002	4,709893584367830E-002	1,000000000000000E+000
-6,2374026E-002	4,963222073598045E-002	1,000000000000000E+000
-6,1342336E-002	5,152603439718284E-002	1,000000000000000E+000
-5,9953392E-002	5,269279187309128E-002	1,000000000000000E+000
-5,8787622E-002	5,446702714268903E-002	1,000000000000000E+000
-5,7701211E-002	5,711373484114635E-002	1,000000000000000E+000
-5,6433897E-002	5,884483837063385E-002	1,000000000000000E+000
-5,5235047E-002	6,133721576528239E-002	1,000000000000000E+000
-5,4030992E-002	6,360458037266237E-002	1,000000000000000E+000
-5,2847534E-002	6,496163595228499E-002	1,000000000000000E+000
-5,1573366E-002	6,674934318612558E-002	1,000000000000000E+000
-5,0340444E-002	6,911938674036533E-002	1,000000000000000E+000
-4,9132351E-002	7,066441648769084E-002	1,000000000000000E+000
-4,8107825E-002	7,300761277535184E-002	1,000000000000000E+000
-4,6809942E-002	7,595673465241104E-002	1,000000000000000E+000
-4,5578789E-002	7,796926532238202E-002	1,000000000000000E+000
-4,4487327E-002	7,999119707932989E-002	1,000000000000000E+000
-4,3323390E-002	8,121020144770030E-002	1,000000000000000E+000
-4,2070936E-002	8,265391031131414E-002	1,000000000000000E+000
-4,0828146E-002	8,568078658168421E-002	1,000000000000000E+000
-3,9617088E-002	8,765882634745337E-002	1,000000000000000E+000
-3,8341746E-002	8,953702773659544E-002	1,000000000000000E+000
-3,7273623E-002	9,231641247040701E-002	1,000000000000000E+000
-3,6009498E-002	9,429797147943919E-002	1,000000000000000E+000
-3,4932535E-002	9,620435859768683E-002	1,000000000000000E+000
-3,3587743E-002	9,835372381914720E-002	1,000000000000000E+000
-3,2397486E-002	9,996716312889475E-002	1,000000000000000E+000
-3,1320099E-002	1,023409116427902E-001	1,000000000000000E+000
-3,0097155E-002	1,045294417789499E-001	1,000000000000000E+000
-2,8898409E-002	1,062379302149770E-001	1,000000000000000E+000
-2,5513656E-002	1,108784108854826E-001	1,000000000000000E+000
-2,1856232E-002	1,207749327780525E-001	1,000000000000000E+000
-2,0596985E-002	1,200862027391041E-001	1,000000000000000E+000
-1,9517267E-002	1,247716853944846E-001	1,000000000000000E+000
-1,8191574E-002	1,246456050624453E-001	1,000000000000000E+000
-1,7103216E-002	1,273329743109772E-001	1,000000000000000E+000
-1,5897537E-002	1,297063653667769E-001	1,000000000000000E+000
-1,4803095E-002	1,323285251855855E-001	1,000000000000000E+000
-1,3441565E-002	1,335662180208601E-001	1,000000000000000E+000
-1,2278483E-002	1,354713421557491E-001	1,000000000000000E+000
-1,1137164E-002	1,383911649900256E-001	1,000000000000000E+000
-9,9662272E-003	1,397111395166979E-001	1,000000000000000E+000
-8,6263120E-003	1,411836227182199E-001	1,000000000000000E+000
-7,5521115E-003	1,449774174398044E-001	1,000000000000000E+000
-6,2975357E-003	1,448390332047393E-001	1,000000000000000E+000
-5,1493114E-003	1,470695898622378E-001	1,000000000000000E+000
-3,9246036E-003	1,512201991831212E-001	1,000000000000000E+000
-2,7625817E-003	1,510624140015965E-001	1,000000000000000E+000
-1,4954804E-003	1,532257395544243E-001	1,000000000000000E+000
-2,8046258E-004	1,566238028851021E-001	1,000000000000000E+000
9,2372857E-004	1,581789846564383E-001	1,000000000000000E+000
2,1831871E-003	1,590363229657268E-001	1,000000000000000E+000
3,3208968E-003	1,632412296344734E-001	1,000000000000000E+000
4,5277094E-003	1,636149194220908E-001	1,000000000000000E+000
5,6056455E-003	1,652470928841332E-001	1,000000000000000E+000
6,1875051E-003	1,663957387208939E-001	2,000000000000000E+000
6,8260394E-003	1,681635113911599E-001	2,000000000000000E+000
7,9772342E-003	1,696543322468647E-001	2,000000000000000E+000
9,1207875E-003	1,710038949903614E-001	2,000000000000000E+000
1,0344472E-002	1,745056590330529E-001	2,000000000000000E+000
1,1561474E-002	1,750177276973975E-001	2,000000000000000E+000
1,2910089E-002	1,763159854259970E-001	2,000000000000000E+000
1,3944593E-002	1,807714554856322E-001	2,000000000000000E+000
1,5249480E-002	1,812722984630259E-001	2,000000000000000E+000
1,6318947E-002	1,825789156201711E-001	2,000000000000000E+000
1,7584411E-002	1,873438309121420E-001	2,000000000000000E+000
1,8791014E-002	1,864406824655203E-001	2,000000000000000E+000
2,0064268E-002	1,888701657169602E-001	2,000000000000000E+000
2,1271996E-002	1,928005616355231E-001	2,000000000000000E+000
2,2360779E-002	1,926696953046805E-001	2,000000000000000E+000
2,3558177E-002	1,968095040356279E-001	2,000000000000000E+000
2,4792874E-002	1,955828291959030E-001	2,000000000000000E+000
2,6026037E-002	2,027673637074052E-001	2,000000000000000E+000
2,7166655E-002	1,997028084749934E-001	2,000000000000000E+000
2,8341549E-002	2,042043208590875E-001	2,000000000000000E+000
2,9591456E-002	2,049757519529931E-001	2,000000000000000E+000
3,0854240E-002	2,076566556804922E-001	2,000000000000000E+000
3,1964175E-002	2,105268400919159E-001	2,000000000000000E+000
3,3101998E-002	2,107710527877015E-001	2,000000000000000E+000
3,4435466E-002	2,141904314986380E-001	2,000000000000000E+000
3,5594657E-002	2,160618260645100E-001	2,000000000000000E+000
3,6738209E-002	2,166026250213491E-001	2,000000000000000E+000
3,7964765E-002	2,184811387139945E-001	2,000000000000000E+000
3,9172273E-002	2,241078365380722E-001	2,000000000000000E+000
4,0413052E-002	2,233726579482518E-001	2,000000000000000E+000
4,1573163E-002	2,249730180192269E-001	2,000000000000000E+000
4,2819139E-002	2,288223701762035E-001	2,000000000000000E+000
4,3988585E-002	2,287547128895923E-001	2,000000000000000E+000
4,5178164E-002	2,314258688711568E-001	2,000000000000000E+000
4,6387881E-002	2,343422850859103E-001	2,000000000000000E+000
4,7627173E-002	2,349139532339510E-001	2,000000000000000E+000
4,8779704E-002	2,392309485068029E-001	2,000000000000000E+000
4,9970247E-002	2,376961289038360E-001	2,000000000000000E+000
5,1158015E-002	2,430370521841629E-001	2,000000000000000E+000
5,2372761E-002	2,413874960265181E-001	2,000000000000000E+000
5,3524438E-002	2,467097547034620E-001	2,000000000000000E+000
5,4772861E-002	2,473681535985748E-001	2,000000000000000E+000
5,5936005E-002	2,509949440071879E-001	2,000000000000000E+000
5,7181738E-002	2,494286266608272E-001	2,000000000000000E+000
5,8436032E-002	2,541839853672867E-001	2,000000000000000E+000
5,9546858E-002	2,549081154025369E-001	2,000000000000000E+000
6,0770612E-002	2,574608390245383E-001	2,000000000000000E+000
6,2062729E-002	2,582746820375581E-001	2,000000000000000E+000
6,3104130E-002	2,607391511458748E-001	2,000000000000000E+000
6,4356938E-002	2,637929094877727E-001	2,000000000000000E+000
6,5574579E-002	2,639203686881557E-001	2,000000000000000E+000
6,6785559E-002	2,670358365123522E-001	2,000000000000000E+000
6,7963012E-002	2,687545364444506E-001	2,000000000000000E+000
6,9117375E-002	2,690561066071200E-001	2,000000000000000E+000
7,0314564E-002	2,732064271565626E-001	2,000000000000000E+000
7,1502835E-002	2,752770619376363E-001	2,000000000000000E+000
7,2695851E-002	2,755691831084226E-001	2,000000000000000E+000
7,4011914E-002	2,797848133519061E-001	2,000000000000000E+000
7,5194523E-002	2,796279932178241E-001	2,000000000000000E+000
7,6305032E-002	2,857976128256690E-001	2,000000000000000E+000
7,7525608E-002	2,859695995963794E-001	2,000000000000000E+000
7,8781344E-002	2,853478099536417E-001	2,000000000000000E+000
7,9990983E-002	2,904632840008059E-001	2,000000000000000E+000
8,1044458E-002	2,922517293029356E-001	2,000000000000000E+000
8,2403056E-002	2,927810964400930E-001	2,000000000000000E+000
8,3520211E-002	2,961420445321381E-001	2,000000000000000E+000
8,4856220E-002	2,985125768173025E-001	2,000000000000000E+000
8,5941821E-002	2,992081986934254E-001	2,000000000000000E+000
8,7237798E-002	3,011901953496925E-001	2,000000000000000E+000
8,8234521E-002	3,058092904102536E-001	2,000000000000000E+000
8,9475289E-002	3,058810865913986E-001	2,000000000000000E+000
9,0729795E-002	3,091653584463835E-001	2,000000000000000E+000
9,1912337E-002	3,106936973571361E-001	2,000000000000000E+000
9,2942961E-002	3,123022405068516E-001	2,000000000000000E+000
9,4691932E-002	3,134208377580072E-001	2,000000000000000E+000
9,5539674E-002	3,181153526594352E-001	2,000000000000000E+000
9,6782357E-002	3,189407561245992E-001	2,000000000000000E+000
9,7991176E-002	3,217358565307222E-001	2,000000000000000E+000
9,9235356E-002	3,229635025749720E-001	2,000000000000000E+000
1,0042433E-001	3,243628022998264E-001	2,000000000000000E+000
1,0150809E-001	3,288338892420546E-001	2,000000000000000E+000
1,0271384E-001	3,294076570891784E-001	2,000000000000000E+000
1,0389764E-001	3,321828414595469E-001	2,000000000000000E+000
1,0513240E-001	3,342855000519191E-001	2,000000000000000E+000
1,0632776E-001	3,350973547591520E-001	2,000000000000000E+000
1,0754228E-001	3,400231212662135E-001	2,000000000000000E+000
1,0876367E-001	3,369308853741853E-001	2,000000000000000E+000
1,0998279E-001	3,452893051952621E-001	2,000000000000000E+000
1,1114272E-001	3,433244774738964E-001	2,000000000000000E+000
1,1235308E-001	3,471465946899528E-001	2,000000000000000E+000
1,1360212E-001	3,476455999059711E-001	2,000000000000000E+000
1,1473334E-001	3,502958698405164E-001	2,000000000000000E+000
1,1594261E-001	3,539021754857252E-001	2,000000000000000E+000
1,1719563E-001	3,552842147506037E-001	2,000000000000000E+000
1,1838454E-001	3,575677734398699E-001	2,000000000000000E+000
1,1955950E-001	3,583344445602656E-001	2,000000000000000E+000
1,2072123E-001	3,619573228319899E-001	2,000000000000000E+000
1,2194815E-001	3,637046372298052E-001	2,000000000000000E+000
1,2312015E-001	3,647229485472456E-001	2,000000000000000E+000
1,2429705E-001	3,667736583285857E-001	2,000000000000000E+000
1,2562023E-001	3,706501793931252E-001	2,000000000000000E+000
1,2669140E-001	3,713148162739039E-001	2,000000000000000E+000
1,2798853E-001	3,760409225619208E-001	2,000000000000000E+000
1,2913004E-001	3,740372898820277E-001	2,000000000000000E+000
1,3033356E-001	3,789549202127938E-001	2,000000000000000E+000
1,3148876E-001	3,803233358711520E-001	2,000000000000000E+000
1,3278604E-001	3,797572931054880E-001	2,000000000000000E+000
1,3399808E-001	3,841941291401691E-001	2,000000000000000E+000
1,3518366E-001	3,838159828123420E-001	2,000000000000000E+000
1,3640815E-001	3,891222315788667E-001	2,000000000000000E+000
1,3746488E-001	3,884916330377255E-001	2,000000000000000E+000
1,3876849E-001	3,894043265803109E-001	2,000000000000000E+000
1,4005202E-001	3,935417942961470E-001	2,000000000000000E+000
1,4120744E-001	3,931257755935405E-001	2,000000000000000E+000
1,4229921E-001	3,947298541380503E-001	2,000000000000000E+000
1,4352405E-001	3,964327581084529E-001	2,000000000000000E+000
1,4465621E-001	3,987507867859681E-001	2,000000000000000E+000
1,4596614E-001	3,967509824368700E-001	2,000000000000000E+000
1,4713630E-001	4,012397777017531E-001	2,000000000000000E+000
1,4827518E-001	4,009339397436840E-001	2,000000000000000E+000
1,4950934E-001	4,035671303669610E-001	2,000000000000000E+000
1,5070736E-001	4,053662176334498E-001	2,000000000000000E+000
1,5193392E-001	4,062310770839555E-001	2,000000000000000E+000
1,5320437E-001	4,080780752831040E-001	2,000000000000000E+000
1,5443340E-001	4,110089209344654E-001	2,000000000000000E+000
1,5554386E-001	4,119007175451967E-001	2,000000000000000E+000
1,5671952E-001	4,167632032056456E-001	2,000000000000000E+000
1,5800050E-001	4,159012887329396E-001	2,000000000000000E+000
1,5915416E-001	4,195409199003031E-001	2,000000000000000E+000
1,6030975E-001	4,224215962135025E-001	2,000000000000000E+000
1,6158651E-001	4,250382265826271E-001	2,000000000000000E+000
1,6275378E-001	4,277893568764244E-001	2,000000000000000E+000
1,6386583E-001	4,293326589395310E-001	2,000000000000000E+000
1,6509622E-001	4,310544179946492E-001	2,000000000000000E+000
1,6640016E-001	4,350201052212554E-001	2,000000000000000E+000
1,6756408E-001	4,370257700082014E-001	2,000000000000000E+000
1,6871431E-001	4,400828939461565E-001	2,000000000000000E+000
1,6996506E-001	4,411739423586485E-001	2,000000000000000E+000
1,7115928E-001	4,441749855306840E-001	2,000000000000000E+000
1,7231423E-001	4,475525560620666E-001	2,000000000000000E+000
1,7353037E-001	4,479417420095890E-001	2,000000000000000E+000
1,7481706E-001	4,536566651529750E-001	2,000000000000000E+000
1,7589483E-001	4,538902807851430E-001	2,000000000000000E+000
1,7711344E-001	4,571151555671031E-001	2,000000000000000E+000
1,7836347E-001	4,600481252160131E-001	2,000000000000000E+000
1,7952076E-001	4,628754828396890E-001	2,000000000000000E+000
1,8076828E-001	4,646929058362739E-001	2,000000000000000E+000
1,8196553E-001	4,667234443671400E-001	2,000000000000000E+000
1,8319881E-001	4,694724364413154E-001	2,000000000000000E+000
1,8438987E-001	4,709239070329603E-001	2,000000000000000E+000
1,8554752E-001	4,757413025104649E-001	2,000000000000000E+000
1,8677096E-001	4,745952236698932E-001	2,000000000000000E+000
1,8795271E-001	4,818054260880071E-001	2,000000000000000E+000
1,8916392E-001	4,792528360396515E-001	2,000000000000000E+000
1,9034673E-001	4,862082100007710E-001	2,000000000000000E+000
1,9152384E-001	4,856619946917311E-001	2,000000000000000E+000
1,9269215E-001	4,896996938235447E-001	2,000000000000000E+000
1,9388169E-001	4,928305227982088E-001	2,000000000000000E+000
1,9514069E-001	4,941127814494806E-001	2,000000000000000E+000
1,9627108E-001	4,955346558514686E-001	2,000000000000000E+000
1,9757268E-001	4,997970402926315E-001	2,000000000000000E+000
1,9881049E-001	5,008203354146743E-001	2,000000000000000E+000
1,9976936E-001	5,029872851862063E-001	2,000000000000000E+000
2,0031439E-001	5,049744248390198E-001	2,000000000000000E+000
2,0049486E-001	5,059516429901123E-001	2,000000000000000E+000
2,0067577E-001	5,022411346435547E-001	2,000000000000000E+000
2,0006937E-001	3,652404106267388E-001	2,000000000000000E+000
1,9835369E-001	2,669854247272294E-001	2,000000000000000E+000
1,9728766E-001	3,307082604345246E-001	2,000000000000000E+000
1,9612250E-001	2,751910488554543E-001	2,000000000000000E+000
1,9482656E-001	2,815171833240635E-001	2,000000000000000E+000
1,9372915E-001	2,729487374082167E-001	2,000000000000000E+000
1,9249532E-001	2,613216560405123E-001	2,000000000000000E+000
1,9132800E-001	2,590645788101638E-001	2,000000000000000E+000
1,9015305E-001	2,497203281414437E-001	2,000000000000000E+000
1,8891212E-001	2,455623939006015E-001	2,000000000000000E+000
1,8767710E-001	2,377870033669751E-001	2,000000000000000E+000
1,8655168E-001	2,330482807139762E-001	2,000000000000000E+000
1,8526794E-001	2,265761256761221E-001	2,000000000000000E+000
1,8415233E-001	2,207824063597297E-001	2,000000000000000E+000
1,8298255E-001	2,170047373122848E-001	2,000000000000000E+000
1,8167830E-001	2,095206263022393E-001	2,000000000000000E+000
1,8050757E-001	2,068734523523346E-001	2,000000000000000E+000
1,7929482E-001	1,987557636425157E-001	2,000000000000000E+000
1,7814329E-001	1,951729932107917E-001	2,000000000000000E+000
1,7697477E-001	1,911105871743830E-001	2,000000000000000E+000
1,7573477E-001	1,846077864368758E-001	2,000000000000000E+000
1,7449434E-001	1,797284555246330E-001	2,000000000000000E+000
1,7339779E-001	1,751176211368555E-001	2,000000000000000E+000
1,7206524E-001	1,687000683612293E-001	2,000000000000000E+000
1,7095581E-001	1,640026041746347E-001	2,000000000000000E+000
1,6973718E-001	1,594396925292036E-001	2,000000000000000E+000
1,6846974E-001	1,550475088459076E-001	2,000000000000000E+000
1,6728988E-001	1,479475949373512E-001	2,000000000000000E+000
1,6609946E-001	1,459299767011546E-001	2,000000000000000E+000
1,6475520E-001	1,406350781892094E-001	2,000000000000000E+000
1,6371417E-001	1,392071419977587E-001	2,000000000000000E+000
1,6253172E-001	1,333174556493760E-001	2,000000000000000E+000
1,6133212E-001	1,327362479092298E-001	2,000000000000000E+000
1,6017641E-001	1,270509078442248E-001	2,000000000000000E+000
1,5892437E-001	1,259870049753882E-001	2,000000000000000E+000
1,5775654E-001	1,211310133609609E-001	2,000000000000000E+000
1,5647948E-001	1,197569454638550E-001	2,000000000000000E+000
1,5526704E-001	1,159091718323504E-001	2,000000000000000E+000
1,5410271E-001	1,149292569850030E-001	2,000000000000000E+000
1,5292379E-001	1,109393947683404E-001	2,000000000000000E+000
1,5166284E-001	1,094816618666907E-001	2,000000000000000E+000
1,5061900E-001	1,045762413349522E-001	2,000000000000000E+000
1,4935212E-001	1,044539794739751E-001	2,000000000000000E+000
1,4810702E-001	9,994102044179765E-002	2,000000000000000E+000
1,4697048E-001	9,963265700530966E-002	2,000000000000000E+000
1,4582042E-001	9,536464491652141E-002	2,000000000000000E+000
1,4451286E-001	9,329495093293683E-002	2,000000000000000E+000
1,4338629E-001	9,220974023143491E-002	2,000000000000000E+000
1,4213495E-001	8,776241618842401E-002	2,000000000000000E+000
1,4102753E-001	8,577448469360283E-002	2,000000000000000E+000
1,3972227E-001	8,419512349872882E-002	2,000000000000000E+000
1,3846670E-001	8,019900158817295E-002	2,000000000000000E+000
1,3741125E-001	7,946552393453521E-002	2,000000000000000E+000
1,3614301E-001	7,499943273675580E-002	2,000000000000000E+000
1,3492729E-001	7,424177355440209E-002	2,000000000000000E+000
1,3372573E-001	7,039389554766884E-002	2,000000000000000E+000
1,3258174E-001	6,951227790866849E-002	2,000000000000000E+000
1,3127439E-001	6,568582454605754E-002	2,000000000000000E+000
1,3019566E-001	6,374358931174773E-002	2,000000000000000E+000
1,2893705E-001	6,213687460129025E-002	2,000000000000000E+000
1,2768193E-001	5,721311390516359E-002	2,000000000000000E+000
1,2650421E-001	5,713326361001225E-002	2,000000000000000E+000
1,2532270E-001	5,470802060962232E-002	2,000000000000000E+000
1,2409091E-001	5,110647355872477E-002	2,000000000000000E+000
1,2299406E-001	5,034012234844154E-002	2,000000000000000E+000
1,2184110E-001	4,567700715172868E-002	2,000000000000000E+000
1,2063663E-001	4,532060730788440E-002	2,000000000000000E+000
1,1930040E-001	4,249888233041721E-002	2,000000000000000E+000
1,1813654E-001	3,975827487334349E-002	2,000000000000000E+000
1,1699044E-001	3,795463936654017E-002	2,000000000000000E+000
1,1566320E-001	3,399308358186520E-002	2,000000000000000E+000
1,1454131E-001	3,312217724790884E-002	2,000000000000000E+000
1,1336208E-001	3,125332739647191E-002	2,000000000000000E+000
1,1205009E-001	2,674641187170190E-002	2,000000000000000E+000
1,1098295E-001	2,678522165701391E-002	2,000000000000000E+000
1,0976966E-001	2,299725641407547E-002	2,000000000000000E+000
1,0850767E-001	2,167864822250620E-002	2,000000000000000E+000
1,0272798E-001	1,644010088724219E-002	2,000000000000000E+000
1,0190102E-001	1,161610373007224E-002	2,000000000000000E+000
1,0063747E-001	4,621826570327259E-003	2,000000000000000E+000
9,9496603E-002	-2,048012632719235E-004	2,000000000000000E+000
9,8174311E-002	-1,504890404046609E-003	2,000000000000000E+000
9,6855633E-002	-1,461087103456920E-003	2,000000000000000E+000
9,5747739E-002	-2,434624022877564E-003	2,000000000000000E+000
9,4620392E-002	-5,156126050628179E-003	2,000000000000000E+000
9,3368433E-002	-9,191208057220346E-003	2,000000000000000E+000
9,2178971E-002	-1,291963493976156E-002	2,000000000000000E+000
9,1060460E-002	-1,494749544912747E-002	2,000000000000000E+000
8,9821033E-002	-1,665129732444054E-002	2,000000000000000E+000
8,8506632E-002	-1,893043742226533E-002	2,000000000000000E+000
8,7347202E-002	-2,133045789297389E-002	2,000000000000000E+000
8,6157233E-002	-2,492957370769642E-002	2,000000000000000E+000
8,5014172E-002	-2,739769598661545E-002	2,000000000000000E+000
8,3738029E-002	-2,999167849177159E-002	2,000000000000000E+000
8,2644776E-002	-3,194963602113093E-002	2,000000000000000E+000
8,1359923E-002	-3,410897902803200E-002	2,000000000000000E+000
8,0111369E-002	-3,686955603431366E-002	2,000000000000000E+000
7,8926705E-002	-3,939434709132505E-002	2,000000000000000E+000
7,7726543E-002	-4,218651606303581E-002	2,000000000000000E+000
7,6383241E-002	-4,388578961677717E-002	2,000000000000000E+000
7,5329132E-002	-4,556508866921327E-002	2,000000000000000E+000
7,4176483E-002	-4,767279116317202E-002	2,000000000000000E+000
7,2882220E-002	-4,919060340358156E-002	2,000000000000000E+000
7,1838677E-002	-5,116105422348474E-002	2,000000000000000E+000
7,0539176E-002	-5,404564558719160E-002	2,000000000000000E+000
6,9335341E-002	-5,580143652413298E-002	2,000000000000000E+000
6,8020128E-002	-5,685752217525269E-002	2,000000000000000E+000
6,7020990E-002	-5,951089957994127E-002	2,000000000000000E+000
6,5757714E-002	-6,159255393706409E-002	2,000000000000000E+000
6,4592794E-002	-6,316272964937097E-002	2,000000000000000E+000
6,3455477E-002	-6,565765438750126E-002	2,000000000000000E+000
6,2128294E-002	-6,719221055391233E-002	2,000000000000000E+000
6,1149545E-002	-6,911997115983270E-002	2,000000000000000E+000
5,9771925E-002	-7,180219808328231E-002	2,000000000000000E+000
5,8564894E-002	-7,342751659598412E-002	2,000000000000000E+000
5,7440452E-002	-7,444484665191120E-002	2,000000000000000E+000
5,6165386E-002	-7,670305740531241E-002	2,000000000000000E+000
5,4884072E-002	-7,900673654997581E-002	2,000000000000000E+000
5,3825889E-002	-8,082545450047807E-002	2,000000000000000E+000
5,2647598E-002	-8,334809217841310E-002	2,000000000000000E+000
5,1376678E-002	-8,502300750761671E-002	2,000000000000000E+000
5,0236806E-002	-8,628481589969131E-002	2,000000000000000E+000
4,9131963E-002	-8,894839484774875E-002	2,000000000000000E+000
4,7675930E-002	-9,076498812808298E-002	2,000000000000000E+000
4,6573352E-002	-9,193139949315476E-002	2,000000000000000E+000
4,5504883E-002	-9,431961326077332E-002	2,000000000000000E+000
4,4338826E-002	-9,686563472011223E-002	2,000000000000000E+000
4,3037836E-002	-9,865448927060516E-002	2,000000000000000E+000
4,1912612E-002	-1,009100409945758E-001	2,000000000000000E+000
4,0709198E-002	-1,026509968327849E-001	2,000000000000000E+000
3,9498135E-002	-1,042268941043100E-001	2,000000000000000E+000
3,8161308E-002	-1,063099290347758E-001	2,000000000000000E+000
3,7049387E-002	-1,083243568152988E-001	2,000000000000000E+000
3,3542205E-002	-1,132168268323652E-001	2,000000000000000E+000
3,0130161E-002	-1,230757597077173E-001	2,000000000000000E+000
2,8898647E-002	-1,204447939720315E-001	2,000000000000000E+000
2,7694710E-002	-1,244472823309470E-001	2,000000000000000E+000
2,6504064E-002	-1,264165613457506E-001	2,000000000000000E+000
2,5274711E-002	-1,275674084722092E-001	2,000000000000000E+000
2,4046147E-002	-1,305062036376001E-001	2,000000000000000E+000
2,2887310E-002	-1,319337215859879E-001	2,000000000000000E+000
2,1741632E-002	-1,326794953153385E-001	2,000000000000000E+000
2,0505250E-002	-1,372962763254890E-001	2,000000000000000E+000
1,9276572E-002	-1,372201284086461E-001	2,000000000000000E+000
1,8081084E-002	-1,401966838715853E-001	2,000000000000000E+000
1,6859911E-002	-1,424430367704996E-001	2,000000000000000E+000
1,5687486E-002	-1,437297177326398E-001	2,000000000000000E+000
1,4572805E-002	-1,455537193493608E-001	2,000000000000000E+000
1,3309463E-002	-1,493484782646801E-001	2,000000000000000E+000
1,2091399E-002	-1,492868571674788E-001	2,000000000000000E+000
1,0915865E-002	-1,531266838283041E-001	2,000000000000000E+000
9,6846772E-003	-1,541914353082469E-001	2,000000000000000E+000
8,4572742E-003	-1,564114798901657E-001	2,000000000000000E+000
7,2174575E-003	-1,596972467798170E-001	2,000000000000000E+000
6,0715689E-003	-1,598695673876334E-001	2,000000000000000E+000
4,8989332E-003	-1,619019145566400E-001	2,000000000000000E+000
3,6986382E-003	-1,659255105445885E-001	2,000000000000000E+000
2,4391792E-003	-1,665531615273923E-001	2,000000000000000E+000
1,2338525E-003	-1,677072933978500E-001	2,000000000000000E+000
3,9713399E-005	-1,722622590475815E-001	2,000000000000000E+000
-1,1019295E-003	-1,721303475399810E-001	2,000000000000000E+000
-2,2951567E-003	-1,747572749025288E-001	2,000000000000000E+000
-3,6562236E-003	-1,773465618833940E-001	2,000000000000000E+000
-4,7296500E-003	-1,793614303557358E-001	2,000000000000000E+000
-5,8710799E-003	-1,808642229815529E-001	2,000000000000000E+000
-7,1393433E-003	-1,848760452735903E-001	2,000000000000000E+000
-8,4544206E-003	-1,840243287669079E-001	2,000000000000000E+000
-9,4968155E-003	-1,887803396417025E-001	2,000000000000000E+000
-1,0654666E-002	-1,875881202318448E-001	2,000000000000000E+000
-1,1910793E-002	-1,932688000928877E-001	2,000000000000000E+000
-1,3193890E-002	-1,916680195265343E-001	2,000000000000000E+000
-1,4304177E-002	-1,965774640298656E-001	2,000000000000000E+000
-1,5560027E-002	-1,972130698462325E-001	2,000000000000000E+000
-1,6722325E-002	-2,006404952327201E-001	2,000000000000000E+000
-1,7868638E-002	-2,011976270554847E-001	2,000000000000000E+000
-1,9094981E-002	-2,030635086056360E-001	2,000000000000000E+000
-2,0267757E-002	-2,064118381660797E-001	2,000000000000000E+000
-2,1522047E-002	-2,076839938074234E-001	2,000000000000000E+000
-2,2741595E-002	-2,097403238359319E-001	2,000000000000000E+000
-2,3907015E-002	-2,107156885936599E-001	2,000000000000000E+000
-2,5104163E-002	-2,158457967970109E-001	2,000000000000000E+000
-2,6313523E-002	-2,153646926227444E-001	2,000000000000000E+000
-2,7623395E-002	-2,186168497492966E-001	2,000000000000000E+000
-2,8680975E-002	-2,195409806865629E-001	2,000000000000000E+000
-2,9960595E-002	-2,213728251841118E-001	2,000000000000000E+000
-3,1069186E-002	-2,251598292269685E-001	2,000000000000000E+000
-3,2462172E-002	-2,253885659706101E-001	2,000000000000000E+000
-3,3464134E-002	-2,273779834310208E-001	2,000000000000000E+000
-3,4703281E-002	-2,309507957704930E-001	2,000000000000000E+000
-3,5930686E-002	-2,316028274880306E-001	2,000000000000000E+000
-3,7130706E-002	-2,335784713569506E-001	2,000000000000000E+000
-3,8235683E-002	-2,376110549117189E-001	2,000000000000000E+000
-3,9372019E-002	-2,375359938175992E-001	2,000000000000000E+000
-4,0769812E-002	-2,411806962498098E-001	2,000000000000000E+000
-4,1877102E-002	-2,408570590745911E-001	2,000000000000000E+000
-4,3135427E-002	-2,452007681616425E-001	2,000000000000000E+000
-4,4299319E-002	-2,460511094023876E-001	2,000000000000000E+000
-4,5467675E-002	-2,483274710474594E-001	2,000000000000000E+000
-4,6679046E-002	-2,510847369428832E-001	2,000000000000000E+000
-4,7963548E-002	-2,523538397702700E-001	2,000000000000000E+000
-4,9180135E-002	-2,539103905987250E-001	2,000000000000000E+000
-5,0325949E-002	-2,560874146519279E-001	2,000000000000000E+000
-5,1581297E-002	-2,585616353769886E-001	2,000000000000000E+000
-5,2718837E-002	-2,607956896568382E-001	2,000000000000000E+000
-5,3937320E-002	-2,620427327993737E-001	2,000000000000000E+000
-5,5054266E-002	-2,651839542377270E-001	2,000000000000000E+000
-5,6300063E-002	-2,671691260119475E-001	2,000000000000000E+000
-5,7494350E-002	-2,678728055907400E-001	2,000000000000000E+000
-5,8742769E-002	-2,703158513338870E-001	2,000000000000000E+000
-5,9942249E-002	-2,737583365136116E-001	2,000000000000000E+000
-6,1156914E-002	-2,744065773440520E-001	2,000000000000000E+000
-6,2230732E-002	-2,780222100716649E-001	2,000000000000000E+000
-6,3613743E-002	-2,785030035851783E-001	2,000000000000000E+000
-6,4749017E-002	-2,799500400077601E-001	2,000000000000000E+000
-6,5938912E-002	-2,843328951760968E-001	2,000000000000000E+000
-6,7111969E-002	-2,842702214515564E-001	2,000000000000000E+000
-6,8287790E-002	-2,861787149676163E-001	2,000000000000000E+000
-6,9485754E-002	-2,899922297316762E-001	2,000000000000000E+000
-7,0755616E-002	-2,902547951800631E-001	2,000000000000000E+000
-7,1847796E-002	-2,921111499211602E-001	2,000000000000000E+000
-7,3149130E-002	-2,959319793056565E-001	2,000000000000000E+000
-7,4240051E-002	-2,962339672376393E-001	2,000000000000000E+000
-7,5532615E-002	-2,984771345024155E-001	2,000000000000000E+000
-7,6699421E-002	-3,017874212786804E-001	2,000000000000000E+000
-7,7940695E-002	-3,004592605704799E-001	2,000000000000000E+000
-7,9087570E-002	-3,045519675846045E-001	2,000000000000000E+000
-8,0333114E-002	-3,065599747771759E-001	2,000000000000000E+000
-8,1514455E-002	-3,074149649603193E-001	2,000000000000000E+000
-8,2777731E-002	-3,086180952830351E-001	2,000000000000000E+000
-8,3888598E-002	-3,096418994310719E-001	2,000000000000000E+000
-8,5158952E-002	-3,141274920651789E-001	2,000000000000000E+000
-8,6265981E-002	-3,143392536375245E-001	2,000000000000000E+000
-8,7492332E-002	-3,155626550885957E-001	2,000000000000000E+000
-8,8726588E-002	-3,193340617063867E-001	2,000000000000000E+000
-8,9844674E-002	-3,203433477901854E-001	2,000000000000000E+000
-9,1058269E-002	-3,219097884850459E-001	2,000000000000000E+000
-9,2310376E-002	-3,261441661937470E-001	2,000000000000000E+000
-9,3350746E-002	-3,257676065938224E-001	2,000000000000000E+000
-9,4756678E-002	-3,284121600833396E-001	2,000000000000000E+000
-9,5822848E-002	-3,324999102171411E-001	2,000000000000000E+000
-9,7112447E-002	-3,321531584434627E-001	2,000000000000000E+000
-9,8308615E-002	-3,352949072917295E-001	2,000000000000000E+000
-9,9502191E-002	-3,389775553368963E-001	2,000000000000000E+000
-1,0061284E-001	-3,389327044973847E-001	2,000000000000000E+000
-1,0183289E-001	-3,434026144871796E-001	2,000000000000000E+000
-1,0330931E-001	-3,431064511338866E-001	2,000000000000000E+000
-1,0417349E-001	-3,456519658082255E-001	2,000000000000000E+000
-1,0569390E-001	-3,496020477679047E-001	2,000000000000000E+000
-1,0662539E-001	-3,502437020910723E-001	2,000000000000000E+000
-1,0802007E-001	-3,522792548626761E-001	2,000000000000000E+000
-1,0907219E-001	-3,557803704364524E-001	2,000000000000000E+000
-1,1030958E-001	-3,569797737161728E-001	2,000000000000000E+000
-1,1143778E-001	-3,609608556402630E-001	2,000000000000000E+000
-1,1277658E-001	-3,615033497982152E-001	2,000000000000000E+000
-1,1383416E-001	-3,635060344046606E-001	2,000000000000000E+000
-1,1505657E-001	-3,664673091067616E-001	2,000000000000000E+000
-1,1635043E-001	-3,674965227643645E-001	2,000000000000000E+000
-1,1749100E-001	-3,695160642835420E-001	2,000000000000000E+000
-1,1867347E-001	-3,743828760537622E-001	2,000000000000000E+000
-1,1995500E-001	-3,739364646802050E-001	2,000000000000000E+000
-1,2111843E-001	-3,767863899184807E-001	2,000000000000000E+000
-1,2230204E-001	-3,797668709950006E-001	2,000000000000000E+000
-1,2346087E-001	-3,800317291041018E-001	2,000000000000000E+000
-1,2472387E-001	-3,843161844544936E-001	2,000000000000000E+000
-1,2590747E-001	-3,863241747021671E-001	2,000000000000000E+000
-1,2713444E-001	-3,877746746228598E-001	2,000000000000000E+000
-1,2832524E-001	-3,907237504350221E-001	2,000000000000000E+000
-1,2952037E-001	-3,917366613944369E-001	2,000000000000000E+000
-1,3068256E-001	-3,942568149715147E-001	2,000000000000000E+000
-1,3189971E-001	-3,973623039394916E-001	2,000000000000000E+000
-1,3310440E-001	-3,981667065527299E-001	2,000000000000000E+000
-1,3427675E-001	-4,008064883592956E-001	2,000000000000000E+000
-1,3546756E-001	-4,032351367317857E-001	2,000000000000000E+000
-1,3665138E-001	-4,058630113399371E-001	2,000000000000000E+000
-1,3791785E-001	-4,065267219169377E-001	2,000000000000000E+000
-1,3911666E-001	-4,116103803519060E-001	2,000000000000000E+000
-1,4028746E-001	-4,103301515181856E-001	2,000000000000000E+000
-1,4142704E-001	-4,150238198279910E-001	2,000000000000000E+000
-1,4269838E-001	-4,159430749455657E-001	2,000000000000000E+000
-1,4384823E-001	-4,199679310808682E-001	2,000000000000000E+000
-1,4500639E-001	-4,199751398345031E-001	2,000000000000000E+000
-1,4623359E-001	-4,222493914809684E-001	2,000000000000000E+000
-1,4746724E-001	-4,257109639972141E-001	2,000000000000000E+000
-1,4871588E-001	-4,265421146863240E-001	2,000000000000000E+000
-1,4993070E-001	-4,291307403667202E-001	2,000000000000000E+000
-1,5109856E-001	-4,313753987921185E-001	2,000000000000000E+000
-1,5231389E-001	-4,324412081946820E-001	2,000000000000000E+000
-1,5352601E-001	-4,333279367549241E-001	2,000000000000000E+000
-1,5466793E-001	-4,375644471793851E-001	2,000000000000000E+000
-1,5584609E-001	-4,379735469701700E-001	2,000000000000000E+000
-1,5711297E-001	-4,398473647306664E-001	2,000000000000000E+000
-1,5832013E-001	-4,430106573919236E-001	2,000000000000000E+000
-1,5948060E-001	-4,441914188791993E-001	2,000000000000000E+000
-1,6065174E-001	-4,442963891843747E-001	2,000000000000000E+000
-1,6193965E-001	-4,465832550065700E-001	2,000000000000000E+000
-1,6309564E-001	-4,493132645600584E-001	2,000000000000000E+000
-1,6435380E-001	-4,496629778166392E-001	2,000000000000000E+000
-1,6550158E-001	-4,499607386145114E-001	2,000000000000000E+000
-1,6670713E-001	-4,509534958051500E-001	2,000000000000000E+000
-1,6790356E-001	-4,520824044658287E-001	2,000000000000000E+000
-1,6905878E-001	-4,526384547352782E-001	2,000000000000000E+000
-1,7022407E-001	-4,556430015299038E-001	2,000000000000000E+000
-1,7147164E-001	-4,560035452531235E-001	2,000000000000000E+000
-1,7267762E-001	-4,579378206269915E-001	2,000000000000000E+000
-1,7392169E-001	-4,599698743485430E-001	2,000000000000000E+000
-1,7505330E-001	-4,629352890381897E-001	2,000000000000000E+000
-1,7621383E-001	-4,632662382274333E-001	2,000000000000000E+000
-1,7746873E-001	-4,686147951417494E-001	2,000000000000000E+000
-1,7872094E-001	-4,689860240194124E-001	2,000000000000000E+000
-1,7996079E-001	-4,726853459788884E-001	2,000000000000000E+000
-1,8102869E-001	-4,735577348490336E-001	2,000000000000000E+000
-1,8219554E-001	-4,779631649338008E-001	2,000000000000000E+000
-1,8350355E-001	-4,790429990066007E-001	2,000000000000000E+000
-1,8462181E-001	-4,822785863588143E-001	2,000000000000000E+000
-1,8593681E-001	-4,851475019564124E-001	2,000000000000000E+000
-1,8707740E-001	-4,867412955823571E-001	2,000000000000000E+000
-1,8821128E-001	-4,918050322836889E-001	2,000000000000000E+000
-1,8944310E-001	-4,925285328451232E-001	2,000000000000000E+000
-1,9073603E-001	-4,959812100019518E-001	2,000000000000000E+000
-1,9183281E-001	-4,985796963576128E-001	2,000000000000000E+000
-1,9307245E-001	-5,019567079984388E-001	2,000000000000000E+000
-1,9428939E-001	-5,041999353302851E-001	2,000000000000000E+000
-1,9552605E-001	-5,077531909919326E-001	2,000000000000000E+000
-1,9662115E-001	-5,096197726282591E-001	2,000000000000000E+000
-1,9792114E-001	-5,122626523176832E-001	2,000000000000000E+000
-1,9893728E-001	-5,164986441876493E-001	2,000000000000000E+000
-1,9934425E-001	-5,146859586238861E-001	2,000000000000000E+000
-1,9959797E-001	-5,124126374721527E-001	2,000000000000000E+000
-1,9921055E-001	-3,805388185654806E-001	2,000000000000000E+000
-1,9748054E-001	-2,808082709568280E-001	2,000000000000000E+000
-1,9634816E-001	-3,419089528162864E-001	2,000000000000000E+000
-1,9560269E-001	-2,904931590245620E-001	2,000000000000000E+000
-1,9400658E-001	-2,945666974475087E-001	2,000000000000000E+000
-1,9298439E-001	-2,851854256457753E-001	2,000000000000000E+000
-1,9158742E-001	-2,771059312411426E-001	2,000000000000000E+000
-1,9043075E-001	-2,733006618315503E-001	2,000000000000000E+000
-1,8922436E-001	-2,645666946967444E-001	2,000000000000000E+000
-1,8810126E-001	-2,601882876964128E-001	2,000000000000000E+000
-1,8691058E-001	-2,533272831319153E-001	2,000000000000000E+000
-1,8565248E-001	-2,493353961585343E-001	2,000000000000000E+000
-1,8442301E-001	-2,449625058248381E-001	2,000000000000000E+000
-1,8323992E-001	-2,386692380597286E-001	2,000000000000000E+000
-1,8207905E-001	-2,344560539414586E-001	2,000000000000000E+000
-1,8085262E-001	-2,297125624770867E-001	2,000000000000000E+000
-1,7957252E-001	-2,238862901867833E-001	2,000000000000000E+000
-1,7853999E-001	-2,220071546390600E-001	2,000000000000000E+000
-1,7724361E-001	-2,134186440186256E-001	2,000000000000000E+000
-1,7602195E-001	-2,131902343211944E-001	2,000000000000000E+000
-1,7488322E-001	-2,077564203419664E-001	2,000000000000000E+000
-1,7365439E-001	-2,037203231819946E-001	2,000000000000000E+000
-1,7245930E-001	-1,998607855704084E-001	2,000000000000000E+000
-1,7120616E-001	-1,948950254882222E-001	2,000000000000000E+000
-1,7006007E-001	-1,928031734779429E-001	2,000000000000000E+000
-1,6879307E-001	-1,872037335059653E-001	2,000000000000000E+000
-1,6775939E-001	-1,845229292909301E-001	2,000000000000000E+000
-1,6644247E-001	-1,805986923476058E-001	2,000000000000000E+000
-1,6523997E-001	-1,770159243509011E-001	2,000000000000000E+000
-1,6400339E-001	-1,714765067671475E-001	2,000000000000000E+000
-1,6290802E-001	-1,700062518518979E-001	2,000000000000000E+000
-1,6164637E-001	-1,642072249475559E-001	2,000000000000000E+000
-1,6043478E-001	-1,606095107692660E-001	2,000000000000000E+000
-1,5928999E-001	-1,585184045963813E-001	2,000000000000000E+000
-1,5804081E-001	-1,528605303545998E-001	2,000000000000000E+000
-1,5693173E-001	-1,502294573518965E-001	2,000000000000000E+000
-1,5558141E-001	-1,442493190681691E-001	2,000000000000000E+000
-1,5441918E-001	-1,427974133855769E-001	2,000000000000000E+000
-1,5324089E-001	-1,389017218316437E-001	2,000000000000000E+000
-1,5211079E-001	-1,357015268699291E-001	2,000000000000000E+000
-1,5080260E-001	-1,292093380600110E-001	2,000000000000000E+000
-1,4972362E-001	-1,274320018516542E-001	2,000000000000000E+000
-1,4847521E-001	-1,198267920634760E-001	2,000000000000000E+000
-1,4733824E-001	-1,191259705358077E-001	2,000000000000000E+000
-1,4606428E-001	-1,135218590740502E-001	2,000000000000000E+000
-1,4475048E-001	-1,116327583133370E-001	2,000000000000000E+000
-1,4369050E-001	-1,060034018737496E-001	2,000000000000000E+000
-1,4270434E-001	-1,032828342512300E-001	2,000000000000000E+000
-1,4132455E-001	-1,010983026790200E-001	2,000000000000000E+000
-1,4009018E-001	-9,902744701280924E-002	2,000000000000000E+000
-1,3888471E-001	-9,457387151875685E-002	2,000000000000000E+000
-1,3769981E-001	-9,196941922224711E-002	2,000000000000000E+000
-1,3640161E-001	-8,899913128051451E-002	2,000000000000000E+000
-1,3530518E-001	-8,831400180739957E-002	2,000000000000000E+000
-1,3409525E-001	-8,461044873628365E-002	2,000000000000000E+000
-1,3284507E-001	-8,114166355678898E-002	2,000000000000000E+000
-1,3163173E-001	-7,924058049684368E-002	2,000000000000000E+000
-1,3061088E-001	-7,714023774072598E-002	2,000000000000000E+000
-1,2920378E-001	-7,467968631034516E-002	2,000000000000000E+000
-1,2809972E-001	-7,313648222366775E-002	2,000000000000000E+000
-1,2693435E-001	-6,932518787652919E-002	2,000000000000000E+000
-1,2569705E-001	-6,735051363648364E-002	2,000000000000000E+000
-1,2438111E-001	-6,585068359143209E-002	2,000000000000000E+000
-1,2331223E-001	-6,224573919785636E-002	2,000000000000000E+000
-1,2208135E-001	-6,337316225269918E-002	2,000000000000000E+000
-1,2081905E-001	-5,745336231969633E-002	2,000000000000000E+000
-1,1978801E-001	-5,700269040163325E-002	2,000000000000000E+000
-1,1848066E-001	-5,455231587418685E-002	2,000000000000000E+000
-1,1717917E-001	-5,318831946998293E-002	2,000000000000000E+000
-1,1605232E-001	-4,839265690437375E-002	2,000000000000000E+000
-1,1500323E-001	-4,848406536297656E-002	2,000000000000000E+000
-1,1368824E-001	-4,470617486044326E-002	2,000000000000000E+000
-1,1245831E-001	-4,423079468607383E-002	2,000000000000000E+000
-1,1132155E-001	-4,140811383695100E-002	2,000000000000000E+000
-1,1001296E-001	-3,729375684310487E-002	2,000000000000000E+000
-1,0890931E-001	-3,727477799273194E-002	2,000000000000000E+000
-1,0769410E-001	-3,423927122963100E-002	2,000000000000000E+000
-1,0646718E-001	-3,226936256719955E-002	2,000000000000000E+000
-1,0520815E-001	-3,065543311337621E-002	2,000000000000000E+000
-1,0408038E-001	-2,729162760685238E-002	2,000000000000000E+000
-1,0286620E-001	-2,567165486470910E-002	2,000000000000000E+000
-1,0174856E-001	-2,469163151221832E-002	2,000000000000000E+000
-1,0054614E-001	-1,936915987830112E-002	2,000000000000000E+000
-9,6750088E-002	-1,861532636680643E-002	2,000000000000000E+000
-9,3615733E-002	-1,313287077553268E-002	2,000000000000000E+000
-9,2324369E-002	-6,084215408413387E-003	2,000000000000000E+000
-9,1179863E-002	-6,277207406210697E-004	2,000000000000000E+000
-8,9981228E-002	9,015667960991566E-004	2,000000000000000E+000
-8,8624232E-002	1,666573144830539E-004	2,000000000000000E+000
-8,7588936E-002	2,182879763217458E-004	2,000000000000000E+000
-8,6422339E-002	3,056022190397314E-003	2,000000000000000E+000
-8,5189283E-002	6,778455814936848E-003	2,000000000000000E+000
-8,3902314E-002	1,054184004856831E-002	2,000000000000000E+000
-8,2974002E-002	1,201329276793534E-002	2,000000000000000E+000
-8,1506796E-002	1,275460859546407E-002	2,000000000000000E+000
-8,0347821E-002	1,512064547831776E-002	2,000000000000000E+000
-7,9111516E-002	1,747837710334149E-002	2,000000000000000E+000
-7,7985719E-002	2,022617118240714E-002	2,000000000000000E+000
-7,6810539E-002	2,249405799698762E-002	2,000000000000000E+000
-7,5574294E-002	2,504753809585564E-002	2,000000000000000E+000
-7,4347772E-002	2,749244380579013E-002	2,000000000000000E+000
-7,2968371E-002	2,871083382382889E-002	2,000000000000000E+000
-7,2073944E-002	3,104884806250785E-002	2,000000000000000E+000
-7,0763953E-002	3,399225131417771E-002	2,000000000000000E+000
-6,9632575E-002	3,595627163506132E-002	2,000000000000000E+000
-6,8313330E-002	3,850993220678206E-002	2,000000000000000E+000
-6,7163616E-002	4,056444561461436E-002	2,000000000000000E+000
-6,6048577E-002	4,238998393217752E-002	2,000000000000000E+000
-6,4785168E-002	4,526359778457034E-002	2,000000000000000E+000
-6,3635528E-002	4,804628763021279E-002	2,000000000000000E+000
-6,2371898E-002	5,075122232180262E-002	2,000000000000000E+000
-6,1183978E-002	5,277264299608453E-002	2,000000000000000E+000
-6,0081046E-002	5,479562705618773E-002	2,000000000000000E+000
-5,8821414E-002	5,783375351408440E-002	2,000000000000000E+000
-5,7583213E-002	5,970678778572230E-002	2,000000000000000E+000
-5,6372445E-002	6,201058554951372E-002	2,000000000000000E+000
-5,5389587E-002	6,357161737267045E-002	2,000000000000000E+000
-5,4011893E-002	6,465224245443502E-002	2,000000000000000E+000
-5,2808840E-002	6,722610372606946E-002	2,000000000000000E+000
-5,1603511E-002	7,020842290674199E-002	2,000000000000000E+000
-5,0585352E-002	7,288989080148478E-002	2,000000000000000E+000
-4,9156487E-002	7,489693797267860E-002	2,000000000000000E+000
-4,8074920E-002	7,602141572311272E-002	2,000000000000000E+000
-4,6830114E-002	7,724234397270902E-002	2,000000000000000E+000
-4,5510087E-002	7,985767660041670E-002	2,000000000000000E+000
-4,4371203E-002	8,242465030990465E-002	2,000000000000000E+000
-4,3188278E-002	8,493984067010563E-002	2,000000000000000E+000
-4,2021591E-002	8,632153086364291E-002	2,000000000000000E+000
-4,0871453E-002	8,725428760226361E-002	2,000000000000000E+000
-3,9604776E-002	8,861345273099808E-002	2,000000000000000E+000
-3,8453482E-002	9,132467226138286E-002	2,000000000000000E+000
-3,7233584E-002	9,482848862211957E-002	2,000000000000000E+000
-3,6100078E-002	9,723390995511894E-002	2,000000000000000E+000
-3,4820665E-002	9,800679376672217E-002	2,000000000000000E+000
-3,3674989E-002	9,893313590792885E-002	2,000000000000000E+000
-3,2445461E-002	1,002326122203763E-001	2,000000000000000E+000
-3,1163648E-002	1,034493681800086E-001	2,000000000000000E+000
-3,0067436E-002	1,062871853953560E-001	2,000000000000000E+000
-2,8835084E-002	1,085477700592796E-001	2,000000000000000E+000
-2,5298849E-002	1,115088008429010E-001	2,000000000000000E+000
-2,1626664E-002	1,207211677812868E-001	2,000000000000000E+000
-2,0578852E-002	1,198742254426991E-001	2,000000000000000E+000
-1,9360436E-002	1,236860522136950E-001	2,000000000000000E+000
-1,8210514E-002	1,243654507416069E-001	2,000000000000000E+000
-1,6949469E-002	1,281325111987024E-001	2,000000000000000E+000
-1,5826719E-002	1,285856335355982E-001	2,000000000000000E+000
-1,4657091E-002	1,306437547836038E-001	2,000000000000000E+000
-1,3361619E-002	1,334299615716898E-001	2,000000000000000E+000
-1,2162237E-002	1,341811574853235E-001	2,000000000000000E+000
-1,1060790E-002	1,372808153230136E-001	2,000000000000000E+000
-9,7201029E-003	1,391353459508133E-001	2,000000000000000E+000
-8,6818384E-003	1,399972448432691E-001	2,000000000000000E+000
-7,3831826E-003	1,428013639346721E-001	2,000000000000000E+000
-6,2042535E-003	1,453848277014913E-001	2,000000000000000E+000
-5,0188806E-003	1,466105340142456E-001	2,000000000000000E+000
-3,7938855E-003	1,490629242810737E-001	2,000000000000000E+000
-2,5480869E-003	1,510996384782225E-001	2,000000000000000E+000
-1,4576038E-003	1,520928169662110E-001	2,000000000000000E+000
-1,2830403E-004	1,547797517673133E-001	2,000000000000000E+000
9,7161985E-004	1,588277292806501E-001	2,000000000000000E+000
2,2692890E-003	1,584486477562073E-001	2,000000000000000E+000
3,4104695E-003	1,603738113610440E-001	2,000000000000000E+000
4,6150852E-003	1,636956201174251E-001	2,000000000000000E+000
5,5937166E-003	1,643950747432728E-001	2,000000000000000E+000
6,1913263E-003	1,647771447896957E-001	3,000000000000000E+000
6,7623924E-003	1,675521984353612E-001	3,000000000000000E+000
7,9712896E-003	1,685747314315651E-001	3,000000000000000E+000
9,1753434E-003	1,706023231834279E-001	3,000000000000000E+000
1,0436852E-002	1,734193934050068E-001	3,000000000000000E+000
1,1558576E-002	1,731033820445491E-001	3,000000000000000E+000
1,2789864E-002	1,788566036072243E-001	3,000000000000000E+000
1,4063546E-002	1,776803921351924E-001	3,000000000000000E+000
1,5235047E-002	1,813387741017831E-001	3,000000000000000E+000
1,6339539E-002	1,825063928618977E-001	3,000000000000000E+000
1,7578118E-002	1,845470272205092E-001	3,000000000000000E+000
1,8886542E-002	1,874014106546795E-001	3,000000000000000E+000
1,9932020E-002	1,877967344933280E-001	3,000000000000000E+000
2,1246597E-002	1,919468254394210E-001	3,000000000000000E+000
2,2487514E-002	1,926022518212753E-001	3,000000000000000E+000
2,3591155E-002	1,943087613617536E-001	3,000000000000000E+000
2,4797684E-002	1,978856083135017E-001	3,000000000000000E+000
2,6092341E-002	2,000208262826266E-001	3,000000000000000E+000
2,7318683E-002	2,003540964247399E-001	3,000000000000000E+000
2,8382946E-002	2,040880921671892E-001	3,000000000000000E+000
2,9519282E-002	2,048847816056685E-001	3,000000000000000E+000
3,0807747E-002	2,075433030097171E-001	3,000000000000000E+000
3,1994183E-002	2,080316169109806E-001	3,000000000000000E+000
3,3141270E-002	2,120782176368983E-001	3,000000000000000E+000
3,4373987E-002	2,121454392585700E-001	3,000000000000000E+000
3,5553049E-002	2,167876728991462E-001	3,000000000000000E+000
3,6713373E-002	2,164521659756755E-001	3,000000000000000E+000
3,8033117E-002	2,186235422203842E-001	3,000000000000000E+000
3,9289314E-002	2,222978363634964E-001	3,000000000000000E+000
4,0445957E-002	2,238552501690307E-001	3,000000000000000E+000
4,1453864E-002	2,252363075127093E-001	3,000000000000000E+000
4,2840365E-002	2,286901485446547E-001	3,000000000000000E+000
4,3959297E-002	2,289512104600564E-001	3,000000000000000E+000
4,5267470E-002	2,329494481285417E-001	3,000000000000000E+000
4,6464514E-002	2,335450781231188E-001	3,000000000000000E+000
4,7622927E-002	2,349589204823133E-001	3,000000000000000E+000
4,8784871E-002	2,379708845724560E-001	3,000000000000000E+000
5,0025575E-002	2,399604014224476E-001	3,000000000000000E+000
5,1208399E-002	2,403421502288752E-001	3,000000000000000E+000
5,2277796E-002	2,443551239040165E-001	3,000000000000000E+000
5,3500872E-002	2,468612834183865E-001	3,000000000000000E+000
5,4845672E-002	2,474075953650745E-001	3,000000000000000E+000
5,5976763E-002	2,511004482221326E-001	3,000000000000000E+000
5,7137303E-002	2,517385823432252E-001	3,000000000000000E+000
5,8394846E-002	2,536400011902313E-001	3,000000000000000E+000
5,9577383E-002	2,572874684442983E-001	3,000000000000000E+000
6,0689058E-002	2,579404334570023E-001	3,000000000000000E+000
6,1943643E-002	2,597831161143009E-001	3,000000000000000E+000
6,3239567E-002	2,615254536956659E-001	3,000000000000000E+000
6,4387932E-002	2,654331376898984E-001	3,000000000000000E+000
6,5614410E-002	2,669603207387912E-001	3,000000000000000E+000
6,6758946E-002	2,683871975233268E-001	3,000000000000000E+000
6,7996763E-002	2,699001700998955E-001	3,000000000000000E+000
6,9124520E-002	2,730112899993813E-001	3,000000000000000E+000
7,0411928E-002	2,749784407432241E-001	3,000000000000000E+000
7,1523644E-002	2,762804928125764E-001	3,000000000000000E+000
7,2733857E-002	2,779517051531002E-001	3,000000000000000E+000
7,3895723E-002	2,823627630584973E-001	3,000000000000000E+000
7,5206764E-002	2,822206660477806E-001	3,000000000000000E+000
7,6296404E-002	2,849051775604794E-001	3,000000000000000E+000
7,7569753E-002	2,884809675516515E-001	3,000000000000000E+000
7,8765750E-002	2,882949455945178E-001	3,000000000000000E+000
8,0038324E-002	2,909450109776426E-001	3,000000000000000E+000
8,1120238E-002	2,938807363712437E-001	3,000000000000000E+000
8,2304977E-002	2,941464737685036E-001	3,000000000000000E+000
8,3646022E-002	2,988115906773596E-001	3,000000000000000E+000
8,4680460E-002	2,988400103317370E-001	3,000000000000000E+000
8,5963480E-002	3,008555169249629E-001	3,000000000000000E+000
8,7273382E-002	3,034501154648348E-001	3,000000000000000E+000
8,8241294E-002	3,047866446076011E-001	3,000000000000000E+000
8,9566998E-002	3,070317263805507E-001	3,000000000000000E+000
9,0726316E-002	3,110123460776064E-001	3,000000000000000E+000
9,1991723E-002	3,107146804815999E-001	3,000000000000000E+000
9,3181968E-002	3,131983706779353E-001	3,000000000000000E+000
9,4468504E-002	3,163697260380198E-001	3,000000000000000E+000
9,5573097E-002	3,147253466692450E-001	3,000000000000000E+000
9,6755959E-002	3,205385868463448E-001	3,000000000000000E+000
9,7939029E-002	3,198846150060293E-001	3,000000000000000E+000
9,9089943E-002	3,237276237988311E-001	3,000000000000000E+000
1,0026619E-001	3,236187389185152E-001	3,000000000000000E+000
1,0158437E-001	3,264307990385649E-001	3,000000000000000E+000
1,0276436E-001	3,287804280149018E-001	3,000000000000000E+000
1,0401362E-001	3,289144787122504E-001	3,000000000000000E+000
1,0512215E-001	3,303772870438295E-001	3,000000000000000E+000
1,0638380E-001	3,345605787019141E-001	3,000000000000000E+000
1,0761672E-001	3,343869857748762E-001	3,000000000000000E+000
1,0872079E-001	3,356242598189647E-001	3,000000000000000E+000
1,0991508E-001	3,370987473948236E-001	3,000000000000000E+000
1,1127098E-001	3,410192903829747E-001	3,000000000000000E+000
1,1222941E-001	3,415148957994658E-001	3,000000000000000E+000
1,1350055E-001	3,430330672482445E-001	3,000000000000000E+000
1,1479111E-001	3,466865767065124E-001	3,000000000000000E+000
1,1592150E-001	3,479489875478778E-001	3,000000000000000E+000
1,1707959E-001	3,510129015452943E-001	3,000000000000000E+000
1,1834776E-001	3,516974939524919E-001	3,000000000000000E+000
1,1957218E-001	3,532546170883699E-001	3,000000000000000E+000
1,2078127E-001	3,562197023938016E-001	3,000000000000000E+000
1,2204700E-001	3,593327095796766E-001	3,000000000000000E+000
1,2317995E-001	3,602059394405757E-001	3,000000000000000E+000
1,2433928E-001	3,640436496029402E-001	3,000000000000000E+000
1,2556837E-001	3,647384287582507E-001	3,000000000000000E+000
1,2678413E-001	3,665996401816489E-001	3,000000000000000E+000
1,2793295E-001	3,738794182168519E-001	3,000000000000000E+000
1,2911288E-001	3,702606727278583E-001	3,000000000000000E+000
1,3033022E-001	3,749240208287850E-001	3,000000000000000E+000
1,3164803E-001	3,766732270919921E-001	3,000000000000000E+000
1,3271746E-001	3,794083321117796E-001	3,000000000000000E+000
1,3399510E-001	3,818138361093606E-001	3,000000000000000E+000
1,3512103E-001	3,829849474390761E-001	3,000000000000000E+000
1,3640080E-001	3,856058482067746E-001	3,000000000000000E+000
1,3755660E-001	3,890085556841867E-001	3,000000000000000E+000
1,3867977E-001	3,897369720184045E-001	3,000000000000000E+000
1,4003842E-001	3,935941794253388E-001	3,000000000000000E+000
1,4124693E-001	3,943851140211327E-001	3,000000000000000E+000
1,4227302E-001	3,975680364787371E-001	3,000000000000000E+000
1,4361009E-001	3,995989962843156E-001	3,000000000000000E+000
1,4476001E-001	4,011059539754775E-001	3,000000000000000E+000
1,4589162E-001	4,046859425660743E-001	3,000000000000000E+000
1,4725357E-001	4,060718914843182E-001	3,000000000000000E+000
1,4834931E-001	4,076672719869143E-001	3,000000000000000E+000
1,4952147E-001	4,115100623263670E-001	3,000000000000000E+000
1,5063740E-001	4,125611257622954E-001	3,000000000000000E+000
1,5201163E-001	4,151754563338015E-001	3,000000000000000E+000
1,5310480E-001	4,176094927436989E-001	3,000000000000000E+000
1,5432328E-001	4,191615999831502E-001	3,000000000000000E+000
1,5553293E-001	4,232746942175768E-001	3,000000000000000E+000
1,5668859E-001	4,239576007045489E-001	3,000000000000000E+000
1,5789363E-001	4,269011430701033E-001	3,000000000000000E+000
1,5912732E-001	4,285163548257613E-001	3,000000000000000E+000
1,6032691E-001	4,307443505903302E-001	3,000000000000000E+000
1,6148505E-001	4,340757187585242E-001	3,000000000000000E+000
1,6286568E-001	4,352525544236414E-001	3,000000000000000E+000
1,6394572E-001	4,375741810977680E-001	3,000000000000000E+000
1,6507179E-001	4,399876626687023E-001	3,000000000000000E+000
1,6636457E-001	4,420592615432630E-001	3,000000000000000E+000
1,6754109E-001	4,458566759454303E-001	3,000000000000000E+000
1,6875428E-001	4,463966189844862E-001	3,000000000000000E+000
1,6989212E-001	4,475211926748868E-001	3,000000000000000E+000
1,7105001E-001	4,512532513148866E-001	3,000000000000000E+000
1,7239791E-001	4,537358735429304E-001	3,000000000000000E+000
1,7356312E-001	4,546638452059910E-001	3,000000000000000E+000
1,7474310E-001	4,570706317252986E-001	3,000000000000000E+000
1,7587875E-001	4,592452015171553E-001	3,000000000000000E+000
1,7719276E-001	4,603632840961751E-001	3,000000000000000E+000
1,7832090E-001	4,645497306612230E-001	3,000000000000000E+000
1,7955871E-001	4,637469068855143E-001	3,000000000000000E+000
1,8075831E-001	4,657116329763094E-001	3,000000000000000E+000
1,8202135E-001	4,677524533536701E-001	3,000000000000000E+000
1,8314086E-001	4,702633987956997E-001	3,000000000000000E+000
1,8432790E-001	4,704357022354895E-001	3,000000000000000E+000
1,8550989E-001	4,718559978452209E-001	3,000000000000000E+000
1,8678653E-001	4,727329513407330E-001	3,000000000000000E+000
1,8795168E-001	4,740183803886673E-001	3,000000000000000E+000
1,8913661E-001	4,737587900340774E-001	3,000000000000000E+000
1,9033261E-001	4,746461309065735E-001	3,000000000000000E+000
1,9161278E-001	4,769097711735739E-001	3,000000000000000E+000
1,9272515E-001	4,765599515133845E-001	3,000000000000000E+000
1,9394787E-001	4,768247505999179E-001	3,000000000000000E+000
1,9517486E-001	4,786292056928185E-001	3,000000000000000E+000
1,9636285E-001	4,814537071118430E-001	3,000000000000000E+000
1,9743571E-001	4,818018432835962E-001	3,000000000000000E+000
1,9866289E-001	4,835823314173862E-001	3,000000000000000E+000
1,9978635E-001	4,861832907855779E-001	3,000000000000000E+000
2,0034564E-001	4,899756461381912E-001	3,000000000000000E+000
2,0027664E-001	4,896931648254395E-001	3,000000000000000E+000
2,0018487E-001	3,662704921832010E-001	3,000000000000000E+000
1,9843903E-001	2,544676313797631E-001	3,000000000000000E+000
1,9741724E-001	3,002345535824134E-001	3,000000000000000E+000
1,9636247E-001	2,743621451987165E-001	3,000000000000000E+000
1,9503768E-001	2,645166435460045E-001	3,000000000000000E+000
1,9377030E-001	2,578988896760470E-001	3,000000000000000E+000
1,9269641E-001	2,492062497185543E-001	3,000000000000000E+000
1,9144379E-001	2,455312174570282E-001	3,000000000000000E+000
1,9023885E-001	2,388352055374221E-001	3,000000000000000E+000
1,8906781E-001	2,329579369947572E-001	3,000000000000000E+000
1,8780209E-001	2,292201312536948E-001	3,000000000000000E+000
1,8698105E-001	2,242481272939283E-001	3,000000000000000E+000
1,8520677E-001	2,177226260990021E-001	3,000000000000000E+000
1,8427406E-001	2,150103408914430E-001	3,000000000000000E+000
1,8302070E-001	2,098026903824779E-001	3,000000000000000E+000
1,8184027E-001	2,061852546887371E-001	3,000000000000000E+000
1,8069682E-001	2,019476833100082E-001	3,000000000000000E+000
1,7947529E-001	1,969038714822895E-001	3,000000000000000E+000
1,7820847E-001	1,933295871648526E-001	3,000000000000000E+000
1,7713845E-001	1,899605756205145E-001	3,000000000000000E+000
1,7588161E-001	1,861910746956710E-001	3,000000000000000E+000
1,7467614E-001	1,820098036550919E-001	3,000000000000000E+000
1,7342214E-001	1,774964121965845E-001	3,000000000000000E+000
1,7231891E-001	1,759730351752502E-001	3,000000000000000E+000
1,7104073E-001	1,701192002187275E-001	3,000000000000000E+000
1,6976230E-001	1,662635879183654E-001	3,000000000000000E+000
1,6870111E-001	1,651075324593372E-001	3,000000000000000E+000
1,6744940E-001	1,602340368618669E-001	3,000000000000000E+000
1,6630617E-001	1,556911786255013E-001	3,000000000000000E+000
1,6503419E-001	1,553427222016679E-001	3,000000000000000E+000
1,6394635E-001	1,513742784316292E-001	3,000000000000000E+000
1,6267571E-001	1,467634489510803E-001	3,000000000000000E+000
1,6150527E-001	1,441769150082514E-001	3,000000000000000E+000
1,6024035E-001	1,411097108519042E-001	3,000000000000000E+000
1,5905294E-001	1,375911938133263E-001	3,000000000000000E+000
1,5785830E-001	1,342336509276520E-001	3,000000000000000E+000
1,5662485E-001	1,310824469417440E-001	3,000000000000000E+000
1,5550043E-001	1,286699328985486E-001	3,000000000000000E+000
1,5422109E-001	1,242503937990282E-001	3,000000000000000E+000
1,5313083E-001	1,240639738567149E-001	3,000000000000000E+000
1,5194483E-001	1,171252388950152E-001	3,000000000000000E+000
1,5069932E-001	1,181991062088255E-001	3,000000000000000E+000
1,4949754E-001	1,123955316013759E-001	3,000000000000000E+000
1,4833707E-001	1,099673213401629E-001	3,000000000000000E+000
1,4707343E-001	1,070136836319255E-001	3,000000000000000E+000
1,4586323E-001	1,048357230578807E-001	3,000000000000000E+000
1,4465867E-001	1,006484081832852E-001	3,000000000000000E+000
1,4348611E-001	9,720656115031390E-002	3,000000000000000E+000
1,4223325E-001	9,622282348573208E-002	3,000000000000000E+000
1,4112140E-001	9,237749370610482E-002	3,000000000000000E+000
1,3986732E-001	8,899598667307551E-002	3,000000000000000E+000
1,3875951E-001	8,654115082430902E-002	3,000000000000000E+000
1,3755554E-001	8,249328505836373E-002	3,000000000000000E+000
1,3632523E-001	8,004089362091510E-002	3,000000000000000E+000
1,3506097E-001	7,669108399972582E-002	3,000000000000000E+000
1,3388671E-001	7,380637093754339E-002	3,000000000000000E+000
1,3277699E-001	7,045762760713448E-002	3,000000000000000E+000
1,3150041E-001	6,731120411778752E-002	3,000000000000000E+000
1,3026534E-001	6,585293916335427E-002	3,000000000000000E+000
1,2913935E-001	6,062060362051447E-002	3,000000000000000E+000
1,2789080E-001	5,644379122774507E-002	3,000000000000000E+000
1,2664819E-001	5,412978376423572E-002	3,000000000000000E+000
1,2548701E-001	5,246399975456184E-002	3,000000000000000E+000
1,2429223E-001	4,685712776780626E-002	3,000000000000000E+000
1,2308592E-001	4,466761103847383E-002	3,000000000000000E+000
1,2188258E-001	4,115821511853324E-002	3,000000000000000E+000
1,2065309E-001	3,876499632921582E-002	3,000000000000000E+000
1,1953442E-001	3,734883015042412E-002	3,000000000000000E+000
1,1826406E-001	3,254287996403754E-002	3,000000000000000E+000
1,1702881E-001	3,137092740022729E-002	3,000000000000000E+000
1,1582497E-001	2,972444181877004E-002	3,000000000000000E+000
1,1471891E-001	2,503301504556382E-002	3,000000000000000E+000
1,1341934E-001	2,483153957089396E-002	3,000000000000000E+000
1,1228096E-001	2,129732726098149E-002	3,000000000000000E+000
1,1110777E-001	1,921257998017406E-002	3,000000000000000E+000
1,0985318E-001	1,878481426623080E-002	3,000000000000000E+000
1,0865261E-001	1,467883500905987E-002	3,000000000000000E+000
1,0512204E-001	1,211769415423357E-002	3,000000000000000E+000
1,0190132E-001	6,435443197157536E-003	3,000000000000000E+000
1,0072967E-001	9,973506920854629E-004	3,000000000000000E+000
9,9438064E-002	-3,458455174141912E-003	3,000000000000000E+000
9,8250136E-002	-4,170359931019149E-003	3,000000000000000E+000
9,7064979E-002	-3,613962225750181E-003	3,000000000000000E+000
9,5882796E-002	-4,750684943448706E-003	3,000000000000000E+000
9,4536193E-002	-7,940988185712025E-003	3,000000000000000E+000
9,3627639E-002	-1,112580908839944E-002	3,000000000000000E+000
9,2346177E-002	-1,304609170397775E-002	3,000000000000000E+000
9,1078512E-002	-1,526467175547927E-002	3,000000000000000E+000
8,9895494E-002	-1,672260076399343E-002	3,000000000000000E+000
8,8804021E-002	-1,857109079173819E-002	3,000000000000000E+000
8,7607682E-002	-2,098249211242847E-002	3,000000000000000E+000
8,6312979E-002	-2,312531111925228E-002	3,000000000000000E+000
8,4938757E-002	-2,486804782974006E-002	3,000000000000000E+000
8,3962768E-002	-2,704304593054174E-002	3,000000000000000E+000
8,2772925E-002	-2,914115188185748E-002	3,000000000000000E+000
8,1545115E-002	-3,042791955764786E-002	3,000000000000000E+000
8,0196172E-002	-3,286479803379430E-002	3,000000000000000E+000
7,9113759E-002	-3,541924020424220E-002	3,000000000000000E+000
7,8066908E-002	-3,731738737001761E-002	3,000000000000000E+000
7,6721258E-002	-3,988614358806641E-002	3,000000000000000E+000
7,5491309E-002	-4,171962433449350E-002	3,000000000000000E+000
7,4273400E-002	-4,387398336823245E-002	3,000000000000000E+000
7,3104158E-002	-4,562863929701655E-002	3,000000000000000E+000
7,1924098E-002	-4,693481609137956E-002	3,000000000000000E+000
7,0794202E-002	-4,875183831043421E-002	3,000000000000000E+000
6,9543093E-002	-5,168802946718637E-002	3,000000000000000E+000
6,8333596E-002	-5,431391794263596E-002	3,000000000000000E+000
6,7085892E-002	-5,677601523994880E-002	3,000000000000000E+000
6,5994352E-002	-5,762882028486493E-002	3,000000000000000E+000
6,4776920E-002	-5,908633729591703E-002	3,000000000000000E+000
6,3568056E-002	-6,109097782609751E-002	3,000000000000000E+000
6,2377620E-002	-6,399645548582256E-002	3,000000000000000E+000
6,1161723E-002	-6,614243200197550E-002	3,000000000000000E+000
5,9950098E-002	-6,879553231071128E-002	3,000000000000000E+000
5,8840934E-002	-7,009315653865777E-002	3,000000000000000E+000
5,7423331E-002	-7,136929138667047E-002	3,000000000000000E+000
5,6290746E-002	-7,394363381172298E-002	3,000000000000000E+000
5,5249307E-002	-7,686052031931445E-002	3,000000000000000E+000
5,4023534E-002	-7,937144069324420E-002	3,000000000000000E+000
5,2485988E-002	-8,121203794305787E-002	3,000000000000000E+000
5,1569365E-002	-8,233098563990393E-002	3,000000000000000E+000
5,0532587E-002	-8,352057113532041E-002	3,000000000000000E+000
4,9245048E-002	-8,625156212009522E-002	3,000000000000000E+000
4,8011273E-002	-8,923703657314430E-002	3,000000000000000E+000
4,6789292E-002	-9,233194268179212E-002	3,000000000000000E+000
4,5613464E-002	-9,427507058555640E-002	3,000000000000000E+000
4,4480991E-002	-9,515634142573853E-002	3,000000000000000E+000
4,3016542E-002	-9,736385962201502E-002	3,000000000000000E+000
4,1862372E-002	-9,977244244914285E-002	3,000000000000000E+000
4,0825326E-002	-1,026334027863206E-001	3,000000000000000E+000
3,9541665E-002	-1,051872066810673E-001	3,000000000000000E+000
3,8380988E-002	-1,072197240331058E-001	3,000000000000000E+000
3,5008445E-002	-1,110881107967501E-001	3,000000000000000E+000
3,1409644E-002	-1,199577531951945E-001	3,000000000000000E+000
3,0185079E-002	-1,212781623520034E-001	3,000000000000000E+000
2,9036643E-002	-1,228379098077612E-001	3,000000000000000E+000
2,7867975E-002	-1,267773062475803E-001	3,000000000000000E+000
2,6667746E-002	-1,270009456752124E-001	3,000000000000000E+000
2,5404250E-002	-1,288882464141350E-001	3,000000000000000E+000
2,4236785E-002	-1,320879000413697E-001	3,000000000000000E+000
2,3154581E-002	-1,316179340226677E-001	3,000000000000000E+000
2,1882886E-002	-1,356600684424240E-001	3,000000000000000E+000
2,0610552E-002	-1,384427771085437E-001	3,000000000000000E+000
1,9358559E-002	-1,389293908044542E-001	3,000000000000000E+000
1,8202484E-002	-1,407995240555868E-001	3,000000000000000E+000
1,7068943E-002	-1,427959462291462E-001	3,000000000000000E+000
1,5789604E-002	-1,455083282085576E-001	3,000000000000000E+000
1,4680866E-002	-1,467784859269154E-001	3,000000000000000E+000
1,3451277E-002	-1,501192769727715E-001	3,000000000000000E+000
1,2201859E-002	-1,483509462026023E-001	3,000000000000000E+000
1,1029659E-002	-1,550905523343111E-001	3,000000000000000E+000
9,8791001E-003	-1,545575829643180E-001	3,000000000000000E+000
8,5890722E-003	-1,563726720568308E-001	3,000000000000000E+000
7,4636391E-003	-1,595302317162148E-001	3,000000000000000E+000
6,2899417E-003	-1,595140063727738E-001	3,000000000000000E+000
5,1486604E-003	-1,644219623671631E-001	3,000000000000000E+000
3,8149033E-003	-1,648247016257498E-001	3,000000000000000E+000
2,6777186E-003	-1,665444580074911E-001	3,000000000000000E+000
1,4688949E-003	-1,695655460158980E-001	3,000000000000000E+000
2,1431904E-004	-1,711399333629147E-001	3,000000000000000E+000
-9,3450391E-004	-1,720308689950292E-001	3,000000000000000E+000
-2,1735097E-003	-1,755140907577395E-001	3,000000000000000E+000
-3,4297837E-003	-1,762108787208693E-001	3,000000000000000E+000
-4,4984655E-003	-1,800682960084592E-001	3,000000000000000E+000
-5,8796359E-003	-1,789412917504607E-001	3,000000000000000E+000
-6,9572334E-003	-1,845123220506748E-001	3,000000000000000E+000
-8,1122508E-003	-1,838651577288859E-001	3,000000000000000E+000
-9,3943486E-003	-1,871656542708577E-001	3,000000000000000E+000
-1,0615173E-002	-1,876811171855990E-001	3,000000000000000E+000
-1,1757941E-002	-1,926117717391920E-001	3,000000000000000E+000
-1,2933198E-002	-1,914165987335670E-001	3,000000000000000E+000
-1,4226973E-002	-1,945724560096602E-001	3,000000000000000E+000
-1,5261549E-002	-1,977750792413848E-001	3,000000000000000E+000
-1,6524794E-002	-1,991257088051901E-001	3,000000000000000E+000
-1,7801870E-002	-2,004953256368429E-001	3,000000000000000E+000
-1,9068863E-002	-2,038541473448270E-001	3,000000000000000E+000
-2,0085542E-002	-2,024355382212281E-001	3,000000000000000E+000
-2,1354834E-002	-2,081901282557135E-001	3,000000000000000E+000
-2,2609832E-002	-2,084406949094650E-001	3,000000000000000E+000
-2,3786427E-002	-2,105399684773548E-001	3,000000000000000E+000
-2,4879733E-002	-2,154413607042641E-001	3,000000000000000E+000
-2,6167361E-002	-2,122319622657307E-001	3,000000000000000E+000
-2,7341973E-002	-2,181818590195492E-001	3,000000000000000E+000
-2,8627120E-002	-2,181543929909813E-001	3,000000000000000E+000
-2,9776040E-002	-2,219215825542857E-001	3,000000000000000E+000
-3,1055665E-002	-2,226388397943491E-001	3,000000000000000E+000
-3,2194979E-002	-2,249031175484157E-001	3,000000000000000E+000
-3,3320162E-002	-2,278966247492162E-001	3,000000000000000E+000
-3,4541834E-002	-2,283606554071109E-001	3,000000000000000E+000
-3,5785377E-002	-2,302077594730587E-001	3,000000000000000E+000
-3,7046626E-002	-2,343707898625227E-001	3,000000000000000E+000
-3,8018659E-002	-2,342193751699393E-001	3,000000000000000E+000
-3,9397843E-002	-2,361976549372122E-001	3,000000000000000E+000
-4,0546771E-002	-2,403283442545212E-001	3,000000000000000E+000
-4,1837860E-002	-2,398897526307135E-001	3,000000000000000E+000
-4,2930678E-002	-2,415264901873235E-001	3,000000000000000E+000
-4,4240162E-002	-2,446677169322764E-001	3,000000000000000E+000
-4,5405928E-002	-2,463749567525344E-001	3,000000000000000E+000
-4,6603393E-002	-2,477422417723569E-001	3,000000000000000E+000
-4,7802921E-002	-2,503182908727064E-001	3,000000000000000E+000
-4,8995864E-002	-2,531478760000838E-001	3,000000000000000E+000
-5,0152365E-002	-2,538551611974578E-001	3,000000000000000E+000
-5,1366322E-002	-2,573664507589353E-001	3,000000000000000E+000
-5,2526392E-002	-2,577549872156744E-001	3,000000000000000E+000
-5,3778421E-002	-2,597740954822960E-001	3,000000000000000E+000
-5,5009115E-002	-2,637384163293359E-001	3,000000000000000E+000
-5,6092378E-002	-2,647972084038570E-001	3,000000000000000E+000
-5,7333793E-002	-2,660495604019770E-001	3,000000000000000E+000
-5,8533449E-002	-2,698291279860618E-001	3,000000000000000E+000
-5,9649408E-002	-2,706363209419776E-001	3,000000000000000E+000
-6,0898811E-002	-2,735657841710939E-001	3,000000000000000E+000
-6,2155221E-002	-2,759352444004932E-001	3,000000000000000E+000
-6,3374773E-002	-2,760881434854428E-001	3,000000000000000E+000
-6,4482592E-002	-2,798781476772598E-001	3,000000000000000E+000
-6,5726481E-002	-2,815586413974707E-001	3,000000000000000E+000
-6,6855811E-002	-2,833442790013363E-001	3,000000000000000E+000
-6,8164229E-002	-2,867299122315465E-001	3,000000000000000E+000
-6,9265723E-002	-2,881237085352435E-001	3,000000000000000E+000
-7,0514992E-002	-2,895614006168517E-001	3,000000000000000E+000
-7,1735919E-002	-2,937139360842096E-001	3,000000000000000E+000
-7,2941869E-002	-2,931411991917736E-001	3,000000000000000E+000
-7,4118048E-002	-2,961935759619028E-001	3,000000000000000E+000
-7,5329244E-002	-2,998834563283392E-001	3,000000000000000E+000
-7,6473646E-002	-2,996945938729261E-001	3,000000000000000E+000
-7,7690229E-002	-3,018957819117016E-001	3,000000000000000E+000
-7,8965463E-002	-3,059944426931906E-001	3,000000000000000E+000
-8,0198169E-002	-3,061325067990568E-001	3,000000000000000E+000
-8,1341438E-002	-3,094457331915472E-001	3,000000000000000E+000
-8,2523756E-002	-3,113275114317537E-001	3,000000000000000E+000
-8,3777487E-002	-3,119969296385512E-001	3,000000000000000E+000
-8,4903345E-002	-3,162481969856250E-001	3,000000000000000E+000
-8,6255752E-002	-3,171722334292197E-001	3,000000000000000E+000
-8,7345175E-002	-3,188089711798567E-001	3,000000000000000E+000
-8,8546574E-002	-3,222547312292994E-001	3,000000000000000E+000
-8,9686938E-002	-3,233410120010376E-001	3,000000000000000E+000
-9,0929627E-002	-3,248058366136526E-001	3,000000000000000E+000
-9,2126094E-002	-3,285221273415830E-001	3,000000000000000E+000
-9,3301706E-002	-3,291229397744040E-001	3,000000000000000E+000
-9,4529673E-002	-3,321660934792217E-001	3,000000000000000E+000
-9,5776111E-002	-3,346755224111899E-001	3,000000000000000E+000
-9,6949801E-002	-3,348431659784783E-001	3,000000000000000E+000
-9,8255537E-002	-3,371533745149559E-001	3,000000000000000E+000
-9,9301912E-002	-3,413195885174587E-001	3,000000000000000E+000
-1,0079277E-001	-3,419827457530316E-001	3,000000000000000E+000
-1,0162102E-001	-3,454717993736267E-001	3,000000000000000E+000
-1,0290506E-001	-3,459405884431265E-001	3,000000000000000E+000
-1,0415880E-001	-3,481116546123904E-001	3,000000000000000E+000
-1,0532156E-001	-3,515061164895701E-001	3,000000000000000E+000
-1,0652921E-001	-3,521446869061841E-001	3,000000000000000E+000
-1,0779016E-001	-3,546337630897245E-001	3,000000000000000E+000
-1,0898133E-001	-3,575473073740594E-001	3,000000000000000E+000
-1,1017710E-001	-3,581138994842252E-001	3,000000000000000E+000
-1,1133232E-001	-3,593541224512995E-001	3,000000000000000E+000
-1,1253694E-001	-3,626610089365068E-001	3,000000000000000E+000
-1,1371863E-001	-3,644272894921929E-001	3,000000000000000E+000
-1,1497109E-001	-3,659561881730833E-001	3,000000000000000E+000
-1,1617961E-001	-3,672781910475653E-001	3,000000000000000E+000
-1,1739624E-001	-3,712745253837464E-001	3,000000000000000E+000
-1,1860667E-001	-3,721971729990203E-001	3,000000000000000E+000
-1,1976104E-001	-3,728326825916546E-001	3,000000000000000E+000
-1,2095819E-001	-3,762821539550908E-001	3,000000000000000E+000
-1,2208944E-001	-3,772331260002417E-001	3,000000000000000E+000
-1,2341466E-001	-3,794087439374472E-001	3,000000000000000E+000
-1,2461910E-001	-3,804684194167027E-001	3,000000000000000E+000
-1,2571897E-001	-3,799595278170371E-001	3,000000000000000E+000
-1,2694602E-001	-3,861186505334139E-001	3,000000000000000E+000
-1,2818451E-001	-3,826238754037248E-001	3,000000000000000E+000
-1,2940373E-001	-3,877530621442333E-001	3,000000000000000E+000
-1,3055117E-001	-3,859639370348296E-001	3,000000000000000E+000
-1,3173966E-001	-3,892768453935984E-001	3,000000000000000E+000
-1,3292666E-001	-3,918017609135465E-001	3,000000000000000E+000
-1,3410798E-001	-3,920875498960305E-001	3,000000000000000E+000
-1,3538414E-001	-3,953900668356145E-001	3,000000000000000E+000
-1,3659173E-001	-3,979545325726370E-001	3,000000000000000E+000
-1,3781935E-001	-3,981075651115829E-001	3,000000000000000E+000
-1,3895935E-001	-4,042916016446221E-001	3,000000000000000E+000
-1,4005415E-001	-4,015756942875059E-001	3,000000000000000E+000
-1,4133644E-001	-4,072556229786835E-001	3,000000000000000E+000
-1,4253135E-001	-4,081309858011082E-001	3,000000000000000E+000
-1,4374401E-001	-4,119228713356690E-001	3,000000000000000E+000
-1,4496185E-001	-4,126932653145765E-001	3,000000000000000E+000
-1,4616753E-001	-4,151524378879303E-001	3,000000000000000E+000
-1,4731781E-001	-4,187442298021380E-001	3,000000000000000E+000
-1,4853290E-001	-4,188895960364292E-001	3,000000000000000E+000
-1,4971812E-001	-4,238866439037432E-001	3,000000000000000E+000
-1,5082218E-001	-4,241147365149416E-001	3,000000000000000E+000
-1,5212847E-001	-4,277253845357336E-001	3,000000000000000E+000
-1,5329491E-001	-4,296529922220433E-001	3,000000000000000E+000
-1,5447828E-001	-4,337451829536199E-001	3,000000000000000E+000
-1,5574244E-001	-4,329825497051267E-001	3,000000000000000E+000
-1,5691097E-001	-4,375578544891656E-001	3,000000000000000E+000
-1,5804783E-001	-4,404908194167843E-001	3,000000000000000E+000
-1,5938753E-001	-4,417382971991577E-001	3,000000000000000E+000
-1,6055247E-001	-4,444955450534431E-001	3,000000000000000E+000
-1,6165857E-001	-4,468987246638982E-001	3,000000000000000E+000
-1,6299935E-001	-4,486905997683706E-001	3,000000000000000E+000
-1,6410601E-001	-4,535101046850405E-001	3,000000000000000E+000
-1,6529074E-001	-4,530449342111940E-001	3,000000000000000E+000
-1,6655870E-001	-4,553774821688417E-001	3,000000000000000E+000
-1,6772248E-001	-4,599396450082871E-001	3,000000000000000E+000
-1,6888388E-001	-4,606763043621971E-001	3,000000000000000E+000
-1,7034981E-001	-4,643755192842538E-001	3,000000000000000E+000
-1,7127509E-001	-4,657483061439245E-001	3,000000000000000E+000
-1,7247669E-001	-4,695920549759949E-001	3,000000000000000E+000
-1,7374614E-001	-4,706737608972222E-001	3,000000000000000E+000
-1,7498618E-001	-4,736327070729907E-001	3,000000000000000E+000
-1,7610994E-001	-4,766159324466965E-001	3,000000000000000E+000
-1,7733835E-001	-4,795280237708033E-001	3,000000000000000E+000
-1,7848846E-001	-4,803399750898171E-001	3,000000000000000E+000
-1,7974043E-001	-4,837886998365222E-001	3,000000000000000E+000
-1,8087189E-001	-4,845289846545913E-001	3,000000000000000E+000
-1,8216386E-001	-4,892426657606843E-001	3,000000000000000E+000
-1,8324524E-001	-4,908698378906893E-001	3,000000000000000E+000
-1,8446004E-001	-4,933472743206142E-001	3,000000000000000E+000
-1,8569207E-001	-4,951020190427602E-001	3,000000000000000E+000
-1,8690515E-001	-4,990394977374097E-001	3,000000000000000E+000
-1,8809243E-001	-5,000553858634600E-001	3,000000000000000E+000
-1,8932146E-001	-5,028522168997558E-001	3,000000000000000E+000
-1,9065748E-001	-5,053572108348208E-001	3,000000000000000E+000
-1,9168533E-001	-5,068755859845409E-001	3,000000000000000E+000
-1,9290029E-001	-5,111292545593136E-001	3,000000000000000E+000
-1,9412415E-001	-5,105667237464004E-001	3,000000000000000E+000
-1,9535658E-001	-5,144103791293060E-001	3,000000000000000E+000
-1,9652502E-001	-5,170863754788604E-001	3,000000000000000E+000
-1,9773397E-001	-5,178088564296343E-001	3,000000000000000E+000
-1,9893546E-001	-5,196424642126658E-001	3,000000000000000E+000
-1,9943652E-001	-5,205476284027100E-001	3,000000000000000E+000
-1,9913484E-001	-5,226204991340637E-001	3,000000000000000E+000
-1,9961439E-001	-5,195360183715820E-001	3,000000000000000E+000
-1,9920929E-001	-3,776732035750885E-001	3,000000000000000E+000
-1,9737560E-001	-2,875263716731047E-001	3,000000000000000E+000
-1,9646671E-001	-3,380195623510254E-001	3,000000000000000E+000
-1,9527611E-001	-2,954434527006620E-001	3,000000000000000E+000
-1,9401442E-001	-2,939411777931831E-001	3,000000000000000E+000
-1,9284363E-001	-2,840646018642765E-001	3,000000000000000E+000
-1,9161609E-001	-2,748671881369473E-001	3,000000000000000E+000
-1,9056293E-001	-2,674563813197891E-001	3,000000000000000E+000
-1,8930666E-001	-2,579299458140865E-001	3,000000000000000E+000
-1,8796916E-001	-2,529259247854094E-001	3,000000000000000E+000
-1,8686093E-001	-2,423721548240990E-001	3,000000000000000E+000
-1,8571086E-001	-2,381807191219800E-001	3,000000000000000E+000
-1,8446968E-001	-2,298983397098100E-001	3,000000000000000E+000
-1,8332341E-001	-2,252096812072615E-001	3,000000000000000E+000
-1,8213058E-001	-2,191800246008722E-001	3,000000000000000E+000
-1,8082111E-001	-2,151484719522867E-001	3,000000000000000E+000
-1,7975526E-001	-2,077258914165827E-001	3,000000000000000E+000
-1,7859045E-001	-2,062706883039538E-001	3,000000000000000E+000
-1,7732804E-001	-1,971129746557883E-001	3,000000000000000E+000
-1,7597856E-001	-1,982601076306310E-001	3,000000000000000E+000
-1,7486912E-001	-1,909052770513675E-001	3,000000000000000E+000
-1,7365897E-001	-1,896279116271113E-001	3,000000000000000E+000
-1,7254545E-001	-1,847103013618221E-001	3,000000000000000E+000
-1,7118156E-001	-1,826873800536202E-001	3,000000000000000E+000
-1,7006086E-001	-1,781263839382317E-001	3,000000000000000E+000
-1,6890274E-001	-1,744219797838015E-001	3,000000000000000E+000
-1,6761386E-001	-1,723019103066892E-001	3,000000000000000E+000
-1,6644552E-001	-1,687624044231288E-001	3,000000000000000E+000
-1,6525386E-001	-1,658513868848484E-001	3,000000000000000E+000
-1,6407366E-001	-1,619539849117350E-001	3,000000000000000E+000
-1,6289957E-001	-1,603348662740447E-001	3,000000000000000E+000
-1,6169012E-001	-1,553569199168119E-001	3,000000000000000E+000
-1,6049859E-001	-1,538173303350856E-001	3,000000000000000E+000
-1,5922117E-001	-1,507478797429940E-001	3,000000000000000E+000
-1,5812439E-001	-1,473842835888113E-001	3,000000000000000E+000
-1,5686987E-001	-1,448736813019622E-001	3,000000000000000E+000
-1,5575698E-001	-1,425269087954396E-001	3,000000000000000E+000
-1,5440270E-001	-1,385521009393007E-001	3,000000000000000E+000
-1,5329912E-001	-1,361002393095987E-001	3,000000000000000E+000
-1,5206181E-001	-1,329578600966162E-001	3,000000000000000E+000
-1,5088624E-001	-1,314490145935753E-001	3,000000000000000E+000
-1,4961438E-001	-1,267961723109085E-001	3,000000000000000E+000
-1,4846468E-001	-1,253087527050710E-001	3,000000000000000E+000
-1,4729847E-001	-1,228382243635779E-001	3,000000000000000E+000
-1,4605565E-001	-1,186200592152695E-001	3,000000000000000E+000
-1,4485139E-001	-1,180051287600594E-001	3,000000000000000E+000
-1,4368549E-001	-1,132036367052929E-001	3,000000000000000E+000
-1,4249884E-001	-1,119914935180634E-001	3,000000000000000E+000
-1,4130680E-001	-1,073155427487413E-001	3,000000000000000E+000
-1,4009874E-001	-1,067175825365767E-001	3,000000000000000E+000
-1,3886459E-001	-1,024293225329729E-001	3,000000000000000E+000
-1,3767523E-001	-1,012785738954938E-001	3,000000000000000E+000
-1,3645367E-001	-9,719592597038096E-002	3,000000000000000E+000
-1,3518997E-001	-9,658227500525163E-002	3,000000000000000E+000
-1,3407536E-001	-9,313246550542920E-002	3,000000000000000E+000
-1,3298962E-001	-8,943951654590743E-002	3,000000000000000E+000
-1,3169131E-001	-8,850742517420773E-002	3,000000000000000E+000
-1,3049485E-001	-8,390337732756370E-002	3,000000000000000E+000
-1,2931202E-001	-8,321019404522501E-002	3,000000000000000E+000
-1,2815219E-001	-8,026078927731661E-002	3,000000000000000E+000
-1,2681702E-001	-7,664471513433258E-002	3,000000000000000E+000
-1,2566352E-001	-7,490268524351351E-002	3,000000000000000E+000
-1,2445679E-001	-7,076394567088236E-002	3,000000000000000E+000
-1,2329268E-001	-6,990396183310726E-002	3,000000000000000E+000
-1,2209763E-001	-6,696431361908438E-002	3,000000000000000E+000
-1,2095003E-001	-6,505633801134519E-002	3,000000000000000E+000
-1,1967585E-001	-6,059914867526256E-002	3,000000000000000E+000
-1,1842172E-001	-6,038250503883713E-002	3,000000000000000E+000
-1,1731537E-001	-5,721710482288866E-002	3,000000000000000E+000
-1,1617444E-001	-5,368575484802321E-002	3,000000000000000E+000
-1,1484926E-001	-5,047178531983976E-002	3,000000000000000E+000
-1,1362553E-001	-4,849371437012429E-002	3,000000000000000E+000
-1,1250194E-001	-4,670852968734407E-002	3,000000000000000E+000
-1,1131922E-001	-4,237445716555377E-002	3,000000000000000E+000
-1,1010434E-001	-4,157862764178483E-002	3,000000000000000E+000
-1,0896918E-001	-3,724254024968510E-002	3,000000000000000E+000
-1,0773823E-001	-3,499014454064309E-002	3,000000000000000E+000
-1,0635679E-001	-3,226353285006339E-002	3,000000000000000E+000
-1,0530749E-001	-3,077112365321630E-002	3,000000000000000E+000
-1,0411145E-001	-2,520327481559229E-002	3,000000000000000E+000
-1,0287109E-001	-2,459619552488826E-002	3,000000000000000E+000
-1,0165084E-001	-1,921985605480991E-002	3,000000000000000E+000
-9,8197512E-002	-1,582548531694006E-002	3,000000000000000E+000
-9,4924182E-002	-1,055418127564026E-002	3,000000000000000E+000
-9,3753174E-002	-3,801690716335938E-003	3,000000000000000E+000
-9,2474766E-002	1,813142593000017E-003	3,000000000000000E+000
-9,1262251E-002	3,831181920961377E-003	3,000000000000000E+000
-8,9954399E-002	3,276375058451061E-003	3,000000000000000E+000
-8,8873044E-002	3,056913047405234E-003	3,000000000000000E+000
-8,7702945E-002	5,134017500040500E-003	3,000000000000000E+000
-8,6570963E-002	9,138320393099642E-003	3,000000000000000E+000
-8,5277200E-002	1,279396782148173E-002	3,000000000000000E+000
-8,4064290E-002	1,508160446185991E-002	3,000000000000000E+000
-8,2855366E-002	1,544684773236640E-002	3,000000000000000E+000
-8,1782073E-002	1,629594202293244E-002	3,000000000000000E+000
-8,0598190E-002	1,802054117595414E-002	3,000000000000000E+000
-7,9284534E-002	2,069223696808975E-002	3,000000000000000E+000
-7,8074761E-002	2,354526347820261E-002	3,000000000000000E+000
-7,7048108E-002	2,596326171745504E-002	3,000000000000000E+000
-7,5893089E-002	2,822855099414799E-002	3,000000000000000E+000
-7,4555941E-002	2,924006965824644E-002	3,000000000000000E+000
-7,3333479E-002	3,118949593812839E-002	3,000000000000000E+000
-7,2192095E-002	3,374572475351874E-002	3,000000000000000E+000
-7,0875742E-002	3,542347231672886E-002	3,000000000000000E+000
-6,9659278E-002	3,709154191973443E-002	3,000000000000000E+000
-6,8523802E-002	3,943246379640186E-002	3,000000000000000E+000
-6,7283437E-002	4,128916378977010E-002	3,000000000000000E+000
-6,6041738E-002	4,359221972198490E-002	3,000000000000000E+000
-6,4962514E-002	4,574020405966117E-002	3,000000000000000E+000
-6,3776717E-002	4,703424951326779E-002	3,000000000000000E+000
-6,2467515E-002	4,923320893996985E-002	3,000000000000000E+000
-6,1266433E-002	5,156122509005295E-002	3,000000000000000E+000
-6,0179558E-002	5,320306383429074E-002	3,000000000000000E+000
-5,8962706E-002	5,547321113004322E-002	3,000000000000000E+000
-5,7707708E-002	5,731108188774670E-002	3,000000000000000E+000
-5,6524877E-002	5,859682184867177E-002	3,000000000000000E+000
-5,5412184E-002	6,067919962434754E-002	3,000000000000000E+000
-5,4064024E-002	6,407754714261205E-002	3,000000000000000E+000
-5,2941602E-002	6,628170717239201E-002	3,000000000000000E+000
-5,1740304E-002	6,789766460860847E-002	3,000000000000000E+000
-5,0550479E-002	6,866591833386360E-002	3,000000000000000E+000
-4,9355973E-002	7,011378896196319E-002	3,000000000000000E+000
-4,8286870E-002	7,293534641697375E-002	3,000000000000000E+000
-4,6932943E-002	7,601145459516911E-002	3,000000000000000E+000
-4,5618791E-002	7,799641141577429E-002	3,000000000000000E+000
-4,4750005E-002	7,974207401275611E-002	3,000000000000000E+000
-4,3530028E-002	8,133237666495730E-002	3,000000000000000E+000
-4,2051498E-002	8,279503636003982E-002	3,000000000000000E+000
-4,0940572E-002	8,553926828123304E-002	3,000000000000000E+000
-3,9882142E-002	8,805862469630998E-002	3,000000000000000E+000
-3,8557518E-002	8,919097503854180E-002	3,000000000000000E+000
-3,7259106E-002	9,154360617200541E-002	3,000000000000000E+000
-3,6153127E-002	9,401602840969447E-002	3,000000000000000E+000
-3,4960017E-002	9,590191028837580E-002	3,000000000000000E+000
-3,3791620E-002	9,802133346480923E-002	3,000000000000000E+000
-3,2547873E-002	9,942159074934258E-002	3,000000000000000E+000
-3,1417765E-002	1,012279417466033E-001	3,000000000000000E+000
-3,0338610E-002	1,041718265833981E-001	3,000000000000000E+000
-2,9113965E-002	1,062545633321859E-001	3,000000000000000E+000
-2,7779298E-002	1,087257934527268E-001	3,000000000000000E+000
-2,4202771E-002	1,135191300201497E-001	3,000000000000000E+000
-2,0780895E-002	1,213306874964876E-001	3,000000000000000E+000
-1,9351402E-002	1,225762290430593E-001	3,000000000000000E+000
-1,8311014E-002	1,231896736070565E-001	3,000000000000000E+000
-1,7076118E-002	1,283335687314525E-001	3,000000000000000E+000
-1,5918341E-002	1,285187180700531E-001	3,000000000000000E+000
-1,4733891E-002	1,320738188094563E-001	3,000000000000000E+000
-1,3579547E-002	1,333473593824441E-001	3,000000000000000E+000
-1,2216921E-002	1,349414590675024E-001	3,000000000000000E+000
-1,1082395E-002	1,383457775745129E-001	3,000000000000000E+000
-9,8522315E-003	1,390967491428861E-001	3,000000000000000E+000
-8,6914822E-003	1,413039755861978E-001	3,000000000000000E+000
-7,6185558E-003	1,447521850123947E-001	3,000000000000000E+000
-6,3554877E-003	1,449976736815490E-001	3,000000000000000E+000
-5,1839133E-003	1,469910072240359E-001	3,000000000000000E+000
-4,0734126E-003	1,511927472763803E-001	3,000000000000000E+000
-2,7480719E-003	1,490000405788625E-001	3,000000000000000E+000
-1,5074428E-003	1,561112028656577E-001	3,000000000000000E+000
-3,0827144E-004	1,539321772725089E-001	3,000000000000000E+000
9,1099180E-004	1,590193425331052E-001	3,000000000000000E+000
2,1863712E-003	1,594025874930805E-001	3,000000000000000E+000
3,3208968E-003	1,629411356374879E-001	3,000000000000000E+000
4,4767619E-003	1,631814188569685E-001	3,000000000000000E+000
5,5267676E-003	1,649780992509995E-001	3,000000000000000E+000
6,1989683E-003	1,668003872036934E-001	4,000000000000000E+000
6,7837946E-003	1,690297468869377E-001	4,000000000000000E+000
7,9742623E-003	1,689887026117909E-001	4,000000000000000E+000
9,1328882E-003	1,709720927465244E-001	4,000000000000000E+000
1,0344684E-002	1,748658768548115E-001	4,000000000000000E+000
1,1605628E-002	1,749412787515516E-001	4,000000000000000E+000
1,2826027E-002	1,768298418157641E-001	4,000000000000000E+000
1,4003183E-002	1,809490818801964E-001	4,000000000000000E+000
1,5124873E-002	1,809829110700081E-001	4,000000000000000E+000
1,6356520E-002	1,829448728240100E-001	4,000000000000000E+000
1,7588871E-002	1,867950788032928E-001	4,000000000000000E+000
1,8728603E-002	1,870988755933171E-001	4,000000000000000E+000
2,0001858E-002	1,888656003607643E-001	4,000000000000000E+000
2,1234632E-002	1,926409626030370E-001	4,000000000000000E+000
2,2354413E-002	1,937033791166169E-001	4,000000000000000E+000
2,3565682E-002	1,951941871181289E-001	4,000000000000000E+000
2,4797469E-002	1,978552667488758E-001	4,000000000000000E+000
2,6050100E-002	2,001568743467534E-001	4,000000000000000E+000
2,7112663E-002	2,026101096837207E-001	4,000000000000000E+000
2,8474726E-002	2,016063396844805E-001	4,000000000000000E+000
2,9612472E-002	2,066994397318935E-001	4,000000000000000E+000
3,0791478E-002	2,067316777861887E-001	4,000000000000000E+000
3,1947616E-002	2,100733151924539E-001	4,000000000000000E+000
3,3152092E-002	2,114586265751215E-001	4,000000000000000E+000
3,4269463E-002	2,138640469347590E-001	4,000000000000000E+000
3,5567056E-002	2,165825905556442E-001	4,000000000000000E+000
3,6730569E-002	2,158321399312824E-001	4,000000000000000E+000
3,8034324E-002	2,206648180597570E-001	4,000000000000000E+000
3,9320029E-002	2,219944491355115E-001	4,000000000000000E+000
4,0322408E-002	2,233477283055740E-001	4,000000000000000E+000
4,1636985E-002	2,268587278053422E-001	4,000000000000000E+000
4,2752691E-002	2,276395953021066E-001	4,000000000000000E+000
4,3962266E-002	2,292835510096580E-001	4,000000000000000E+000
4,5246739E-002	2,312810203325677E-001	4,000000000000000E+000
4,6381935E-002	2,344584034063798E-001	4,000000000000000E+000
4,7684278E-002	2,341535340237906E-001	4,000000000000000E+000
4,8711989E-002	2,397581809782428E-001	4,000000000000000E+000
5,0016444E-002	2,391752785479186E-001	4,000000000000000E+000
5,1213704E-002	2,406100038367898E-001	4,000000000000000E+000
5,2343395E-002	2,441239605347318E-001	4,000000000000000E+000
5,3658180E-002	2,461254790283003E-001	4,000000000000000E+000
5,4833997E-002	2,470144045364574E-001	4,000000000000000E+000
5,5944573E-002	2,501463011592728E-001	4,000000000000000E+000
5,7097815E-002	2,519607299990541E-001	4,000000000000000E+000
5,8406521E-002	2,535462623669056E-001	4,000000000000000E+000
5,9519298E-002	2,545739975240504E-001	4,000000000000000E+000
6,0792226E-002	2,585758284419881E-001	4,000000000000000E+000
6,2020060E-002	2,594415471927887E-001	4,000000000000000E+000
6,3154869E-002	2,607681186378215E-001	4,000000000000000E+000
6,4439945E-002	2,637453931901192E-001	4,000000000000000E+000
6,5455697E-002	2,643346708339083E-001	4,000000000000000E+000
6,6835940E-002	2,661053248577648E-001	4,000000000000000E+000
6,7963429E-002	2,700385514633834E-001	4,000000000000000E+000
6,9209941E-002	2,701331420135427E-001	4,000000000000000E+000
7,0381515E-002	2,717080707694148E-001	4,000000000000000E+000
7,1524285E-002	2,756855168619148E-001	4,000000000000000E+000
7,2795406E-002	2,754850096858326E-001	4,000000000000000E+000
7,3979303E-002	2,777266895864168E-001	4,000000000000000E+000
7,5088099E-002	2,817203702256347E-001	4,000000000000000E+000
7,6389372E-002	2,820032756846764E-001	4,000000000000000E+000
7,7582739E-002	2,860030028613325E-001	4,000000000000000E+000
7,8623086E-002	2,868903431226499E-001	4,000000000000000E+000
7,9996325E-002	2,884595180609422E-001	4,000000000000000E+000
8,1149541E-002	2,915648048866490E-001	4,000000000000000E+000
8,2444869E-002	2,924907480676981E-001	4,000000000000000E+000
8,3500966E-002	2,940412782675899E-001	4,000000000000000E+000
8,4744431E-002	2,970669325570472E-001	4,000000000000000E+000
8,6026311E-002	2,995071205886131E-001	4,000000000000000E+000
8,7124862E-002	3,006123887510819E-001	4,000000000000000E+000
8,8424154E-002	3,037933701642842E-001	4,000000000000000E+000
8,9555532E-002	3,055635790773934E-001	4,000000000000000E+000
9,0745784E-002	3,072474896907806E-001	4,000000000000000E+000
9,1952458E-002	3,114895361423899E-001	4,000000000000000E+000
9,3120635E-002	3,116322504550526E-001	4,000000000000000E+000
9,4346762E-002	3,135452446294957E-001	4,000000000000000E+000
9,5630728E-002	3,171352293187111E-001	4,000000000000000E+000
9,6656896E-002	3,183353865169938E-001	4,000000000000000E+000
9,7904779E-002	3,212317484948364E-001	4,000000000000000E+000
9,9252112E-002	3,227600204991181E-001	4,000000000000000E+000
1,0035258E-001	3,243056607316253E-001	4,000000000000000E+000
1,0154672E-001	3,278738831480337E-001	4,000000000000000E+000
1,0279620E-001	3,280981921771957E-001	4,000000000000000E+000
1,0395560E-001	3,323297041416575E-001	4,000000000000000E+000
1,0513283E-001	3,337382512529299E-001	4,000000000000000E+000
1,0641798E-001	3,351025573081435E-001	4,000000000000000E+000
1,0747513E-001	3,368768070164774E-001	4,000000000000000E+000
1,0875206E-001	3,411397513700658E-001	4,000000000000000E+000
1,0993552E-001	3,412578539832278E-001	4,000000000000000E+000
1,1107334E-001	3,431920182774770E-001	4,000000000000000E+000
1,1227877E-001	3,472769051505660E-001	4,000000000000000E+000
1,1353822E-001	3,481985121680831E-001	4,000000000000000E+000
1,1471805E-001	3,498484822468730E-001	4,000000000000000E+000
1,1591417E-001	3,532467547791192E-001	4,000000000000000E+000
1,1723831E-001	3,549605914288097E-001	4,000000000000000E+000
1,1833550E-001	3,571684465213254E-001	4,000000000000000E+000
1,1959539E-001	3,579906836837632E-001	4,000000000000000E+000
1,2079286E-001	3,601481478221515E-001	4,000000000000000E+000
1,2196662E-001	3,648767180598546E-001	4,000000000000000E+000
1,2317661E-001	3,648690555516321E-001	4,000000000000000E+000
1,2427921E-001	3,663123669296811E-001	4,000000000000000E+000
1,2553024E-001	3,705129540628871E-001	4,000000000000000E+000
1,2676996E-001	3,715141929828354E-001	4,000000000000000E+000
1,2797965E-001	3,763150426675583E-001	4,000000000000000E+000
1,2912643E-001	3,744091673029802E-001	4,000000000000000E+000
1,3043962E-001	3,805202905075729E-001	4,000000000000000E+000
1,3164613E-001	3,782081683877756E-001	4,000000000000000E+000
1,3280246E-001	3,843565937260993E-001	4,000000000000000E+000
1,3397790E-001	3,830708432813283E-001	4,000000000000000E+000
1,3515486E-001	3,869849030484662E-001	4,000000000000000E+000
1,3634044E-001	3,876410778741253E-001	4,000000000000000E+000
1,3748483E-001	3,890802601688663E-001	4,000000000000000E+000
1,3885114E-001	3,935566382844833E-001	4,000000000000000E+000
1,3992806E-001	3,932583274112811E-001	4,000000000000000E+000
1,4116436E-001	3,953280311608154E-001	4,000000000000000E+000
1,4233139E-001	3,981916412142006E-001	4,000000000000000E+000
1,4359672E-001	3,992407007349852E-001	4,000000000000000E+000
1,4471671E-001	4,009539936410480E-001	4,000000000000000E+000
1,4598784E-001	4,015788982311892E-001	4,000000000000000E+000
1,4714085E-001	4,055328923794970E-001	4,000000000000000E+000
1,4837958E-001	4,035748919252189E-001	4,000000000000000E+000
1,4938232E-001	4,079635761251370E-001	4,000000000000000E+000
1,5075597E-001	4,069860690570861E-001	4,000000000000000E+000
1,5188825E-001	4,090275747908495E-001	4,000000000000000E+000
1,5312432E-001	4,104248662220540E-001	4,000000000000000E+000
1,5429825E-001	4,100680349317077E-001	4,000000000000000E+000
1,5565415E-001	4,153905140313636E-001	4,000000000000000E+000
1,5676232E-001	4,134539863443933E-001	4,000000000000000E+000
1,5796179E-001	4,173828008416534E-001	4,000000000000000E+000
1,5907837E-001	4,182128616505194E-001	4,000000000000000E+000
1,6031079E-001	4,212217579285316E-001	4,000000000000000E+000
1,6148485E-001	4,228776838475232E-001	4,000000000000000E+000
1,6292283E-001	4,244028482288638E-001	4,000000000000000E+000
1,6400716E-001	4,263953645454928E-001	4,000000000000000E+000
1,6507627E-001	4,311776321394261E-001	4,000000000000000E+000
1,6628456E-001	4,320489674121033E-001	4,000000000000000E+000
1,6763879E-001	4,361203875806605E-001	4,000000000000000E+000
1,6873544E-001	4,365939698570092E-001	4,000000000000000E+000
1,6999902E-001	4,404730143788691E-001	4,000000000000000E+000
1,7112435E-001	4,418362482813079E-001	4,000000000000000E+000
1,7233504E-001	4,459108380122210E-001	4,000000000000000E+000
1,7366475E-001	4,461815896275874E-001	4,000000000000000E+000
1,7470081E-001	4,501954210443539E-001	4,000000000000000E+000
1,7594896E-001	4,522781588279443E-001	4,000000000000000E+000
1,7712966E-001	4,539578048150172E-001	4,000000000000000E+000
1,7830199E-001	4,583642127755510E-001	4,000000000000000E+000
1,7929584E-001	4,607503212561532E-001	4,000000000000000E+000
1,8094312E-001	4,618184710658779E-001	4,000000000000000E+000
1,8188871E-001	4,661153345045417E-001	4,000000000000000E+000
1,8317850E-001	4,673295776851276E-001	4,000000000000000E+000
1,8425509E-001	4,707109885768865E-001	4,000000000000000E+000
1,8543707E-001	4,722838835700216E-001	4,000000000000000E+000
1,8671314E-001	4,764117097947738E-001	4,000000000000000E+000
1,8797328E-001	4,775344695339705E-001	4,000000000000000E+000
1,8910880E-001	4,814261245774101E-001	4,000000000000000E+000
1,9035298E-001	4,822849396603304E-001	4,000000000000000E+000
1,9155121E-001	4,860095106608555E-001	4,000000000000000E+000
1,9278237E-001	4,882129092325669E-001	4,000000000000000E+000
1,9390810E-001	4,895463610688839E-001	4,000000000000000E+000
1,9515029E-001	4,939729128705554E-001	4,000000000000000E+000
1,9630165E-001	4,950376651637880E-001	4,000000000000000E+000
1,9751981E-001	4,988099269426645E-001	4,000000000000000E+000
1,9871050E-001	5,003995368994483E-001	4,000000000000000E+000
1,9993147E-001	5,020045751423057E-001	4,000000000000000E+000
2,0039846E-001	5,052511692047119E-001	4,000000000000000E+000
2,0055982E-001	5,063868165016174E-001	4,000000000000000E+000
2,0026310E-001	5,026954114437103E-001	4,000000000000000E+000
2,0012033E-001	3,644534896787568E-001	4,000000000000000E+000
1,9835655E-001	2,663784993029283E-001	4,000000000000000E+000
1,9725654E-001	3,283042279524846E-001	4,000000000000000E+000
1,9622058E-001	2,766165634966464E-001	4,000000000000000E+000
1,9484687E-001	2,815776294220189E-001	4,000000000000000E+000
1,9373265E-001	2,705179685662098E-001	4,000000000000000E+000
1,9238172E-001	2,627845703585392E-001	4,000000000000000E+000
1,9140549E-001	2,581273961113770E-001	4,000000000000000E+000
1,9004923E-001	2,496290323292174E-001	4,000000000000000E+000
1,8895926E-001	2,462207010281015E-001	4,000000000000000E+000
1,8767659E-001	2,392189667314397E-001	4,000000000000000E+000
1,8654619E-001	2,331747931796913E-001	4,000000000000000E+000
1,8533108E-001	2,301368447014192E-001	4,000000000000000E+000
1,8416443E-001	2,210701035671976E-001	4,000000000000000E+000
1,8290031E-001	2,203003510690507E-001	4,000000000000000E+000
1,8174298E-001	2,117739871286579E-001	4,000000000000000E+000
1,8056828E-001	2,089974380344048E-001	4,000000000000000E+000
1,7941912E-001	2,028226103219723E-001	4,000000000000000E+000
1,7810477E-001	1,972406534542750E-001	4,000000000000000E+000
1,7693329E-001	1,946379011076513E-001	4,000000000000000E+000
1,7573193E-001	1,882113467145246E-001	4,000000000000000E+000
1,7454515E-001	1,846578358575548E-001	4,000000000000000E+000
1,7329730E-001	1,789708061066144E-001	4,000000000000000E+000
1,7213938E-001	1,748130639251848E-001	4,000000000000000E+000
1,7087710E-001	1,699826326350578E-001	4,000000000000000E+000
1,6972153E-001	1,666829726277174E-001	4,000000000000000E+000
1,6850525E-001	1,610420736801141E-001	4,000000000000000E+000
1,6727120E-001	1,560702601240742E-001	4,000000000000000E+000
1,6610785E-001	1,504327507654026E-001	4,000000000000000E+000
1,6498834E-001	1,465721482090885E-001	4,000000000000000E+000
1,6371927E-001	1,408740829404755E-001	4,000000000000000E+000
1,6251288E-001	1,388417175589389E-001	4,000000000000000E+000
1,6134110E-001	1,310719553310061E-001	4,000000000000000E+000
1,6011822E-001	1,289842398287473E-001	4,000000000000000E+000
1,5892202E-001	1,267337478525912E-001	4,000000000000000E+000
1,5767929E-001	1,211705646338592E-001	4,000000000000000E+000
1,5663049E-001	1,176779235473890E-001	4,000000000000000E+000
1,5526469E-001	1,154390999840367E-001	4,000000000000000E+000
1,5406260E-001	1,135165918789832E-001	4,000000000000000E+000
1,5290554E-001	1,092264192799732E-001	4,000000000000000E+000
1,5172724E-001	1,075804655993124E-001	4,000000000000000E+000
1,5054153E-001	1,043845199633833E-001	4,000000000000000E+000
1,4931057E-001	1,018253518090610E-001	4,000000000000000E+000
1,4801088E-001	9,943244725582201E-002	4,000000000000000E+000
1,4692697E-001	9,741757849082613E-002	4,000000000000000E+000
1,4568742E-001	9,289645644700295E-002	4,000000000000000E+000
1,4457208E-001	9,206106713423234E-002	4,000000000000000E+000
1,4337130E-001	8,847150930927894E-002	4,000000000000000E+000
1,4214201E-001	8,717919684002284E-002	4,000000000000000E+000
1,4093235E-001	8,266528150448327E-002	4,000000000000000E+000
1,3967600E-001	8,395971435756044E-002	4,000000000000000E+000
1,3867034E-001	7,890456832117509E-002	4,000000000000000E+000
1,3728565E-001	7,760632026555775E-002	4,000000000000000E+000
1,3617399E-001	7,474122594511656E-002	4,000000000000000E+000
1,3498256E-001	7,174686310221037E-002	4,000000000000000E+000
1,3372847E-001	7,014745952296342E-002	4,000000000000000E+000
1,3261274E-001	6,834827832790324E-002	4,000000000000000E+000
1,3124827E-001	6,470664618003275E-002	4,000000000000000E+000
1,3017124E-001	6,250716694113295E-002	4,000000000000000E+000
1,2901580E-001	6,142831321065179E-002	4,000000000000000E+000
1,2774569E-001	5,482848170019350E-002	4,000000000000000E+000
1,2640592E-001	5,750652612025287E-002	4,000000000000000E+000
1,2534060E-001	5,218765935165298E-002	4,000000000000000E+000
1,2421743E-001	5,126192983152567E-002	4,000000000000000E+000
1,2289607E-001	4,865556814103111E-002	4,000000000000000E+000
1,2169166E-001	4,626998657153711E-002	4,000000000000000E+000
1,2058759E-001	4,476495700105765E-002	4,000000000000000E+000
1,1917345E-001	4,174218015153508E-002	4,000000000000000E+000
1,1845411E-001	3,871006809559852E-002	4,000000000000000E+000
1,1672147E-001	3,809556444159379E-002	4,000000000000000E+000
1,1577825E-001	3,342958960355547E-002	4,000000000000000E+000
1,1457548E-001	3,295272608213262E-002	4,000000000000000E+000
1,1327957E-001	2,957450114869664E-002	4,000000000000000E+000
1,1206727E-001	2,792059388189544E-002	4,000000000000000E+000
1,1097027E-001	2,552292027879338E-002	4,000000000000000E+000
1,0964761E-001	2,276948230105014E-002	4,000000000000000E+000
1,0850002E-001	2,167270901110090E-002	4,000000000000000E+000
1,0500982E-001	1,754451097413240E-002	4,000000000000000E+000
1,0163791E-001	1,210151428474799E-002	4,000000000000000E+000
1,0050173E-001	5,019355136179623E-003	4,000000000000000E+000
9,9257909E-002	5,558989250313182E-005	4,000000000000000E+000
9,7914189E-002	-1,044223676823700E-003	4,000000000000000E+000
9,6774660E-002	-8,207205726257064E-004	4,000000000000000E+000
9,5690764E-002	-1,915559860751464E-003	4,000000000000000E+000
9,4472125E-002	-4,637379842228659E-003	4,000000000000000E+000
9,3193635E-002	-8,667307406742292E-003	4,000000000000000E+000
9,2097968E-002	-1,214828228977338E-002	4,000000000000000E+000
9,0842754E-002	-1,390882599278286E-002	4,000000000000000E+000
8,9672066E-002	-1,532355683634201E-002	4,000000000000000E+000
8,8280424E-002	-1,791431704906343E-002	4,000000000000000E+000
8,7434493E-002	-2,019865543641375E-002	4,000000000000000E+000
8,6050928E-002	-2,215776728836416E-002	4,000000000000000E+000
8,4633820E-002	-2,524801239592794E-002	4,000000000000000E+000
8,3791561E-002	-2,777500793308718E-002	4,000000000000000E+000
8,2476348E-002	-3,040347279359881E-002	4,000000000000000E+000
8,1240669E-002	-3,228289167398346E-002	4,000000000000000E+000
8,0190457E-002	-3,520862453499124E-002	4,000000000000000E+000
7,8864761E-002	-3,790558325878624E-002	4,000000000000000E+000
7,7632129E-002	-4,043508129284912E-002	4,000000000000000E+000
7,6452315E-002	-4,377232493182724E-002	4,000000000000000E+000
7,5276606E-002	-4,611879297428639E-002	4,000000000000000E+000
7,4070863E-002	-4,784498224924183E-002	4,000000000000000E+000
7,2843015E-002	-4,915939906317779E-002	4,000000000000000E+000
7,1648598E-002	-5,122819150872401E-002	4,000000000000000E+000
7,0447803E-002	-5,440647659674547E-002	4,000000000000000E+000
6,9114894E-002	-5,603099817057644E-002	4,000000000000000E+000
6,8054423E-002	-5,734060262168178E-002	4,000000000000000E+000
6,7022383E-002	-6,011655132331523E-002	4,000000000000000E+000
6,5634921E-002	-6,196673889482746E-002	4,000000000000000E+000
6,4378724E-002	-6,367369612740315E-002	4,000000000000000E+000
6,3256897E-002	-6,623204206456035E-002	4,000000000000000E+000
6,2089995E-002	-6,795927733037377E-002	4,000000000000000E+000
6,0922742E-002	-6,963203627027648E-002	4,000000000000000E+000
5,9591573E-002	-7,179183795394928E-002	4,000000000000000E+000
5,8602337E-002	-7,357119904594989E-002	4,000000000000000E+000
5,7209682E-002	-7,582646358140543E-002	4,000000000000000E+000
5,6128751E-002	-7,812905272617682E-002	4,000000000000000E+000
5,4851245E-002	-7,942120650518009E-002	4,000000000000000E+000
5,3792685E-002	-8,068455033773901E-002	4,000000000000000E+000
5,2445631E-002	-8,349788251022489E-002	4,000000000000000E+000
5,1301226E-002	-8,574784125893387E-002	4,000000000000000E+000
5,0141267E-002	-8,778046495151837E-002	4,000000000000000E+000
4,8832558E-002	-8,930963660047087E-002	4,000000000000000E+000
4,7556967E-002	-9,069609021147096E-002	4,000000000000000E+000
4,6488211E-002	-9,267278560987013E-002	4,000000000000000E+000
4,5213327E-002	-9,519004099840631E-002	4,000000000000000E+000
4,4024561E-002	-9,709799393183671E-002	4,000000000000000E+000
4,3030098E-002	-9,886041971428033E-002	4,000000000000000E+000
4,1749455E-002	-1,010095166905860E-001	4,000000000000000E+000
4,0558983E-002	-1,028661279043362E-001	4,000000000000000E+000
3,9319806E-002	-1,050063873230507E-001	4,000000000000000E+000
3,7995391E-002	-1,072127330149264E-001	4,000000000000000E+000
3,6971562E-002	-1,085368213696507E-001	4,000000000000000E+000
3,3376452E-002	-1,130813017462848E-001	4,000000000000000E+000
2,9831778E-002	-1,227460775424136E-001	4,000000000000000E+000
2,8849736E-002	-1,210527235363972E-001	4,000000000000000E+000
2,7648516E-002	-1,242834492618893E-001	4,000000000000000E+000
2,6348297E-002	-1,264416901944463E-001	4,000000000000000E+000
2,5160953E-002	-1,293788844826241E-001	4,000000000000000E+000
2,3984633E-002	-1,289379752173165E-001	4,000000000000000E+000
2,2675361E-002	-1,320155742610540E-001	4,000000000000000E+000
2,1560755E-002	-1,346536430533483E-001	4,000000000000000E+000
2,0383099E-002	-1,365165639225681E-001	4,000000000000000E+000
1,9085430E-002	-1,374335870803205E-001	4,000000000000000E+000
1,7979026E-002	-1,395987203836229E-001	4,000000000000000E+000
1,6847083E-002	-1,434212591541115E-001	4,000000000000000E+000
1,5548564E-002	-1,435302615136602E-001	4,000000000000000E+000
1,4387681E-002	-1,476394264092147E-001	4,000000000000000E+000
1,3160876E-002	-1,465995962935263E-001	4,000000000000000E+000
1,2028299E-002	-1,527329475486314E-001	4,000000000000000E+000
1,0842888E-002	-1,506095001467553E-001	4,000000000000000E+000
9,5251258E-003	-1,544577000669152E-001	4,000000000000000E+000
8,3862441E-003	-1,558468354245031E-001	4,000000000000000E+000
7,1108011E-003	-1,591654528973674E-001	4,000000000000000E+000
5,8980449E-003	-1,598102893266412E-001	4,000000000000000E+000
4,6636355E-003	-1,616218722871656E-001	4,000000000000000E+000
3,7112841E-003	-1,654617960254352E-001	4,000000000000000E+000
2,2571636E-003	-1,659246522176542E-001	4,000000000000000E+000
1,1997967E-003	-1,687082222423562E-001	4,000000000000000E+000
-3,0430090E-005	-1,719358628195340E-001	4,000000000000000E+000
-1,2480696E-003	-1,721407308974046E-001	4,000000000000000E+000
-2,4739136E-003	-1,762983570095260E-001	4,000000000000000E+000
-3,6447132E-003	-1,745490057542662E-001	4,000000000000000E+000
-4,8134169E-003	-1,797487953412613E-001	4,000000000000000E+000
-6,0469774E-003	-1,801679694132563E-001	4,000000000000000E+000
-7,3048384E-003	-1,839636782662830E-001	4,000000000000000E+000
-8,4044505E-003	-1,848388197379081E-001	4,000000000000000E+000
-9,6660312E-003	-1,859569090108074E-001	4,000000000000000E+000
-1,0809011E-002	-1,902099594816611E-001	4,000000000000000E+000
-1,2060405E-002	-1,909927520771619E-001	4,000000000000000E+000
-1,3252283E-002	-1,935995390845668E-001	4,000000000000000E+000
-1,4426118E-002	-1,945872029496563E-001	4,000000000000000E+000
-1,5650338E-002	-1,967247507095138E-001	4,000000000000000E+000
-1,6861323E-002	-1,998766858402328E-001	4,000000000000000E+000
-1,8065939E-002	-2,017822310671260E-001	4,000000000000000E+000
-1,9179985E-002	-2,032726174285115E-001	4,000000000000000E+000
-2,0470863E-002	-2,046888946173970E-001	4,000000000000000E+000
-2,1606660E-002	-2,090004908968695E-001	4,000000000000000E+000
-2,2901146E-002	-2,085098350556411E-001	4,000000000000000E+000
-2,4029518E-002	-2,131129383212984E-001	4,000000000000000E+000
-2,5320604E-002	-2,141395142793452E-001	4,000000000000000E+000
-2,6452696E-002	-2,152720106629804E-001	4,000000000000000E+000
-2,7544165E-002	-2,171166962846962E-001	4,000000000000000E+000
-2,8811190E-002	-2,207525888451429E-001	4,000000000000000E+000
-2,9998476E-002	-2,207834564291667E-001	4,000000000000000E+000
-3,1299818E-002	-2,253550653856817E-001	4,000000000000000E+000
-3,2522764E-002	-2,249411788393955E-001	4,000000000000000E+000
-3,3675231E-002	-2,272739447168217E-001	4,000000000000000E+000
-3,4786023E-002	-2,304535753824490E-001	4,000000000000000E+000
-3,5985332E-002	-2,325921921065957E-001	4,000000000000000E+000
-3,7232898E-002	-2,336492933617484E-001	4,000000000000000E+000
-3,8394172E-002	-2,371969758435921E-001	4,000000000000000E+000
-3,9638136E-002	-2,375098958469204E-001	4,000000000000000E+000
-4,0809885E-002	-2,399767125930850E-001	4,000000000000000E+000
-4,2016838E-002	-2,429856010065929E-001	4,000000000000000E+000
-4,3364819E-002	-2,436752807762885E-001	4,000000000000000E+000
-4,4394299E-002	-2,468133359604208E-001	4,000000000000000E+000
-4,5576915E-002	-2,472965504016931E-001	4,000000000000000E+000
-4,6811812E-002	-2,510548517392527E-001	4,000000000000000E+000
-4,8064690E-002	-2,519232095316197E-001	4,000000000000000E+000
-4,9158994E-002	-2,541991489771223E-001	4,000000000000000E+000
-5,0513830E-002	-2,573533010436222E-001	4,000000000000000E+000
-5,1606514E-002	-2,569599994296574E-001	4,000000000000000E+000
-5,2816998E-002	-2,618671128519852E-001	4,000000000000000E+000
-5,4051831E-002	-2,622329565185484E-001	4,000000000000000E+000
-5,5220861E-002	-2,641221503015707E-001	4,000000000000000E+000
-5,6465980E-002	-2,677020704722965E-001	4,000000000000000E+000
-5,7621427E-002	-2,680580621591713E-001	4,000000000000000E+000
-5,8777466E-002	-2,705724771108682E-001	4,000000000000000E+000
-6,0076330E-002	-2,736558162561966E-001	4,000000000000000E+000
-6,1174031E-002	-2,738506022142246E-001	4,000000000000000E+000
-6,2485345E-002	-2,788246177563760E-001	4,000000000000000E+000
-6,3733138E-002	-2,781222088411193E-001	4,000000000000000E+000
-6,4743586E-002	-2,798856578625015E-001	4,000000000000000E+000
-6,6004030E-002	-2,832742862487470E-001	4,000000000000000E+000
-6,7367442E-002	-2,851193685071642E-001	4,000000000000000E+000
-6,8427138E-002	-2,867180297713885E-001	4,000000000000000E+000
-6,9661401E-002	-2,906741737291072E-001	4,000000000000000E+000
-7,0870340E-002	-2,900701730072286E-001	4,000000000000000E+000
-7,2052948E-002	-2,926855684296841E-001	4,000000000000000E+000
-7,3229760E-002	-2,957963484740418E-001	4,000000000000000E+000
-7,4399382E-002	-2,968590852914424E-001	4,000000000000000E+000
-7,5623482E-002	-3,011506140173879E-001	4,000000000000000E+000
-7,6839760E-002	-2,994614203085400E-001	4,000000000000000E+000
-7,7937558E-002	-3,031224609391446E-001	4,000000000000000E+000
-7,9324596E-002	-3,042342647224555E-001	4,000000000000000E+000
-8,0444425E-002	-3,077133596913576E-001	4,000000000000000E+000
-8,1691593E-002	-3,082550064298433E-001	4,000000000000000E+000
-8,2877383E-002	-3,098239737963819E-001	4,000000000000000E+000
-8,4023125E-002	-3,132926394141062E-001	4,000000000000000E+000
-8,5193850E-002	-3,143573887387507E-001	4,000000000000000E+000
-8,6486854E-002	-3,144046688103117E-001	4,000000000000000E+000
-8,7707177E-002	-3,182872317589096E-001	4,000000000000000E+000
-8,8826098E-002	-3,179903297245290E-001	4,000000000000000E+000
-8,9957476E-002	-3,217161436591089E-001	4,000000000000000E+000
-9,1232434E-002	-3,219516729716112E-001	4,000000000000000E+000
-9,2462912E-002	-3,257550042536521E-001	4,000000000000000E+000
-9,3665339E-002	-3,240436155336059E-001	4,000000000000000E+000
-9,4904281E-002	-3,301569377783569E-001	4,000000000000000E+000
-9,6026435E-002	-3,292822226196420E-001	4,000000000000000E+000
-9,7235925E-002	-3,327613135463454E-001	4,000000000000000E+000
-9,8388173E-002	-3,339051572127369E-001	4,000000000000000E+000
-9,9567674E-002	-3,371623649792239E-001	4,000000000000000E+000
-1,0084262E-001	-3,386422606547255E-001	4,000000000000000E+000
-1,0199332E-001	-3,419379833956357E-001	4,000000000000000E+000
-1,0314820E-001	-3,404798331903285E-001	4,000000000000000E+000
-1,0436795E-001	-3,478632142715581E-001	4,000000000000000E+000
-1,0566308E-001	-3,464590230206444E-001	4,000000000000000E+000
-1,0678688E-001	-3,492738743338508E-001	4,000000000000000E+000
-1,0802335E-001	-3,523947306805163E-001	4,000000000000000E+000
-1,0920935E-001	-3,527849462180814E-001	4,000000000000000E+000
-1,1045639E-001	-3,576152800427135E-001	4,000000000000000E+000
-1,1165170E-001	-3,582149601360367E-001	4,000000000000000E+000
-1,1280643E-001	-3,609971364623767E-001	4,000000000000000E+000
-1,1395678E-001	-3,620543367902034E-001	4,000000000000000E+000
-1,1520704E-001	-3,650045983635613E-001	4,000000000000000E+000
-1,1642120E-001	-3,680184467941404E-001	4,000000000000000E+000
-1,1760191E-001	-3,687367778685355E-001	4,000000000000000E+000
-1,1884792E-001	-3,713238458407844E-001	4,000000000000000E+000
-1,2001560E-001	-3,743948775291859E-001	4,000000000000000E+000
-1,2125108E-001	-3,753327888488363E-001	4,000000000000000E+000
-1,2237791E-001	-3,795929495115873E-001	4,000000000000000E+000
-1,2365838E-001	-3,798064235468495E-001	4,000000000000000E+000
-1,2473138E-001	-3,836079498416640E-001	4,000000000000000E+000
-1,2601990E-001	-3,850754524270701E-001	4,000000000000000E+000
-1,2721293E-001	-3,873446849627515E-001	4,000000000000000E+000
-1,2843363E-001	-3,902211343649657E-001	4,000000000000000E+000
-1,2960562E-001	-3,907930166783951E-001	4,000000000000000E+000
-1,3083485E-001	-3,937383835113399E-001	4,000000000000000E+000
-1,3201153E-001	-3,953536822421784E-001	4,000000000000000E+000
-1,3318770E-001	-3,983323518057458E-001	4,000000000000000E+000
-1,3443555E-001	-4,017024298793523E-001	4,000000000000000E+000
-1,3558152E-001	-4,010381830093026E-001	4,000000000000000E+000
-1,3683113E-001	-4,052327267967881E-001	4,000000000000000E+000
-1,3813864E-001	-4,078075637420020E-001	4,000000000000000E+000
-1,3918327E-001	-4,090300010025718E-001	4,000000000000000E+000
-1,4054695E-001	-4,108358782767843E-001	4,000000000000000E+000
-1,4170314E-001	-4,146326418008868E-001	4,000000000000000E+000
-1,4273205E-001	-4,150661222778972E-001	4,000000000000000E+000
-1,4408629E-001	-4,191949183457622E-001	4,000000000000000E+000
-1,4520055E-001	-4,198898900455479E-001	4,000000000000000E+000
-1,4637466E-001	-4,216029522746494E-001	4,000000000000000E+000
-1,4760977E-001	-4,259718053185157E-001	4,000000000000000E+000
-1,4887497E-001	-4,264126274889932E-001	4,000000000000000E+000
-1,5003318E-001	-4,281737369536947E-001	4,000000000000000E+000
-1,5117019E-001	-4,324388811300068E-001	4,000000000000000E+000
-1,5248743E-001	-4,324283801446054E-001	4,000000000000000E+000
-1,5364437E-001	-4,347257453935320E-001	4,000000000000000E+000
-1,5466845E-001	-4,388236582162772E-001	4,000000000000000E+000
-1,5610898E-001	-4,394645625660702E-001	4,000000000000000E+000
-1,5730155E-001	-4,408334372371128E-001	4,000000000000000E+000
-1,5837432E-001	-4,443408219635274E-001	4,000000000000000E+000
-1,5959387E-001	-4,451433292577143E-001	4,000000000000000E+000
-1,6083714E-001	-4,469527039262970E-001	4,000000000000000E+000
-1,6196811E-001	-4,496028609315150E-001	4,000000000000000E+000
-1,6311739E-001	-4,505976390792052E-001	4,000000000000000E+000
-1,6441782E-001	-4,522420916861556E-001	4,000000000000000E+000
-1,6560729E-001	-4,557387467486671E-001	4,000000000000000E+000
-1,6668250E-001	-4,553603208041752E-001	4,000000000000000E+000
-1,6786680E-001	-4,569341533998441E-001	4,000000000000000E+000
-1,6916065E-001	-4,581770527292970E-001	4,000000000000000E+000
-1,7038219E-001	-4,613885758250662E-001	4,000000000000000E+000
-1,7158553E-001	-4,582526410619410E-001	4,000000000000000E+000
-1,7280003E-001	-4,631809682339512E-001	4,000000000000000E+000
-1,7399964E-001	-4,621335197395298E-001	4,000000000000000E+000
-1,7525251E-001	-4,627524753127030E-001	4,000000000000000E+000
-1,7636889E-001	-4,647039393182943E-001	4,000000000000000E+000
-1,7767723E-001	-4,690493498670136E-001	4,000000000000000E+000
-1,7872252E-001	-4,677909822526587E-001	4,000000000000000E+000
-1,7996348E-001	-4,702728489064611E-001	4,000000000000000E+000
-1,8126476E-001	-4,717472969399141E-001	4,000000000000000E+000
-1,8240185E-001	-4,746860999083680E-001	4,000000000000000E+000
-1,8363093E-001	-4,770606715788324E-001	4,000000000000000E+000
-1,8482873E-001	-4,799073291748446E-001	4,000000000000000E+000
-1,8592177E-001	-4,810988863593795E-001	4,000000000000000E+000
-1,8721271E-001	-4,854510821945341E-001	4,000000000000000E+000
-1,8847282E-001	-4,867018397910381E-001	4,000000000000000E+000
-1,8952458E-001	-4,900415903992119E-001	4,000000000000000E+000
-1,9077909E-001	-4,930024374431623E-001	4,000000000000000E+000
-1,9204111E-001	-4,939792519499946E-001	4,000000000000000E+000
-1,9321424E-001	-4,992263615131369E-001	4,000000000000000E+000
-1,9443329E-001	-5,015473478771231E-001	4,000000000000000E+000
-1,9554818E-001	-5,028172263927324E-001	4,000000000000000E+000
-1,9680859E-001	-5,066616014616256E-001	4,000000000000000E+000
-1,9809644E-001	-5,093869601971353E-001	4,000000000000000E+000
-1,9906095E-001	-5,118399105364606E-001	4,000000000000000E+000
-1,9942066E-001	-5,128630995750427E-001	4,000000000000000E+000
-1,9936487E-001	-5,111852884292603E-001	4,000000000000000E+000
-1,9930607E-001	-3,777688348200163E-001	4,000000000000000E+000
-1,9742356E-001	-2,781836468870207E-001	4,000000000000000E+000
-1,9649446E-001	-3,383315664767812E-001	4,000000000000000E+000
-1,9531520E-001	-2,858938958282424E-001	4,000000000000000E+000
-1,9405945E-001	-2,949072969883368E-001	4,000000000000000E+000
-1,9285792E-001	-2,810390744513525E-001	4,000000000000000E+000
-1,9160376E-001	-2,751344133381886E-001	4,000000000000000E+000
-1,9058861E-001	-2,690748803401619E-001	4,000000000000000E+000
-1,8920590E-001	-2,638023520509403E-001	4,000000000000000E+000
-1,8807188E-001	-2,554828743709052E-001	4,000000000000000E+000
-1,8688425E-001	-2,526945546269417E-001	4,000000000000000E+000
-1,8570919E-001	-2,470367579339330E-001	4,000000000000000E+000
-1,8439846E-001	-2,417735675343362E-001	4,000000000000000E+000
-1,8320011E-001	-2,364520531846206E-001	4,000000000000000E+000
-1,8213092E-001	-2,323863623185185E-001	4,000000000000000E+000
-1,8073376E-001	-2,283637270189098E-001	4,000000000000000E+000
-1,7964044E-001	-2,231118747958032E-001	4,000000000000000E+000
-1,7855515E-001	-2,188046397576617E-001	4,000000000000000E+000
-1,7725486E-001	-2,124840150419107E-001	4,000000000000000E+000
-1,7604825E-001	-2,121113800482508E-001	4,000000000000000E+000
-1,7480022E-001	-2,056570479924429E-001	4,000000000000000E+000
-1,7370136E-001	-2,013943373329108E-001	4,000000000000000E+000
-1,7233536E-001	-2,000732889120824E-001	4,000000000000000E+000
-1,7129320E-001	-1,939477694815865E-001	4,000000000000000E+000
-1,6996695E-001	-1,903371002052960E-001	4,000000000000000E+000
-1,6891174E-001	-1,882171594576600E-001	4,000000000000000E+000
-1,6768028E-001	-1,817856040466315E-001	4,000000000000000E+000
-1,6639526E-001	-1,816234737634654E-001	4,000000000000000E+000
-1,6523559E-001	-1,750605416794616E-001	4,000000000000000E+000
-1,6407335E-001	-1,742205012318057E-001	4,000000000000000E+000
-1,6286331E-001	-1,677273500924152E-001	4,000000000000000E+000
-1,6162685E-001	-1,658426925682255E-001	4,000000000000000E+000
-1,6044147E-001	-1,633065375531761E-001	4,000000000000000E+000
-1,5930294E-001	-1,578074025811569E-001	4,000000000000000E+000
-1,5805353E-001	-1,537259294127580E-001	4,000000000000000E+000
-1,5683407E-001	-1,520754995759084E-001	4,000000000000000E+000
-1,5568401E-001	-1,482147947066959E-001	4,000000000000000E+000
-1,5442108E-001	-1,431277324300035E-001	4,000000000000000E+000
-1,5329644E-001	-1,416339517923513E-001	4,000000000000000E+000
-1,5207216E-001	-1,362181677185514E-001	4,000000000000000E+000
-1,5092266E-001	-1,342735995648479E-001	4,000000000000000E+000
-1,4970155E-001	-1,289006487705691E-001	4,000000000000000E+000
-1,4845701E-001	-1,260963114214568E-001	4,000000000000000E+000
-1,4719333E-001	-1,241045564141439E-001	4,000000000000000E+000
-1,4614692E-001	-1,186143333713210E-001	4,000000000000000E+000
-1,4488189E-001	-1,141059290061497E-001	4,000000000000000E+000
-1,4358571E-001	-1,123394102129771E-001	4,000000000000000E+000
-1,4247830E-001	-1,080072459832688E-001	4,000000000000000E+000
-1,4125745E-001	-1,024302755864078E-001	4,000000000000000E+000
-1,4005727E-001	-1,006385160645649E-001	4,000000000000000E+000
-1,3884331E-001	-9,590393527630825E-002	4,000000000000000E+000
-1,3765672E-001	-9,399616378585840E-002	4,000000000000000E+000
-1,3638058E-001	-8,951925830883223E-002	4,000000000000000E+000
-1,3523668E-001	-8,652988361104197E-002	4,000000000000000E+000
-1,3407408E-001	-8,434248257900534E-002	4,000000000000000E+000
-1,3291407E-001	-8,096903523578999E-002	4,000000000000000E+000
-1,3167696E-001	-7,910527288913714E-002	4,000000000000000E+000
-1,3048311E-001	-7,617899175319376E-002	4,000000000000000E+000
-1,2926176E-001	-7,314295195667186E-002	4,000000000000000E+000
-1,2812588E-001	-7,164937832971618E-002	4,000000000000000E+000
-1,2690894E-001	-6,727819248206057E-002	4,000000000000000E+000
-1,2571275E-001	-6,690207250358071E-002	4,000000000000000E+000
-1,2446334E-001	-6,431193569409926E-002	4,000000000000000E+000
-1,2324198E-001	-6,154608353972427E-002	4,000000000000000E+000
-1,2216102E-001	-6,056192479526420E-002	4,000000000000000E+000
-1,2093934E-001	-5,844854977395766E-002	4,000000000000000E+000
-1,1967941E-001	-5,408096504591697E-002	4,000000000000000E+000
-1,1845201E-001	-5,382562459756915E-002	4,000000000000000E+000
-1,1732255E-001	-5,037709145350777E-002	4,000000000000000E+000
-1,1602622E-001	-4,865955996016652E-002	4,000000000000000E+000
-1,1487056E-001	-4,707192822550299E-002	4,000000000000000E+000
-1,1364985E-001	-4,298641533872187E-002	4,000000000000000E+000
-1,1244685E-001	-4,306244581109941E-002	4,000000000000000E+000
-1,1128622E-001	-3,901012484695665E-002	4,000000000000000E+000
-1,1001296E-001	-3,845988386860366E-002	4,000000000000000E+000
-1,0907298E-001	-3,625371704927394E-002	4,000000000000000E+000
-1,0769946E-001	-3,236925582475828E-002	4,000000000000000E+000
-1,0646506E-001	-3,195177392384117E-002	4,000000000000000E+000
-1,0532151E-001	-2,956629600198024E-002	4,000000000000000E+000
-1,0407557E-001	-2,593399786686240E-002	4,000000000000000E+000
-1,0282142E-001	-2,533943000323932E-002	4,000000000000000E+000
-1,0169463E-001	-2,333092478592230E-002	4,000000000000000E+000
-1,0053913E-001	-1,940288165961745E-002	4,000000000000000E+000
-9,6928611E-002	-1,756557650038842E-002	4,000000000000000E+000
-9,3583018E-002	-1,196870940515914E-002	4,000000000000000E+000
-9,2355996E-002	-5,264531048346219E-003	4,000000000000000E+000
-9,1129333E-002	-3,335172748645853E-004	4,000000000000000E+000
-8,9903533E-002	1,105013598867624E-003	4,000000000000000E+000
-8,8754460E-002	1,109245461028272E-003	4,000000000000000E+000
-8,7471224E-002	1,782989356545138E-003	4,000000000000000E+000
-8,6220264E-002	3,697353559750316E-003	4,000000000000000E+000
-8,4967881E-002	6,436609749067020E-003	4,000000000000000E+000
-8,4013335E-002	9,962459192239419E-003	4,000000000000000E+000
-8,2802057E-002	1,198205693617641E-002	4,000000000000000E+000
-8,1626810E-002	1,377673121937223E-002	4,000000000000000E+000
-8,0409393E-002	1,586494065243949E-002	4,000000000000000E+000
-7,9244189E-002	1,777262336529217E-002	4,000000000000000E+000
-7,8030728E-002	2,017529273184160E-002	4,000000000000000E+000
-7,6907553E-002	2,214502089110387E-002	4,000000000000000E+000
-7,5386763E-002	2,421174353609484E-002	4,000000000000000E+000
-7,4489586E-002	2,727553665681628E-002	4,000000000000000E+000
-7,3167063E-002	2,913014655577079E-002	4,000000000000000E+000
-7,2007492E-002	3,098740760429389E-002	4,000000000000000E+000
-7,0863299E-002	3,356393364568561E-002	4,000000000000000E+000
-6,9478169E-002	3,526503968613626E-002	4,000000000000000E+000
-6,8446003E-002	3,755687805055974E-002	4,000000000000000E+000
-6,7156397E-002	4,000592834361483E-002	4,000000000000000E+000
-6,5988861E-002	4,164787219956956E-002	4,000000000000000E+000
-6,4823158E-002	4,421682445212760E-002	4,000000000000000E+000
-6,3563712E-002	4,671274618643395E-002	4,000000000000000E+000
-6,2355347E-002	4,954697955044034E-002	4,000000000000000E+000
-6,1241720E-002	5,130605216982076E-002	4,000000000000000E+000
-5,9937466E-002	5,301705405145193E-002	4,000000000000000E+000
-5,8756452E-002	5,604389489437578E-002	4,000000000000000E+000
-5,7544965E-002	5,821140672924219E-002	4,000000000000000E+000
-5,6363955E-002	6,071046829310950E-002	4,000000000000000E+000
-5,5093247E-002	6,339843752599938E-002	4,000000000000000E+000
-5,3937875E-002	6,546763390360860E-002	4,000000000000000E+000
-5,2918795E-002	6,795335891608079E-002	4,000000000000000E+000
-5,1652756E-002	6,977317654511550E-002	4,000000000000000E+000
-5,0427906E-002	7,126882842163085E-002	4,000000000000000E+000
-4,9335230E-002	7,394287673135608E-002	4,000000000000000E+000
-4,8036925E-002	7,648951178028551E-002	4,000000000000000E+000
-4,6873562E-002	7,889620253667506E-002	4,000000000000000E+000
-4,5471877E-002	8,010878269043220E-002	4,000000000000000E+000
-4,4515770E-002	8,163445279771875E-002	4,000000000000000E+000
-4,3266494E-002	8,322527215770825E-002	4,000000000000000E+000
-4,2033259E-002	8,614306105624195E-002	4,000000000000000E+000
-4,0876374E-002	8,904545451029366E-002	4,000000000000000E+000
-3,9581325E-002	9,128281409600003E-002	4,000000000000000E+000
-3,8495723E-002	9,229287440636363E-002	4,000000000000000E+000
-3,7225012E-002	9,345740420717963E-002	4,000000000000000E+000
-3,6033347E-002	9,549602539886526E-002	4,000000000000000E+000
-3,4854420E-002	9,832647360033453E-002	4,000000000000000E+000
-3,3652697E-002	1,004213203430280E-001	4,000000000000000E+000
-3,2439668E-002	1,025173027753934E-001	4,000000000000000E+000
-3,1277005E-002	1,043109779000384E-001	4,000000000000000E+000
-2,9938580E-002	1,058031550055607E-001	4,000000000000000E+000
-2,8731842E-002	1,075302152684249E-001	4,000000000000000E+000
-2,5761006E-002	1,124049768354189E-001	4,000000000000000E+000
-2,1747831E-002	1,206606199201714E-001	4,000000000000000E+000
-2,0723367E-002	1,210645235761250E-001	4,000000000000000E+000
-1,9492995E-002	1,220935375183929E-001	4,000000000000000E+000
-1,8269695E-002	1,258927464999340E-001	4,000000000000000E+000
-1,7003231E-002	1,257914743004628E-001	4,000000000000000E+000
-1,5896052E-002	1,295424227913222E-001	4,000000000000000E+000
-1,4769553E-002	1,319871808405482E-001	4,000000000000000E+000
-1,3413119E-002	1,328448381375185E-001	4,000000000000000E+000
-1,2248338E-002	1,345891939611956E-001	4,000000000000000E+000
-1,1123789E-002	1,378282964287791E-001	4,000000000000000E+000
-9,8931650E-003	1,379466411340728E-001	4,000000000000000E+000
-8,7253097E-003	1,419735189912092E-001	4,000000000000000E+000
-7,5558582E-003	1,420314065827473E-001	4,000000000000000E+000
-6,0000545E-003	1,441486006466832E-001	4,000000000000000E+000
-5,1706145E-003	1,484199012662029E-001	4,000000000000000E+000
-3,9950060E-003	1,483977444327646E-001	4,000000000000000E+000
-2,6906184E-003	1,507907458306161E-001	4,000000000000000E+000
-1,4341312E-003	1,520796556611056E-001	4,000000000000000E+000
-3,6728565E-004	1,558010356837061E-001	4,000000000000000E+000
9,2011981E-004	1,567136161999469E-001	4,000000000000000E+000
2,0691925E-003	1,592187071154414E-001	4,000000000000000E+000
3,3263157E-003	1,593788313912228E-001	4,000000000000000E+000
4,4355798E-003	1,643970644994024E-001	4,000000000000000E+000
5,6176540E-003	1,639945624130110E-001	4,000000000000000E+000
6,2218946E-003	1,648420318961143E-001	5,000000000000000E+000
6,7938091E-003	1,676730645542396E-001	5,000000000000000E+000
7,9432698E-003	1,688765210468173E-001	5,000000000000000E+000
9,2069739E-003	1,711402728526283E-001	5,000000000000000E+000
1,0436038E-002	1,726888712081651E-001	5,000000000000000E+000
1,1579093E-002	1,751029873202143E-001	5,000000000000000E+000
1,2862752E-002	1,757679569224518E-001	5,000000000000000E+000
1,3884306E-002	1,802253553436861E-001	5,000000000000000E+000
1,5271347E-002	1,803903511059204E-001	5,000000000000000E+000
1,6394095E-002	1,820264421403424E-001	5,000000000000000E+000
1,7610596E-002	1,847924952421125E-001	5,000000000000000E+000
1,8736672E-002	1,868991022024096E-001	5,000000000000000E+000
2,0061722E-002	1,887687972080627E-001	5,000000000000000E+000
2,1220485E-002	1,910356202602590E-001	5,000000000000000E+000
2,2198807E-002	1,930252502562428E-001	5,000000000000000E+000
2,3641679E-002	1,946938947528705E-001	5,000000000000000E+000
2,4890311E-002	1,958025415111075E-001	5,000000000000000E+000
2,5855573E-002	2,021257106971459E-001	5,000000000000000E+000
2,7204264E-002	1,995597601764738E-001	5,000000000000000E+000
2,8464464E-002	2,043073889767080E-001	5,000000000000000E+000
2,9554520E-002	2,045535074139480E-001	5,000000000000000E+000
3,0730128E-002	2,060542895277551E-001	5,000000000000000E+000
3,2061826E-002	2,100858256906377E-001	5,000000000000000E+000
3,3142969E-002	2,103379919782231E-001	5,000000000000000E+000
3,4380563E-002	2,130719229236204E-001	5,000000000000000E+000
3,5746433E-002	2,158913168985029E-001	5,000000000000000E+000
3,6680043E-002	2,160854717723044E-001	5,000000000000000E+000
3,7956055E-002	2,185742287029928E-001	5,000000000000000E+000
3,9191805E-002	2,227792437220673E-001	5,000000000000000E+000
4,0426075E-002	2,213018008688881E-001	5,000000000000000E+000
4,1556496E-002	2,271974215077031E-001	5,000000000000000E+000
4,2867862E-002	2,251250824224869E-001	5,000000000000000E+000
4,3927446E-002	2,303057686949614E-001	5,000000000000000E+000
4,5192815E-002	2,312128289906665E-001	5,000000000000000E+000
4,6347544E-002	2,341305243187675E-001	5,000000000000000E+000
4,7536530E-002	2,348153324791291E-001	5,000000000000000E+000
4,8862778E-002	2,378039786870234E-001	5,000000000000000E+000
5,0024588E-002	2,382804017785636E-001	5,000000000000000E+000
5,1143795E-002	2,425587071856063E-001	5,000000000000000E+000
5,2414715E-002	2,420523629278051E-001	5,000000000000000E+000
5,3561661E-002	2,458021587937962E-001	5,000000000000000E+000
5,4777451E-002	2,492629760527063E-001	5,000000000000000E+000
5,5941388E-002	2,496642389774526E-001	5,000000000000000E+000
5,7285473E-002	2,518891716026714E-001	5,000000000000000E+000
5,8370009E-002	2,537694592643280E-001	5,000000000000000E+000
5,9555952E-002	2,564501512097199E-001	5,000000000000000E+000
6,0780555E-002	2,583604809026139E-001	5,000000000000000E+000
6,1930016E-002	2,593640454999537E-001	5,000000000000000E+000
6,3167781E-002	2,629537223741263E-001	5,000000000000000E+000
6,4349584E-002	2,620323323256648E-001	5,000000000000000E+000
6,5604784E-002	2,691718037272544E-001	5,000000000000000E+000
6,6745862E-002	2,670670082799105E-001	5,000000000000000E+000
6,7933910E-002	2,703459905654499E-001	5,000000000000000E+000
6,9257408E-002	2,729721511520147E-001	5,000000000000000E+000
7,0311949E-002	2,746789740534347E-001	5,000000000000000E+000
7,1534470E-002	2,760207124940481E-001	5,000000000000000E+000
7,2743826E-002	2,777898862615178E-001	5,000000000000000E+000
7,3963016E-002	2,816560118646727E-001	5,000000000000000E+000
7,5165376E-002	2,817713737604217E-001	5,000000000000000E+000
7,6339208E-002	2,865132624218769E-001	5,000000000000000E+000
7,7624515E-002	2,875550179418900E-001	5,000000000000000E+000
7,8703754E-002	2,883913512374019E-001	5,000000000000000E+000
7,9956390E-002	2,905228576500019E-001	5,000000000000000E+000
8,1187546E-002	2,944113619483291E-001	5,000000000000000E+000
8,2413025E-002	2,941955625040765E-001	5,000000000000000E+000
8,3610356E-002	2,978540489501835E-001	5,000000000000000E+000
8,4734805E-002	2,987363977622914E-001	5,000000000000000E+000
8,5944586E-002	3,009944447840107E-001	5,000000000000000E+000
8,7245293E-002	3,046334279222522E-001	5,000000000000000E+000
8,8372998E-002	3,032619931974403E-001	5,000000000000000E+000
8,9526661E-002	3,075307267265295E-001	5,000000000000000E+000
9,0823121E-002	3,110980440202789E-001	5,000000000000000E+000
9,2018671E-002	3,108722864611383E-001	5,000000000000000E+000
9,3140595E-002	3,135496772398856E-001	5,000000000000000E+000
9,4408847E-002	3,163402257293164E-001	5,000000000000000E+000
9,5487028E-002	3,168634513729365E-001	5,000000000000000E+000
9,6782953E-002	3,195431707232883E-001	5,000000000000000E+000
9,8004833E-002	3,204655332697767E-001	5,000000000000000E+000
9,9124745E-002	3,238544673012171E-001	5,000000000000000E+000
1,0033285E-001	3,248572864750816E-001	5,000000000000000E+000
1,0155712E-001	3,283202267355403E-001	5,000000000000000E+000
1,0285607E-001	3,288892523139831E-001	5,000000000000000E+000
1,0381196E-001	3,302047703117648E-001	5,000000000000000E+000
1,0525786E-001	3,339720647911439E-001	5,000000000000000E+000
1,0644069E-001	3,350562129441355E-001	5,000000000000000E+000
1,0753309E-001	3,356806972361577E-001	5,000000000000000E+000
1,0870480E-001	3,385345412340626E-001	5,000000000000000E+000
1,0999773E-001	3,402589412483712E-001	5,000000000000000E+000
1,1113214E-001	3,401398634887292E-001	5,000000000000000E+000
1,1235786E-001	3,431366818905284E-001	5,000000000000000E+000
1,1358522E-001	3,442287944684130E-001	5,000000000000000E+000
1,1467842E-001	3,462770524266592E-001	5,000000000000000E+000
1,1594846E-001	3,479952254630114E-001	5,000000000000000E+000
1,1719221E-001	3,487937233229701E-001	5,000000000000000E+000
1,1835009E-001	3,524594073209704E-001	5,000000000000000E+000
1,1948939E-001	3,527951312134956E-001	5,000000000000000E+000
1,2087262E-001	3,542525485843545E-001	5,000000000000000E+000
1,2194555E-001	3,588870425333477E-001	5,000000000000000E+000
1,2310437E-001	3,591737640543009E-001	5,000000000000000E+000
1,2442109E-001	3,622208261513149E-001	5,000000000000000E+000
1,2553909E-001	3,641194885260317E-001	5,000000000000000E+000
1,2675460E-001	3,653032175368732E-001	5,000000000000000E+000
1,2783666E-001	3,709131341957903E-001	5,000000000000000E+000
1,2918061E-001	3,704888676034503E-001	5,000000000000000E+000
1,3040228E-001	3,724965339190227E-001	5,000000000000000E+000
1,3151917E-001	3,761902306384108E-001	5,000000000000000E+000
1,3276400E-001	3,771079987572090E-001	5,000000000000000E+000
1,3390008E-001	3,797685495681237E-001	5,000000000000000E+000
1,3514546E-001	3,825466897752547E-001	5,000000000000000E+000
1,3633817E-001	3,843357215325045E-001	5,000000000000000E+000
1,3766506E-001	3,868088866389972E-001	5,000000000000000E+000
1,3880925E-001	3,882017176042107E-001	5,000000000000000E+000
1,4003424E-001	3,924634601765620E-001	5,000000000000000E+000
1,4110132E-001	3,939375344650924E-001	5,000000000000000E+000
1,4240918E-001	3,944908370289747E-001	5,000000000000000E+000
1,4360754E-001	4,004302451438777E-001	5,000000000000000E+000
1,4469995E-001	3,993146007544270E-001	5,000000000000000E+000
1,4594623E-001	4,022380403346485E-001	5,000000000000000E+000
1,4712960E-001	4,069722954170882E-001	5,000000000000000E+000
1,4828695E-001	4,063941650351302E-001	5,000000000000000E+000
1,4957581E-001	4,107473322203301E-001	5,000000000000000E+000
1,5075736E-001	4,116223711106537E-001	5,000000000000000E+000
1,5197662E-001	4,142424068801729E-001	5,000000000000000E+000
1,5311053E-001	4,161871816807752E-001	5,000000000000000E+000
1,5440543E-001	4,179516780423009E-001	5,000000000000000E+000
1,5561955E-001	4,229278395004146E-001	5,000000000000000E+000
1,5674677E-001	4,230323948108392E-001	5,000000000000000E+000
1,5792170E-001	4,248301974601220E-001	5,000000000000000E+000
1,5910296E-001	4,284201738191777E-001	5,000000000000000E+000
1,6035217E-001	4,305040691720503E-001	5,000000000000000E+000
1,6149572E-001	4,318666014522830E-001	5,000000000000000E+000
1,6273428E-001	4,356776596202208E-001	5,000000000000000E+000
1,6384578E-001	4,370388985650308E-001	5,000000000000000E+000
1,6520043E-001	4,398382506721346E-001	5,000000000000000E+000
1,6626905E-001	4,413472107715081E-001	5,000000000000000E+000
1,6758499E-001	4,434315246698064E-001	5,000000000000000E+000
1,6872498E-001	4,471172786822226E-001	5,000000000000000E+000
1,6998062E-001	4,483354710585779E-001	5,000000000000000E+000
1,7110513E-001	4,521843941959869E-001	5,000000000000000E+000
1,7228803E-001	4,512558078858993E-001	5,000000000000000E+000
1,7357197E-001	4,572292420198201E-001	5,000000000000000E+000
1,7473273E-001	4,563902664231150E-001	5,000000000000000E+000
1,7599571E-001	4,603893812875159E-001	5,000000000000000E+000
1,7722051E-001	4,620494399892383E-001	5,000000000000000E+000
1,7839840E-001	4,646923637483269E-001	5,000000000000000E+000
1,7952943E-001	4,662995096425422E-001	5,000000000000000E+000
1,8074447E-001	4,678210791898900E-001	5,000000000000000E+000
1,8200916E-001	4,712212624791512E-001	5,000000000000000E+000
1,8318500E-001	4,703215135183818E-001	5,000000000000000E+000
1,8428664E-001	4,741133982250996E-001	5,000000000000000E+000
1,8552990E-001	4,762815975765182E-001	5,000000000000000E+000
1,8669553E-001	4,761618931402665E-001	5,000000000000000E+000
1,8790424E-001	4,784534024268696E-001	5,000000000000000E+000
1,8906771E-001	4,803644352489065E-001	5,000000000000000E+000
1,9040753E-001	4,825227959404925E-001	5,000000000000000E+000
1,9150566E-001	4,825376343796957E-001	5,000000000000000E+000
1,9269973E-001	4,839489305611799E-001	5,000000000000000E+000
1,9397765E-001	4,842952513718073E-001	5,000000000000000E+000
1,9517556E-001	4,845526072313078E-001	5,000000000000000E+000
1,9632711E-001	4,865850989331699E-001	5,000000000000000E+000
1,9749717E-001	4,856741870559453E-001	5,000000000000000E+000
1,9879442E-001	4,866268715640123E-001	5,000000000000000E+000
1,9966070E-001	4,880925591652545E-001	5,000000000000000E+000
2,0016222E-001	4,885231405496597E-001	5,000000000000000E+000
2,0022888E-001	4,882081747055054E-001	5,000000000000000E+000
2,0014794E-001	3,657705130333655E-001	5,000000000000000E+000
1,9841081E-001	2,538323336177406E-001	5,000000000000000E+000
1,9749895E-001	2,985411075860611E-001	5,000000000000000E+000
1,9633423E-001	2,723108090544395E-001	5,000000000000000E+000
1,9508877E-001	2,590530187234341E-001	5,000000000000000E+000
1,9392847E-001	2,569612899161360E-001	5,000000000000000E+000
1,9266309E-001	2,457184767214737E-001	5,000000000000000E+000
1,9144620E-001	2,413519712928172E-001	5,000000000000000E+000
1,9031698E-001	2,374911557611386E-001	5,000000000000000E+000
1,8898170E-001	2,291410286593938E-001	5,000000000000000E+000
1,8782359E-001	2,252881720034763E-001	5,000000000000000E+000
1,8666786E-001	2,204255900449225E-001	5,000000000000000E+000
1,8546349E-001	2,168804527641950E-001	5,000000000000000E+000
1,8434843E-001	2,114548110985199E-001	5,000000000000000E+000
1,8296126E-001	2,082096639949470E-001	5,000000000000000E+000
1,8197756E-001	2,012076264654754E-001	5,000000000000000E+000
1,8059987E-001	2,001795639937176E-001	5,000000000000000E+000
1,7951865E-001	1,947894414123668E-001	5,000000000000000E+000
1,7830490E-001	1,901905914548676E-001	5,000000000000000E+000
1,7701451E-001	1,880064739121332E-001	5,000000000000000E+000
1,7587297E-001	1,833471740085071E-001	5,000000000000000E+000
1,7463122E-001	1,807215237155710E-001	5,000000000000000E+000
1,7337862E-001	1,768085267524135E-001	5,000000000000000E+000
1,7231813E-001	1,733536458535425E-001	5,000000000000000E+000
1,7104609E-001	1,679829241701456E-001	5,000000000000000E+000
1,6983235E-001	1,661436570187412E-001	5,000000000000000E+000
1,6862787E-001	1,636420632744879E-001	5,000000000000000E+000
1,6745874E-001	1,580008396671879E-001	5,000000000000000E+000
1,6628963E-001	1,552577989027162E-001	5,000000000000000E+000
1,6508259E-001	1,529560753584112E-001	5,000000000000000E+000
1,6379222E-001	1,504314868329351E-001	5,000000000000000E+000
1,6271949E-001	1,452261843644211E-001	5,000000000000000E+000
1,6137989E-001	1,429685911199261E-001	5,000000000000000E+000
1,6026668E-001	1,410747175929525E-001	5,000000000000000E+000
1,5911500E-001	1,347110415841198E-001	5,000000000000000E+000
1,5784937E-001	1,344589739067796E-001	5,000000000000000E+000
1,5669808E-001	1,296514298867095E-001	5,000000000000000E+000
1,5552735E-001	1,284099218432357E-001	5,000000000000000E+000
1,5435046E-001	1,231561663492665E-001	5,000000000000000E+000
1,5298188E-001	1,217046839010442E-001	5,000000000000000E+000
1,5204559E-001	1,189363026642243E-001	5,000000000000000E+000
1,5048562E-001	1,151478087008901E-001	5,000000000000000E+000
1,4956503E-001	1,121617160566126E-001	5,000000000000000E+000
1,4828485E-001	1,095296961737201E-001	5,000000000000000E+000
1,4706856E-001	1,067182531858433E-001	5,000000000000000E+000
1,4589259E-001	1,028909493680761E-001	5,000000000000000E+000
1,4467138E-001	1,015967267497521E-001	5,000000000000000E+000
1,4342946E-001	9,682365341318988E-002	5,000000000000000E+000
1,4227763E-001	9,586876165768543E-002	5,000000000000000E+000
1,4112818E-001	9,293197998744718E-002	5,000000000000000E+000
1,3987519E-001	8,946118159252014E-002	5,000000000000000E+000
1,3870920E-001	8,685662532904370E-002	5,000000000000000E+000
1,3754068E-001	8,377488580784642E-002	5,000000000000000E+000
1,3626960E-001	8,049368998359163E-002	5,000000000000000E+000
1,3510789E-001	7,827808547234683E-002	5,000000000000000E+000
1,3391621E-001	7,436753245807870E-002	5,000000000000000E+000
1,3272367E-001	7,264703479935034E-002	5,000000000000000E+000
1,3143389E-001	6,943031106412589E-002	5,000000000000000E+000
1,3032395E-001	6,593246785390292E-002	5,000000000000000E+000
1,2915732E-001	6,396043954979802E-002	5,000000000000000E+000
1,2783788E-001	5,920072985221275E-002	5,000000000000000E+000
1,2668292E-001	5,748351411360386E-002	5,000000000000000E+000
1,2542197E-001	5,549907914408114E-002	5,000000000000000E+000
1,2419905E-001	4,943475096176084E-002	5,000000000000000E+000
1,2313206E-001	5,050999831938574E-002	5,000000000000000E+000
1,2178273E-001	4,358102130451402E-002	5,000000000000000E+000
1,2066830E-001	4,254204024457275E-002	5,000000000000000E+000
1,1950653E-001	4,009219288855104E-002	5,000000000000000E+000
1,1831182E-001	3,280618046321458E-002	5,000000000000000E+000
1,1698705E-001	3,514796740435289E-002	5,000000000000000E+000
1,1585476E-001	2,812270567826819E-002	5,000000000000000E+000
1,1471269E-001	2,799301820939742E-002	5,000000000000000E+000
1,1349789E-001	2,410378593493889E-002	5,000000000000000E+000
1,1224474E-001	2,074273780373109E-002	5,000000000000000E+000
1,1113741E-001	2,131938493463781E-002	5,000000000000000E+000
1,0987994E-001	1,680069822012023E-002	5,000000000000000E+000
1,0621495E-001	1,209858152725113E-002	5,000000000000000E+000
1,0300996E-001	8,702503682393919E-003	5,000000000000000E+000
1,0161218E-001	3,814010606396977E-003	5,000000000000000E+000
1,0095014E-001	-7,696520366695173E-004	5,000000000000000E+000
9,9474654E-002	-3,612127262335382E-003	5,000000000000000E+000
9,8178059E-002	-4,346655121329000E-003	5,000000000000000E+000
9,6996725E-002	-5,004087019036280E-003	5,000000000000000E+000
9,5734797E-002	-6,744595914117066E-003	5,000000000000000E+000
9,4512977E-002	-9,653815939499391E-003	5,000000000000000E+000
9,3375787E-002	-1,183068183753573E-002	5,000000000000000E+000
9,2232384E-002	-1,412305888394855E-002	5,000000000000000E+000
9,0953611E-002	-1,591626960281345E-002	5,000000000000000E+000
8,9716017E-002	-1,737865519236137E-002	5,000000000000000E+000
8,8602476E-002	-1,920179623246243E-002	5,000000000000000E+000
8,7385759E-002	-2,194445671557327E-002	5,000000000000000E+000
8,6166203E-002	-2,430790532808813E-002	5,000000000000000E+000
8,4997088E-002	-2,667479127275219E-002	5,000000000000000E+000
8,3712153E-002	-2,828278700851838E-002	5,000000000000000E+000
8,2475401E-002	-2,938698086088853E-002	5,000000000000000E+000
8,1213504E-002	-3,124862291466934E-002	5,000000000000000E+000
8,0242954E-002	-3,404469427106140E-002	5,000000000000000E+000
7,8963205E-002	-3,605507959420928E-002	5,000000000000000E+000
7,7814423E-002	-3,865560834148912E-002	5,000000000000000E+000
7,6573215E-002	-4,081205723600267E-002	5,000000000000000E+000
7,5349070E-002	-4,235685175404391E-002	5,000000000000000E+000
7,4338906E-002	-4,428548940470312E-002	5,000000000000000E+000
7,2967157E-002	-4,582963623963410E-002	5,000000000000000E+000
7,1844608E-002	-4,740093539456003E-002	5,000000000000000E+000
7,0615023E-002	-5,025716680473935E-002	5,000000000000000E+000
6,9356836E-002	-5,268790323316352E-002	5,000000000000000E+000
6,8253681E-002	-5,462990511861987E-002	5,000000000000000E+000
6,7042023E-002	-5,680063256699608E-002	5,000000000000000E+000
6,5810174E-002	-5,834203053948106E-002	5,000000000000000E+000
6,4609975E-002	-5,978831398048590E-002	5,000000000000000E+000
6,3425519E-002	-6,264109709849830E-002	5,000000000000000E+000
6,2077541E-002	-6,461407370807137E-002	5,000000000000000E+000
6,1052091E-002	-6,626001658393449E-002	5,000000000000000E+000
5,9786551E-002	-6,847984960364151E-002	5,000000000000000E+000
5,8681849E-002	-7,061411914522364E-002	5,000000000000000E+000
5,7419494E-002	-7,256642710773215E-002	5,000000000000000E+000
5,6252662E-002	-7,489079782357710E-002	5,000000000000000E+000
5,4973248E-002	-7,668014173880988E-002	5,000000000000000E+000
5,3744432E-002	-7,831999261462519E-002	5,000000000000000E+000
5,2637041E-002	-8,076399208059426E-002	5,000000000000000E+000
5,1351260E-002	-8,278798195048398E-002	5,000000000000000E+000
5,0225399E-002	-8,457516901964678E-002	5,000000000000000E+000
4,9083158E-002	-8,704458319536756E-002	5,000000000000000E+000
4,7912262E-002	-8,903274061837352E-002	5,000000000000000E+000
4,6692360E-002	-9,171809603059122E-002	5,000000000000000E+000
4,5497645E-002	-9,333825155206599E-002	5,000000000000000E+000
4,4287436E-002	-9,478364059436412E-002	5,000000000000000E+000
4,3043409E-002	-9,715652891868065E-002	5,000000000000000E+000
4,1824076E-002	-1,003693823570053E-001	5,000000000000000E+000
4,0692769E-002	-1,026453007426527E-001	5,000000000000000E+000
3,9420784E-002	-1,047567463554318E-001	5,000000000000000E+000
3,8219497E-002	-1,057362272921528E-001	5,000000000000000E+000
3,7148539E-002	-1,069567570327005E-001	5,000000000000000E+000
3,3625852E-002	-1,137903700526945E-001	5,000000000000000E+000
2,9919542E-002	-1,232739431547494E-001	5,000000000000000E+000
2,8930319E-002	-1,217970161459460E-001	5,000000000000000E+000
2,7576681E-002	-1,258797823069877E-001	5,000000000000000E+000
2,6449939E-002	-1,282506289895134E-001	5,000000000000000E+000
2,5185170E-002	-1,294850420963480E-001	5,000000000000000E+000
2,3953769E-002	-1,310950515827343E-001	5,000000000000000E+000
2,2822393E-002	-1,350124907476129E-001	5,000000000000000E+000
2,1573335E-002	-1,339959933183207E-001	5,000000000000000E+000
2,0460427E-002	-1,376695343189767E-001	5,000000000000000E+000
1,9190216E-002	-1,398984927412431E-001	5,000000000000000E+000
1,7964298E-002	-1,413700125768729E-001	5,000000000000000E+000
1,6771857E-002	-1,447494044728550E-001	5,000000000000000E+000
1,5644222E-002	-1,448626575228338E-001	5,000000000000000E+000
1,4463097E-002	-1,470877941254805E-001	5,000000000000000E+000
1,3203999E-002	-1,511844467814725E-001	5,000000000000000E+000
1,1987560E-002	-1,499640315741999E-001	5,000000000000000E+000
1,0832193E-002	-1,538297306930563E-001	5,000000000000000E+000
9,5734457E-003	-1,559388713988779E-001	5,000000000000000E+000
8,3431071E-003	-1,571724311345153E-001	5,000000000000000E+000
7,1333228E-003	-1,591919556602877E-001	5,000000000000000E+000
6,0981456E-003	-1,624849362447600E-001	5,000000000000000E+000
4,7711805E-003	-1,630671923016453E-001	5,000000000000000E+000
3,6197735E-003	-1,646594960798708E-001	5,000000000000000E+000
2,3417831E-003	-1,682546751366722E-001	5,000000000000000E+000
1,1827337E-003	-1,691577221726108E-001	5,000000000000000E+000
-1,0538269E-004	-1,712098017677715E-001	5,000000000000000E+000
-1,2097273E-003	-1,741696990825909E-001	5,000000000000000E+000
-2,3861844E-003	-1,748150660132524E-001	5,000000000000000E+000
-3,6868255E-003	-1,766864645469465E-001	5,000000000000000E+000
-4,7816923E-003	-1,801573589586445E-001	5,000000000000000E+000
-6,0001062E-003	-1,817808393259641E-001	5,000000000000000E+000
-7,1332580E-003	-1,819149779718523E-001	5,000000000000000E+000
-8,4688524E-003	-1,868569774701934E-001	5,000000000000000E+000
-9,6369926E-003	-1,866840236859095E-001	5,000000000000000E+000
-1,0762926E-002	-1,886950744180151E-001	5,000000000000000E+000
-1,2050082E-002	-1,921689437779910E-001	5,000000000000000E+000
-1,3264538E-002	-1,924752053972854E-001	5,000000000000000E+000
-1,4351125E-002	-1,955543829276891E-001	5,000000000000000E+000
-1,5619712E-002	-1,971168856996681E-001	5,000000000000000E+000
-1,6775718E-002	-1,990662213486049E-001	5,000000000000000E+000
-1,8012887E-002	-2,007759033262508E-001	5,000000000000000E+000
-1,9058714E-002	-2,036276476250756E-001	5,000000000000000E+000
-2,0408954E-002	-2,052801751285895E-001	5,000000000000000E+000
-2,1593902E-002	-2,069662193599566E-001	5,000000000000000E+000
-2,2821374E-002	-2,104662886639641E-001	5,000000000000000E+000
-2,4028610E-002	-2,110628659526501E-001	5,000000000000000E+000
-2,5202656E-002	-2,149818946232287E-001	5,000000000000000E+000
-2,6394861E-002	-2,139934974612627E-001	5,000000000000000E+000
-2,7585890E-002	-2,183870601357842E-001	5,000000000000000E+000
-2,8857164E-002	-2,202475232382614E-001	5,000000000000000E+000
-3,0092034E-002	-2,193162884634340E-001	5,000000000000000E+000
-3,1207705E-002	-2,242348496284745E-001	5,000000000000000E+000
-3,2379206E-002	-2,254167646654725E-001	5,000000000000000E+000
-3,3535846E-002	-2,276624900599319E-001	5,000000000000000E+000
-3,4812711E-002	-2,297365283658204E-001	5,000000000000000E+000
-3,6006361E-002	-2,299354656360165E-001	5,000000000000000E+000
-3,7213452E-002	-2,346387586116578E-001	5,000000000000000E+000
-3,8357429E-002	-2,352007704418302E-001	5,000000000000000E+000
-3,9676961E-002	-2,363429211222361E-001	5,000000000000000E+000
-4,0829707E-002	-2,408494241535668E-001	5,000000000000000E+000
-4,2015720E-002	-2,408415683441697E-001	5,000000000000000E+000
-4,3285929E-002	-2,450518939230171E-001	5,000000000000000E+000
-4,4432491E-002	-2,436913034697579E-001	5,000000000000000E+000
-4,5536697E-002	-2,483214241219689E-001	5,000000000000000E+000
-4,6921831E-002	-2,478542166936668E-001	5,000000000000000E+000
-4,7965068E-002	-2,521825746387336E-001	5,000000000000000E+000
-4,9286522E-002	-2,522593419384473E-001	5,000000000000000E+000
-5,0316710E-002	-2,539636268241630E-001	5,000000000000000E+000
-5,1702548E-002	-2,570238419704965E-001	5,000000000000000E+000
-5,2522793E-002	-2,585279043835005E-001	5,000000000000000E+000
-5,4122038E-002	-2,612458194295553E-001	5,000000000000000E+000
-5,5083670E-002	-2,616913041791924E-001	5,000000000000000E+000
-5,6453012E-002	-2,650128037364783E-001	5,000000000000000E+000
-5,7647303E-002	-2,660489111795967E-001	5,000000000000000E+000
-5,8720019E-002	-2,693911808374754E-001	5,000000000000000E+000
-5,9919823E-002	-2,709878463226936E-001	5,000000000000000E+000
-6,1295960E-002	-2,736797770776338E-001	5,000000000000000E+000
-6,2283874E-002	-2,750891412239673E-001	5,000000000000000E+000
-6,3570298E-002	-2,770111141532352E-001	5,000000000000000E+000
-6,4752020E-002	-2,787862409119632E-001	5,000000000000000E+000
-6,5983176E-002	-2,822200211586381E-001	5,000000000000000E+000
-6,7223318E-002	-2,828996374802157E-001	5,000000000000000E+000
-6,8358734E-002	-2,856105630311907E-001	5,000000000000000E+000
-6,9581181E-002	-2,879167046695432E-001	5,000000000000000E+000
-7,0795625E-002	-2,888496695862468E-001	5,000000000000000E+000
-7,2026283E-002	-2,936045935784914E-001	5,000000000000000E+000
-7,3260911E-002	-2,932073696704016E-001	5,000000000000000E+000
-7,4387260E-002	-2,952980588791725E-001	5,000000000000000E+000
-7,5582676E-002	-3,011898815004512E-001	5,000000000000000E+000
-7,6744065E-002	-2,999244933954391E-001	5,000000000000000E+000
-7,8171857E-002	-3,015901822525651E-001	5,000000000000000E+000
-7,9059720E-002	-3,055658194126512E-001	5,000000000000000E+000
-8,0262065E-002	-3,063557277524103E-001	5,000000000000000E+000
-8,1647947E-002	-3,104117448415820E-001	5,000000000000000E+000
-8,2821205E-002	-3,104404944913570E-001	5,000000000000000E+000
-8,3768614E-002	-3,122423234227525E-001	5,000000000000000E+000
-8,5224777E-002	-3,151279777003868E-001	5,000000000000000E+000
-8,6426854E-002	-3,179065691785778E-001	5,000000000000000E+000
-8,7609254E-002	-3,190022642698342E-001	5,000000000000000E+000
-8,8782586E-002	-3,228257438232589E-001	5,000000000000000E+000
-9,0117201E-002	-3,224071958684362E-001	5,000000000000000E+000
-9,1210656E-002	-3,250870543933058E-001	5,000000000000000E+000
-9,2419013E-002	-3,289851065168863E-001	5,000000000000000E+000
-9,3622424E-002	-3,287263610012214E-001	5,000000000000000E+000
-9,4737463E-002	-3,330928747568072E-001	5,000000000000000E+000
-9,5905177E-002	-3,339920914149837E-001	5,000000000000000E+000
-9,7227894E-002	-3,359147143718371E-001	5,000000000000000E+000
-9,8439381E-002	-3,375014808843835E-001	5,000000000000000E+000
-9,9539734E-002	-3,408534148927878E-001	5,000000000000000E+000
-1,0087285E-001	-3,425294645842065E-001	5,000000000000000E+000
-1,0200147E-001	-3,441136310898907E-001	5,000000000000000E+000
-1,0324982E-001	-3,471098044537939E-001	5,000000000000000E+000
-1,0433415E-001	-3,480424124734558E-001	5,000000000000000E+000
-1,0555764E-001	-3,503462440437746E-001	5,000000000000000E+000
-1,0675441E-001	-3,532177082249994E-001	5,000000000000000E+000
-1,0791220E-001	-3,543574255373740E-001	5,000000000000000E+000
-1,0914248E-001	-3,574878292921411E-001	5,000000000000000E+000
-1,1039232E-001	-3,593405734476010E-001	5,000000000000000E+000
-1,1162907E-001	-3,607355067441740E-001	5,000000000000000E+000
-1,1280011E-001	-3,640860779301489E-001	5,000000000000000E+000
-1,1382139E-001	-3,650162640260533E-001	5,000000000000000E+000
-1,1521073E-001	-3,670059885157055E-001	5,000000000000000E+000
-1,1630495E-001	-3,700024824033283E-001	5,000000000000000E+000
-1,1756376E-001	-3,706798660116153E-001	5,000000000000000E+000
-1,1879152E-001	-3,730674637287517E-001	5,000000000000000E+000
-1,1996821E-001	-3,747299523416183E-001	5,000000000000000E+000
-1,2115350E-001	-3,769062138550610E-001	5,000000000000000E+000
-1,2228177E-001	-3,781731742266049E-001	5,000000000000000E+000
-1,2372152E-001	-3,816109107315731E-001	5,000000000000000E+000
-1,2479820E-001	-3,819922275013394E-001	5,000000000000000E+000
-1,2606841E-001	-3,859932118276538E-001	5,000000000000000E+000
-1,2725966E-001	-3,873397080719259E-001	5,000000000000000E+000
-1,2835191E-001	-3,855396728290019E-001	5,000000000000000E+000
-1,2954676E-001	-3,899966607892171E-001	5,000000000000000E+000
-1,3079751E-001	-3,907053221288765E-001	5,000000000000000E+000
-1,3200422E-001	-3,934948010460673E-001	5,000000000000000E+000
-1,3314904E-001	-3,928909230162385E-001	5,000000000000000E+000
-1,3441619E-001	-3,941226754492773E-001	5,000000000000000E+000
-1,3564844E-001	-3,966556313680485E-001	5,000000000000000E+000
-1,3665609E-001	-3,974544688373708E-001	5,000000000000000E+000
-1,3791080E-001	-3,998197800182330E-001	5,000000000000000E+000
-1,3925180E-001	-4,007582399580205E-001	5,000000000000000E+000
-1,4037573E-001	-4,037372035543516E-001	5,000000000000000E+000
-1,4157654E-001	-4,050460805495582E-001	5,000000000000000E+000
-1,4268738E-001	-4,065826994418709E-001	5,000000000000000E+000
-1,4402172E-001	-4,101250856830205E-001	5,000000000000000E+000
-1,4519681E-001	-4,127492511179280E-001	5,000000000000000E+000
-1,4644502E-001	-4,130665323399518E-001	5,000000000000000E+000
-1,4755593E-001	-4,174486390418462E-001	5,000000000000000E+000
-1,4882347E-001	-4,185317280935132E-001	5,000000000000000E+000
-1,5001224E-001	-4,204884970095000E-001	5,000000000000000E+000
-1,5118690E-001	-4,248381394362610E-001	5,000000000000000E+000
-1,5231834E-001	-4,247523466345022E-001	5,000000000000000E+000
-1,5363714E-001	-4,289378669410429E-001	5,000000000000000E+000
-1,5476307E-001	-4,305814923912576E-001	5,000000000000000E+000
-1,5595615E-001	-4,345942536019720E-001	5,000000000000000E+000
-1,5703537E-001	-4,346468393600325E-001	5,000000000000000E+000
-1,5839334E-001	-4,369368006785708E-001	5,000000000000000E+000
-1,5957390E-001	-4,415822006218746E-001	5,000000000000000E+000
-1,6081807E-001	-4,423721853915286E-001	5,000000000000000E+000
-1,6196869E-001	-4,470717746234083E-001	5,000000000000000E+000
-1,6320911E-001	-4,461223096910150E-001	5,000000000000000E+000
-1,6435464E-001	-4,528549040357279E-001	5,000000000000000E+000
-1,6554381E-001	-4,525557482265863E-001	5,000000000000000E+000
-1,6684847E-001	-4,549250224825103E-001	5,000000000000000E+000
-1,6793352E-001	-4,586546575430646E-001	5,000000000000000E+000
-1,6907665E-001	-4,600766518334325E-001	5,000000000000000E+000
-1,7036960E-001	-4,630062081463020E-001	5,000000000000000E+000
-1,7157654E-001	-4,646903542323133E-001	5,000000000000000E+000
-1,7274959E-001	-4,664441589136707E-001	5,000000000000000E+000
-1,7389046E-001	-4,716345974140698E-001	5,000000000000000E+000
-1,7514376E-001	-4,718331002125833E-001	5,000000000000000E+000
-1,7643872E-001	-4,764860184255282E-001	5,000000000000000E+000
-1,7750354E-001	-4,779565100583993E-001	5,000000000000000E+000
-1,7878860E-001	-4,813017458978308E-001	5,000000000000000E+000
-1,8000217E-001	-4,818164683335120E-001	5,000000000000000E+000
-1,8111235E-001	-4,847410587115308E-001	5,000000000000000E+000
-1,8232949E-001	-4,885110880907924E-001	5,000000000000000E+000
-1,8351150E-001	-4,891575212564523E-001	5,000000000000000E+000
-1,8477100E-001	-4,933187518424056E-001	5,000000000000000E+000
-1,8602152E-001	-4,942024632602834E-001	5,000000000000000E+000
-1,8716489E-001	-4,967572037001227E-001	5,000000000000000E+000
-1,8839447E-001	-5,014599024563902E-001	5,000000000000000E+000
-1,8954630E-001	-5,009996738582334E-001	5,000000000000000E+000
-1,9078915E-001	-5,055527164561977E-001	5,000000000000000E+000
-1,9195978E-001	-5,072672836508376E-001	5,000000000000000E+000
-1,9310984E-001	-5,100060703310489E-001	5,000000000000000E+000
-1,9440450E-001	-5,126000129514257E-001	5,000000000000000E+000
-1,9556987E-001	-5,138327602568697E-001	5,000000000000000E+000
-1,9677153E-001	-5,181340714981246E-001	5,000000000000000E+000
-1,9790511E-001	-5,188863150801266E-001	5,000000000000000E+000
-1,9911087E-001	-5,200707937280338E-001	5,000000000000000E+000
-1,9951293E-001	-5,217195749282837E-001	5,000000000000000E+000
-1,9948255E-001	-5,238001346588135E-001	5,000000000000000E+000
-1,9944245E-001	-5,209103226661682E-001	5,000000000000000E+000
-1,9912925E-001	-3,798881774774687E-001	5,000000000000000E+000
-1,9739330E-001	-2,899287030689741E-001	5,000000000000000E+000
-1,9648555E-001	-3,451251501553791E-001	5,000000000000000E+000
-1,9521074E-001	-2,888107344850943E-001	5,000000000000000E+000
-1,9405402E-001	-3,007280697994350E-001	5,000000000000000E+000
-1,9289742E-001	-2,852038007016144E-001	5,000000000000000E+000
-1,9157706E-001	-2,766233348811509E-001	5,000000000000000E+000
-1,9041915E-001	-2,718363582971506E-001	5,000000000000000E+000
-1,8921210E-001	-2,635656535567241E-001	5,000000000000000E+000
-1,8797427E-001	-2,574897768111732E-001	5,000000000000000E+000
-1,8677825E-001	-2,498565787100226E-001	5,000000000000000E+000
-1,8548743E-001	-2,455518813739119E-001	5,000000000000000E+000
-1,8440267E-001	-2,367211838362784E-001	5,000000000000000E+000
-1,8311642E-001	-2,307748710801305E-001	5,000000000000000E+000
-1,8203478E-001	-2,248386298273950E-001	5,000000000000000E+000
-1,8075246E-001	-2,194270975402710E-001	5,000000000000000E+000
-1,7966793E-001	-2,109753739787261E-001	5,000000000000000E+000
-1,7841539E-001	-2,061506634927348E-001	5,000000000000000E+000
-1,7716455E-001	-1,998922744759413E-001	5,000000000000000E+000
-1,7604144E-001	-1,972373535035228E-001	5,000000000000000E+000
-1,7480259E-001	-1,908218212710282E-001	5,000000000000000E+000
-1,7359626E-001	-1,867172174841270E-001	5,000000000000000E+000
-1,7242624E-001	-1,839287856871823E-001	5,000000000000000E+000
-1,7128383E-001	-1,794417004760662E-001	5,000000000000000E+000
-1,6999470E-001	-1,764502046636254E-001	5,000000000000000E+000
-1,6875827E-001	-1,727144141849646E-001	5,000000000000000E+000
-1,6772294E-001	-1,676105993974482E-001	5,000000000000000E+000
-1,6636899E-001	-1,668557951504934E-001	5,000000000000000E+000
-1,6516946E-001	-1,629876664600383E-001	5,000000000000000E+000
-1,6401899E-001	-1,597545014487372E-001	5,000000000000000E+000
-1,6289696E-001	-1,561921988096500E-001	5,000000000000000E+000
-1,6163248E-001	-1,539477573015675E-001	5,000000000000000E+000
-1,6038051E-001	-1,497605519446856E-001	5,000000000000000E+000
-1,5918094E-001	-1,477798153242067E-001	5,000000000000000E+000
-1,5805569E-001	-1,455191490693120E-001	5,000000000000000E+000
-1,5675938E-001	-1,414532553333423E-001	5,000000000000000E+000
-1,5561895E-001	-1,383457574864022E-001	5,000000000000000E+000
-1,5440387E-001	-1,374561777031177E-001	5,000000000000000E+000
-1,5323809E-001	-1,341783733175055E-001	5,000000000000000E+000
-1,5202264E-001	-1,306291094256768E-001	5,000000000000000E+000
-1,5082857E-001	-1,289559043458819E-001	5,000000000000000E+000
-1,4959280E-001	-1,247028372696752E-001	5,000000000000000E+000
-1,4842336E-001	-1,234250513872309E-001	5,000000000000000E+000
-1,4722876E-001	-1,195799291890576E-001	5,000000000000000E+000
-1,4592454E-001	-1,174666575502166E-001	5,000000000000000E+000
-1,4475711E-001	-1,145265913671917E-001	5,000000000000000E+000
-1,4364369E-001	-1,125651644478138E-001	5,000000000000000E+000
-1,4239921E-001	-1,090895940788965E-001	5,000000000000000E+000
-1,4122319E-001	-1,077715150669160E-001	5,000000000000000E+000
-1,4008361E-001	-1,028775542702836E-001	5,000000000000000E+000
-1,3881503E-001	-1,023155438888352E-001	5,000000000000000E+000
-1,3764557E-001	-9,966517527128493E-002	5,000000000000000E+000
-1,3641089E-001	-9,538921092947328E-002	5,000000000000000E+000
-1,3524589E-001	-9,494543804774126E-002	5,000000000000000E+000
-1,3406380E-001	-9,099586731624876E-002	5,000000000000000E+000
-1,3278483E-001	-8,873073922263264E-002	5,000000000000000E+000
-1,3158640E-001	-8,553267675678278E-002	5,000000000000000E+000
-1,3052797E-001	-8,446241575519631E-002	5,000000000000000E+000
-1,2918049E-001	-8,122257546185430E-002	5,000000000000000E+000
-1,2804829E-001	-7,856255430023218E-002	5,000000000000000E+000
-1,2683898E-001	-7,566183124921089E-002	5,000000000000000E+000
-1,2559848E-001	-7,319989823574556E-002	5,000000000000000E+000
-1,2447765E-001	-7,194003815190353E-002	5,000000000000000E+000
-1,2328980E-001	-6,820010244700814E-002	5,000000000000000E+000
-1,2200622E-001	-6,616063361191959E-002	5,000000000000000E+000
-1,2083507E-001	-6,443440755861540E-002	5,000000000000000E+000
-1,1970734E-001	-6,029459784783991E-002	5,000000000000000E+000
-1,1845382E-001	-6,006958286323222E-002	5,000000000000000E+000
-1,1725540E-001	-5,589786041026756E-002	5,000000000000000E+000
-1,1601123E-001	-5,423387866822932E-002	5,000000000000000E+000
-1,1478072E-001	-5,169686646452937E-002	5,000000000000000E+000
-1,1370113E-001	-4,828417774761951E-002	5,000000000000000E+000
-1,1248752E-001	-4,800592736622399E-002	5,000000000000000E+000
-1,1117769E-001	-4,272375306350618E-002	5,000000000000000E+000
-1,1003202E-001	-4,217690331683532E-002	5,000000000000000E+000
-1,0881382E-001	-3,862222840446805E-002	5,000000000000000E+000
-1,0768200E-001	-3,594376148006016E-002	5,000000000000000E+000
-1,0642730E-001	-3,297834834261768E-002	5,000000000000000E+000
-1,0515684E-001	-3,156441012146799E-002	5,000000000000000E+000
-1,0405195E-001	-2,835022612756191E-002	5,000000000000000E+000
-1,0282505E-001	-2,527198790469107E-002	5,000000000000000E+000
-1,0161737E-001	-2,439100698272037E-002	5,000000000000000E+000
-1,0048247E-001	-1,919854160870371E-002	5,000000000000000E+000
-9,6874997E-002	-1,566035473091605E-002	5,000000000000000E+000
-9,3672462E-002	-8,251218128255723E-003	5,000000000000000E+000
-9,2462182E-002	-1,568813533280738E-003	5,000000000000000E+000
-9,1289267E-002	3,480627914642456E-003	5,000000000000000E+000
-8,9952119E-002	5,129902553209026E-003	5,000000000000000E+000
-8,8810265E-002	5,129117301799449E-003	5,000000000000000E+000
-8,7581806E-002	6,037289060663559E-003	5,000000000000000E+000
-8,6491466E-002	8,922252172548439E-003	5,000000000000000E+000
-8,5212268E-002	1,181031174019154E-002	5,000000000000000E+000
-8,4035285E-002	1,468094639494666E-002	5,000000000000000E+000
-8,2986832E-002	1,654274620765742E-002	5,000000000000000E+000
-8,1646949E-002	1,795006445556480E-002	5,000000000000000E+000
-8,0479071E-002	2,012725747529957E-002	5,000000000000000E+000
-7,9216428E-002	2,209866227996021E-002	5,000000000000000E+000
-7,8056730E-002	2,360750078312579E-002	5,000000000000000E+000
-7,6871306E-002	2,607338596741715E-002	5,000000000000000E+000
-7,5723074E-002	2,902281252681860E-002	5,000000000000000E+000
-7,4482232E-002	3,130674461418603E-002	5,000000000000000E+000
-7,3151022E-002	3,252552852063673E-002	5,000000000000000E+000
-7,2075404E-002	3,396725398043698E-002	5,000000000000000E+000
-7,0836745E-002	3,561433213568910E-002	5,000000000000000E+000
-6,9526911E-002	3,813754142659787E-002	5,000000000000000E+000
-6,8538114E-002	4,010779982167556E-002	5,000000000000000E+000
-6,7343399E-002	4,172713156731334E-002	5,000000000000000E+000
-6,5993622E-002	4,422327410429727E-002	5,000000000000000E+000
-6,4900160E-002	4,668765334321923E-002	5,000000000000000E+000
-6,3637637E-002	4,866326518741632E-002	5,000000000000000E+000
-6,2364377E-002	5,054760583071694E-002	5,000000000000000E+000
-6,1219964E-002	5,170390994155427E-002	5,000000000000000E+000
-5,9977066E-002	5,307740161758090E-002	5,000000000000000E+000
-5,8808401E-002	5,569416896307511E-002	5,000000000000000E+000
-5,7678856E-002	5,832353483856445E-002	5,000000000000000E+000
-5,6535169E-002	6,041121573556069E-002	5,000000000000000E+000
-5,5163059E-002	6,253354431585934E-002	5,000000000000000E+000
-5,4012287E-002	6,392308313014744E-002	5,000000000000000E+000
-5,2905254E-002	6,543747517086251E-002	5,000000000000000E+000
-5,1734466E-002	6,772711677654653E-002	5,000000000000000E+000
-5,0544422E-002	6,975926453984965E-002	5,000000000000000E+000
-4,9291115E-002	7,153569833301132E-002	5,000000000000000E+000
-4,8039198E-002	7,379466203322727E-002	5,000000000000000E+000
-4,6932582E-002	7,600416422064926E-002	5,000000000000000E+000
-4,5652352E-002	7,767698670310574E-002	5,000000000000000E+000
-4,4437978E-002	8,016996204969484E-002	5,000000000000000E+000
-4,3327749E-002	8,221044029859437E-002	5,000000000000000E+000
-4,2084076E-002	8,361809357463912E-002	5,000000000000000E+000
-4,1029543E-002	8,605355423707017E-002	5,000000000000000E+000
-3,9677322E-002	8,773782021469562E-002	5,000000000000000E+000
-3,8583938E-002	8,979466032825356E-002	5,000000000000000E+000
-3,7376769E-002	9,221002475371459E-002	5,000000000000000E+000
-3,6102455E-002	9,377319119812477E-002	5,000000000000000E+000
-3,5012044E-002	9,599000412789693E-002	5,000000000000000E+000
-3,3818889E-002	9,873467559615834E-002	5,000000000000000E+000
-3,2494474E-002	1,002362192990003E-001	5,000000000000000E+000
-3,1272877E-002	1,016387796407798E-001	5,000000000000000E+000
-3,0165659E-002	1,038509824623667E-001	5,000000000000000E+000
-2,8962670E-002	1,055371724554182E-001	5,000000000000000E+000
-2,7775425E-002	1,074698544867312E-001	5,000000000000000E+000
-2,4153374E-002	1,132960884207668E-001	5,000000000000000E+000
-2,0562656E-002	1,208721690879127E-001	5,000000000000000E+000
-1,9468177E-002	1,216403241544161E-001	5,000000000000000E+000
-1,8205397E-002	1,256320937811525E-001	5,000000000000000E+000
-1,7019387E-002	1,254795020310369E-001	5,000000000000000E+000
-1,5841942E-002	1,289349224033587E-001	5,000000000000000E+000
-1,4713959E-002	1,305358123790940E-001	5,000000000000000E+000
-1,3374971E-002	1,330063314558685E-001	5,000000000000000E+000
-1,2314418E-002	1,346704227600845E-001	5,000000000000000E+000
-1,1059704E-002	1,378730530882930E-001	5,000000000000000E+000
-9,7907670E-003	1,391800900956799E-001	5,000000000000000E+000
-8,6864857E-003	1,411823462937417E-001	5,000000000000000E+000
-7,5331684E-003	1,418352333922583E-001	5,000000000000000E+000
-6,1551556E-003	1,468763824652548E-001	5,000000000000000E+000
-5,0517232E-003	1,474552593297431E-001	5,000000000000000E+000
-3,8759399E-003	1,492385270523505E-001	5,000000000000000E+000
-2,6664417E-003	1,519321582697253E-001	5,000000000000000E+000
-1,3991282E-003	1,535245555941303E-001	5,000000000000000E+000
-1,6295687E-004	1,569818986786735E-001	5,000000000000000E+000
1,0077682E-003	1,579074146704642E-001	5,000000000000000E+000
2,1303054E-003	1,589246557333451E-001	5,000000000000000E+000
3,3554377E-003	1,628097568949058E-001	5,000000000000000E+000
4,4410382E-003	1,640693975819489E-001	5,000000000000000E+000
5,6669456E-003	1,645188230080148E-001	5,000000000000000E+000
5,8714934E-003	1,659700870513916E-001	5,000000000000000E+000