Ewe/V	<I>/mA	cycle number	
5,0979819E-002	-1,790349036455154E-001	1,000000000000000E+000
5,1274162E-002	-1,748799242024280E+000	1,000000000000000E+000
5,2721780E-002	3,382073295734807E-001	1,000000000000000E+000
5,3500127E-002	-1,425653177522892E-001	1,000000000000000E+000
5,4563295E-002	1,039342857725891E-001	1,000000000000000E+000
5,5590358E-002	9,123994607297314E-002	1,000000000000000E+000
5,6629620E-002	1,232828960508210E-001	1,000000000000000E+000
5,7594009E-002	1,569032281695399E-001	1,000000000000000E+000
5,8644842E-002	1,802764316057131E-001	1,000000000000000E+000
5,9731685E-002	1,989567505046974E-001	1,000000000000000E+000
6,0657289E-002	2,078566961475496E-001	1,000000000000000E+000
6,1600916E-002	2,281027242198537E-001	1,000000000000000E+000
6,2691607E-002	2,305106886617274E-001	1,000000000000000E+000
6,3661553E-002	2,399537489788304E-001	1,000000000000000E+000
6,4643390E-002	2,576093374712706E-001	1,000000000000000E+000
6,5667845E-002	2,579742397615019E-001	1,000000000000000E+000
6,6618890E-002	2,623170873557696E-001	1,000000000000000E+000
6,7613684E-002	2,697976879005886E-001	1,000000000000000E+000
6,8591133E-002	2,849647252037855E-001	1,000000000000000E+000
6,9594927E-002	2,833014055116418E-001	1,000000000000000E+000
7,0621334E-002	2,872072001757449E-001	1,000000000000000E+000
7,1619727E-002	2,914672887418419E-001	1,000000000000000E+000
7,2625965E-002	2,977640871572973E-001	1,000000000000000E+000
7,3613256E-002	3,102748967907656E-001	1,000000000000000E+000
7,4687883E-002	3,094835617877028E-001	1,000000000000000E+000
7,5466126E-002	3,128462288231173E-001	1,000000000000000E+000
7,6700166E-002	3,139600470377543E-001	1,000000000000000E+000
7,7774972E-002	3,174118075791432E-001	1,000000000000000E+000
7,8642793E-002	3,208169339147084E-001	1,000000000000000E+000
7,9546094E-002	3,265726959798494E-001	1,000000000000000E+000
8,0558591E-002	3,307840042074934E-001	1,000000000000000E+000
8,1728153E-002	3,384597871724202E-001	1,000000000000000E+000
8,2592390E-002	3,373947842369986E-001	1,000000000000000E+000
8,3612435E-002	3,403204105367568E-001	1,000000000000000E+000
8,4685959E-002	3,414342241271191E-001	1,000000000000000E+000
8,5610271E-002	3,442007374833342E-001	1,000000000000000E+000
8,6629882E-002	3,481234841876577E-001	1,000000000000000E+000
8,7622970E-002	3,505823803586985E-001	1,000000000000000E+000
8,8636003E-002	3,539705138213716E-001	1,000000000000000E+000
8,9667715E-002	3,567731023520340E-001	1,000000000000000E+000
9,0621553E-002	3,640139737463972E-001	1,000000000000000E+000
9,1594197E-002	3,691311783946343E-001	1,000000000000000E+000
9,2598744E-002	3,665683341096151E-001	1,000000000000000E+000
9,3662083E-002	3,688617387152693E-001	1,000000000000000E+000
9,4653256E-002	3,706205244266627E-001	1,000000000000000E+000
9,5636792E-002	3,734485311757059E-001	1,000000000000000E+000
9,6661501E-002	3,760516866071466E-001	1,000000000000000E+000
9,7620837E-002	3,781477783146940E-001	1,000000000000000E+000
9,8670378E-002	3,809842997127104E-001	1,000000000000000E+000
9,9619731E-002	3,827197623322722E-001	1,000000000000000E+000
1,0432681E-001	3,912420968277033E-001	1,000000000000000E+000
1,0907828E-001	4,071052718209098E-001	1,000000000000000E+000
1,1012634E-001	4,171016609761855E-001	1,000000000000000E+000
1,1094388E-001	4,174000675880558E-001	1,000000000000000E+000
1,1206453E-001	4,171300940474305E-001	1,000000000000000E+000
1,1315633E-001	4,183109441138284E-001	1,000000000000000E+000
1,1400875E-001	4,235913195944807E-001	1,000000000000000E+000
1,1499557E-001	4,326906145304550E-001	1,000000000000000E+000
1,1612535E-001	4,293679795615990E-001	1,000000000000000E+000
1,1707067E-001	4,274461107690719E-001	1,000000000000000E+000
1,1809092E-001	4,297868068420545E-001	1,000000000000000E+000
1,1901141E-001	4,320904191311756E-001	1,000000000000000E+000
1,2003931E-001	4,338424122995814E-001	1,000000000000000E+000
1,2117165E-001	4,363386154291211E-001	1,000000000000000E+000
1,2200933E-001	4,394610675129416E-001	1,000000000000000E+000
1,2303425E-001	4,404756577763100E-001	1,000000000000000E+000
1,2401716E-001	4,429071689244459E-001	1,000000000000000E+000
1,2485379E-001	4,454031487305965E-001	1,000000000000000E+000
1,2599547E-001	4,466075396630904E-001	1,000000000000000E+000
1,2716512E-001	4,491641696270881E-001	1,000000000000000E+000
1,2789604E-001	4,613598542766537E-001	1,000000000000000E+000
1,2931368E-001	4,591635561082521E-001	1,000000000000000E+000
1,3008939E-001	4,553416593892825E-001	1,000000000000000E+000
1,3110541E-001	4,567294948630858E-001	1,000000000000000E+000
1,3204350E-001	4,597134483499552E-001	1,000000000000000E+000
1,3314019E-001	4,621403031309876E-001	1,000000000000000E+000
1,3410248E-001	4,623549199766588E-001	1,000000000000000E+000
1,3513015E-001	4,651142855485286E-001	1,000000000000000E+000
1,3609651E-001	4,674170661019166E-001	1,000000000000000E+000
1,3713522E-001	4,683538070013227E-001	1,000000000000000E+000
1,3805039E-001	4,701208799508299E-001	1,000000000000000E+000
1,3904794E-001	4,716801061941721E-001	1,000000000000000E+000
1,4006351E-001	4,735152204262292E-001	1,000000000000000E+000
1,4115658E-001	4,756042166005097E-001	1,000000000000000E+000
1,4209978E-001	4,773288591726077E-001	1,000000000000000E+000
1,4305742E-001	4,789429910338698E-001	1,000000000000000E+000
1,4402434E-001	4,891930172840753E-001	1,000000000000000E+000
1,4508238E-001	4,900256748401794E-001	1,000000000000000E+000
1,4608397E-001	4,862344980356283E-001	1,000000000000000E+000
1,4715473E-001	4,865613239364590E-001	1,000000000000000E+000
1,4800432E-001	4,885920059750792E-001	1,000000000000000E+000
1,4893009E-001	4,922145450254911E-001	1,000000000000000E+000
1,5006223E-001	4,936384637581384E-001	1,000000000000000E+000
1,5114555E-001	4,954901254839372E-001	1,000000000000000E+000
1,5198895E-001	4,971681075080099E-001	1,000000000000000E+000
1,5303107E-001	4,991005794985952E-001	1,000000000000000E+000
1,5407680E-001	5,020957559463577E-001	1,000000000000000E+000
1,5513146E-001	5,037419737070916E-001	1,000000000000000E+000
1,5603006E-001	5,059138606108422E-001	1,000000000000000E+000
1,5705742E-001	5,115789277802438E-001	1,000000000000000E+000
1,5809557E-001	5,201472080532554E-001	1,000000000000000E+000
1,5898404E-001	5,164152313696437E-001	1,000000000000000E+000
1,5998793E-001	5,149162326965273E-001	1,000000000000000E+000
1,6108418E-001	5,166624677820231E-001	1,000000000000000E+000
1,6206390E-001	5,203297642227804E-001	1,000000000000000E+000
1,6298692E-001	5,225931442562590E-001	1,000000000000000E+000
1,6404560E-001	5,247442269464964E-001	1,000000000000000E+000
1,6504800E-001	5,266843298385453E-001	1,000000000000000E+000
1,6609500E-001	5,284437599540164E-001	1,000000000000000E+000
1,6708003E-001	5,302729481481947E-001	1,000000000000000E+000
1,6807629E-001	5,332586246206308E-001	1,000000000000000E+000
1,6906005E-001	5,360139758882312E-001	1,000000000000000E+000
1,7003001E-001	5,393334682190067E-001	1,000000000000000E+000
1,7097081E-001	5,492971609152550E-001	1,000000000000000E+000
1,7205031E-001	5,474279269175071E-001	1,000000000000000E+000
1,7297271E-001	5,465051634560556E-001	1,000000000000000E+000
1,7403689E-001	5,472309257796351E-001	1,000000000000000E+000
1,7505416E-001	5,500297100839386E-001	1,000000000000000E+000
1,7598142E-001	5,520521044963971E-001	1,000000000000000E+000
1,7705072E-001	5,542895628346347E-001	1,000000000000000E+000
1,7805508E-001	5,570497910181711E-001	1,000000000000000E+000
1,7911500E-001	5,596715031683228E-001	1,000000000000000E+000
1,8016371E-001	5,614903035521932E-001	1,000000000000000E+000
1,8101986E-001	5,643576648047510E-001	1,000000000000000E+000
1,8205309E-001	5,663573270560143E-001	1,000000000000000E+000
1,8313849E-001	5,754876438683549E-001	1,000000000000000E+000
1,8406022E-001	5,784060281584980E-001	1,000000000000000E+000
1,8505861E-001	5,748967289239086E-001	1,000000000000000E+000
1,8610093E-001	5,752846734507742E-001	1,000000000000000E+000
1,8704286E-001	5,783714946656922E-001	1,000000000000000E+000
1,8802342E-001	5,809978736085917E-001	1,000000000000000E+000
1,8912327E-001	5,830928123775969E-001	1,000000000000000E+000
1,9002743E-001	5,855423369858812E-001	1,000000000000000E+000
1,9098358E-001	5,872735586664124E-001	1,000000000000000E+000
1,9207728E-001	5,895173258484441E-001	1,000000000000000E+000
1,9301134E-001	5,924035767028633E-001	1,000000000000000E+000
1,9408126E-001	5,944524797442767E-001	1,000000000000000E+000
1,9512405E-001	5,979804150216914E-001	1,000000000000000E+000
1,9605063E-001	6,085920621149441E-001	1,000000000000000E+000
1,9702588E-001	6,064511205962244E-001	1,000000000000000E+000
1,9808179E-001	6,042760238568796E-001	1,000000000000000E+000
1,9920245E-001	6,058856800599557E-001	1,000000000000000E+000
1,9990383E-001	6,086594509376622E-001	1,000000000000000E+000
2,0068642E-001	6,094158589839935E-001	1,000000000000000E+000
2,0053522E-001	5,270724824448649E-001	1,000000000000000E+000
1,9956909E-001	2,808965496919384E-001	1,000000000000000E+000
1,9779627E-001	1,829778381862628E-001	1,000000000000000E+000
1,9649704E-001	2,584571760218957E-001	1,000000000000000E+000
1,9578873E-001	3,206133182761040E-001	1,000000000000000E+000
1,9491412E-001	2,890334204583080E-001	1,000000000000000E+000
1,9386113E-001	2,408668301229944E-001	1,000000000000000E+000
1,9272727E-001	2,297661299849605E-001	1,000000000000000E+000
1,9174542E-001	2,381066119705790E-001	1,000000000000000E+000
1,9080056E-001	2,359077562545693E-001	1,000000000000000E+000
1,8979874E-001	2,274266709541233E-001	1,000000000000000E+000
1,8875624E-001	2,122913586111592E-001	1,000000000000000E+000
1,8776867E-001	2,061270365827825E-001	1,000000000000000E+000
1,8690191E-001	2,081112575542646E-001	1,000000000000000E+000
1,8575449E-001	2,049024877649368E-001	1,000000000000000E+000
1,8470410E-001	1,982722229084981E-001	1,000000000000000E+000
1,8388639E-001	1,841567968044218E-001	1,000000000000000E+000
1,8283303E-001	1,802799769631953E-001	1,000000000000000E+000
1,8177031E-001	1,818048159281416E-001	1,000000000000000E+000
1,8080185E-001	1,796076623302518E-001	1,000000000000000E+000
1,7987883E-001	1,740378220533279E-001	1,000000000000000E+000
1,7877622E-001	1,687735527812033E-001	1,000000000000000E+000
1,7786722E-001	1,561151196446087E-001	1,000000000000000E+000
1,7676589E-001	1,533712272842724E-001	1,000000000000000E+000
1,7573416E-001	1,552108074570751E-001	1,000000000000000E+000
1,7488416E-001	1,532813116565293E-001	1,000000000000000E+000
1,7388512E-001	1,486513916331916E-001	1,000000000000000E+000
1,7275895E-001	1,433987886056358E-001	1,000000000000000E+000
1,7184207E-001	1,405840674237376E-001	1,000000000000000E+000
1,7086002E-001	1,335118259335608E-001	1,000000000000000E+000
1,6976911E-001	1,233635777914767E-001	1,000000000000000E+000
1,6877730E-001	1,255878822185980E-001	1,000000000000000E+000
1,6771184E-001	1,262086323080849E-001	1,000000000000000E+000
1,6671239E-001	1,219470947495817E-001	1,000000000000000E+000
1,6581802E-001	1,184098150681367E-001	1,000000000000000E+000
1,6471751E-001	1,147891783879869E-001	1,000000000000000E+000
1,6378176E-001	1,103660280706311E-001	1,000000000000000E+000
1,6277333E-001	1,017797546939818E-001	1,000000000000000E+000
1,6180201E-001	9,663596403616914E-002	1,000000000000000E+000
1,6086049E-001	9,948567898795302E-002	1,000000000000000E+000
1,5974897E-001	9,826727850627837E-002	1,000000000000000E+000
1,5878624E-001	9,416564650180426E-002	1,000000000000000E+000
1,5787531E-001	8,991662025800884E-002	1,000000000000000E+000
1,5681578E-001	8,722829653157138E-002	1,000000000000000E+000
1,5575139E-001	8,455841845878032E-002	1,000000000000000E+000
1,5485913E-001	8,192013907763690E-002	1,000000000000000E+000
1,5372339E-001	7,507355524608622E-002	1,000000000000000E+000
1,5278934E-001	6,656129027639213E-002	1,000000000000000E+000
1,5181199E-001	6,936604685486403E-002	1,000000000000000E+000
1,5075776E-001	6,901145229171046E-002	1,000000000000000E+000
1,4987423E-001	6,543471540013945E-002	1,000000000000000E+000
1,4882702E-001	6,219816467799122E-002	1,000000000000000E+000
1,4769636E-001	5,949286833492801E-002	1,000000000000000E+000
1,4688244E-001	5,761171552957312E-002	1,000000000000000E+000
1,4574119E-001	5,426063919407575E-002	1,000000000000000E+000
1,4479776E-001	4,940569741059633E-002	1,000000000000000E+000
1,4394526E-001	3,857094378165332E-002	1,000000000000000E+000
1,4274903E-001	3,991743878416140E-002	1,000000000000000E+000
1,4184807E-001	4,061306357471045E-002	1,000000000000000E+000
1,4090551E-001	3,847805060932942E-002	1,000000000000000E+000
1,3968723E-001	3,650570552781574E-002	1,000000000000000E+000
1,3881938E-001	3,314211263083666E-002	1,000000000000000E+000
1,3795090E-001	2,927525672647688E-002	1,000000000000000E+000
1,3679755E-001	2,656953650673832E-002	1,000000000000000E+000
1,3579957E-001	2,458213333941078E-002	1,000000000000000E+000
1,3475449E-001	2,256100765104443E-002	1,000000000000000E+000
1,3382339E-001	1,187725619830521E-002	1,000000000000000E+000
1,3275117E-001	8,698809462859780E-003	1,000000000000000E+000
1,3182560E-001	1,168171779156387E-002	1,000000000000000E+000
1,3087370E-001	1,056278297477953E-002	1,000000000000000E+000
1,2979336E-001	7,573936582755595E-003	1,000000000000000E+000
1,2881175E-001	4,300266213653633E-003	1,000000000000000E+000
1,2775818E-001	-1,175766102837388E-004	1,000000000000000E+000
1,2679268E-001	-2,418222863020170E-003	1,000000000000000E+000
1,2578791E-001	-3,277360052101753E-003	1,000000000000000E+000
1,2484939E-001	-5,828048772147876E-003	1,000000000000000E+000
1,2372341E-001	-1,291725473028138E-002	1,000000000000000E+000
1,2280764E-001	-2,132814433854135E-002	1,000000000000000E+000
1,2171904E-001	-1,762331627893828E-002	1,000000000000000E+000
1,2099938E-001	-1,699873992523252E-002	1,000000000000000E+000
1,1970507E-001	-1,981346831295613E-002	1,000000000000000E+000
1,1871730E-001	-2,381775609764086E-002	1,000000000000000E+000
1,1788087E-001	-2,557208132768418E-002	1,000000000000000E+000
1,1687420E-001	-2,819042427614066E-002	1,000000000000000E+000
1,1577392E-001	-3,099433756950815E-002	1,000000000000000E+000
1,1477893E-001	-3,299510446999593E-002	1,000000000000000E+000
1,1381704E-001	-3,535131613696452E-002	1,000000000000000E+000
1,1285044E-001	-4,412804258794889E-002	1,000000000000000E+000
1,1179292E-001	-4,765175637213455E-002	1,000000000000000E+000
1,1063765E-001	-4,444849654262517E-002	1,000000000000000E+000
1,0997657E-001	-4,549765699468677E-002	1,000000000000000E+000
1,0884764E-001	-4,724965014449667E-002	1,000000000000000E+000
1,0775415E-001	-5,016363485790665E-002	1,000000000000000E+000
1,0676277E-001	-5,182231118993108E-002	1,000000000000000E+000
1,0583485E-001	-5,390515281922270E-002	1,000000000000000E+000
1,0476577E-001	-5,575958027636974E-002	1,000000000000000E+000
1,0373490E-001	-5,744477283507049E-002	1,000000000000000E+000
1,0286602E-001	-6,039120017683453E-002	1,000000000000000E+000
1,0182835E-001	-6,198668280234809E-002	1,000000000000000E+000
1,0075737E-001	-6,371704585762916E-002	1,000000000000000E+000
9,9814564E-002	-6,720195080641933E-002	1,000000000000000E+000
9,8785244E-002	-7,717947547401605E-002	1,000000000000000E+000
9,7849898E-002	-7,421735223114290E-002	1,000000000000000E+000
9,6775301E-002	-7,267234414757695E-002	1,000000000000000E+000
9,5782220E-002	-7,383985338997756E-002	1,000000000000000E+000
9,4856016E-002	-7,551358824033116E-002	1,000000000000000E+000
9,3788624E-002	-7,840657441152454E-002	1,000000000000000E+000
9,2852212E-002	-8,043872026933552E-002	1,000000000000000E+000
9,1889709E-002	-8,262951193642532E-002	1,000000000000000E+000
9,0760976E-002	-8,413804042437634E-002	1,000000000000000E+000
8,9790821E-002	-8,530087189541935E-002	1,000000000000000E+000
8,8891782E-002	-8,747682003336693E-002	1,000000000000000E+000
8,7834589E-002	-8,913125562766155E-002	1,000000000000000E+000
8,6799055E-002	-9,187493961427307E-002	1,000000000000000E+000
8,5809790E-002	-9,327614937986550E-002	1,000000000000000E+000
8,4770441E-002	-9,416455982459904E-002	1,000000000000000E+000
8,3897002E-002	-1,028965313372385E-001	1,000000000000000E+000
8,2774967E-002	-1,073056788251658E-001	1,000000000000000E+000
8,1772111E-002	-1,030577137894902E-001	1,000000000000000E+000
8,0920622E-002	-1,023406692677075E-001	1,000000000000000E+000
7,9812698E-002	-1,042782402671745E-001	1,000000000000000E+000
7,8847222E-002	-1,065994535682777E-001	1,000000000000000E+000
7,7904858E-002	-1,098118360500340E-001	1,000000000000000E+000
7,6788448E-002	-1,123453445389816E-001	1,000000000000000E+000
7,5773075E-002	-1,118172621047251E-001	1,000000000000000E+000
7,4771509E-002	-1,135164511700469E-001	1,000000000000000E+000
7,3765680E-002	-1,160109395924440E-001	1,000000000000000E+000
7,2807424E-002	-1,180662096545952E-001	1,000000000000000E+000
7,1845122E-002	-1,191225799250081E-001	1,000000000000000E+000
7,0798330E-002	-1,213765700829552E-001	1,000000000000000E+000
6,9699541E-002	-1,228549857591536E-001	1,000000000000000E+000
6,8728521E-002	-1,246415459932497E-001	1,000000000000000E+000
6,7845009E-002	-1,356203109996080E-001	1,000000000000000E+000
6,6967204E-002	-1,356682351551068E-001	1,000000000000000E+000
6,5734245E-002	-1,311369371881784E-001	1,000000000000000E+000
6,4788923E-002	-1,322414408754815E-001	1,000000000000000E+000
6,3903891E-002	-1,349304150175561E-001	1,000000000000000E+000
6,2774308E-002	-1,366285418642090E-001	1,000000000000000E+000
6,1961673E-002	-1,387170972722944E-001	1,000000000000000E+000
6,0798764E-002	-1,403827770344734E-001	1,000000000000000E+000
5,9708666E-002	-1,418342635378291E-001	1,000000000000000E+000
5,8875006E-002	-1,439972599117838E-001	1,000000000000000E+000
5,7794888E-002	-1,454623096861822E-001	1,000000000000000E+000
5,6843415E-002	-1,470944911755698E-001	1,000000000000000E+000
5,5929299E-002	-1,495637325262777E-001	1,000000000000000E+000
5,4751325E-002	-1,509008931817428E-001	1,000000000000000E+000
5,3758029E-002	-1,527956266169589E-001	1,000000000000000E+000
5,2923065E-002	-1,558960201639106E-001	1,000000000000000E+000
5,1839191E-002	-1,659068506624961E-001	1,000000000000000E+000
5,0790280E-002	-1,624264033647096E-001	1,000000000000000E+000
4,9856849E-002	-1,598964922272395E-001	1,000000000000000E+000
4,8750833E-002	-1,617712761249597E-001	1,000000000000000E+000
4,7934789E-002	-1,641565497007433E-001	1,000000000000000E+000
4,6961665E-002	-1,662608071476119E-001	1,000000000000000E+000
4,5767553E-002	-1,680607289017644E-001	1,000000000000000E+000
4,4901203E-002	-1,699056239934480E-001	1,000000000000000E+000
4,3780118E-002	-1,703696505832744E-001	1,000000000000000E+000
4,2768780E-002	-1,725154781306626E-001	1,000000000000000E+000
4,1893300E-002	-1,744927092416524E-001	1,000000000000000E+000
4,0865611E-002	-1,767950429542298E-001	1,000000000000000E+000
3,9765969E-002	-1,786136261232767E-001	1,000000000000000E+000
3,8857583E-002	-1,809867999561696E-001	1,000000000000000E+000
3,7838604E-002	-1,817971714610600E-001	1,000000000000000E+000
3,6888827E-002	-1,829833364463411E-001	1,000000000000000E+000
3,5873163E-002	-1,916567905767192E-001	1,000000000000000E+000
3,4701455E-002	-1,955297852497708E-001	1,000000000000000E+000
3,3962049E-002	-1,908691163148943E-001	1,000000000000000E+000
3,2763265E-002	-1,901611908300151E-001	1,000000000000000E+000
3,1769335E-002	-1,931992403276839E-001	1,000000000000000E+000
3,0824443E-002	-1,953172869495272E-001	1,000000000000000E+000
2,9939413E-002	-1,969933527353631E-001	1,000000000000000E+000
2,8796459E-002	-1,995393820592040E-001	1,000000000000000E+000
2,7806986E-002	-2,012143788096084E-001	1,000000000000000E+000
2,6892874E-002	-2,021208148863582E-001	1,000000000000000E+000
2,5854150E-002	-2,042615607723643E-001	1,000000000000000E+000
2,4845999E-002	-2,056886414001275E-001	1,000000000000000E+000
2,3919782E-002	-2,072781804535127E-001	1,000000000000000E+000
2,2708688E-002	-2,094978110657794E-001	1,000000000000000E+000
2,1940200E-002	-2,118623035849954E-001	1,000000000000000E+000
2,0799372E-002	-2,121772408427205E-001	1,000000000000000E+000
1,9875837E-002	-2,212937092473215E-001	1,000000000000000E+000
1,8833619E-002	-2,244293247317214E-001	1,000000000000000E+000
1,7752230E-002	-2,194687688315753E-001	1,000000000000000E+000
1,6802236E-002	-2,199135069644793E-001	1,000000000000000E+000
1,5778586E-002	-2,216610357508113E-001	1,000000000000000E+000
1,4877212E-002	-2,245147965990724E-001	1,000000000000000E+000
1,3783297E-002	-2,271331368505747E-001	1,000000000000000E+000
1,2887863E-002	-2,279095634132507E-001	1,000000000000000E+000
1,1862090E-002	-2,288802496202864E-001	1,000000000000000E+000
1,0867096E-002	-2,305141164882416E-001	1,000000000000000E+000
9,8247658E-003	-2,334321315089858E-001	1,000000000000000E+000
8,7964451E-003	-2,352046950966018E-001	1,000000000000000E+000
7,8439089E-003	-2,368156624822101E-001	1,000000000000000E+000
6,9433819E-003	-2,385339254105927E-001	1,000000000000000E+000
5,8008539E-003	-2,403060734213796E-001	1,000000000000000E+000
4,8202961E-003	-2,416118476410500E-001	1,000000000000000E+000
3,8838789E-003	-2,478610100644993E-001	1,000000000000000E+000
2,8362887E-003	-2,553883796564245E-001	1,000000000000000E+000
1,8480894E-003	-2,507964051716645E-001	1,000000000000000E+000
8,0002670E-004	-2,502872277206434E-001	1,000000000000000E+000
-1,5102355E-004	-2,516214270015346E-001	1,000000000000000E+000
-1,1695796E-003	-2,532239013590800E-001	1,000000000000000E+000
-2,0811460E-003	-2,559605791078270E-001	1,000000000000000E+000
-3,1629617E-003	-2,570213914829460E-001	1,000000000000000E+000
-4,3670516E-003	-2,587543163034653E-001	1,000000000000000E+000
-5,1419088E-003	-2,604814819448316E-001	1,000000000000000E+000
-6,1392370E-003	-2,624835449160958E-001	1,000000000000000E+000
-7,1751992E-003	-2,640194315333959E-001	1,000000000000000E+000
-8,1364410E-003	-2,663584336923016E-001	1,000000000000000E+000
-9,2545561E-003	-2,677800278438047E-001	1,000000000000000E+000
-1,0162301E-002	-2,693460338988283E-001	1,000000000000000E+000
-1,1169394E-002	-2,718913882628027E-001	1,000000000000000E+000
-1,2157884E-002	-2,797688998139662E-001	1,000000000000000E+000
-1,3223456E-002	-2,838673617419161E-001	1,000000000000000E+000
-1,4042041E-002	-2,803926427473522E-001	1,000000000000000E+000
-1,5242100E-002	-2,778442825850402E-001	1,000000000000000E+000
-1,6355759E-002	-2,802384473810284E-001	1,000000000000000E+000
-1,6784808E-002	-2,831588063887052E-001	1,000000000000000E+000
-1,8281635E-002	-2,850200164248240E-001	1,000000000000000E+000
-1,9261980E-002	-2,867162314068992E-001	1,000000000000000E+000
-2,0148071E-002	-2,882472418617326E-001	1,000000000000000E+000
-2,1146037E-002	-2,901029597980793E-001	1,000000000000000E+000
-2,2253115E-002	-2,923514349935843E-001	1,000000000000000E+000
-2,3245562E-002	-2,942870941769797E-001	1,000000000000000E+000
-2,4093864E-002	-2,964899678223052E-001	1,000000000000000E+000
-2,5140019E-002	-2,986249623968933E-001	1,000000000000000E+000
-2,6205065E-002	-2,995661740100726E-001	1,000000000000000E+000
-2,7171364E-002	-3,018053269705785E-001	1,000000000000000E+000
-2,8144069E-002	-3,124424123670915E-001	1,000000000000000E+000
-2,9168358E-002	-3,117077810780362E-001	1,000000000000000E+000
-3,0155493E-002	-3,068235678236100E-001	1,000000000000000E+000
-3,1175327E-002	-3,083482217172993E-001	1,000000000000000E+000
-3,2124043E-002	-3,122859131674183E-001	1,000000000000000E+000
-3,3218168E-002	-3,132285873095197E-001	1,000000000000000E+000
-3,4257740E-002	-3,141182743840742E-001	1,000000000000000E+000
-3,5164215E-002	-3,167177254670390E-001	1,000000000000000E+000
-3,6113776E-002	-3,190701444141784E-001	1,000000000000000E+000
-3,7255459E-002	-3,211273030416741E-001	1,000000000000000E+000
-3,8261484E-002	-3,216297240319879E-001	1,000000000000000E+000
-3,9170083E-002	-3,239373807704808E-001	1,000000000000000E+000
-4,0146608E-002	-3,260376116894705E-001	1,000000000000000E+000
-4,1185755E-002	-3,280135499792065E-001	1,000000000000000E+000
-4,2147417E-002	-3,300351066605387E-001	1,000000000000000E+000
-4,3148030E-002	-3,318761758532167E-001	1,000000000000000E+000
-4,4193417E-002	-3,425877153187877E-001	1,000000000000000E+000
-4,5275018E-002	-3,412745081716109E-001	1,000000000000000E+000
-4,6130758E-002	-3,379395572960171E-001	1,000000000000000E+000
-4,7237191E-002	-3,387876517242856E-001	1,000000000000000E+000
-4,8224542E-002	-3,415911440646986E-001	1,000000000000000E+000
-4,9140144E-002	-3,436901135460690E-001	1,000000000000000E+000
-5,0066788E-002	-3,446156062612618E-001	1,000000000000000E+000
-5,1287219E-002	-3,464509508275020E-001	1,000000000000000E+000
-5,2047428E-002	-3,487649683180889E-001	1,000000000000000E+000
-5,3105470E-002	-3,511805600590181E-001	1,000000000000000E+000
-5,4114264E-002	-3,523077635586049E-001	1,000000000000000E+000
-5,5174634E-002	-3,536180138471519E-001	1,000000000000000E+000
-5,6116346E-002	-3,566681590228757E-001	1,000000000000000E+000
-5,7097536E-002	-3,585380615744094E-001	1,000000000000000E+000
-5,8099113E-002	-3,597922801855029E-001	1,000000000000000E+000
-5,9139416E-002	-3,643394960866608E-001	1,000000000000000E+000
-6,0050853E-002	-3,735068907909502E-001	1,000000000000000E+000
-6,1126724E-002	-3,699884852459130E-001	1,000000000000000E+000
-6,2319133E-002	-3,677166532854441E-001	1,000000000000000E+000
-6,3158110E-002	-3,699445638275272E-001	1,000000000000000E+000
-6,4051203E-002	-3,710925524032471E-001	1,000000000000000E+000
-6,5384150E-002	-3,737567229286967E-001	1,000000000000000E+000
-6,5981328E-002	-3,769226471583034E-001	1,000000000000000E+000
-6,7083947E-002	-3,781578268584178E-001	1,000000000000000E+000
-6,8292283E-002	-3,791467308312546E-001	1,000000000000000E+000
-6,9030628E-002	-3,807320129255656E-001	1,000000000000000E+000
-7,0207976E-002	-3,821135236842870E-001	1,000000000000000E+000
-7,1156047E-002	-3,853693816280508E-001	1,000000000000000E+000
-7,1930476E-002	-3,882250346101106E-001	1,000000000000000E+000
-7,3171720E-002	-3,890008201770900E-001	1,000000000000000E+000
-7,4165605E-002	-3,926464716593419E-001	1,000000000000000E+000
-7,5027078E-002	-4,020350851545409E-001	1,000000000000000E+000
-7,6297626E-002	-3,992035826732803E-001	1,000000000000000E+000
-7,7185206E-002	-3,966181304034140E-001	1,000000000000000E+000
-7,8225404E-002	-3,982795302096447E-001	1,000000000000000E+000
-7,9155013E-002	-4,004022504862712E-001	1,000000000000000E+000
-8,0141731E-002	-4,022819263951138E-001	1,000000000000000E+000
-8,1110403E-002	-4,055734109262836E-001	1,000000000000000E+000
-8,2145736E-002	-4,065042421506307E-001	1,000000000000000E+000
-8,3151124E-002	-4,072774924764708E-001	1,000000000000000E+000
-8,4139533E-002	-4,099051398677847E-001	1,000000000000000E+000
-8,5161909E-002	-4,130918530669669E-001	1,000000000000000E+000
-8,6166874E-002	-4,139365894241362E-001	1,000000000000000E+000
-8,7160178E-002	-4,153456254021481E-001	1,000000000000000E+000
-8,8149443E-002	-4,179289825001939E-001	1,000000000000000E+000
-8,9094773E-002	-4,213988315443400E-001	1,000000000000000E+000
-9,0078890E-002	-4,310654540054717E-001	1,000000000000000E+000
-9,1246672E-002	-4,282350275251599E-001	1,000000000000000E+000
-9,2082888E-002	-4,253344384875772E-001	1,000000000000000E+000
-9,3119055E-002	-4,273364433837648E-001	1,000000000000000E+000
-9,4131887E-002	-4,305770253995433E-001	1,000000000000000E+000
-9,5208824E-002	-4,320109028808989E-001	1,000000000000000E+000
-9,6170485E-002	-4,332036482648824E-001	1,000000000000000E+000
-9,7160809E-002	-4,352650701314107E-001	1,000000000000000E+000
-9,8112702E-002	-4,370301996952737E-001	1,000000000000000E+000
-9,9090926E-002	-4,396761295437388E-001	1,000000000000000E+000
-1,0008996E-001	-4,420448493910958E-001	1,000000000000000E+000
-1,0120383E-001	-4,428918790201548E-001	1,000000000000000E+000
-1,0221453E-001	-4,448016657455196E-001	1,000000000000000E+000
-1,0311314E-001	-4,470751769582018E-001	1,000000000000000E+000
-1,0416715E-001	-4,487340603178991E-001	1,000000000000000E+000
-1,0518607E-001	-4,554758877816818E-001	1,000000000000000E+000
-1,0618512E-001	-4,619498681406382E-001	1,000000000000000E+000
-1,0713574E-001	-4,576961705396462E-001	1,000000000000000E+000
-1,0812926E-001	-4,567072319914574E-001	1,000000000000000E+000
-1,0905080E-001	-4,591690417793055E-001	1,000000000000000E+000
-1,1019503E-001	-4,612957974960494E-001	1,000000000000000E+000
-1,1111509E-001	-4,636640986492333E-001	1,000000000000000E+000
-1,1204597E-001	-4,647234292092950E-001	1,000000000000000E+000
-1,1325049E-001	-4,669254624750456E-001	1,000000000000000E+000
-1,1411662E-001	-4,690725628558230E-001	1,000000000000000E+000
-1,1510758E-001	-4,700188469271076E-001	1,000000000000000E+000
-1,1618770E-001	-4,722401952603841E-001	1,000000000000000E+000
-1,1708695E-001	-4,744343719147666E-001	1,000000000000000E+000
-1,1820465E-001	-4,755583963059413E-001	1,000000000000000E+000
-1,1917342E-001	-4,790874270644645E-001	1,000000000000000E+000
-1,2013432E-001	-4,896814477397125E-001	1,000000000000000E+000
-1,2121039E-001	-4,876597065918364E-001	1,000000000000000E+000
-1,2215550E-001	-4,843934333184743E-001	1,000000000000000E+000
-1,2309148E-001	-4,859751360167541E-001	1,000000000000000E+000
-1,2420323E-001	-4,886064176357143E-001	1,000000000000000E+000
-1,2516256E-001	-4,908911790310695E-001	1,000000000000000E+000
-1,2597691E-001	-4,935705799596484E-001	1,000000000000000E+000
-1,2719309E-001	-4,951020183119277E-001	1,000000000000000E+000
-1,2812588E-001	-4,957475857485818E-001	1,000000000000000E+000
-1,2913404E-001	-4,975897195011685E-001	1,000000000000000E+000
-1,3022412E-001	-4,999482681353880E-001	1,000000000000000E+000
-1,3116033E-001	-5,018882038032944E-001	1,000000000000000E+000
-1,3209270E-001	-5,033717254797612E-001	1,000000000000000E+000
-1,3318257E-001	-5,054494161029455E-001	1,000000000000000E+000
-1,3418499E-001	-5,076906684941286E-001	1,000000000000000E+000
-1,3515066E-001	-5,174372707972195E-001	1,000000000000000E+000
-1,3614736E-001	-5,176349341183801E-001	1,000000000000000E+000
-1,3712302E-001	-5,140261679771343E-001	1,000000000000000E+000
-1,3806050E-001	-5,143557654939501E-001	1,000000000000000E+000
-1,3917182E-001	-5,171464806771828E-001	1,000000000000000E+000
-1,4015938E-001	-5,194163970105978E-001	1,000000000000000E+000
-1,4108199E-001	-5,211910737885361E-001	1,000000000000000E+000
-1,4220095E-001	-5,229521832014932E-001	1,000000000000000E+000
-1,4315413E-001	-5,243258413910441E-001	1,000000000000000E+000
-1,4415210E-001	-5,250908018982345E-001	1,000000000000000E+000
-1,4511079E-001	-5,280209227995440E-001	1,000000000000000E+000
-1,4596801E-001	-5,301122676594059E-001	1,000000000000000E+000
-1,4725722E-001	-5,317683683954071E-001	1,000000000000000E+000
-1,4820360E-001	-5,344372288931876E-001	1,000000000000000E+000
-1,4906251E-001	-5,342537757306765E-001	1,000000000000000E+000
-1,5038167E-001	-5,355756279378603E-001	1,000000000000000E+000
-1,5102139E-001	-5,408713177700211E-001	1,000000000000000E+000
-1,5210818E-001	-5,494166174838817E-001	1,000000000000000E+000
-1,5342776E-001	-5,451988140056425E-001	1,000000000000000E+000
-1,5400158E-001	-5,429757877783330E-001	1,000000000000000E+000
-1,5505515E-001	-5,445983873925986E-001	1,000000000000000E+000
-1,5638153E-001	-5,465113517194466E-001	1,000000000000000E+000
-1,5706447E-001	-5,482005801232948E-001	1,000000000000000E+000
-1,5805095E-001	-5,496929928259391E-001	1,000000000000000E+000
-1,5918691E-001	-5,509527465393251E-001	1,000000000000000E+000
-1,6019316E-001	-5,523501332694014E-001	1,000000000000000E+000
-1,6115865E-001	-5,547481190426178E-001	1,000000000000000E+000
-1,6220839E-001	-5,557077402352473E-001	1,000000000000000E+000
-1,6317154E-001	-5,560141960094267E-001	1,000000000000000E+000
-1,6413555E-001	-5,587712802872495E-001	1,000000000000000E+000
-1,6513543E-001	-5,597252389480776E-001	1,000000000000000E+000
-1,6610962E-001	-5,620542842079885E-001	1,000000000000000E+000
-1,6724364E-001	-5,638277162539058E-001	1,000000000000000E+000
-1,6819809E-001	-5,655308980365382E-001	1,000000000000000E+000
-1,6909342E-001	-5,677889129211593E-001	1,000000000000000E+000
-1,7015536E-001	-5,788425372706509E-001	1,000000000000000E+000
-1,7110938E-001	-5,769401899241418E-001	1,000000000000000E+000
-1,7207891E-001	-5,739812501318120E-001	1,000000000000000E+000
-1,7313313E-001	-5,755913809795561E-001	1,000000000000000E+000
-1,7415231E-001	-5,787501096492633E-001	1,000000000000000E+000
-1,7500933E-001	-5,801175523536397E-001	1,000000000000000E+000
-1,7618011E-001	-5,818123427387842E-001	1,000000000000000E+000
-1,7710611E-001	-5,849265169817937E-001	1,000000000000000E+000
-1,7812380E-001	-5,870727591811580E-001	1,000000000000000E+000
-1,7917994E-001	-5,878362166242574E-001	1,000000000000000E+000
-1,8004607E-001	-5,902573720021707E-001	1,000000000000000E+000
-1,8106695E-001	-5,927124155892241E-001	1,000000000000000E+000
-1,8214197E-001	-5,950070943864478E-001	1,000000000000000E+000
-1,8314549E-001	-6,010250927841598E-001	1,000000000000000E+000
-1,8413894E-001	-6,082775743755846E-001	1,000000000000000E+000
-1,8515709E-001	-6,047074015109963E-001	1,000000000000000E+000
-1,8609305E-001	-6,037997066289069E-001	1,000000000000000E+000
-1,8724704E-001	-6,062197964767790E-001	1,000000000000000E+000
-1,8819320E-001	-6,091034015019741E-001	1,000000000000000E+000
-1,8906084E-001	-6,113124655352689E-001	1,000000000000000E+000
-1,9020379E-001	-6,132396577417634E-001	1,000000000000000E+000
-1,9113041E-001	-6,153187012532735E-001	1,000000000000000E+000
-1,9205621E-001	-6,184169653958319E-001	1,000000000000000E+000
-1,9318643E-001	-6,197483863862630E-001	1,000000000000000E+000
-1,9407550E-001	-6,213589571675087E-001	1,000000000000000E+000
-1,9516432E-001	-6,244158299717455E-001	1,000000000000000E+000
-1,9623339E-001	-6,349396790351935E-001	1,000000000000000E+000
-1,9707954E-001	-6,364032501458299E-001	1,000000000000000E+000
-1,9828680E-001	-6,325162284904042E-001	1,000000000000000E+000
-1,9902174E-001	-6,340051402304594E-001	1,000000000000000E+000
-1,9928445E-001	-6,356435418128967E-001	1,000000000000000E+000
-1,9951363E-001	-6,354087591171265E-001	1,000000000000000E+000
-1,9963954E-001	-5,469565459708150E-001	1,000000000000000E+000
-1,9881456E-001	-2,996630972257767E-001	1,000000000000000E+000
-1,9697215E-001	-2,134147162238758E-001	1,000000000000000E+000
-1,9545433E-001	-2,891034018377665E-001	1,000000000000000E+000
-1,9497003E-001	-3,466757639972977E-001	1,000000000000000E+000
-1,9404247E-001	-3,149873737517428E-001	1,000000000000000E+000
-1,9309977E-001	-2,625533038000049E-001	1,000000000000000E+000
-1,9195926E-001	-2,500937835979533E-001	1,000000000000000E+000
-1,9081506E-001	-2,618120873909595E-001	1,000000000000000E+000
-1,8996292E-001	-2,620141802504404E-001	1,000000000000000E+000
-1,8893015E-001	-2,533710604540014E-001	1,000000000000000E+000
-1,8784197E-001	-2,445192619472636E-001	1,000000000000000E+000
-1,8701126E-001	-2,345943286329404E-001	1,000000000000000E+000
-1,8591951E-001	-2,246833980025258E-001	1,000000000000000E+000
-1,8480776E-001	-2,252566521023660E-001	1,000000000000000E+000
-1,8397582E-001	-2,228236630843528E-001	1,000000000000000E+000
-1,8291329E-001	-2,169395057005910E-001	1,000000000000000E+000
-1,8197714E-001	-2,119361038009318E-001	1,000000000000000E+000
-1,8087985E-001	-1,980898014315038E-001	1,000000000000000E+000
-1,7998654E-001	-1,957280846448457E-001	1,000000000000000E+000
-1,7878541E-001	-1,966737501465501E-001	1,000000000000000E+000
-1,7793818E-001	-1,937508531684413E-001	1,000000000000000E+000
-1,7678757E-001	-1,872529408655179E-001	1,000000000000000E+000
-1,7593396E-001	-1,832437660616254E-001	1,000000000000000E+000
-1,7497100E-001	-1,726225756251046E-001	1,000000000000000E+000
-1,7390303E-001	-1,686539224109653E-001	1,000000000000000E+000
-1,7285879E-001	-1,700559911486281E-001	1,000000000000000E+000
-1,7191495E-001	-1,680303933519296E-001	1,000000000000000E+000
-1,7093122E-001	-1,630441870268744E-001	1,000000000000000E+000
-1,6992816E-001	-1,581669813086690E-001	1,000000000000000E+000
-1,6890387E-001	-1,546731810117814E-001	1,000000000000000E+000
-1,6785438E-001	-1,502839537473237E-001	1,000000000000000E+000
-1,6690882E-001	-1,383756549136402E-001	1,000000000000000E+000
-1,6586395E-001	-1,407592305848890E-001	1,000000000000000E+000
-1,6491756E-001	-1,407993128701090E-001	1,000000000000000E+000
-1,6398159E-001	-1,359721404781645E-001	1,000000000000000E+000
-1,6287556E-001	-1,323930908207935E-001	1,000000000000000E+000
-1,6201326E-001	-1,301503331439256E-001	1,000000000000000E+000
-1,6094629E-001	-1,263373494633313E-001	1,000000000000000E+000
-1,5983495E-001	-1,188127295980748E-001	1,000000000000000E+000
-1,5887737E-001	-1,103161664472680E-001	1,000000000000000E+000
-1,5808915E-001	-1,128454293470385E-001	1,000000000000000E+000
-1,5675321E-001	-1,134863339021748E-001	1,000000000000000E+000
-1,5590386E-001	-1,101795763776559E-001	1,000000000000000E+000
-1,5503454E-001	-1,062155925707582E-001	1,000000000000000E+000
-1,5383810E-001	-1,023088575408715E-001	1,000000000000000E+000
-1,5283865E-001	-9,968988238284116E-002	1,000000000000000E+000
-1,5198058E-001	-9,747513002528452E-002	1,000000000000000E+000
-1,5101485E-001	-8,983536372640311E-002	1,000000000000000E+000
-1,4987004E-001	-8,141174535073037E-002	1,000000000000000E+000
-1,4896844E-001	-8,529430107996139E-002	1,000000000000000E+000
-1,4795159E-001	-8,509070633186222E-002	1,000000000000000E+000
-1,4680099E-001	-8,174959133126913E-002	1,000000000000000E+000
-1,4595695E-001	-7,821760616368700E-002	1,000000000000000E+000
-1,4495790E-001	-7,479314994189834E-002	1,000000000000000E+000
-1,4386697E-001	-7,236419521925386E-002	1,000000000000000E+000
-1,4299022E-001	-7,004955347009756E-002	1,000000000000000E+000
-1,4187421E-001	-6,720428191895024E-002	1,000000000000000E+000
-1,4092547E-001	-6,413590841677647E-002	1,000000000000000E+000
-1,3995135E-001	-5,251730125665843E-002	1,000000000000000E+000
-1,3892262E-001	-5,380844386915357E-002	1,000000000000000E+000
-1,3797136E-001	-5,496725028529498E-002	1,000000000000000E+000
-1,3698122E-001	-5,247042953851633E-002	1,000000000000000E+000
-1,3593338E-001	-5,052904605690833E-002	1,000000000000000E+000
-1,3484329E-001	-4,804643740256609E-002	1,000000000000000E+000
-1,3390858E-001	-4,464700507620967E-002	1,000000000000000E+000
-1,3293630E-001	-4,232048367460539E-002	1,000000000000000E+000
-1,3198313E-001	-3,940565454346745E-002	1,000000000000000E+000
-1,3090321E-001	-3,722037920346755E-002	1,000000000000000E+000
-1,3003583E-001	-2,636292950531542E-002	1,000000000000000E+000
-1,2897335E-001	-2,469937358465457E-002	1,000000000000000E+000
-1,2783018E-001	-2,751601025374839E-002	1,000000000000000E+000
-1,2697083E-001	-2,584354540481898E-002	1,000000000000000E+000
-1,2589262E-001	-2,279086175419964E-002	1,000000000000000E+000
-1,2493882E-001	-2,002576009666268E-002	1,000000000000000E+000
-1,2400007E-001	-1,779743300115415E-002	1,000000000000000E+000
-1,2285924E-001	-1,501854592505776E-002	1,000000000000000E+000
-1,2200032E-001	-1,337407572565197E-002	1,000000000000000E+000
-1,2104588E-001	-1,001939036066485E-002	1,000000000000000E+000
-1,1988828E-001	-7,767522469394994E-003	1,000000000000000E+000
-1,1898180E-001	2,033977131708921E-003	1,000000000000000E+000
-1,1804142E-001	4,855279892530630E-003	1,000000000000000E+000
-1,1688296E-001	7,890663306208516E-004	1,000000000000000E+000
-1,1591471E-001	1,945539781988574E-003	1,000000000000000E+000
-1,1502841E-001	5,191427225630242E-003	1,000000000000000E+000
-1,1381837E-001	8,112831995377842E-003	1,000000000000000E+000
-1,1295585E-001	1,055217850989720E-002	1,000000000000000E+000
-1,1185832E-001	1,164460408633913E-002	1,000000000000000E+000
-1,1084230E-001	1,427312579855627E-002	1,000000000000000E+000
-1,1001652E-001	1,765750209334427E-002	1,000000000000000E+000
-1,0901514E-001	1,996832783495645E-002	1,000000000000000E+000
-1,0810201E-001	2,559418094299165E-002	1,000000000000000E+000
-1,0702243E-001	3,432976355583783E-002	1,000000000000000E+000
-1,0578310E-001	3,032717465127169E-002	1,000000000000000E+000
-1,0497449E-001	2,937175191982536E-002	1,000000000000000E+000
-1,0404107E-001	3,212773359498711E-002	1,000000000000000E+000
-1,0291360E-001	3,444195405447514E-002	1,000000000000000E+000
-1,0189314E-001	3,717609200329103E-002	1,000000000000000E+000
-1,0097606E-001	4,100774488486214E-002	1,000000000000000E+000
-9,9853903E-002	4,361633169982168E-002	1,000000000000000E+000
-9,9003479E-002	4,516409263871735E-002	1,000000000000000E+000
-9,7987041E-002	4,713516679961086E-002	1,000000000000000E+000
-9,6937492E-002	4,962159539233357E-002	1,000000000000000E+000
-9,5930807E-002	5,581688154133131E-002	1,000000000000000E+000
-9,4926096E-002	6,347170327272689E-002	1,000000000000000E+000
-9,3957856E-002	5,910603520088542E-002	1,000000000000000E+000
-9,2929117E-002	5,881633406857478E-002	1,000000000000000E+000
-9,1834128E-002	6,105759636395525E-002	1,000000000000000E+000
-9,0879686E-002	6,438259223472809E-002	1,000000000000000E+000
-8,9866444E-002	6,626734689618585E-002	1,000000000000000E+000
-8,8893518E-002	6,798647036096872E-002	1,000000000000000E+000
-8,7978140E-002	7,027990618775615E-002	1,000000000000000E+000
-8,7018386E-002	7,146606809854172E-002	1,000000000000000E+000
-8,5935079E-002	7,354529905650362E-002	1,000000000000000E+000
-8,4954314E-002	7,724758526779207E-002	1,000000000000000E+000
-8,4012590E-002	7,922438126762321E-002	1,000000000000000E+000
-8,2916558E-002	7,950093532660213E-002	1,000000000000000E+000
-8,1951268E-002	8,619461525166883E-002	1,000000000000000E+000
-8,0932550E-002	9,407466971444767E-002	1,000000000000000E+000
-7,9959422E-002	8,876799846863520E-002	1,000000000000000E+000
-7,8882068E-002	8,686330550537802E-002	1,000000000000000E+000
-7,7961378E-002	9,007992512649954E-002	1,000000000000000E+000
-7,6970838E-002	9,282699626702273E-002	1,000000000000000E+000
-7,5962678E-002	9,575795198422077E-002	1,000000000000000E+000
-7,4955799E-002	9,712331921036832E-002	1,000000000000000E+000
-7,3935121E-002	9,783145518708314E-002	1,000000000000000E+000
-7,2997026E-002	9,934634490087380E-002	1,000000000000000E+000
-7,2030053E-002	1,029025055953148E-001	1,000000000000000E+000
-7,0908748E-002	1,038924982664562E-001	1,000000000000000E+000
-6,9896132E-002	1,051486490501297E-001	1,000000000000000E+000
-6,8939574E-002	1,070843038631010E-001	1,000000000000000E+000
-6,7890011E-002	1,090791309559587E-001	1,000000000000000E+000
-6,7080267E-002	1,174263919221834E-001	1,000000000000000E+000
-6,5840416E-002	1,210533939673848E-001	1,000000000000000E+000
-6,4970240E-002	1,161066208620065E-001	1,000000000000000E+000
-6,4104743E-002	1,158502163986365E-001	1,000000000000000E+000
-6,2856920E-002	1,183345210221085E-001	1,000000000000000E+000
-6,1978258E-002	1,218989571449741E-001	1,000000000000000E+000
-6,1023809E-002	1,232901994581983E-001	1,000000000000000E+000
-6,0029451E-002	1,243117908323056E-001	1,000000000000000E+000
-5,9024271E-002	1,262531694438722E-001	1,000000000000000E+000
-5,7866454E-002	1,283014399167668E-001	1,000000000000000E+000
-5,6951068E-002	1,296772048048701E-001	1,000000000000000E+000
-5,5956930E-002	1,315502980546122E-001	1,000000000000000E+000
-5,4981045E-002	1,332291186198649E-001	1,000000000000000E+000
-5,3893492E-002	1,352150556113987E-001	1,000000000000000E+000
-5,2979592E-002	1,365657854411344E-001	1,000000000000000E+000
-5,2018989E-002	1,385461884783581E-001	1,000000000000000E+000
-5,0907932E-002	1,421888828335796E-001	1,000000000000000E+000
-5,0043471E-002	1,526794175022386E-001	1,000000000000000E+000
-4,8888631E-002	1,490244365057967E-001	1,000000000000000E+000
-4,7897458E-002	1,462198843445446E-001	1,000000000000000E+000
-4,7003720E-002	1,469719276517732E-001	1,000000000000000E+000
-4,5853764E-002	1,498782664081471E-001	1,000000000000000E+000
-4,4952814E-002	1,514968643071670E-001	1,000000000000000E+000
-4,3881822E-002	1,538015462315850E-001	1,000000000000000E+000
-4,3227538E-002	1,568686481979167E-001	1,000000000000000E+000
-4,2080130E-002	1,573184598851691E-001	1,000000000000000E+000
-4,0512618E-002	1,583722905294658E-001	1,000000000000000E+000
-4,0221341E-002	1,610500163159383E-001	1,000000000000000E+000
-3,9105769E-002	1,627474997464260E-001	1,000000000000000E+000
-3,7919510E-002	1,641805304421323E-001	1,000000000000000E+000
-3,6828775E-002	1,657929849979052E-001	1,000000000000000E+000
-3,5954785E-002	1,675655474666398E-001	1,000000000000000E+000
-3,5021339E-002	1,734189696467687E-001	1,000000000000000E+000
-3,3831522E-002	1,814932786413312E-001	1,000000000000000E+000
-3,3018876E-002	1,774285511896272E-001	1,000000000000000E+000
-3,1987369E-002	1,749635403070386E-001	1,000000000000000E+000
-3,0965209E-002	1,767132136899615E-001	1,000000000000000E+000
-2,9907806E-002	1,797588910008530E-001	1,000000000000000E+000
-2,8903471E-002	1,816097170457300E-001	1,000000000000000E+000
-2,7986385E-002	1,820571997442229E-001	1,000000000000000E+000
-2,6994364E-002	1,841992130567736E-001	1,000000000000000E+000
-2,5970712E-002	1,868612483829362E-001	1,000000000000000E+000
-2,4922226E-002	1,895540214932733E-001	1,000000000000000E+000
-2,3802411E-002	1,906284176641044E-001	1,000000000000000E+000
-2,2945613E-002	1,920260201926189E-001	1,000000000000000E+000
-2,1977156E-002	1,936611777863515E-001	1,000000000000000E+000
-2,0953503E-002	1,952114716857778E-001	1,000000000000000E+000
-1,9903323E-002	1,971817035842431E-001	1,000000000000000E+000
-1,8922748E-002	2,028716061193133E-001	1,000000000000000E+000
-1,8060265E-002	2,095156480241309E-001	1,000000000000000E+000
-1,6846834E-002	2,062941559545131E-001	1,000000000000000E+000
-1,5986005E-002	2,043699529151328E-001	1,000000000000000E+000
-1,5017758E-002	2,052377779651176E-001	1,000000000000000E+000
-1,3901979E-002	2,086643563719311E-001	1,000000000000000E+000
-1,2972792E-002	2,112392363649427E-001	1,000000000000000E+000
-1,1871234E-002	2,125734210357122E-001	1,000000000000000E+000
-1,0952026E-002	2,133941645766353E-001	1,000000000000000E+000
-9,9882381E-003	2,159310787974391E-001	1,000000000000000E+000
-8,8854060E-003	2,170538313544570E-001	1,000000000000000E+000
-8,0171451E-003	2,186431594050695E-001	1,000000000000000E+000
-7,0775575E-003	2,212114575150834E-001	1,000000000000000E+000
-5,9180469E-003	2,229852840989930E-001	1,000000000000000E+000
-4,9381265E-003	2,249531765151507E-001	1,000000000000000E+000
-3,9834664E-003	2,257272757447534E-001	1,000000000000000E+000
-3,0692520E-003	2,286662784915983E-001	1,000000000000000E+000
-2,0005198E-003	2,401402370111714E-001	1,000000000000000E+000
-8,5799140E-004	2,367391186999153E-001	1,000000000000000E+000
3,0436477E-005	2,337161229030849E-001	1,000000000000000E+000
8,5942529E-004	2,367431471745176E-001	1,000000000000000E+000
2,1412096E-003	2,385428558821636E-001	1,000000000000000E+000
3,1113653E-003	2,397230911301445E-001	1,000000000000000E+000
3,9193379E-003	2,417281019734223E-001	1,000000000000000E+000
5,1847766E-003	2,424016493605454E-001	1,000000000000000E+000
6,0861991E-003	2,451901489548614E-001	1,000000000000000E+000
6,0479352E-003	2,455408871173859E-001	2,000000000000000E+000
6,4163534E-003	2,461213339734574E-001	2,000000000000000E+000
7,6968647E-003	2,470199154825738E-001	2,000000000000000E+000
8,7169064E-003	2,487630114644872E-001	2,000000000000000E+000
9,2777843E-003	2,511018231226551E-001	2,000000000000000E+000
1,0792017E-002	2,537326827360736E-001	2,000000000000000E+000
1,1745613E-002	2,547508807361332E-001	2,000000000000000E+000
1,2355528E-002	2,561860156129119E-001	2,000000000000000E+000
1,3631447E-002	2,649277728180304E-001	2,000000000000000E+000
1,4600216E-002	2,695720802779151E-001	2,000000000000000E+000
1,5493527E-002	2,640764683827816E-001	2,000000000000000E+000
1,6791234E-002	2,625868016847467E-001	2,000000000000000E+000
1,7632745E-002	2,658742677206951E-001	2,000000000000000E+000
1,8617338E-002	2,679742907542584E-001	2,000000000000000E+000
1,9742033E-002	2,706602859543632E-001	2,000000000000000E+000
2,0652751E-002	2,727656073725992E-001	2,000000000000000E+000
2,1624601E-002	2,739719045801188E-001	2,000000000000000E+000
2,2699626E-002	2,749646569007185E-001	2,000000000000000E+000
2,3527341E-002	2,770460025219812E-001	2,000000000000000E+000
2,4576250E-002	2,785797777533947E-001	2,000000000000000E+000
2,5713474E-002	2,820806022921021E-001	2,000000000000000E+000
2,6687663E-002	2,834427676668085E-001	2,000000000000000E+000
2,7736999E-002	2,839165545172166E-001	2,000000000000000E+000
2,8584557E-002	2,874211952148472E-001	2,000000000000000E+000
2,9598096E-002	2,982756554168491E-001	2,000000000000000E+000
3,0695621E-002	2,954494951215268E-001	2,000000000000000E+000
3,1643275E-002	2,919086011663445E-001	2,000000000000000E+000
3,2603029E-002	2,932729207580742E-001	2,000000000000000E+000
3,3581253E-002	2,958333667096058E-001	2,000000000000000E+000
3,4614243E-002	2,975162173938273E-001	2,000000000000000E+000
3,5677802E-002	2,992911252367776E-001	2,000000000000000E+000
3,6603805E-002	3,008851028150978E-001	2,000000000000000E+000
3,7713427E-002	3,035443849835753E-001	2,000000000000000E+000
3,8746204E-002	3,053120703876222E-001	2,000000000000000E+000
3,9653525E-002	3,061062868412900E-001	2,000000000000000E+000
4,0731095E-002	3,084898797032007E-001	2,000000000000000E+000
4,1723330E-002	3,104751463138697E-001	2,000000000000000E+000
4,2178921E-002	3,115614321496749E-001	2,000000000000000E+000
4,3753859E-002	3,135276224994517E-001	2,000000000000000E+000
4,4594523E-002	3,159234996613431E-001	2,000000000000000E+000
4,5386367E-002	3,254140951968214E-001	2,000000000000000E+000
4,6691891E-002	3,264906250082689E-001	2,000000000000000E+000
4,7710449E-002	3,223737018092319E-001	2,000000000000000E+000
4,8691209E-002	3,235721595443059E-001	2,000000000000000E+000
4,9518507E-002	3,248111419638402E-001	2,000000000000000E+000
5,0725777E-002	3,268479743338624E-001	2,000000000000000E+000
5,1691476E-002	3,287821474433352E-001	2,000000000000000E+000
5,2678823E-002	3,297496516930147E-001	2,000000000000000E+000
5,3664051E-002	3,330445287671567E-001	2,000000000000000E+000
5,4610007E-002	3,356469610072148E-001	2,000000000000000E+000
5,5556815E-002	3,360963599665805E-001	2,000000000000000E+000
5,6675777E-002	3,379972503559352E-001	2,000000000000000E+000
5,7595626E-002	3,403031978458682E-001	2,000000000000000E+000
5,8631591E-002	3,420267634921608E-001	2,000000000000000E+000
5,9579879E-002	3,436436329308590E-001	2,000000000000000E+000
6,0618177E-002	3,452098803504171E-001	2,000000000000000E+000
6,1666839E-002	3,560906365229236E-001	2,000000000000000E+000
6,2592633E-002	3,564738886909460E-001	2,000000000000000E+000
6,3687183E-002	3,516316549761935E-001	2,000000000000000E+000
6,4801477E-002	3,532669961568899E-001	2,000000000000000E+000
6,5658055E-002	3,557120680925436E-001	2,000000000000000E+000
6,6614628E-002	3,575433910009442E-001	2,000000000000000E+000
6,7571625E-002	3,602525091264406E-001	2,000000000000000E+000
6,8601854E-002	3,612471471230192E-001	2,000000000000000E+000
6,9573499E-002	3,627353156205366E-001	2,000000000000000E+000
7,0707321E-002	3,646864671932741E-001	2,000000000000000E+000
7,1478985E-002	3,664897855099607E-001	2,000000000000000E+000
7,2619826E-002	3,691021717256975E-001	2,000000000000000E+000
7,3698670E-002	3,708685908738214E-001	2,000000000000000E+000
7,4503675E-002	3,728717258264732E-001	2,000000000000000E+000
7,5619444E-002	3,739198034292910E-001	2,000000000000000E+000
7,6717123E-002	3,818526709672163E-001	2,000000000000000E+000
7,7557392E-002	3,883537695898354E-001	2,000000000000000E+000
7,8554086E-002	3,824884745926180E-001	2,000000000000000E+000
7,9678990E-002	3,817805645909806E-001	2,000000000000000E+000
8,0657005E-002	3,843556278281759E-001	2,000000000000000E+000
8,1610598E-002	3,867048514528317E-001	2,000000000000000E+000
8,2619183E-002	3,882666106995512E-001	2,000000000000000E+000
8,3579563E-002	3,900450981325578E-001	2,000000000000000E+000
8,4547602E-002	3,918675005552359E-001	2,000000000000000E+000
8,5553423E-002	3,933987140771933E-001	2,000000000000000E+000
8,6564764E-002	3,953063938469210E-001	2,000000000000000E+000
8,7585010E-002	3,976095946014160E-001	2,000000000000000E+000
8,8598482E-002	4,001789348678559E-001	2,000000000000000E+000
8,9546554E-002	4,016965730439157E-001	2,000000000000000E+000
9,0565108E-002	4,035448873182759E-001	2,000000000000000E+000
9,1570169E-002	4,081601505879213E-001	2,000000000000000E+000
9,2653349E-002	4,162724588337980E-001	2,000000000000000E+000
9,3523309E-002	4,131529378937553E-001	2,000000000000000E+000
9,4579436E-002	4,110113396956064E-001	2,000000000000000E+000
9,5684379E-002	4,126893482559044E-001	2,000000000000000E+000
9,6633941E-002	4,159997008197625E-001	2,000000000000000E+000
9,7509854E-002	4,178127798885622E-001	2,000000000000000E+000
9,8566405E-002	4,191736924694847E-001	2,000000000000000E+000
9,9654168E-002	4,216696732004896E-001	2,000000000000000E+000
1,0038848E-001	4,234708505229925E-001	2,000000000000000E+000
1,0170572E-001	4,246648748715725E-001	2,000000000000000E+000
1,0267396E-001	4,263313885506550E-001	2,000000000000000E+000
1,0348617E-001	4,294112177643310E-001	2,000000000000000E+000
1,0462870E-001	4,315188799325071E-001	2,000000000000000E+000
1,0561223E-001	4,330783057828533E-001	2,000000000000000E+000
1,0650768E-001	4,388901396046592E-001	2,000000000000000E+000
1,0764443E-001	4,455891323159453E-001	2,000000000000000E+000
1,0863730E-001	4,412075707740657E-001	2,000000000000000E+000
1,0951809E-001	4,406429882251857E-001	2,000000000000000E+000
1,1058739E-001	4,431317310340503E-001	2,000000000000000E+000
1,1159150E-001	4,449478064004018E-001	2,000000000000000E+000
1,1254658E-001	4,478356979929643E-001	2,000000000000000E+000
1,1366767E-001	4,492286257704512E-001	2,000000000000000E+000
1,1464249E-001	4,507282431327946E-001	2,000000000000000E+000
1,1555916E-001	4,528978441182219E-001	2,000000000000000E+000
1,1678150E-001	4,542755072600100E-001	2,000000000000000E+000
1,1753365E-001	4,567424492819949E-001	2,000000000000000E+000
1,1860951E-001	4,590350249717536E-001	2,000000000000000E+000
1,1966353E-001	4,611375878254580E-001	2,000000000000000E+000
1,2052350E-001	4,625078237149864E-001	2,000000000000000E+000
1,2160399E-001	4,698765566637241E-001	2,000000000000000E+000
1,2262151E-001	4,755747268597301E-001	2,000000000000000E+000
1,2353647E-001	4,706913883888371E-001	2,000000000000000E+000
1,2464759E-001	4,699787778986824E-001	2,000000000000000E+000
1,2571220E-001	4,721489975280635E-001	2,000000000000000E+000
1,2661336E-001	4,747435980372963E-001	2,000000000000000E+000
1,2759118E-001	4,780944624281904E-001	2,000000000000000E+000
1,2849616E-001	4,795440289825716E-001	2,000000000000000E+000
1,2963635E-001	4,805531048914409E-001	2,000000000000000E+000
1,3068801E-001	4,820987580266476E-001	2,000000000000000E+000
1,3158961E-001	4,853461020522665E-001	2,000000000000000E+000
1,3261199E-001	4,872153850349914E-001	2,000000000000000E+000
1,3364689E-001	4,886638810922813E-001	2,000000000000000E+000
1,3458796E-001	4,906739783926053E-001	2,000000000000000E+000
1,3560396E-001	4,926658480673947E-001	2,000000000000000E+000
1,3666177E-001	5,026622403400139E-001	2,000000000000000E+000
1,3762704E-001	5,038931840681480E-001	2,000000000000000E+000
1,3871033E-001	4,999883502152647E-001	2,000000000000000E+000
1,3951491E-001	4,999510128723665E-001	2,000000000000000E+000
1,4055426E-001	5,024993923660892E-001	2,000000000000000E+000
1,4164753E-001	5,052375281682346E-001	2,000000000000000E+000
1,4255786E-001	5,083188429190256E-001	2,000000000000000E+000
1,4356366E-001	5,093005796273564E-001	2,000000000000000E+000
1,4464803E-001	5,111473739832748E-001	2,000000000000000E+000
1,4571434E-001	5,131432516823731E-001	2,000000000000000E+000
1,4656562E-001	5,145531204697251E-001	2,000000000000000E+000
1,4765359E-001	5,170166642961291E-001	2,000000000000000E+000
1,4853480E-001	5,185619037042164E-001	2,000000000000000E+000
1,4956035E-001	5,208258658078408E-001	2,000000000000000E+000
1,5051065E-001	5,233372979693938E-001	2,000000000000000E+000
1,5150107E-001	5,343334784912361E-001	2,000000000000000E+000
1,5265124E-001	5,321672474060026E-001	2,000000000000000E+000
1,5360864E-001	5,292659953637555E-001	2,000000000000000E+000
1,5454866E-001	5,304968956560423E-001	2,000000000000000E+000
1,5561922E-001	5,328385149154604E-001	2,000000000000000E+000
1,5658960E-001	5,347183328251256E-001	2,000000000000000E+000
1,5757504E-001	5,372909215447086E-001	2,000000000000000E+000
1,5864241E-001	5,391154142174246E-001	2,000000000000000E+000
1,5953913E-001	5,407817231284255E-001	2,000000000000000E+000
1,6066210E-001	5,421290474607519E-001	2,000000000000000E+000
1,6158408E-001	5,437557935947552E-001	2,000000000000000E+000
1,6244683E-001	5,458579026421335E-001	2,000000000000000E+000
1,6369317E-001	5,484306407161057E-001	2,000000000000000E+000
1,6457142E-001	5,496229485078312E-001	2,000000000000000E+000
1,6555578E-001	5,514307331306760E-001	2,000000000000000E+000
1,6658120E-001	5,590816934450729E-001	2,000000000000000E+000
1,6766207E-001	5,637230880416209E-001	2,000000000000000E+000
1,6857384E-001	5,590882967032189E-001	2,000000000000000E+000
1,6953744E-001	5,586448576262519E-001	2,000000000000000E+000
1,7058271E-001	5,614373021655630E-001	2,000000000000000E+000
1,7153697E-001	5,636162264595939E-001	2,000000000000000E+000
1,7264913E-001	5,649745589018700E-001	2,000000000000000E+000
1,7360018E-001	5,660941354387123E-001	2,000000000000000E+000
1,7464760E-001	5,681188757621891E-001	2,000000000000000E+000
1,7552607E-001	5,694197735800941E-001	2,000000000000000E+000
1,7664947E-001	5,702390641090469E-001	2,000000000000000E+000
1,7761728E-001	5,724730796516972E-001	2,000000000000000E+000
1,7851822E-001	5,748019729766796E-001	2,000000000000000E+000
1,7964083E-001	5,751449012896055E-001	2,000000000000000E+000
1,8062752E-001	5,767316895200771E-001	2,000000000000000E+000
1,8154356E-001	5,785454188266570E-001	2,000000000000000E+000
1,8271007E-001	5,792656176167306E-001	2,000000000000000E+000
1,8354160E-001	5,794583507425464E-001	2,000000000000000E+000
1,8462735E-001	5,820506479552332E-001	2,000000000000000E+000
1,8556720E-001	5,930616046276160E-001	2,000000000000000E+000
1,8651213E-001	5,910943922871290E-001	2,000000000000000E+000
1,8770306E-001	5,867444118549532E-001	2,000000000000000E+000
1,8859701E-001	5,873728254745307E-001	2,000000000000000E+000
1,8954314E-001	5,901300240980683E-001	2,000000000000000E+000
1,9056807E-001	5,920353616109226E-001	2,000000000000000E+000
1,9150215E-001	5,935761571163312E-001	2,000000000000000E+000
1,9253258E-001	5,955601768930343E-001	2,000000000000000E+000
1,9359106E-001	5,967745456663458E-001	2,000000000000000E+000
1,9449711E-001	5,983437222312205E-001	2,000000000000000E+000
1,9561099E-001	6,013313045906319E-001	2,000000000000000E+000
1,9655885E-001	6,026597534332208E-001	2,000000000000000E+000
1,9753155E-001	6,040047550341106E-001	2,000000000000000E+000
1,9857453E-001	6,058823366959896E-001	2,000000000000000E+000
1,9954255E-001	6,080069129497545E-001	2,000000000000000E+000
2,0008400E-001	6,096333861351013E-001	2,000000000000000E+000
2,0057693E-001	6,101450324058533E-001	2,000000000000000E+000
2,0035304E-001	6,102881431579590E-001	2,000000000000000E+000
2,0048577E-001	5,279400966634658E-001	2,000000000000000E+000
1,9965608E-001	2,830701532721935E-001	2,000000000000000E+000
1,9774318E-001	1,842344129108831E-001	2,000000000000000E+000
1,9644015E-001	2,588198530720542E-001	2,000000000000000E+000
1,9588919E-001	3,210074181889029E-001	2,000000000000000E+000
1,9487013E-001	2,891958902279534E-001	2,000000000000000E+000
1,9379467E-001	2,410025563504969E-001	2,000000000000000E+000
1,9273044E-001	2,304424562446208E-001	2,000000000000000E+000
1,9162209E-001	2,382968445276177E-001	2,000000000000000E+000
1,9087186E-001	2,360110373960613E-001	2,000000000000000E+000
1,8975332E-001	2,284902570633376E-001	2,000000000000000E+000
1,8892242E-001	2,137731578614979E-001	2,000000000000000E+000
1,8724412E-001	2,077061807115872E-001	2,000000000000000E+000
1,8681847E-001	2,081500588877439E-001	2,000000000000000E+000
1,8591519E-001	2,054214400122873E-001	2,000000000000000E+000
1,8447377E-001	1,994378074660847E-001	2,000000000000000E+000
1,8383060E-001	1,891213791580714E-001	2,000000000000000E+000
1,8295743E-001	1,787487432076079E-001	2,000000000000000E+000
1,8180767E-001	1,811064420132125E-001	2,000000000000000E+000
1,8074156E-001	1,799612076461523E-001	2,000000000000000E+000
1,7982511E-001	1,752383977517535E-001	2,000000000000000E+000
1,7877747E-001	1,693396011703747E-001	2,000000000000000E+000
1,7781672E-001	1,573933293823044E-001	2,000000000000000E+000
1,7674424E-001	1,550986178077033E-001	2,000000000000000E+000
1,7575796E-001	1,568045945346563E-001	2,000000000000000E+000
1,7476059E-001	1,546125370595193E-001	2,000000000000000E+000
1,7373507E-001	1,499677670071828E-001	2,000000000000000E+000
1,7271926E-001	1,449995850238737E-001	2,000000000000000E+000
1,7176650E-001	1,416745879412500E-001	2,000000000000000E+000
1,7074624E-001	1,393117885309041E-001	2,000000000000000E+000
1,6984464E-001	1,282161787837850E-001	2,000000000000000E+000
1,6880426E-001	1,228425002789462E-001	2,000000000000000E+000
1,6764411E-001	1,255431200439083E-001	2,000000000000000E+000
1,6665974E-001	1,233190454885417E-001	2,000000000000000E+000
1,6566624E-001	1,202018874901113E-001	2,000000000000000E+000
1,6489540E-001	1,168894105002335E-001	2,000000000000000E+000
1,6381043E-001	1,139955731729667E-001	2,000000000000000E+000
1,6278739E-001	1,102298820042049E-001	2,000000000000000E+000
1,6187003E-001	1,009897524798160E-001	2,000000000000000E+000
1,6076329E-001	9,514418464742525E-002	2,000000000000000E+000
1,5972137E-001	9,831372482909140E-002	2,000000000000000E+000
1,5867437E-001	9,753793837121005E-002	2,000000000000000E+000
1,5775770E-001	9,332008636718248E-002	2,000000000000000E+000
1,5685271E-001	8,985362983528641E-002	2,000000000000000E+000
1,5576728E-001	8,688769365350402E-002	2,000000000000000E+000
1,5490817E-001	8,422736032257983E-002	2,000000000000000E+000
1,5371956E-001	8,080098392060275E-002	2,000000000000000E+000
1,5282644E-001	7,491703961487584E-002	2,000000000000000E+000
1,5189625E-001	6,583937193014822E-002	2,000000000000000E+000
1,5067285E-001	6,972022189034366E-002	2,000000000000000E+000
1,4979270E-001	6,966444251641712E-002	2,000000000000000E+000
1,4884017E-001	6,657274246390454E-002	2,000000000000000E+000
1,4776601E-001	6,329228554305810E-002	2,000000000000000E+000
1,4664257E-001	5,952976993446814E-002	2,000000000000000E+000
1,4580107E-001	5,791435349318727E-002	2,000000000000000E+000
1,4480670E-001	5,548646257213671E-002	2,000000000000000E+000
1,4377414E-001	5,197017104203272E-002	2,000000000000000E+000
1,4298654E-001	4,168364570917527E-002	2,000000000000000E+000
1,4166701E-001	3,911980577241692E-002	2,000000000000000E+000
1,4060430E-001	4,166498205045677E-002	2,000000000000000E+000
1,3997379E-001	4,129617396473706E-002	2,000000000000000E+000
1,3862450E-001	3,944725641890212E-002	2,000000000000000E+000
1,3776515E-001	3,507734637039694E-002	2,000000000000000E+000
1,3695316E-001	3,249951118454608E-002	2,000000000000000E+000
1,3569789E-001	3,088006656616926E-002	2,000000000000000E+000
1,3483411E-001	2,789206826896087E-002	2,000000000000000E+000
1,3385630E-001	2,503577246049345E-002	2,000000000000000E+000
1,3289271E-001	2,238116483365754E-002	2,000000000000000E+000
1,3179138E-001	1,215656620853323E-002	2,000000000000000E+000
1,3075247E-001	9,274395643034172E-003	2,000000000000000E+000
1,2978297E-001	1,391746697562565E-002	2,000000000000000E+000
1,2874742E-001	1,343583315004555E-002	2,000000000000000E+000
1,2782885E-001	7,682097394030668E-003	2,000000000000000E+000
1,2675552E-001	6,168268945859590E-003	2,000000000000000E+000
1,2587006E-001	5,044031597612436E-003	2,000000000000000E+000
1,2477573E-001	2,282323096134563E-003	2,000000000000000E+000
1,2374508E-001	-6,155409535849462E-004	2,000000000000000E+000
1,2278214E-001	-2,745886894444986E-003	2,000000000000000E+000
1,2181241E-001	-4,836998083646904E-003	2,000000000000000E+000
1,2080649E-001	-7,942701451712414E-003	2,000000000000000E+000
1,1979444E-001	-1,898168866339095E-002	2,000000000000000E+000
1,1881749E-001	-1,799848621845335E-002	2,000000000000000E+000
1,1767305E-001	-1,472799596073553E-002	2,000000000000000E+000
1,1674239E-001	-1,645305725812957E-002	2,000000000000000E+000
1,1578900E-001	-1,960096335844551E-002	2,000000000000000E+000
1,1478465E-001	-2,261737997347762E-002	2,000000000000000E+000
1,1377820E-001	-2,347524465343058E-002	2,000000000000000E+000
1,1280847E-001	-2,597736714556551E-002	2,000000000000000E+000
1,1170840E-001	-2,857259314906607E-002	2,000000000000000E+000
1,1079770E-001	-3,099221783365158E-002	2,000000000000000E+000
1,0984834E-001	-3,309647686263711E-002	2,000000000000000E+000
1,0881513E-001	-3,587875864913151E-002	2,000000000000000E+000
1,0781013E-001	-3,850197789910857E-002	2,000000000000000E+000
1,0684471E-001	-4,913652890940701E-002	2,000000000000000E+000
1,0570727E-001	-4,767890164334365E-002	2,000000000000000E+000
1,0484942E-001	-4,517253964311529E-002	2,000000000000000E+000
1,0380518E-001	-4,689314328991001E-002	2,000000000000000E+000
1,0250343E-001	-4,984296738984983E-002	2,000000000000000E+000
1,0189670E-001	-5,231709488564074E-002	2,000000000000000E+000
1,0097644E-001	-5,360166530671340E-002	2,000000000000000E+000
9,9602304E-002	-5,658775671488714E-002	2,000000000000000E+000
9,8759100E-002	-5,899868100823374E-002	2,000000000000000E+000
9,7896352E-002	-6,033542623804833E-002	2,000000000000000E+000
9,6774206E-002	-6,236227562799784E-002	2,000000000000000E+000
9,5812120E-002	-6,484340839799377E-002	2,000000000000000E+000
9,4865941E-002	-7,427609735006811E-002	2,000000000000000E+000
9,3803704E-002	-7,601748752575865E-002	2,000000000000000E+000
9,2795976E-002	-7,295271878441179E-002	2,000000000000000E+000
9,1812640E-002	-7,370878107758461E-002	2,000000000000000E+000
9,0793878E-002	-7,634770061203078E-002	2,000000000000000E+000
8,9807808E-002	-7,942773848481011E-002	2,000000000000000E+000
8,8799007E-002	-8,109829597944762E-002	2,000000000000000E+000
8,7693416E-002	-8,253174799837248E-002	2,000000000000000E+000
8,6759143E-002	-8,476601002944828E-002	2,000000000000000E+000
8,5878566E-002	-8,670908562069357E-002	2,000000000000000E+000
8,4847279E-002	-8,904663860448614E-002	2,000000000000000E+000
8,3721943E-002	-9,192711220788996E-002	2,000000000000000E+000
8,2882345E-002	-9,350689160863945E-002	2,000000000000000E+000
8,1851371E-002	-9,633816682455476E-002	2,000000000000000E+000
8,0841444E-002	-1,078753332953460E-001	2,000000000000000E+000
7,9791896E-002	-1,057644948191911E-001	2,000000000000000E+000
7,8792870E-002	-1,023247671594921E-001	2,000000000000000E+000
7,7771336E-002	-1,052166958963628E-001	2,000000000000000E+000
7,6817319E-002	-1,085910988978054E-001	2,000000000000000E+000
7,5790703E-002	-1,096472589334655E-001	2,000000000000000E+000
7,4758768E-002	-1,110796536150802E-001	2,000000000000000E+000
7,3815778E-002	-1,136131605340376E-001	2,000000000000000E+000
7,2815694E-002	-1,155980193580035E-001	2,000000000000000E+000
7,1800962E-002	-1,175542488522801E-001	2,000000000000000E+000
7,0754170E-002	-1,200347371713080E-001	2,000000000000000E+000
6,9723941E-002	-1,221385731607572E-001	2,000000000000000E+000
6,8915330E-002	-1,238038278631091E-001	2,000000000000000E+000
6,7772008E-002	-1,275843711191553E-001	2,000000000000000E+000
6,6644110E-002	-1,374333791577048E-001	2,000000000000000E+000
6,5922327E-002	-1,338420196682110E-001	2,000000000000000E+000
6,4843908E-002	-1,322823745479877E-001	2,000000000000000E+000
6,3764840E-002	-1,339569672256604E-001	2,000000000000000E+000
6,2802322E-002	-1,363829574822577E-001	2,000000000000000E+000
6,1824538E-002	-1,384927222954699E-001	2,000000000000000E+000
6,0821682E-002	-1,391798587137598E-001	2,000000000000000E+000
5,9840072E-002	-1,407428968911213E-001	2,000000000000000E+000
5,8703061E-002	-1,438780749837558E-001	2,000000000000000E+000
5,7995494E-002	-1,459401259134112E-001	2,000000000000000E+000
5,6751281E-002	-1,468291796772969E-001	2,000000000000000E+000
5,5612363E-002	-1,484144654710284E-001	2,000000000000000E+000
5,4980159E-002	-1,509598616895447E-001	2,000000000000000E+000
5,3780954E-002	-1,530263658625901E-001	2,000000000000000E+000
5,2794002E-002	-1,558203125993409E-001	2,000000000000000E+000
5,2110277E-002	-1,660463943391932E-001	2,000000000000000E+000
5,0726600E-002	-1,621216238515143E-001	2,000000000000000E+000
4,9750920E-002	-1,593183658131032E-001	2,000000000000000E+000
4,9032528E-002	-1,610922012348763E-001	2,000000000000000E+000
4,7612343E-002	-1,637680217908285E-001	2,000000000000000E+000
4,6924941E-002	-1,662398207861564E-001	2,000000000000000E+000
4,5967519E-002	-1,676454806292897E-001	2,000000000000000E+000
4,4626512E-002	-1,690575110616104E-001	2,000000000000000E+000
4,3871608E-002	-1,705376249220625E-001	2,000000000000000E+000
4,2903155E-002	-1,725901357971858E-001	2,000000000000000E+000
4,1782912E-002	-1,747215423319066E-001	2,000000000000000E+000
4,0769450E-002	-1,770768991716771E-001	2,000000000000000E+000
3,9981645E-002	-1,775928958280324E-001	2,000000000000000E+000
3,8646791E-002	-1,791499793471298E-001	2,000000000000000E+000
3,7852611E-002	-1,811242305912959E-001	2,000000000000000E+000
3,6867812E-002	-1,831582894212453E-001	2,000000000000000E+000
3,5796322E-002	-1,916586942485690E-001	2,000000000000000E+000
3,4918409E-002	-1,956061455938554E-001	2,000000000000000E+000
3,3858459E-002	-1,906593612155927E-001	2,000000000000000E+000
3,2688122E-002	-1,906160914578425E-001	2,000000000000000E+000
3,1816460E-002	-1,919700278118004E-001	2,000000000000000E+000
3,0871354E-002	-1,941294244251264E-001	2,000000000000000E+000
2,9754303E-002	-1,960457866047764E-001	2,000000000000000E+000
2,8865663E-002	-1,980408177122528E-001	2,000000000000000E+000
2,8045164E-002	-1,995705560192516E-001	2,000000000000000E+000
2,6770599E-002	-2,017057780047056E-001	2,000000000000000E+000
2,5914228E-002	-2,044250651508464E-001	2,000000000000000E+000
2,4875505E-002	-2,055194104711211E-001	2,000000000000000E+000
2,3847820E-002	-2,071169985607009E-001	2,000000000000000E+000
2,2909719E-002	-2,085436608370703E-001	2,000000000000000E+000
2,2061199E-002	-2,103279024304348E-001	2,000000000000000E+000
2,0807439E-002	-2,123447766191222E-001	2,000000000000000E+000
1,9798281E-002	-2,195845637341134E-001	2,000000000000000E+000
1,8921290E-002	-2,240908367708068E-001	2,000000000000000E+000
1,7861765E-002	-2,191877579381170E-001	2,000000000000000E+000
1,6881632E-002	-2,195714149210186E-001	2,000000000000000E+000
1,6383801E-002	-2,216243434910812E-001	2,000000000000000E+000
1,4803126E-002	-2,230416815113534E-001	2,000000000000000E+000
1,3717489E-002	-2,257505922138483E-001	2,000000000000000E+000
1,2855171E-002	-2,273464868065078E-001	2,000000000000000E+000
1,1945729E-002	-2,285063582304350E-001	2,000000000000000E+000
1,0835680E-002	-2,301359897828654E-001	2,000000000000000E+000
9,7564124E-003	-2,324741705508346E-001	2,000000000000000E+000
8,8452697E-003	-2,341676129920720E-001	2,000000000000000E+000
7,8354180E-003	-2,365153581874127E-001	2,000000000000000E+000
7,0278705E-003	-2,373305878362668E-001	2,000000000000000E+000
5,7900278E-003	-2,390636980190823E-001	2,000000000000000E+000
4,7706226E-003	-2,409064750503997E-001	2,000000000000000E+000
4,1242442E-003	-2,452235743403435E-001	2,000000000000000E+000
2,8271605E-003	-2,542177183074985E-001	2,000000000000000E+000
1,6789015E-003	-2,511153846636356E-001	2,000000000000000E+000
8,1828283E-004	-2,507614254265920E-001	2,000000000000000E+000
-1,9687625E-004	-2,505629048035996E-001	2,000000000000000E+000
-1,1320056E-003	-2,525303880942777E-001	2,000000000000000E+000
-2,2876959E-003	-2,539657637761494E-001	2,000000000000000E+000
-3,2665546E-003	-2,557626907623165E-001	2,000000000000000E+000
-4,1726022E-003	-2,579223169789957E-001	2,000000000000000E+000
-5,1833033E-003	-2,596639172212836E-001	2,000000000000000E+000
-6,1335051E-003	-2,616163247504217E-001	2,000000000000000E+000
-7,2087399E-003	-2,629477712843151E-001	2,000000000000000E+000
-8,1408983E-003	-2,649882126812977E-001	2,000000000000000E+000
-9,0605319E-003	-2,663673445866961E-001	2,000000000000000E+000
-1,0175250E-002	-2,685958969523199E-001	2,000000000000000E+000
-1,1217371E-002	-2,708829683704401E-001	2,000000000000000E+000
-1,2139227E-002	-2,730849955728947E-001	2,000000000000000E+000
-1,3133872E-002	-2,829486293808765E-001	2,000000000000000E+000
-1,4226938E-002	-2,810252652885117E-001	2,000000000000000E+000
-1,5182659E-002	-2,785271926970587E-001	2,000000000000000E+000
-1,6129252E-002	-2,792026704183722E-001	2,000000000000000E+000
-1,7192813E-002	-2,818613111287247E-001	2,000000000000000E+000
-1,8000787E-002	-2,837806309204700E-001	2,000000000000000E+000
-1,9297004E-002	-2,852993327994926E-001	2,000000000000000E+000
-2,0167176E-002	-2,872551330203548E-001	2,000000000000000E+000
-2,1221608E-002	-2,884116016696971E-001	2,000000000000000E+000
-2,2110464E-002	-2,905262585684092E-001	2,000000000000000E+000
-2,3168076E-002	-2,930956030258027E-001	2,000000000000000E+000
-2,4173895E-002	-2,958437487767589E-001	2,000000000000000E+000
-2,5112422E-002	-2,970719092764842E-001	2,000000000000000E+000
-2,6177682E-002	-2,980597613528103E-001	2,000000000000000E+000
-2,7115993E-002	-2,998083609046356E-001	2,000000000000000E+000
-2,8064026E-002	-3,047954445711279E-001	2,000000000000000E+000
-2,9396983E-002	-3,133779039554723E-001	2,000000000000000E+000
-2,9921986E-002	-3,096569745361593E-001	2,000000000000000E+000
-3,1168109E-002	-3,064047026564363E-001	2,000000000000000E+000
-3,2196857E-002	-3,086387564738584E-001	2,000000000000000E+000
-3,2896563E-002	-3,116303741246358E-001	2,000000000000000E+000
-3,4272604E-002	-3,138012122492198E-001	2,000000000000000E+000
-3,5290945E-002	-3,158157486339198E-001	2,000000000000000E+000
-3,5965815E-002	-3,164102129780463E-001	2,000000000000000E+000
-3,7201110E-002	-3,189594208508613E-001	2,000000000000000E+000
-3,8228583E-002	-3,207585055820861E-001	2,000000000000000E+000
-3,9132297E-002	-3,216844346671781E-001	2,000000000000000E+000
-4,0134929E-002	-3,237787236769987E-001	2,000000000000000E+000
-4,1206561E-002	-3,263817987107260E-001	2,000000000000000E+000
-4,2177781E-002	-3,280133399012914E-001	2,000000000000000E+000
-4,3219257E-002	-3,294436136881487E-001	2,000000000000000E+000
-4,4149254E-002	-3,314768416328455E-001	2,000000000000000E+000
-4,5029622E-002	-3,418814887603117E-001	2,000000000000000E+000
-4,6210993E-002	-3,414384386204699E-001	2,000000000000000E+000
-4,7155041E-002	-3,381401874551848E-001	2,000000000000000E+000
-4,8232399E-002	-3,384228712982607E-001	2,000000000000000E+000
-4,9137384E-002	-3,411430122408389E-001	2,000000000000000E+000
-5,0180141E-002	-3,424994640194606E-001	2,000000000000000E+000
-5,1171102E-002	-3,453697635753388E-001	2,000000000000000E+000
-5,2185833E-002	-3,468176466865565E-001	2,000000000000000E+000
-5,3141348E-002	-3,478031933191241E-001	2,000000000000000E+000
-5,3988591E-002	-3,499305531667135E-001	2,000000000000000E+000
-5,5183340E-002	-3,517915672726089E-001	2,000000000000000E+000
-5,6286596E-002	-3,542012309319231E-001	2,000000000000000E+000
-5,7048716E-002	-3,560204548282648E-001	2,000000000000000E+000
-5,8073640E-002	-3,574721557540914E-001	2,000000000000000E+000
-5,9168406E-002	-3,590076043231716E-001	2,000000000000000E+000
-6,0193542E-002	-3,602240876902609E-001	2,000000000000000E+000
-6,1160296E-002	-3,699112827178188E-001	2,000000000000000E+000
-6,2052723E-002	-3,728367259674199E-001	2,000000000000000E+000
-6,3301392E-002	-3,683582093864182E-001	2,000000000000000E+000
-6,4056307E-002	-3,676269475642275E-001	2,000000000000000E+000
-6,5108813E-002	-3,698395847588669E-001	2,000000000000000E+000
-6,6230118E-002	-3,729817692462039E-001	2,000000000000000E+000
-6,7153789E-002	-3,742871163218906E-001	2,000000000000000E+000
-6,8214796E-002	-3,750828368679837E-001	2,000000000000000E+000
-6,9186658E-002	-3,782994692123296E-001	2,000000000000000E+000
-7,0053212E-002	-3,798805451369844E-001	2,000000000000000E+000
-7,1157753E-002	-3,809748534953954E-001	2,000000000000000E+000
-7,2203048E-002	-3,824019610765390E-001	2,000000000000000E+000
-7,3166616E-002	-3,848275078667527E-001	2,000000000000000E+000
-7,4103244E-002	-3,869521450380686E-001	2,000000000000000E+000
-7,5134106E-002	-3,891929535117624E-001	2,000000000000000E+000
-7,6034367E-002	-3,963697554621219E-001	2,000000000000000E+000
-7,7186905E-002	-4,020272059456662E-001	2,000000000000000E+000
-7,8178070E-002	-3,967315700202665E-001	2,000000000000000E+000
-7,9145886E-002	-3,957101905252776E-001	2,000000000000000E+000
-8,0264851E-002	-3,985993799805208E-001	2,000000000000000E+000
-8,1130780E-002	-4,010851690481005E-001	2,000000000000000E+000
-8,2144246E-002	-4,031349205308494E-001	2,000000000000000E+000
-8,3196551E-002	-4,051322705215874E-001	2,000000000000000E+000
-8,4005378E-002	-4,065222589221476E-001	2,000000000000000E+000
-8,5163608E-002	-4,080959100716033E-001	2,000000000000000E+000
-8,6204454E-002	-4,100992021202607E-001	2,000000000000000E+000
-8,7141924E-002	-4,121975311944772E-001	2,000000000000000E+000
-8,8207401E-002	-4,142065662761327E-001	2,000000000000000E+000
-8,9108132E-002	-4,164889697826268E-001	2,000000000000000E+000
-9,0197161E-002	-4,177342984411454E-001	2,000000000000000E+000
-9,1146126E-002	-4,212011625252967E-001	2,000000000000000E+000
-9,2119396E-002	-4,321379317746818E-001	2,000000000000000E+000
-9,3178704E-002	-4,291762437399791E-001	2,000000000000000E+000
-9,4194509E-002	-4,265445415771367E-001	2,000000000000000E+000
-9,5091850E-002	-4,276437720917681E-001	2,000000000000000E+000
-9,6151166E-002	-4,295609497930855E-001	2,000000000000000E+000
-9,7163558E-002	-4,325854434476542E-001	2,000000000000000E+000
-9,8125651E-002	-4,349957191281844E-001	2,000000000000000E+000
-9,9078409E-002	-4,365258975045032E-001	2,000000000000000E+000
-1,0009886E-001	-4,374028413116728E-001	2,000000000000000E+000
-1,0110935E-001	-4,402230882551530E-001	2,000000000000000E+000
-1,0229732E-001	-4,420361439956153E-001	2,000000000000000E+000
-1,0313120E-001	-4,440729529920251E-001	2,000000000000000E+000
-1,0408562E-001	-4,462345027261314E-001	2,000000000000000E+000
-1,0516894E-001	-4,480318677378823E-001	2,000000000000000E+000
-1,0609608E-001	-4,527534094005308E-001	2,000000000000000E+000
-1,0714956E-001	-4,610633723463673E-001	2,000000000000000E+000
-1,0813393E-001	-4,565833654552183E-001	2,000000000000000E+000
-1,0917074E-001	-4,557566718237158E-001	2,000000000000000E+000
-1,1013751E-001	-4,579150139599921E-001	2,000000000000000E+000
-1,1118662E-001	-4,599382669419159E-001	2,000000000000000E+000
-1,1215996E-001	-4,626138598412375E-001	2,000000000000000E+000
-1,1316536E-001	-4,637120150857497E-001	2,000000000000000E+000
-1,1421830E-001	-4,657147068517382E-001	2,000000000000000E+000
-1,1522264E-001	-4,679854376332111E-001	2,000000000000000E+000
-1,1617453E-001	-4,700093077974294E-001	2,000000000000000E+000
-1,1703070E-001	-4,718957690444459E-001	2,000000000000000E+000
-1,1826408E-001	-4,737678131722438E-001	2,000000000000000E+000
-1,1924825E-001	-4,753906544711866E-001	2,000000000000000E+000
-1,2006620E-001	-4,776738827026250E-001	2,000000000000000E+000
-1,2113804E-001	-4,870915414843091E-001	2,000000000000000E+000
-1,2213172E-001	-4,893306655899821E-001	2,000000000000000E+000
-1,2323434E-001	-4,850945949438037E-001	2,000000000000000E+000
-1,2391155E-001	-4,859146889713060E-001	2,000000000000000E+000
-1,2510906E-001	-4,881759077996115E-001	2,000000000000000E+000
-1,2624542E-001	-4,911346293843533E-001	2,000000000000000E+000
-1,2713937E-001	-4,931956369869628E-001	2,000000000000000E+000
-1,2811887E-001	-4,946691629528566E-001	2,000000000000000E+000
-1,2913129E-001	-4,961664518406081E-001	2,000000000000000E+000
-1,3013689E-001	-4,978535370577859E-001	2,000000000000000E+000
-1,3113253E-001	-4,997412571618844E-001	2,000000000000000E+000
-1,3221498E-001	-5,027399037757676E-001	2,000000000000000E+000
-1,3311549E-001	-5,045499724672275E-001	2,000000000000000E+000
-1,3417906E-001	-5,049054608033557E-001	2,000000000000000E+000
-1,3517128E-001	-5,073571061948305E-001	2,000000000000000E+000
-1,3600364E-001	-5,183169731689219E-001	2,000000000000000E+000
-1,3715658E-001	-5,194832035405033E-001	2,000000000000000E+000
-1,3819443E-001	-5,156150592697983E-001	2,000000000000000E+000
-1,3913934E-001	-5,162089003456956E-001	2,000000000000000E+000
-1,4018251E-001	-5,190124007705084E-001	2,000000000000000E+000
-1,4107881E-001	-5,207569584535006E-001	2,000000000000000E+000
-1,4209248E-001	-5,217874616953637E-001	2,000000000000000E+000
-1,4311421E-001	-5,243650678700446E-001	2,000000000000000E+000
-1,4426374E-001	-5,264055265320664E-001	2,000000000000000E+000
-1,4514963E-001	-5,284011963910101E-001	2,000000000000000E+000
-1,4616500E-001	-5,306420168425472E-001	2,000000000000000E+000
-1,4716488E-001	-5,332907313584450E-001	2,000000000000000E+000
-1,4828131E-001	-5,348172096225117E-001	2,000000000000000E+000
-1,4917965E-001	-5,369556678666001E-001	2,000000000000000E+000
-1,5021476E-001	-5,484642121979650E-001	2,000000000000000E+000
-1,5114057E-001	-5,471452687892864E-001	2,000000000000000E+000
-1,5214427E-001	-5,425558377044375E-001	2,000000000000000E+000
-1,5348677E-001	-5,440699148910220E-001	2,000000000000000E+000
-1,5357681E-001	-5,474754502259516E-001	2,000000000000000E+000
-1,5520437E-001	-5,492501711705708E-001	2,000000000000000E+000
-1,5617116E-001	-5,516969252364827E-001	2,000000000000000E+000
-1,5703240E-001	-5,536276911411218E-001	2,000000000000000E+000
-1,5800703E-001	-5,561501475814206E-001	2,000000000000000E+000
-1,5925039E-001	-5,577382151645409E-001	2,000000000000000E+000
-1,6018850E-001	-5,590151872666951E-001	2,000000000000000E+000
-1,6102852E-001	-5,612100219586864E-001	2,000000000000000E+000
-1,6205810E-001	-5,625906575910944E-001	2,000000000000000E+000
-1,6315946E-001	-5,654063964482487E-001	2,000000000000000E+000
-1,6405298E-001	-5,722425893117276E-001	2,000000000000000E+000
-1,6520758E-001	-5,791405215342014E-001	2,000000000000000E+000
-1,6603042E-001	-5,740514681480562E-001	2,000000000000000E+000
-1,6718546E-001	-5,738056320567705E-001	2,000000000000000E+000
-1,6823053E-001	-5,767739113265034E-001	2,000000000000000E+000
-1,6913936E-001	-5,789048723333208E-001	2,000000000000000E+000
-1,7012246E-001	-5,813461318094699E-001	2,000000000000000E+000
-1,7120704E-001	-5,822543071375943E-001	2,000000000000000E+000
-1,7204684E-001	-5,844709730008608E-001	2,000000000000000E+000
-1,7320232E-001	-5,857869614588314E-001	2,000000000000000E+000
-1,7398079E-001	-5,880919584823365E-001	2,000000000000000E+000
-1,7505816E-001	-5,901383445404136E-001	2,000000000000000E+000
-1,7616905E-001	-5,923416416303056E-001	2,000000000000000E+000
-1,7710164E-001	-5,947290382852479E-001	2,000000000000000E+000
-1,7797260E-001	-6,017026710323989E-001	2,000000000000000E+000
-1,7920685E-001	-6,058912383871053E-001	2,000000000000000E+000
-1,8012139E-001	-6,030362461719463E-001	2,000000000000000E+000
-1,8109559E-001	-6,013239320212342E-001	2,000000000000000E+000
-1,8221115E-001	-6,042934715062263E-001	2,000000000000000E+000
-1,8304481E-001	-6,072129585275725E-001	2,000000000000000E+000
-1,8413766E-001	-6,077991547709765E-001	2,000000000000000E+000
-1,8512078E-001	-6,092413071698206E-001	2,000000000000000E+000
-1,8610770E-001	-6,123081997890645E-001	2,000000000000000E+000
-1,8708359E-001	-6,140722812593200E-001	2,000000000000000E+000
-1,8819024E-001	-6,152230291756720E-001	2,000000000000000E+000
-1,8910603E-001	-6,169304980172052E-001	2,000000000000000E+000
-1,9014308E-001	-6,184335174685760E-001	2,000000000000000E+000
-1,9111682E-001	-6,204274621041925E-001	2,000000000000000E+000
-1,9204155E-001	-6,221987428790374E-001	2,000000000000000E+000
-1,9311318E-001	-6,242754768140415E-001	2,000000000000000E+000
-1,9415767E-001	-6,273122080213707E-001	2,000000000000000E+000
-1,9505538E-001	-6,370615642647124E-001	2,000000000000000E+000
-1,9613506E-001	-6,342461723704912E-001	2,000000000000000E+000
-1,9721201E-001	-6,310569324478941E-001	2,000000000000000E+000
-1,9810659E-001	-6,318914345853646E-001	2,000000000000000E+000
-1,9898681E-001	-6,331538416478519E-001	2,000000000000000E+000
-1,9933031E-001	-6,340554952621460E-001	2,000000000000000E+000
-1,9968347E-001	-6,338016390800476E-001	2,000000000000000E+000
-1,9969369E-001	-5,446531132717292E-001	2,000000000000000E+000
-1,9876228E-001	-2,955232998420883E-001	2,000000000000000E+000
-1,9677687E-001	-2,086503394433135E-001	2,000000000000000E+000
-1,9562948E-001	-2,850588252088831E-001	2,000000000000000E+000
-1,9497842E-001	-3,413824625054582E-001	2,000000000000000E+000
-1,9427094E-001	-3,065974771290914E-001	2,000000000000000E+000
-1,9298068E-001	-2,543612739763277E-001	2,000000000000000E+000
-1,9188127E-001	-2,404197483912054E-001	2,000000000000000E+000
-1,9093554E-001	-2,517946678045613E-001	2,000000000000000E+000
-1,8998533E-001	-2,505845472559374E-001	2,000000000000000E+000
-1,8897185E-001	-2,418714388234844E-001	2,000000000000000E+000
-1,8801995E-001	-2,330363973289612E-001	2,000000000000000E+000
-1,8693604E-001	-2,279375582875209E-001	2,000000000000000E+000
-1,8598330E-001	-2,148793432732217E-001	2,000000000000000E+000
-1,8497750E-001	-2,083076163156261E-001	2,000000000000000E+000
-1,8398376E-001	-2,091794743448390E-001	2,000000000000000E+000
-1,8301639E-001	-2,056591653446148E-001	2,000000000000000E+000
-1,8201013E-001	-1,992717217039579E-001	2,000000000000000E+000
-1,8101612E-001	-1,889669690151803E-001	2,000000000000000E+000
-1,7995670E-001	-1,820597194277467E-001	2,000000000000000E+000
-1,7899421E-001	-1,830830055179025E-001	2,000000000000000E+000
-1,7794974E-001	-1,805734723748174E-001	2,000000000000000E+000
-1,7701927E-001	-1,750352049809105E-001	2,000000000000000E+000
-1,7586868E-001	-1,710029233460469E-001	2,000000000000000E+000
-1,7499530E-001	-1,663742747170756E-001	2,000000000000000E+000
-1,7406341E-001	-1,540148774381835E-001	2,000000000000000E+000
-1,7290094E-001	-1,554082455533923E-001	2,000000000000000E+000
-1,7195222E-001	-1,556712261161812E-001	2,000000000000000E+000
-1,7103344E-001	-1,521899191640035E-001	2,000000000000000E+000
-1,6990320E-001	-1,478062239928275E-001	2,000000000000000E+000
-1,6899675E-001	-1,442850521012181E-001	2,000000000000000E+000
-1,6805927E-001	-1,406512820685746E-001	2,000000000000000E+000
-1,6693628E-001	-1,298417634776945E-001	2,000000000000000E+000
-1,6607992E-001	-1,267593791886205E-001	2,000000000000000E+000
-1,6503741E-001	-1,291130496053178E-001	2,000000000000000E+000
-1,6391654E-001	-1,269916129579844E-001	2,000000000000000E+000
-1,6296759E-001	-1,235423324008783E-001	2,000000000000000E+000
-1,6196963E-001	-1,203825464164968E-001	2,000000000000000E+000
-1,6091374E-001	-1,163000072184435E-001	2,000000000000000E+000
-1,6000617E-001	-1,133520917760000E-001	2,000000000000000E+000
-1,5899017E-001	-1,117597939381894E-001	2,000000000000000E+000
-1,5802425E-001	-1,041340228241300E-001	2,000000000000000E+000
-1,5703504E-001	-9,509049682269999E-002	2,000000000000000E+000
-1,5592435E-001	-9,800129430045154E-002	2,000000000000000E+000
-1,5490645E-001	-9,819472102713478E-002	2,000000000000000E+000
-1,5396050E-001	-9,543640171371648E-002	2,000000000000000E+000
-1,5296994E-001	-9,295845399416658E-002	2,000000000000000E+000
-1,5204011E-001	-9,010597705491796E-002	2,000000000000000E+000
-1,5095215E-001	-8,651142631909664E-002	2,000000000000000E+000
-1,4995483E-001	-8,288167923456080E-002	2,000000000000000E+000
-1,4905429E-001	-8,099776671992398E-002	2,000000000000000E+000
-1,4794765E-001	-6,966568543591875E-002	2,000000000000000E+000
-1,4691786E-001	-6,845470982888302E-002	2,000000000000000E+000
-1,4607868E-001	-7,132775994493074E-002	2,000000000000000E+000
-1,4499454E-001	-7,052291557758728E-002	2,000000000000000E+000
-1,4401908E-001	-6,742887806386633E-002	2,000000000000000E+000
-1,4302365E-001	-6,370686836453388E-002	2,000000000000000E+000
-1,4196222E-001	-6,063784983335690E-002	2,000000000000000E+000
-1,4114513E-001	-5,849774878798691E-002	2,000000000000000E+000
-1,3988882E-001	-5,596784313577996E-002	2,000000000000000E+000
-1,3888915E-001	-5,357685234695153E-002	2,000000000000000E+000
-1,3806592E-001	-5,123018556170972E-002	2,000000000000000E+000
-1,3703910E-001	-4,028048559848674E-002	2,000000000000000E+000
-1,3594410E-001	-3,994709264871842E-002	2,000000000000000E+000
-1,3493383E-001	-4,205601644126640E-002	2,000000000000000E+000
-1,3398595E-001	-4,039055263031810E-002	2,000000000000000E+000
-1,3291243E-001	-3,780974751458022E-002	2,000000000000000E+000
-1,3201421E-001	-3,599349528950468E-002	2,000000000000000E+000
-1,3099547E-001	-3,291769599632566E-002	2,000000000000000E+000
-1,2991428E-001	-2,995154066189157E-002	2,000000000000000E+000
-1,2901461E-001	-2,775905422822675E-002	2,000000000000000E+000
-1,2804446E-001	-2,605626174530088E-002	2,000000000000000E+000
-1,2710632E-001	-2,116123807091849E-002	2,000000000000000E+000
-1,2599973E-001	-9,411144466765942E-003	2,000000000000000E+000
-1,2485933E-001	-1,318405216766730E-002	2,000000000000000E+000
-1,2392293E-001	-1,534939115238856E-002	2,000000000000000E+000
-1,2299670E-001	-1,315224022922240E-002	2,000000000000000E+000
-1,2200788E-001	-1,073749416375200E-002	2,000000000000000E+000
-1,2103135E-001	-8,297935913409077E-003	2,000000000000000E+000
-1,2004401E-001	-5,411523414447086E-003	2,000000000000000E+000
-1,1884288E-001	-3,669284209536279E-003	2,000000000000000E+000
-1,1802090E-001	-2,657237423313235E-003	2,000000000000000E+000
-1,1705817E-001	8,172729727091467E-004	2,000000000000000E+000
-1,1583667E-001	3,029693650230710E-003	2,000000000000000E+000
-1,1502806E-001	5,859904177668795E-003	2,000000000000000E+000
-1,1397997E-001	8,813756856701105E-003	2,000000000000000E+000
-1,1273307E-001	1,950578116581414E-002	2,000000000000000E+000
-1,1208069E-001	1,702529018338181E-002	2,000000000000000E+000
-1,1104325E-001	1,369711622788197E-002	2,000000000000000E+000
-1,0985253E-001	1,658373901449926E-002	2,000000000000000E+000
-1,0919252E-001	1,984107965795889E-002	2,000000000000000E+000
-1,0795149E-001	2,207661711064357E-002	2,000000000000000E+000
-1,0679241E-001	2,368566987044884E-002	2,000000000000000E+000
-1,0614194E-001	2,548898765639426E-002	2,000000000000000E+000
-1,0485125E-001	2,764160159575924E-002	2,000000000000000E+000
-1,0402204E-001	3,052334854186886E-002	2,000000000000000E+000
-1,0315335E-001	3,156105407025384E-002	2,000000000000000E+000
-1,0185608E-001	3,355821511811685E-002	2,000000000000000E+000
-1,0088958E-001	3,885788810778959E-002	2,000000000000000E+000
-1,0017265E-001	4,870986211689247E-002	2,000000000000000E+000
-9,8835252E-002	4,591400808729107E-002	2,000000000000000E+000
-9,7974204E-002	4,376902822049393E-002	2,000000000000000E+000
-9,7073257E-002	4,474332684589588E-002	2,000000000000000E+000
-9,5860675E-002	4,779897770236441E-002	2,000000000000000E+000
-9,4948046E-002	4,976368764295724E-002	2,000000000000000E+000
-9,4076604E-002	5,182765564273306E-002	2,000000000000000E+000
-9,2903502E-002	5,373043957741989E-002	2,000000000000000E+000
-9,2061780E-002	5,607498342821304E-002	2,000000000000000E+000
-9,0993755E-002	5,816079331028357E-002	2,000000000000000E+000
-8,9901760E-002	5,982943964530321E-002	2,000000000000000E+000
-8,8889360E-002	6,189934394367624E-002	2,000000000000000E+000
-8,8138275E-002	6,379173038052011E-002	2,000000000000000E+000
-8,7078646E-002	6,683974666844336E-002	2,000000000000000E+000
-8,5918643E-002	7,811032180244282E-002	2,000000000000000E+000
-8,5040398E-002	7,631761166218576E-002	2,000000000000000E+000
-8,3942659E-002	7,204695854953685E-002	2,000000000000000E+000
-8,2989484E-002	7,390181374567950E-002	2,000000000000000E+000
-8,2038857E-002	7,704610855984773E-002	2,000000000000000E+000
-8,0950461E-002	7,959976484319964E-002	2,000000000000000E+000
-8,0012575E-002	8,145228887830558E-002	2,000000000000000E+000
-7,9022892E-002	8,335443222151495E-002	2,000000000000000E+000
-7,7998400E-002	8,483751095061766E-002	2,000000000000000E+000
-7,6828897E-002	8,700115611039405E-002	2,000000000000000E+000
-7,6301351E-002	9,042625023317274E-002	2,000000000000000E+000
-7,4863113E-002	9,204463756921344E-002	2,000000000000000E+000
-7,3756672E-002	9,374827302397315E-002	2,000000000000000E+000
-7,3319815E-002	9,777440526361025E-002	2,000000000000000E+000
-7,1911074E-002	1,067207990935359E-001	2,000000000000000E+000
-7,0877656E-002	1,032157479575191E-001	2,000000000000000E+000
-6,9966525E-002	1,016338442762694E-001	2,000000000000000E+000
-6,9133282E-002	1,041955620878279E-001	2,000000000000000E+000
-6,7964219E-002	1,063019375206848E-001	2,000000000000000E+000
-6,6939928E-002	1,076923356773072E-001	2,000000000000000E+000
-6,6076130E-002	1,094082776900098E-001	2,000000000000000E+000
-6,4934455E-002	1,120747645553719E-001	2,000000000000000E+000
-6,3988909E-002	1,134318630243399E-001	2,000000000000000E+000
-6,2997110E-002	1,161967517287448E-001	2,000000000000000E+000
-6,1904248E-002	1,189745798878403E-001	2,000000000000000E+000
-6,1039597E-002	1,206126935608665E-001	2,000000000000000E+000
-5,9997696E-002	1,218614205232978E-001	2,000000000000000E+000
-5,8940720E-002	1,237612357912848E-001	2,000000000000000E+000
-5,7978682E-002	1,309011150765909E-001	2,000000000000000E+000
-5,6984942E-002	1,368005560846843E-001	2,000000000000000E+000
-5,6050226E-002	1,323224721854790E-001	2,000000000000000E+000
-5,4897312E-002	1,322380711806348E-001	2,000000000000000E+000
-5,3997416E-002	1,346065827884659E-001	2,000000000000000E+000
-5,2974612E-002	1,369475242164400E-001	2,000000000000000E+000
-5,2016344E-002	1,388195705254072E-001	2,000000000000000E+000
-5,0976131E-002	1,402048655226174E-001	2,000000000000000E+000
-4,9988147E-002	1,419555853838879E-001	2,000000000000000E+000
-4,9011409E-002	1,446301324499978E-001	2,000000000000000E+000
-4,7987122E-002	1,469208158410359E-001	2,000000000000000E+000
-4,7064725E-002	1,490946282315742E-001	2,000000000000000E+000
-4,6024099E-002	1,499147488809989E-001	2,000000000000000E+000
-4,5019552E-002	1,523129532449992E-001	2,000000000000000E+000
-4,4038478E-002	1,578317034291099E-001	2,000000000000000E+000
-4,2905629E-002	1,661329457872647E-001	2,000000000000000E+000
-4,2038213E-002	1,614230672518415E-001	2,000000000000000E+000
-4,1021995E-002	1,596165806113272E-001	2,000000000000000E+000
-3,9873526E-002	1,617657859492789E-001	2,000000000000000E+000
-3,9119042E-002	1,643826396644319E-001	2,000000000000000E+000
-3,8043808E-002	1,655043394744602E-001	2,000000000000000E+000
-3,7013579E-002	1,679330745019900E-001	2,000000000000000E+000
-3,6012854E-002	1,699601519438962E-001	2,000000000000000E+000
-3,4913842E-002	1,716203052136636E-001	2,000000000000000E+000
-3,4022443E-002	1,735525847794228E-001	2,000000000000000E+000
-3,3019803E-002	1,748000266509024E-001	2,000000000000000E+000
-3,2116517E-002	1,764148126045866E-001	2,000000000000000E+000
-3,0914979E-002	1,787035814648128E-001	2,000000000000000E+000
-3,0042259E-002	1,806604378410459E-001	2,000000000000000E+000
-2,9276529E-002	1,822298264822977E-001	2,000000000000000E+000
-2,8052248E-002	1,852199664345893E-001	2,000000000000000E+000
-2,7047761E-002	1,957491030981249E-001	2,000000000000000E+000
-2,5933038E-002	1,924540052811308E-001	2,000000000000000E+000
-2,4997272E-002	1,896191326765497E-001	2,000000000000000E+000
-2,4122221E-002	1,921577254931135E-001	2,000000000000000E+000
-2,2965681E-002	1,929685162516154E-001	2,000000000000000E+000
-2,2088930E-002	1,945650500355338E-001	2,000000000000000E+000
-2,1090114E-002	1,978018299430715E-001	2,000000000000000E+000
-2,0013819E-002	1,996956987228864E-001	2,000000000000000E+000
-1,8978069E-002	2,007754061358145E-001	2,000000000000000E+000
-1,8035084E-002	2,025895403833903E-001	2,000000000000000E+000
-1,7028630E-002	2,039107965441274E-001	2,000000000000000E+000
-1,5890133E-002	2,055128501863995E-001	2,000000000000000E+000
-1,5078764E-002	2,079553740234893E-001	2,000000000000000E+000
-1,4009683E-002	2,092303942675549E-001	2,000000000000000E+000
-1,2980726E-002	2,111541821925331E-001	2,000000000000000E+000
-1,2152798E-002	2,124362031334184E-001	2,000000000000000E+000
-1,1008395E-002	2,229988654855539E-001	2,000000000000000E+000
-9,9773137E-003	2,236395594146514E-001	2,000000000000000E+000
-8,9973919E-003	2,190425044617665E-001	2,000000000000000E+000
-7,9397764E-003	2,188764423190155E-001	2,000000000000000E+000
-6,9452082E-003	2,224324031008618E-001	2,000000000000000E+000
-6,1951876E-003	2,239031782438468E-001	2,000000000000000E+000
-5,0840769E-003	2,265378521891158E-001	2,000000000000000E+000
-4,0534213E-003	2,279691696166992E-001	2,000000000000000E+000
-3,0756232E-003	2,291653119512678E-001	2,000000000000000E+000
-1,9723666E-003	2,304246364025557E-001	2,000000000000000E+000
-1,0501861E-003	2,321068582920516E-001	2,000000000000000E+000
-1,8298643E-004	2,345336864107392E-001	2,000000000000000E+000
1,0968875E-003	2,380885839520483E-001	2,000000000000000E+000
1,9080446E-003	2,396755854004167E-001	2,000000000000000E+000
3,0514218E-003	2,400889166585527E-001	2,000000000000000E+000
3,9318828E-003	2,428419371846955E-001	2,000000000000000E+000
4,9496675E-003	2,527303718573726E-001	2,000000000000000E+000
5,8267964E-003	2,517942428588857E-001	2,000000000000000E+000
6,3532759E-003	2,502211034297943E-001	3,000000000000000E+000
6,7478050E-003	2,478005812542201E-001	3,000000000000000E+000
7,6992800E-003	2,480595263542562E-001	3,000000000000000E+000
8,7324837E-003	2,512827267993196E-001	3,000000000000000E+000
9,5693264E-003	2,534438068040705E-001	3,000000000000000E+000
1,1270152E-002	2,544435575319864E-001	3,000000000000000E+000
1,1710455E-002	2,560680858021240E-001	3,000000000000000E+000
1,2355821E-002	2,578220120792851E-001	3,000000000000000E+000
1,3797028E-002	2,599901032517669E-001	3,000000000000000E+000
1,4840847E-002	2,614324666760193E-001	3,000000000000000E+000
1,5747104E-002	2,632527362341843E-001	3,000000000000000E+000
1,6636379E-002	2,657120299409148E-001	3,000000000000000E+000
1,7744733E-002	2,664012879476003E-001	3,000000000000000E+000
1,8591976E-002	2,680754414921269E-001	3,000000000000000E+000
1,9649804E-002	2,708354671227013E-001	3,000000000000000E+000
2,0698180E-002	2,730266804897425E-001	3,000000000000000E+000
2,1667140E-002	2,837799912441463E-001	3,000000000000000E+000
2,2780586E-002	2,806233758100357E-001	3,000000000000000E+000
2,3754349E-002	2,782656977004878E-001	3,000000000000000E+000
2,4551069E-002	2,798751651328835E-001	3,000000000000000E+000
2,5787855E-002	2,831151077116383E-001	3,000000000000000E+000
2,6838886E-002	2,847464189334348E-001	3,000000000000000E+000
2,7784416E-002	2,852590380158901E-001	3,000000000000000E+000
2,8645460E-002	2,867296152075545E-001	3,000000000000000E+000
2,9661043E-002	2,895042447522034E-001	3,000000000000000E+000
3,0618679E-002	2,900342396622158E-001	3,000000000000000E+000
3,1755898E-002	2,926718738001206E-001	3,000000000000000E+000
3,2673195E-002	2,954558285030853E-001	3,000000000000000E+000
3,3665854E-002	2,963029103832215E-001	3,000000000000000E+000
3,4624122E-002	2,983013365689355E-001	3,000000000000000E+000
3,5677489E-002	3,000001000376261E-001	3,000000000000000E+000
3,6640007E-002	3,011675901685118E-001	3,000000000000000E+000
3,7644200E-002	3,095411411648250E-001	3,000000000000000E+000
3,8673259E-002	3,143786946246934E-001	3,000000000000000E+000
3,9587375E-002	3,093099785490061E-001	3,000000000000000E+000
4,0704641E-002	3,083477936258241E-001	3,000000000000000E+000
4,1658662E-002	3,114589805805328E-001	3,000000000000000E+000
4,2693563E-002	3,134061193559310E-001	3,000000000000000E+000
4,3758396E-002	3,156083393712628E-001	3,000000000000000E+000
4,4578683E-002	3,169981095642367E-001	3,000000000000000E+000
4,5733102E-002	3,181187364906588E-001	3,000000000000000E+000
4,6757385E-002	3,199511030624214E-001	3,000000000000000E+000
4,7706310E-002	3,223124201500065E-001	3,000000000000000E+000
4,8644409E-002	3,242612269306058E-001	3,000000000000000E+000
4,9746826E-002	3,250609932389728E-001	3,000000000000000E+000
5,0666876E-002	3,271291704926016E-001	3,000000000000000E+000
5,1708359E-002	3,294105327222496E-001	3,000000000000000E+000
5,2624825E-002	3,358980479598452E-001	3,000000000000000E+000
5,3660739E-002	3,427622630907633E-001	3,000000000000000E+000
5,4726634E-002	3,378008401487014E-001	3,000000000000000E+000
5,5606995E-002	3,365940997997923E-001	3,000000000000000E+000
5,6646779E-002	3,388521499905943E-001	3,000000000000000E+000
5,7708211E-002	3,419397955424044E-001	3,000000000000000E+000
5,8656078E-002	3,438589151677052E-001	3,000000000000000E+000
5,9627719E-002	3,447918591943255E-001	3,000000000000000E+000
6,0670696E-002	3,461235011216353E-001	3,000000000000000E+000
6,1719816E-002	3,485980708824670E-001	3,000000000000000E+000
6,2613547E-002	3,506319079250595E-001	3,000000000000000E+000
6,3689202E-002	3,517219994488789E-001	3,000000000000000E+000
6,4631343E-002	3,535236044748071E-001	3,000000000000000E+000
6,5680042E-002	3,556217461138864E-001	3,000000000000000E+000
6,6625781E-002	3,584188559390080E-001	3,000000000000000E+000
6,7459241E-002	3,596994037830474E-001	3,000000000000000E+000
6,8645090E-002	3,620252784069935E-001	3,000000000000000E+000
6,9715165E-002	3,724343831741450E-001	3,000000000000000E+000
7,0683405E-002	3,700111787895582E-001	3,000000000000000E+000
7,1690716E-002	3,669279578090130E-001	3,000000000000000E+000
7,2627544E-002	3,677628948999998E-001	3,000000000000000E+000
7,3579229E-002	3,712348711560476E-001	3,000000000000000E+000
7,4655533E-002	3,729824083404516E-001	3,000000000000000E+000
7,5846031E-002	3,744035394370762E-001	3,000000000000000E+000
7,6563567E-002	3,760178940849297E-001	3,000000000000000E+000
7,7716082E-002	3,783881364312650E-001	3,000000000000000E+000
7,8677952E-002	3,803490124215996E-001	3,000000000000000E+000
7,9676345E-002	3,817129052347612E-001	3,000000000000000E+000
8,0635674E-002	3,831609847903668E-001	3,000000000000000E+000
8,1555098E-002	3,856544299374534E-001	3,000000000000000E+000
8,2653254E-002	3,876208282179299E-001	3,000000000000000E+000
8,3680309E-002	3,889028299470541E-001	3,000000000000000E+000
8,4583580E-002	3,903433018260527E-001	3,000000000000000E+000
8,5625678E-002	4,002504177365660E-001	3,000000000000000E+000
8,6807691E-002	4,015625568184378E-001	3,000000000000000E+000
8,7572783E-002	3,969258366075041E-001	3,000000000000000E+000
8,8769227E-002	3,964669042163420E-001	3,000000000000000E+000
8,9619651E-002	4,003464875665179E-001	3,000000000000000E+000
9,0699777E-002	4,020986748380695E-001	3,000000000000000E+000
9,1661014E-002	4,028002481467805E-001	3,000000000000000E+000
9,2626922E-002	4,051719436473720E-001	3,000000000000000E+000
9,3569480E-002	4,069634037570919E-001	3,000000000000000E+000
9,4712436E-002	4,088969195597914E-001	3,000000000000000E+000
9,5579639E-002	4,108959820651865E-001	3,000000000000000E+000
9,6707508E-002	4,124831822183404E-001	3,000000000000000E+000
9,7718850E-002	4,138381930145743E-001	3,000000000000000E+000
9,8596245E-002	4,159144523501812E-001	3,000000000000000E+000
9,9736005E-002	4,175574278924623E-001	3,000000000000000E+000
1,0065150E-001	4,200642276425945E-001	3,000000000000000E+000
1,0166631E-001	4,313000059790078E-001	3,000000000000000E+000
1,0276511E-001	4,300413153638765E-001	3,000000000000000E+000
1,0360599E-001	4,263661897275606E-001	3,000000000000000E+000
1,0470351E-001	4,274613630841491E-001	3,000000000000000E+000
1,0568725E-001	4,307108600365206E-001	3,000000000000000E+000
1,0659351E-001	4,327701764090701E-001	3,000000000000000E+000
1,0764242E-001	4,332912264314195E-001	3,000000000000000E+000
1,0868433E-001	4,351407924033186E-001	3,000000000000000E+000
1,0957785E-001	4,381149941020541E-001	3,000000000000000E+000
1,1061296E-001	4,399263687405943E-001	3,000000000000000E+000
1,1164106E-001	4,416768749554967E-001	3,000000000000000E+000
1,1256813E-001	4,442256670574559E-001	3,000000000000000E+000
1,1369388E-001	4,459916544599576E-001	3,000000000000000E+000
1,1466405E-001	4,472242785139118E-001	3,000000000000000E+000
1,1563324E-001	4,496273420324233E-001	3,000000000000000E+000
1,1658777E-001	4,617034080955706E-001	3,000000000000000E+000
1,1771926E-001	4,596199246201049E-001	3,000000000000000E+000
1,1862383E-001	4,560765049924780E-001	3,000000000000000E+000
1,1975998E-001	4,571138022389892E-001	3,000000000000000E+000
1,2057921E-001	4,599314804848600E-001	3,000000000000000E+000
1,2154702E-001	4,627634077009546E-001	3,000000000000000E+000
1,2268679E-001	4,634108742078160E-001	3,000000000000000E+000
1,2356398E-001	4,653437691287969E-001	3,000000000000000E+000
1,2472775E-001	4,682761969807978E-001	3,000000000000000E+000
1,2579617E-001	4,706171394080032E-001	3,000000000000000E+000
1,2660944E-001	4,723216212458077E-001	3,000000000000000E+000
1,2757452E-001	4,749686143865501E-001	3,000000000000000E+000
1,2859519E-001	4,763755410224100E-001	3,000000000000000E+000
1,2963451E-001	4,786422636890268E-001	3,000000000000000E+000
1,3064988E-001	4,887258217139685E-001	3,000000000000000E+000
1,3172066E-001	4,881856503844686E-001	3,000000000000000E+000
1,3266173E-001	4,850737901482107E-001	3,000000000000000E+000
1,3368879E-001	4,860867131372082E-001	3,000000000000000E+000
1,3472728E-001	4,891503903717318E-001	3,000000000000000E+000
1,3558516E-001	4,917417979902696E-001	3,000000000000000E+000
1,3671452E-001	4,933758948269926E-001	3,000000000000000E+000
1,3767576E-001	4,950757265776495E-001	3,000000000000000E+000
1,3855208E-001	4,958865061117765E-001	3,000000000000000E+000
1,3984831E-001	4,982914898816182E-001	3,000000000000000E+000
1,4067072E-001	5,017456316402091E-001	3,000000000000000E+000
1,4154088E-001	5,034944403903675E-001	3,000000000000000E+000
1,4265560E-001	5,050167544136954E-001	3,000000000000000E+000
1,4368564E-001	5,061846934517649E-001	3,000000000000000E+000
1,4457300E-001	5,095769277023567E-001	3,000000000000000E+000
1,4557303E-001	5,207635274338021E-001	3,000000000000000E+000
1,4672236E-001	5,183721052275754E-001	3,000000000000000E+000
1,4766259E-001	5,159492643174914E-001	3,000000000000000E+000
1,4866056E-001	5,173818546011022E-001	3,000000000000000E+000
1,4971711E-001	5,200478986306645E-001	3,000000000000000E+000
1,5056561E-001	5,221907974660613E-001	3,000000000000000E+000
1,5169670E-001	5,238263683988613E-001	3,000000000000000E+000
1,5259212E-001	5,253713587234330E-001	3,000000000000000E+000
1,5356205E-001	5,276439903342789E-001	3,000000000000000E+000
1,5466659E-001	5,297342608488793E-001	3,000000000000000E+000
1,5566202E-001	5,316154228316421E-001	3,000000000000000E+000
1,5672791E-001	5,334628930496468E-001	3,000000000000000E+000
1,5763630E-001	5,362557297469017E-001	3,000000000000000E+000
1,5849894E-001	5,430467599653648E-001	3,000000000000000E+000
1,5959038E-001	5,493271097139907E-001	3,000000000000000E+000
1,6061656E-001	5,453605213616459E-001	3,000000000000000E+000
1,6163510E-001	5,439277585893372E-001	3,000000000000000E+000
1,6258936E-001	5,466686659621907E-001	3,000000000000000E+000
1,6368604E-001	5,494984531542295E-001	3,000000000000000E+000
1,6461733E-001	5,521189279259282E-001	3,000000000000000E+000
1,6563207E-001	5,531258329348123E-001	3,000000000000000E+000
1,6658396E-001	5,549111723214288E-001	3,000000000000000E+000
1,6763648E-001	5,574283629086718E-001	3,000000000000000E+000
1,6868326E-001	5,601624971152184E-001	3,000000000000000E+000
1,6955088E-001	5,621197543158694E-001	3,000000000000000E+000
1,7063059E-001	5,636845227175704E-001	3,000000000000000E+000
1,7169055E-001	5,654557623396030E-001	3,000000000000000E+000
1,7251410E-001	5,739256389529661E-001	3,000000000000000E+000
1,7370068E-001	5,783383857019051E-001	3,000000000000000E+000
1,7474109E-001	5,739464005520070E-001	3,000000000000000E+000
1,7561784E-001	5,737733910597558E-001	3,000000000000000E+000
1,7668478E-001	5,763406341106432E-001	3,000000000000000E+000
1,7759953E-001	5,785670114888095E-001	3,000000000000000E+000
1,7857690E-001	5,812657625970612E-001	3,000000000000000E+000
1,7973006E-001	5,839727115817386E-001	3,000000000000000E+000
1,8059152E-001	5,856214470566350E-001	3,000000000000000E+000
1,8160561E-001	5,876018588573455E-001	3,000000000000000E+000
1,8236837E-001	5,900129631562665E-001	3,000000000000000E+000
1,8360750E-001	5,917323180086287E-001	3,000000000000000E+000
1,8474343E-001	5,928705566006531E-001	3,000000000000000E+000
1,8570393E-001	5,964398840377623E-001	3,000000000000000E+000
1,8649031E-001	6,074812021753253E-001	3,000000000000000E+000
1,8761674E-001	6,054479354643254E-001	3,000000000000000E+000
1,8868878E-001	6,024554883155764E-001	3,000000000000000E+000
1,8960902E-001	6,037335038417950E-001	3,000000000000000E+000
1,9064163E-001	6,073115592718956E-001	3,000000000000000E+000
1,9164531E-001	6,099745822139067E-001	3,000000000000000E+000
1,9262141E-001	6,107517068416595E-001	3,000000000000000E+000
1,9372277E-001	6,124892344879385E-001	3,000000000000000E+000
1,9459252E-001	6,148861742112786E-001	3,000000000000000E+000
1,9565842E-001	6,170858512891240E-001	3,000000000000000E+000
1,9666336E-001	6,187493782619837E-001	3,000000000000000E+000
1,9760934E-001	6,207783847478108E-001	3,000000000000000E+000
1,9863148E-001	6,221200433275147E-001	3,000000000000000E+000
1,9957066E-001	6,242804409444540E-001	3,000000000000000E+000
2,0008940E-001	6,258079409599304E-001	3,000000000000000E+000
2,0011213E-001	6,288714706897736E-001	3,000000000000000E+000
2,0049948E-001	5,505598869705040E-001	3,000000000000000E+000
1,9965664E-001	3,022067872386995E-001	3,000000000000000E+000
1,9776919E-001	1,972567688402100E-001	3,000000000000000E+000
1,9639468E-001	2,724033685937881E-001	3,000000000000000E+000
1,9575013E-001	3,360208118407932E-001	3,000000000000000E+000
1,9492672E-001	3,046075237895520E-001	3,000000000000000E+000
1,9388452E-001	2,489031845697260E-001	3,000000000000000E+000
1,9281344E-001	2,359478432271223E-001	3,000000000000000E+000
1,9152701E-001	2,470317880312605E-001	3,000000000000000E+000
1,9073409E-001	2,471041199233799E-001	3,000000000000000E+000
1,8981044E-001	2,383611112891235E-001	3,000000000000000E+000
1,8869358E-001	2,299510674686955E-001	3,000000000000000E+000
1,8794334E-001	2,189939468128930E-001	3,000000000000000E+000
1,8666352E-001	2,081322600101378E-001	3,000000000000000E+000
1,8577550E-001	2,089737862406764E-001	3,000000000000000E+000
1,8487222E-001	2,063509925857137E-001	3,000000000000000E+000
1,8378255E-001	1,999786173303921E-001	3,000000000000000E+000
1,8280314E-001	1,891321957454135E-001	3,000000000000000E+000
1,8170068E-001	1,797707607749741E-001	3,000000000000000E+000
1,8089738E-001	1,812915954667712E-001	3,000000000000000E+000
1,7972428E-001	1,786528889076888E-001	3,000000000000000E+000
1,7879066E-001	1,714326194649201E-001	3,000000000000000E+000
1,7785555E-001	1,646053371530591E-001	3,000000000000000E+000
1,7675611E-001	1,529303149873167E-001	3,000000000000000E+000
1,7573649E-001	1,526546008228460E-001	3,000000000000000E+000
1,7475106E-001	1,524868588167012E-001	3,000000000000000E+000
1,7383440E-001	1,475299108359556E-001	3,000000000000000E+000
1,7281730E-001	1,423288496233810E-001	3,000000000000000E+000
1,7170541E-001	1,355660405938077E-001	3,000000000000000E+000
1,7087215E-001	1,229039973711936E-001	3,000000000000000E+000
1,6985680E-001	1,244992725923009E-001	3,000000000000000E+000
1,6847928E-001	1,245756192511187E-001	3,000000000000000E+000
1,6795808E-001	1,185991950818188E-001	3,000000000000000E+000
1,6670942E-001	1,144716940648829E-001	3,000000000000000E+000
1,6551743E-001	1,117920577041028E-001	3,000000000000000E+000
1,6496751E-001	1,055901984202341E-001	3,000000000000000E+000
1,6377415E-001	9,489350540712227E-002	3,000000000000000E+000
1,6264202E-001	9,635388846315177E-002	3,000000000000000E+000
1,6188160E-001	9,641645908413937E-002	3,000000000000000E+000
1,6079810E-001	9,462628467331835E-002	3,000000000000000E+000
1,5968826E-001	9,039953005331958E-002	3,000000000000000E+000
1,5881383E-001	8,636852473136958E-002	3,000000000000000E+000
1,5780908E-001	8,377435113167553E-002	3,000000000000000E+000
1,5680614E-001	7,967463282451104E-002	3,000000000000000E+000
1,5587157E-001	6,800237361959371E-002	3,000000000000000E+000
1,5469655E-001	6,798158792419895E-002	3,000000000000000E+000
1,5374954E-001	7,008139775118476E-002	3,000000000000000E+000
1,5282713E-001	6,907549845588301E-002	3,000000000000000E+000
1,5180922E-001	6,628749431951708E-002	3,000000000000000E+000
1,5071128E-001	6,392280037349943E-002	3,000000000000000E+000
1,4987402E-001	5,957345903718525E-002	3,000000000000000E+000
1,4880046E-001	5,670740765829879E-002	3,000000000000000E+000
1,4755329E-001	5,355504465599853E-002	3,000000000000000E+000
1,4691770E-001	5,131568959364397E-002	3,000000000000000E+000
1,4588624E-001	4,850287250317509E-002	3,000000000000000E+000
1,4470483E-001	3,762591103683621E-002	3,000000000000000E+000
1,4385568E-001	3,931067856279291E-002	3,000000000000000E+000
1,4273015E-001	4,106352195231006E-002	3,000000000000000E+000
1,4164896E-001	3,921693807246307E-002	3,000000000000000E+000
1,4086880E-001	3,553862080864048E-002	3,000000000000000E+000
1,3978295E-001	3,304455799419288E-002	3,000000000000000E+000
1,3880558E-001	3,098950076107732E-002	3,000000000000000E+000
1,3784519E-001	2,724140695014894E-002	3,000000000000000E+000
1,3692470E-001	2,555770093426363E-002	3,000000000000000E+000
1,3529095E-001	2,385978803067698E-002	3,000000000000000E+000
1,3528247E-001	1,962327286673826E-002	3,000000000000000E+000
1,3403974E-001	9,759422966857917E-003	3,000000000000000E+000
1,3263421E-001	1,219007420493451E-002	3,000000000000000E+000
1,3183875E-001	1,267192076920767E-002	3,000000000000000E+000
1,3082126E-001	1,133772372607686E-002	3,000000000000000E+000
1,2988806E-001	9,194865322873169E-003	3,000000000000000E+000
1,2875274E-001	6,485752683753766E-003	3,000000000000000E+000
1,2785241E-001	2,276809064546297E-003	3,000000000000000E+000
1,2676656E-001	1,202834712835783E-003	3,000000000000000E+000
1,2572168E-001	-2,151334983354989E-004	3,000000000000000E+000
1,2479654E-001	-2,189600385387775E-003	3,000000000000000E+000
1,2377776E-001	-4,792461292355360E-003	3,000000000000000E+000
1,2285775E-001	-7,545050340114455E-003	3,000000000000000E+000
1,2188313E-001	-1,798067122298452E-002	3,000000000000000E+000
1,2067989E-001	-1,797876292160563E-002	3,000000000000000E+000
1,1981673E-001	-1,511864732108533E-002	3,000000000000000E+000
1,1870223E-001	-1,569211274363626E-002	3,000000000000000E+000
1,1778726E-001	-1,882114486761563E-002	3,000000000000000E+000
1,1696613E-001	-2,224221041574820E-002	3,000000000000000E+000
1,1586350E-001	-2,379697158903585E-002	3,000000000000000E+000
1,1473563E-001	-2,490911941074747E-002	3,000000000000000E+000
1,1379901E-001	-2,683141517142446E-002	3,000000000000000E+000
1,1281357E-001	-2,970616273523780E-002	3,000000000000000E+000
1,1182835E-001	-3,264538226398542E-002	3,000000000000000E+000
1,1077475E-001	-3,365509883709206E-002	3,000000000000000E+000
1,0985215E-001	-3,613855517202547E-002	3,000000000000000E+000
1,0881378E-001	-4,393292956794748E-002	3,000000000000000E+000
1,0774906E-001	-4,847165935482035E-002	3,000000000000000E+000
1,0687697E-001	-4,502281105265465E-002	3,000000000000000E+000
1,0580938E-001	-4,463385583625901E-002	3,000000000000000E+000
1,0485133E-001	-4,736968877356651E-002	3,000000000000000E+000
1,0385314E-001	-5,024040784984296E-002	3,000000000000000E+000
1,0278216E-001	-5,265133326934623E-002	3,000000000000000E+000
1,0185828E-001	-5,449749058203035E-002	3,000000000000000E+000
1,0083675E-001	-5,568556749898967E-002	3,000000000000000E+000
9,9766836E-002	-5,696843838409726E-002	3,000000000000000E+000
9,8864600E-002	-5,921288260126145E-002	3,000000000000000E+000
9,7811446E-002	-6,192772293110860E-002	3,000000000000000E+000
9,6663401E-002	-6,416878200980136E-002	3,000000000000000E+000
9,5693454E-002	-6,534667341070916E-002	3,000000000000000E+000
9,4817393E-002	-7,234998402176096E-002	3,000000000000000E+000
9,3854651E-002	-7,850264739600894E-002	3,000000000000000E+000
9,2721879E-002	-7,480481966356631E-002	3,000000000000000E+000
9,1763608E-002	-7,399975504166720E-002	3,000000000000000E+000
9,0955004E-002	-7,553394511907974E-002	3,000000000000000E+000
8,9712702E-002	-7,863922481677299E-002	3,000000000000000E+000
8,8781394E-002	-8,082895831871106E-002	3,000000000000000E+000
8,7846480E-002	-8,272749392522671E-002	3,000000000000000E+000
8,6820066E-002	-8,498169827443158E-002	3,000000000000000E+000
8,5899375E-002	-8,662467799311124E-002	3,000000000000000E+000
8,4963396E-002	-8,817604773341570E-002	3,000000000000000E+000
8,3596274E-002	-9,050893204079746E-002	3,000000000000000E+000
8,2913756E-002	-9,227428447694486E-002	3,000000000000000E+000
8,1959106E-002	-9,425617598592206E-002	3,000000000000000E+000
8,0606252E-002	-9,820468567906770E-002	3,000000000000000E+000
7,9736486E-002	-1,072687768901233E-001	3,000000000000000E+000
7,8847222E-002	-1,043276543560847E-001	3,000000000000000E+000
7,7606611E-002	-1,026704541339618E-001	3,000000000000000E+000
7,6966122E-002	-1,058069075289598E-001	3,000000000000000E+000
7,5893447E-002	-1,071597716703158E-001	3,000000000000000E+000
7,4732020E-002	-1,083011899528270E-001	3,000000000000000E+000
7,3810905E-002	-1,107288649654945E-001	3,000000000000000E+000
7,2811656E-002	-1,122634850584692E-001	3,000000000000000E+000
7,1799263E-002	-1,141639293895823E-001	3,000000000000000E+000
7,0797898E-002	-1,163856834658267E-001	3,000000000000000E+000
6,9816284E-002	-1,181743671153925E-001	3,000000000000000E+000
6,8751656E-002	-1,208101041928682E-001	3,000000000000000E+000
6,7763463E-002	-1,222278562684852E-001	3,000000000000000E+000
6,6787571E-002	-1,236468843772954E-001	3,000000000000000E+000
6,5867290E-002	-1,268444319850661E-001	3,000000000000000E+000
6,4857282E-002	-1,373557635993667E-001	3,000000000000000E+000
6,3706473E-002	-1,339013905817408E-001	3,000000000000000E+000
6,2671348E-002	-1,310567697687982E-001	3,000000000000000E+000
6,1856586E-002	-1,347675295967039E-001	3,000000000000000E+000
6,0884520E-002	-1,366590699358816E-001	3,000000000000000E+000
5,9774898E-002	-1,373553407659830E-001	3,000000000000000E+000
5,8867160E-002	-1,387998203265144E-001	3,000000000000000E+000
5,7784062E-002	-1,415095550004883E-001	3,000000000000000E+000
5,6879718E-002	-1,437128674652834E-001	3,000000000000000E+000
5,5770725E-002	-1,451348563035322E-001	3,000000000000000E+000
5,4774888E-002	-1,470049910389609E-001	3,000000000000000E+000
5,3842094E-002	-1,491671498079082E-001	3,000000000000000E+000
5,2720156E-002	-1,512550779686230E-001	3,000000000000000E+000
5,1729832E-002	-1,526961635697967E-001	3,000000000000000E+000
5,0900422E-002	-1,541834780881696E-001	3,000000000000000E+000
4,9848747E-002	-1,633162938200663E-001	3,000000000000000E+000
4,8761018E-002	-1,664298310190337E-001	3,000000000000000E+000
4,7891062E-002	-1,623778247513754E-001	3,000000000000000E+000
4,6708416E-002	-1,616187982403468E-001	3,000000000000000E+000
4,5722123E-002	-1,647304309396230E-001	3,000000000000000E+000
4,4846009E-002	-1,670796477475149E-001	3,000000000000000E+000
4,3671429E-002	-1,680516102189564E-001	3,000000000000000E+000
4,2859416E-002	-1,703876777513260E-001	3,000000000000000E+000
4,1862730E-002	-1,727616977360511E-001	3,000000000000000E+000
4,0728692E-002	-1,744617381999789E-001	3,000000000000000E+000
3,9866801E-002	-1,756773869823927E-001	3,000000000000000E+000
3,8871169E-002	-1,783542694659741E-001	3,000000000000000E+000
3,7771951E-002	-1,800271410708472E-001	3,000000000000000E+000
3,6896687E-002	-1,818313256533459E-001	3,000000000000000E+000
3,5781324E-002	-1,834227681101765E-001	3,000000000000000E+000
3,4873717E-002	-1,914253924882772E-001	3,000000000000000E+000
3,3868436E-002	-1,955448405610192E-001	3,000000000000000E+000
3,2765392E-002	-1,919712876907497E-001	3,000000000000000E+000
3,1887572E-002	-1,913180903227634E-001	3,000000000000000E+000
3,0839089E-002	-1,934145089310026E-001	3,000000000000000E+000
2,9817991E-002	-1,961660228811926E-001	3,000000000000000E+000
2,8880736E-002	-1,983241540146987E-001	3,000000000000000E+000
2,7885955E-002	-1,994596337964234E-001	3,000000000000000E+000
2,6737483E-002	-2,015352685217895E-001	3,000000000000000E+000
2,5856486E-002	-2,049181498102068E-001	3,000000000000000E+000
2,4886755E-002	-2,059459059059405E-001	3,000000000000000E+000
2,3785196E-002	-2,067429009411068E-001	3,000000000000000E+000
2,2884035E-002	-2,086405851716533E-001	3,000000000000000E+000
2,1886067E-002	-2,105539748380466E-001	3,000000000000000E+000
2,0770714E-002	-2,127846262463011E-001	3,000000000000000E+000
1,9953432E-002	-2,225727741574197E-001	3,000000000000000E+000
1,8813876E-002	-2,230111390009459E-001	3,000000000000000E+000
1,7839050E-002	-2,194023966731034E-001	3,000000000000000E+000
1,6990108E-002	-2,204235507039510E-001	3,000000000000000E+000
1,5973249E-002	-2,226730863880624E-001	3,000000000000000E+000
1,4772558E-002	-2,245945351961480E-001	3,000000000000000E+000
1,3963311E-002	-2,262262767245478E-001	3,000000000000000E+000
1,2787879E-002	-2,272056680586605E-001	3,000000000000000E+000
1,1810506E-002	-2,287892675376497E-001	3,000000000000000E+000
1,0889598E-002	-2,315989178087974E-001	3,000000000000000E+000
9,7538652E-003	-2,332542004199536E-001	3,000000000000000E+000
8,7864678E-003	-2,346577399649599E-001	3,000000000000000E+000
7,8371158E-003	-2,367658128625609E-001	3,000000000000000E+000
6,8896753E-003	-2,385788992331880E-001	3,000000000000000E+000
5,7624318E-003	-2,409270415017900E-001	3,000000000000000E+000
4,8841927E-003	-2,424767067035036E-001	3,000000000000000E+000
3,8246522E-003	-2,479015139041518E-001	3,000000000000000E+000
2,8812925E-003	-2,548240428796913E-001	3,000000000000000E+000
1,7712436E-003	-2,493050715646756E-001	3,000000000000000E+000
7,8707759E-004	-2,497220093662484E-001	3,000000000000000E+000
-2,1513242E-004	-2,519556574665734E-001	3,000000000000000E+000
-1,2568271E-003	-2,535371475063981E-001	3,000000000000000E+000
-2,2068163E-003	-2,554197872620232E-001	3,000000000000000E+000
-3,2347124E-003	-2,573456806583425E-001	3,000000000000000E+000
-4,1360897E-003	-2,582003544117066E-001	3,000000000000000E+000
-5,2455021E-003	-2,606021506233240E-001	3,000000000000000E+000
-6,0328841E-003	-2,626546619608737E-001	3,000000000000000E+000
-7,3781405E-003	-2,633515900007399E-001	3,000000000000000E+000
-8,1939688E-003	-2,656299547331091E-001	3,000000000000000E+000
-9,0728421E-003	-2,675189622516170E-001	3,000000000000000E+000
-1,0292855E-002	-2,690266138977471E-001	3,000000000000000E+000
-1,1143072E-002	-2,708460703433953E-001	3,000000000000000E+000
-1,2091516E-002	-2,781798024629492E-001	3,000000000000000E+000
-1,3339148E-002	-2,843483567121439E-001	3,000000000000000E+000
-1,4149244E-002	-2,788773377962785E-001	3,000000000000000E+000
-1,5091804E-002	-2,776718835035954E-001	3,000000000000000E+000
-1,6230086E-002	-2,803103671790779E-001	3,000000000000000E+000
-1,7146325E-002	-2,830805486074598E-001	3,000000000000000E+000
-1,8159362E-002	-2,850535219541691E-001	3,000000000000000E+000
-1,9114656E-002	-2,857338824833273E-001	3,000000000000000E+000
-2,0116230E-002	-2,878152238683676E-001	3,000000000000000E+000
-2,1196559E-002	-2,900248856037955E-001	3,000000000000000E+000
-2,2218514E-002	-2,917030878565532E-001	3,000000000000000E+000
-2,3023512E-002	-2,931083446375036E-001	3,000000000000000E+000
-2,4170285E-002	-2,954274506062369E-001	3,000000000000000E+000
-2,5259534E-002	-2,985044984638479E-001	3,000000000000000E+000
-2,6163457E-002	-2,988871091284739E-001	3,000000000000000E+000
-2,7251642E-002	-3,002261613178732E-001	3,000000000000000E+000
-2,8164137E-002	-3,088020708140291E-001	3,000000000000000E+000
-2,9320987E-002	-3,124788791626800E-001	3,000000000000000E+000
-3,0184574E-002	-3,083878652800607E-001	3,000000000000000E+000
-3,1242194E-002	-3,080510830170349E-001	3,000000000000000E+000
-3,2176051E-002	-3,097379846019774E-001	3,000000000000000E+000
-3,3107996E-002	-3,122252549704470E-001	3,000000000000000E+000
-3,4363668E-002	-3,131115381515364E-001	3,000000000000000E+000
-3,5126638E-002	-3,159970771650675E-001	3,000000000000000E+000
-3,5710234E-002	-3,181609439780004E-001	3,000000000000000E+000
-3,7114926E-002	-3,198274785989073E-001	3,000000000000000E+000
-3,8154501E-002	-3,220356471008730E-001	3,000000000000000E+000
-3,9214663E-002	-3,232362215316633E-001	3,000000000000000E+000
-4,0168054E-002	-3,247282249374415E-001	3,000000000000000E+000
-4,1225664E-002	-3,259625291231920E-001	3,000000000000000E+000
-4,2166095E-002	-3,281475839256824E-001	3,000000000000000E+000
-4,3130483E-002	-3,312208477679324E-001	3,000000000000000E+000
-4,4229075E-002	-3,420829734467468E-001	3,000000000000000E+000
-4,5186497E-002	-3,399812419407287E-001	3,000000000000000E+000
-4,6151131E-002	-3,367943096091035E-001	3,000000000000000E+000
-4,7233161E-002	-3,373052205618783E-001	3,000000000000000E+000
-4,8205864E-002	-3,404777357290087E-001	3,000000000000000E+000
-4,9232915E-002	-3,424350139167558E-001	3,000000000000000E+000
-5,0251257E-002	-3,435280703836012E-001	3,000000000000000E+000
-5,1076636E-002	-3,450054327646876E-001	3,000000000000000E+000
-5,2174587E-002	-3,474242116984294E-001	3,000000000000000E+000
-5,3090606E-002	-3,499903824477872E-001	3,000000000000000E+000
-5,4115530E-002	-3,516187152644203E-001	3,000000000000000E+000
-5,5289056E-002	-3,522642828950957E-001	3,000000000000000E+000
-5,6161776E-002	-3,550402257177567E-001	3,000000000000000E+000
-5,7082891E-002	-3,570325004984625E-001	3,000000000000000E+000
-5,8130957E-002	-3,581955611589365E-001	3,000000000000000E+000
-5,9107050E-002	-3,603581392671913E-001	3,000000000000000E+000
-6,0058106E-002	-3,697189230911651E-001	3,000000000000000E+000
-6,1227340E-002	-3,725374479286589E-001	3,000000000000000E+000
-6,2160984E-002	-3,674454240050791E-001	3,000000000000000E+000
-6,3151523E-002	-3,671203064279522E-001	3,000000000000000E+000
-6,4182185E-002	-3,698419220486864E-001	3,000000000000000E+000
-6,5059997E-002	-3,726865643855289E-001	3,000000000000000E+000
-6,6191696E-002	-3,746790452019528E-001	3,000000000000000E+000
-6,7173742E-002	-3,758450845877315E-001	3,000000000000000E+000
-6,8091251E-002	-3,777185816757580E-001	3,000000000000000E+000
-6,9184959E-002	-3,799290900028112E-001	3,000000000000000E+000
-6,9999091E-002	-3,811063527375351E-001	3,000000000000000E+000
-7,1125902E-002	-3,829626998566606E-001	3,000000000000000E+000
-7,2266519E-002	-3,853121127661627E-001	3,000000000000000E+000
-7,3214814E-002	-3,877413050310370E-001	3,000000000000000E+000
-7,4057177E-002	-3,893611633684495E-001	3,000000000000000E+000
-7,5106815E-002	-3,940655059284639E-001	3,000000000000000E+000
-7,6167911E-002	-4,032977974275118E-001	3,000000000000000E+000
-7,7152722E-002	-3,987580094641707E-001	3,000000000000000E+000
-7,8299060E-002	-3,964900343239104E-001	3,000000000000000E+000
-7,9095364E-002	-3,983421197109331E-001	3,000000000000000E+000
-8,0091633E-002	-4,007256733732181E-001	3,000000000000000E+000
-8,1319071E-002	-4,035230150394566E-001	3,000000000000000E+000
-8,2005821E-002	-4,046474777989912E-001	3,000000000000000E+000
-8,3141990E-002	-4,058745674814812E-001	3,000000000000000E+000
-8,4059507E-002	-4,079421381724790E-001	3,000000000000000E+000
-8,5177407E-002	-4,098693077361943E-001	3,000000000000000E+000
-8,6165182E-002	-4,124452239937257E-001	3,000000000000000E+000
-8,7077595E-002	-4,141840944001971E-001	3,000000000000000E+000
-8,8223316E-002	-4,146983849932440E-001	3,000000000000000E+000
-8,9125328E-002	-4,175056938353610E-001	3,000000000000000E+000
-9,0241320E-002	-4,193575527816495E-001	3,000000000000000E+000
-9,1110609E-002	-4,296759254971727E-001	3,000000000000000E+000
-9,2130430E-002	-4,296038048018467E-001	3,000000000000000E+000
-9,3130946E-002	-4,250404643373464E-001	3,000000000000000E+000
-9,4212331E-002	-4,262595024257383E-001	3,000000000000000E+000
-9,5101193E-002	-4,293382563240211E-001	3,000000000000000E+000
-9,6084304E-002	-4,312930302371054E-001	3,000000000000000E+000
-9,7142972E-002	-4,320463161242918E-001	3,000000000000000E+000
-9,8140515E-002	-4,337230229284614E-001	3,000000000000000E+000
-9,9105790E-002	-4,359076597223357E-001	3,000000000000000E+000
-1,0014939E-001	-4,378715409742058E-001	3,000000000000000E+000
-1,0112846E-001	-4,400247786349309E-001	3,000000000000000E+000
-1,0218395E-001	-4,411131684577816E-001	3,000000000000000E+000
-1,0309956E-001	-4,428658148907645E-001	3,000000000000000E+000
-1,0411959E-001	-4,443881046156291E-001	3,000000000000000E+000
-1,0512075E-001	-4,470683764795673E-001	3,000000000000000E+000
-1,0622464E-001	-4,484371447470048E-001	3,000000000000000E+000
-1,0727101E-001	-4,494235331528911E-001	3,000000000000000E+000
-1,0814115E-001	-4,591461453172887E-001	3,000000000000000E+000
-1,0914463E-001	-4,592753183225993E-001	3,000000000000000E+000
-1,1027825E-001	-4,547785667624948E-001	3,000000000000000E+000
-1,1106266E-001	-4,559545526216326E-001	3,000000000000000E+000
-1,1204852E-001	-4,589425432043051E-001	3,000000000000000E+000
-1,1323541E-001	-4,612149798776954E-001	3,000000000000000E+000
-1,1400602E-001	-4,621233450727438E-001	3,000000000000000E+000
-1,1508678E-001	-4,634441832701350E-001	3,000000000000000E+000
-1,1619300E-001	-4,660400201876960E-001	3,000000000000000E+000
-1,1708546E-001	-4,683024868653666E-001	3,000000000000000E+000
-1,1825982E-001	-4,691418959603961E-001	3,000000000000000E+000
-1,1919582E-001	-4,709691841595092E-001	3,000000000000000E+000
-1,2005305E-001	-4,728181032955443E-001	3,000000000000000E+000
-1,2124185E-001	-4,748137828945693E-001	3,000000000000000E+000
-1,2209886E-001	-4,771619247751193E-001	3,000000000000000E+000
-1,2309809E-001	-4,788256959097144E-001	3,000000000000000E+000
-1,2418773E-001	-4,890717277238656E-001	3,000000000000000E+000
-1,2514792E-001	-4,900778372280516E-001	3,000000000000000E+000
-1,2617771E-001	-4,868474380151984E-001	3,000000000000000E+000
-1,2714341E-001	-4,870964137759684E-001	3,000000000000000E+000
-1,2812144E-001	-4,888267840918459E-001	3,000000000000000E+000
-1,2915994E-001	-4,916014198485446E-001	3,000000000000000E+000
-1,3015345E-001	-4,937351498908056E-001	3,000000000000000E+000
-1,3116585E-001	-4,961706836216333E-001	3,000000000000000E+000
-1,3218631E-001	-4,982195827696041E-001	3,000000000000000E+000
-1,3309766E-001	-4,988159563120746E-001	3,000000000000000E+000
-1,3415612E-001	-5,004886827017714E-001	3,000000000000000E+000
-1,3524199E-001	-5,030522825157577E-001	3,000000000000000E+000
-1,3610473E-001	-5,056401340666028E-001	3,000000000000000E+000
-1,3716170E-001	-5,075952488114117E-001	3,000000000000000E+000
-1,3808665E-001	-5,133171795427600E-001	3,000000000000000E+000
-1,3913065E-001	-5,214048635227490E-001	3,000000000000000E+000
-1,4035596E-001	-5,163859721570681E-001	3,000000000000000E+000
-1,4108284E-001	-5,159043721311423E-001	3,000000000000000E+000
-1,4207508E-001	-5,187750896956356E-001	3,000000000000000E+000
-1,4323331E-001	-5,202882341497257E-001	3,000000000000000E+000
-1,4413127E-001	-5,217052105969435E-001	3,000000000000000E+000
-1,4514221E-001	-5,250204359892656E-001	3,000000000000000E+000
-1,4612445E-001	-5,266035887244565E-001	3,000000000000000E+000
-1,4717719E-001	-5,285718893865115E-001	3,000000000000000E+000
-1,4814927E-001	-5,307505738003063E-001	3,000000000000000E+000
-1,4914997E-001	-5,325835947102545E-001	3,000000000000000E+000
-1,5012141E-001	-5,354456404844923E-001	3,000000000000000E+000
-1,5118264E-001	-5,370780240757275E-001	3,000000000000000E+000
-1,5222146E-001	-5,381570598175216E-001	3,000000000000000E+000
-1,5309171E-001	-5,495898767904781E-001	3,000000000000000E+000
-1,5419835E-001	-5,484644090304052E-001	3,000000000000000E+000
-1,5514834E-001	-5,467514351864029E-001	3,000000000000000E+000
-1,5620404E-001	-5,477672885430760E-001	3,000000000000000E+000
-1,5716043E-001	-5,502494890566201E-001	3,000000000000000E+000
-1,5827173E-001	-5,523206433798720E-001	3,000000000000000E+000
-1,5924720E-001	-5,532016364094403E-001	3,000000000000000E+000
-1,6017598E-001	-5,558032121690424E-001	3,000000000000000E+000
-1,6110218E-001	-5,594957603348591E-001	3,000000000000000E+000
-1,6211352E-001	-5,606568739555513E-001	3,000000000000000E+000
-1,6325603E-001	-5,616517883609031E-001	3,000000000000000E+000
-1,6414513E-001	-5,643388124945963E-001	3,000000000000000E+000
-1,6499172E-001	-5,668095611294515E-001	3,000000000000000E+000
-1,6619748E-001	-5,768980089277527E-001	3,000000000000000E+000
-1,6705891E-001	-5,785963561114229E-001	3,000000000000000E+000
-1,6795436E-001	-5,755349717607388E-001	3,000000000000000E+000
-1,6930322E-001	-5,758702670702602E-001	3,000000000000000E+000
-1,7001718E-001	-5,773501252988336E-001	3,000000000000000E+000
-1,7104167E-001	-5,800267977045017E-001	3,000000000000000E+000
-1,7228100E-001	-5,823321063394875E-001	3,000000000000000E+000
-1,7300829E-001	-5,843566339592332E-001	3,000000000000000E+000
-1,7418650E-001	-5,866413562002393E-001	3,000000000000000E+000
-1,7526916E-001	-5,889914790103710E-001	3,000000000000000E+000
-1,7589310E-001	-5,910492455134051E-001	3,000000000000000E+000
-1,7716639E-001	-5,938983523066972E-001	3,000000000000000E+000
-1,7827176E-001	-5,958584009915473E-001	3,000000000000000E+000
-1,7894991E-001	-5,998039458904216E-001	3,000000000000000E+000
-1,8027763E-001	-6,088039967063290E-001	3,000000000000000E+000
-1,8120745E-001	-6,059892276922856E-001	3,000000000000000E+000
-1,8190867E-001	-6,036618830597336E-001	3,000000000000000E+000
-1,8317114E-001	-6,062087468259652E-001	3,000000000000000E+000
-1,8419753E-001	-6,090363944854795E-001	3,000000000000000E+000
-1,8508935E-001	-6,110999830610435E-001	3,000000000000000E+000
-1,8620408E-001	-6,129955539298768E-001	3,000000000000000E+000
-1,8715702E-001	-6,156878828769550E-001	3,000000000000000E+000
-1,8808536E-001	-6,179340919997127E-001	3,000000000000000E+000
-1,8913196E-001	-6,195242133172663E-001	3,000000000000000E+000
-1,9027574E-001	-6,219337052769136E-001	3,000000000000000E+000
-1,9101556E-001	-6,240824755125995E-001	3,000000000000000E+000
-1,9206344E-001	-6,268899945231761E-001	3,000000000000000E+000
-1,9324753E-001	-6,383548268867258E-001	3,000000000000000E+000
-1,9407417E-001	-6,365372943691892E-001	3,000000000000000E+000
-1,9519295E-001	-6,330473184352741E-001	3,000000000000000E+000
-1,9623654E-001	-6,349023808466487E-001	3,000000000000000E+000
-1,9709207E-001	-6,380525750444379E-001	3,000000000000000E+000
-1,9816303E-001	-6,399029802996683E-001	3,000000000000000E+000
-1,9901878E-001	-6,426914485803419E-001	3,000000000000000E+000
-1,9959015E-001	-6,435532569885254E-001	3,000000000000000E+000
-1,9954717E-001	-6,433376073837280E-001	3,000000000000000E+000
-1,9963101E-001	-5,571838571534791E-001	3,000000000000000E+000
-1,9878037E-001	-3,135511747548465E-001	3,000000000000000E+000
-1,9692600E-001	-2,176826219106758E-001	3,000000000000000E+000
-1,9548306E-001	-2,918082909794348E-001	3,000000000000000E+000
-1,9484770E-001	-3,539097137736924E-001	3,000000000000000E+000
-1,9453192E-001	-3,213985694779291E-001	3,000000000000000E+000
-1,9259711E-001	-2,700626263330274E-001	3,000000000000000E+000
-1,9192192E-001	-2,545082530640590E-001	3,000000000000000E+000
-1,9113602E-001	-2,662786826775919E-001	3,000000000000000E+000
-1,8975852E-001	-2,691992446535130E-001	3,000000000000000E+000
-1,8873283E-001	-2,621202421141784E-001	3,000000000000000E+000
-1,8798244E-001	-2,458311824334980E-001	3,000000000000000E+000
-1,8704028E-001	-2,350290909752304E-001	3,000000000000000E+000
-1,8567295E-001	-2,365552179657647E-001	3,000000000000000E+000
-1,8484333E-001	-2,336077381138844E-001	3,000000000000000E+000
-1,8389288E-001	-2,274686505681722E-001	3,000000000000000E+000
-1,8286398E-001	-2,125895277293033E-001	3,000000000000000E+000
-1,8185626E-001	-2,088704907574641E-001	3,000000000000000E+000
-1,8082199E-001	-2,095612337191897E-001	3,000000000000000E+000
-1,7981933E-001	-2,062898847733665E-001	3,000000000000000E+000
-1,7901732E-001	-2,015327119507773E-001	3,000000000000000E+000
-1,7782070E-001	-1,938884907641389E-001	3,000000000000000E+000
-1,7681955E-001	-1,789669576618409E-001	3,000000000000000E+000
-1,7584197E-001	-1,812790564306654E-001	3,000000000000000E+000
-1,7483996E-001	-1,824650149178018E-001	3,000000000000000E+000
-1,7385261E-001	-1,769967297085615E-001	3,000000000000000E+000
-1,7288776E-001	-1,718921686212220E-001	3,000000000000000E+000
-1,7189379E-001	-1,664124499107453E-001	3,000000000000000E+000
-1,7083348E-001	-1,541754257632424E-001	3,000000000000000E+000
-1,6981430E-001	-1,540119010654357E-001	3,000000000000000E+000
-1,6884413E-001	-1,545529237709058E-001	3,000000000000000E+000
-1,6782729E-001	-1,521579021694680E-001	3,000000000000000E+000
-1,6696030E-001	-1,473086956474516E-001	3,000000000000000E+000
-1,6586573E-001	-1,418751885778171E-001	3,000000000000000E+000
-1,6484120E-001	-1,374654084615439E-001	3,000000000000000E+000
-1,6388936E-001	-1,253403458330367E-001	3,000000000000000E+000
-1,6287209E-001	-1,257545540073699E-001	3,000000000000000E+000
-1,6192551E-001	-1,268739086857142E-001	3,000000000000000E+000
-1,6083646E-001	-1,239518644223507E-001	3,000000000000000E+000
-1,5978351E-001	-1,196752573709494E-001	3,000000000000000E+000
-1,5900165E-001	-1,156202873422041E-001	3,000000000000000E+000
-1,5787695E-001	-1,122340078953936E-001	3,000000000000000E+000
-1,5686695E-001	-1,035255601180121E-001	3,000000000000000E+000
-1,5589210E-001	-9,656975805410140E-002	3,000000000000000E+000
-1,5489478E-001	-9,865111360947276E-002	3,000000000000000E+000
-1,5391594E-001	-9,725647000919291E-002	3,000000000000000E+000
-1,5291625E-001	-9,346893131441902E-002	3,000000000000000E+000
-1,5192953E-001	-8,998211840904946E-002	3,000000000000000E+000
-1,5095663E-001	-8,553374260372948E-002	3,000000000000000E+000
-1,4996991E-001	-8,214724570279941E-002	3,000000000000000E+000
-1,4883877E-001	-7,307975141480283E-002	3,000000000000000E+000
-1,4809373E-001	-6,629339619555831E-002	3,000000000000000E+000
-1,4689240E-001	-7,037784987025791E-002	3,000000000000000E+000
-1,4566709E-001	-6,909900365604282E-002	3,000000000000000E+000
-1,4505781E-001	-6,439103858105621E-002	3,000000000000000E+000
-1,4389658E-001	-6,135362368432758E-002	3,000000000000000E+000
-1,4302622E-001	-5,833974947502907E-002	3,000000000000000E+000
-1,4183508E-001	-5,533987557606035E-002	3,000000000000000E+000
-1,4092691E-001	-5,240404900460915E-002	3,000000000000000E+000
-1,3993025E-001	-4,844430070726148E-002	3,000000000000000E+000
-1,3893653E-001	-3,678285717049015E-002	3,000000000000000E+000
-1,3782841E-001	-4,054388576736945E-002	3,000000000000000E+000
-1,3685229E-001	-4,156653755894202E-002	3,000000000000000E+000
-1,3587876E-001	-3,910640896477469E-002	3,000000000000000E+000
-1,3481666E-001	-3,512969242971536E-002	3,000000000000000E+000
-1,3386583E-001	-3,273954706916504E-002	3,000000000000000E+000
-1,3294089E-001	-3,010402460050599E-002	3,000000000000000E+000
-1,3182065E-001	-2,902538335143208E-002	3,000000000000000E+000
-1,3087597E-001	-2,567027610550415E-002	3,000000000000000E+000
-1,2985104E-001	-2,292468510495382E-002	3,000000000000000E+000
-1,2881635E-001	-1,388709799054285E-002	3,000000000000000E+000
-1,2794070E-001	-1,139685205251029E-002	3,000000000000000E+000
-1,2688245E-001	-1,406057987333043E-002	3,000000000000000E+000
-1,2579362E-001	-1,342942868056217E-002	3,000000000000000E+000
-1,2488353E-001	-1,102019700960630E-002	3,000000000000000E+000
-1,2399958E-001	-9,167252378574631E-003	3,000000000000000E+000
-1,2289994E-001	-6,065790857974221E-003	3,000000000000000E+000
-1,2179986E-001	-4,308706373548285E-003	3,000000000000000E+000
-1,2098933E-001	-2,702834536017274E-003	3,000000000000000E+000
-1,1987250E-001	-5,186203655998469E-004	3,000000000000000E+000
-1,1893947E-001	2,240331254016480E-003	3,000000000000000E+000
-1,1786489E-001	3,847050881530679E-003	3,000000000000000E+000
-1,1692827E-001	6,411524601389822E-003	3,000000000000000E+000
-1,1590058E-001	1,594834789041974E-002	3,000000000000000E+000
-1,1482029E-001	1,862501193095850E-002	3,000000000000000E+000
-1,1395139E-001	1,511020696226395E-002	3,000000000000000E+000
-1,1289611E-001	1,580519388961776E-002	3,000000000000000E+000
-1,1185124E-001	1,814274154033529E-002	3,000000000000000E+000
-1,1097810E-001	1,983471687142602E-002	3,000000000000000E+000
-1,0982983E-001	2,212009340938598E-002	3,000000000000000E+000
-1,0886838E-001	2,379383055772955E-002	3,000000000000000E+000
-1,0795001E-001	2,617930892099846E-002	3,000000000000000E+000
-1,0690111E-001	2,843774989661252E-002	3,000000000000000E+000
-1,0594752E-001	3,090339560933186E-002	3,000000000000000E+000
-1,0499306E-001	3,194428630659889E-002	3,000000000000000E+000
-1,0377517E-001	3,403051728350370E-002	3,000000000000000E+000
-1,0285339E-001	3,764139476778748E-002	3,000000000000000E+000
-1,0192449E-001	4,818878290583012E-002	3,000000000000000E+000
-1,0082441E-001	4,513440239760608E-002	3,000000000000000E+000
-9,9988833E-002	4,317308507031858E-002	3,000000000000000E+000
-9,8878160E-002	4,496579868039885E-002	3,000000000000000E+000
-9,7809076E-002	4,808189276162816E-002	3,000000000000000E+000
-9,6955031E-002	4,932595757175801E-002	3,000000000000000E+000
-9,5894866E-002	5,101729575188878E-002	3,000000000000000E+000
-9,4837256E-002	5,340362307955129E-002	3,000000000000000E+000
-9,3933344E-002	5,507905557897175E-002	3,000000000000000E+000
-9,2956804E-002	5,729699042907072E-002	3,000000000000000E+000
-9,1849096E-002	5,915184417648955E-002	3,000000000000000E+000
-9,0929262E-002	6,126373753068037E-002	3,000000000000000E+000
-8,9839362E-002	6,287915337533267E-002	3,000000000000000E+000
-8,8960484E-002	6,513653621934479E-002	3,000000000000000E+000
-8,7967753E-002	7,309611941551952E-002	3,000000000000000E+000
-8,6831495E-002	7,718968768798118E-002	3,000000000000000E+000
-8,5868552E-002	7,280450653989767E-002	3,000000000000000E+000
-8,4952101E-002	7,310120453378977E-002	3,000000000000000E+000
-8,3932914E-002	7,496115058893338E-002	3,000000000000000E+000
-8,2950443E-002	7,796016832192754E-002	3,000000000000000E+000
-8,1921913E-002	7,964917994266008E-002	3,000000000000000E+000
-8,0911845E-002	8,135430712071745E-002	3,000000000000000E+000
-7,9958238E-002	8,347914059898676E-002	3,000000000000000E+000
-7,8928873E-002	8,492000758997187E-002	3,000000000000000E+000
-7,7888452E-002	8,708705187018506E-002	3,000000000000000E+000
-7,6966062E-002	8,804904264171576E-002	3,000000000000000E+000
-7,5852610E-002	9,196531804304367E-002	3,000000000000000E+000
-7,5041875E-002	9,389609457543369E-002	3,000000000000000E+000
-7,3918030E-002	9,511385972533970E-002	3,000000000000000E+000
-7,2869785E-002	1,048746330214069E-001	3,000000000000000E+000
-7,1927436E-002	1,061791426634753E-001	3,000000000000000E+000
-7,0939235E-002	1,017812401227682E-001	3,000000000000000E+000
-6,9864213E-002	1,016052082866541E-001	3,000000000000000E+000
-6,8859242E-002	1,045961772259840E-001	3,000000000000000E+000
-6,8020493E-002	1,068760445891208E-001	3,000000000000000E+000
-6,6879869E-002	1,086532737131669E-001	3,000000000000000E+000
-6,5890826E-002	1,106205250026604E-001	3,000000000000000E+000
-6,4908564E-002	1,123335054694004E-001	3,000000000000000E+000
-6,3848615E-002	1,134123529854052E-001	3,000000000000000E+000
-6,2866367E-002	1,152500264175211E-001	3,000000000000000E+000
-6,1896205E-002	1,189287697133192E-001	3,000000000000000E+000
-6,0820967E-002	1,201857702285958E-001	3,000000000000000E+000
-5,9895601E-002	1,214792460232275E-001	3,000000000000000E+000
-5,8970872E-002	1,234513788416129E-001	3,000000000000000E+000
-5,7689935E-002	1,247915143596607E-001	3,000000000000000E+000
-5,7141718E-002	1,324868342942666E-001	3,000000000000000E+000
-5,5822894E-002	1,376227945147548E-001	3,000000000000000E+000
-5,4931499E-002	1,332346316840916E-001	3,000000000000000E+000
-5,3960916E-002	1,323939570979238E-001	3,000000000000000E+000
-5,2952759E-002	1,349423087991052E-001	3,000000000000000E+000
-5,1835500E-002	1,365178446204580E-001	3,000000000000000E+000
-5,0949622E-002	1,379769556709414E-001	3,000000000000000E+000
-4,9999837E-002	1,414898647716553E-001	3,000000000000000E+000
-4,8833750E-002	1,430859830644393E-001	3,000000000000000E+000
-4,7922395E-002	1,445310988702762E-001	3,000000000000000E+000
-4,6934407E-002	1,463104501082048E-001	3,000000000000000E+000
-4,5926254E-002	1,477795287339374E-001	3,000000000000000E+000
-4,4933379E-002	1,493141362265712E-001	3,000000000000000E+000
-4,3974273E-002	1,523401019674369E-001	3,000000000000000E+000
-4,2943608E-002	1,540191382227931E-001	3,000000000000000E+000
-4,1956816E-002	1,612584911830104E-001	3,000000000000000E+000
-4,0951110E-002	1,652422127824846E-001	3,000000000000000E+000
-4,0006854E-002	1,608353957191064E-001	3,000000000000000E+000
-3,8911451E-002	1,606644612620580E-001	3,000000000000000E+000
-3,7926227E-002	1,627390266835897E-001	3,000000000000000E+000
-3,6842071E-002	1,654248144606956E-001	3,000000000000000E+000
-3,6072947E-002	1,678936395781219E-001	3,000000000000000E+000
-3,4983918E-002	1,684486478625327E-001	3,000000000000000E+000
-3,3752013E-002	1,710038048040591E-001	3,000000000000000E+000
-3,2938309E-002	1,724991640140723E-001	3,000000000000000E+000
-3,1857766E-002	1,740793725540351E-001	3,000000000000000E+000
-3,0940259E-002	1,762563814376739E-001	3,000000000000000E+000
-2,9930403E-002	1,782104851186479E-001	3,000000000000000E+000
-2,8852835E-002	1,800244156200076E-001	3,000000000000000E+000
-2,8003253E-002	1,815696277610384E-001	3,000000000000000E+000
-2,6890021E-002	1,831358408962844E-001	3,000000000000000E+000
-2,5955562E-002	1,939498116973688E-001	3,000000000000000E+000
-2,4898581E-002	1,950835870714709E-001	3,000000000000000E+000
-2,3806151E-002	1,904481532530753E-001	3,000000000000000E+000
-2,2996269E-002	1,909798362531649E-001	3,000000000000000E+000
-2,1982806E-002	1,932395454625495E-001	3,000000000000000E+000
-2,0836458E-002	1,965094033900350E-001	3,000000000000000E+000
-1,9993035E-002	1,973352411069853E-001	3,000000000000000E+000
-1,8879164E-002	1,983952255428045E-001	3,000000000000000E+000
-1,7831737E-002	2,005115791527912E-001	3,000000000000000E+000
-1,6968997E-002	2,024979228089152E-001	3,000000000000000E+000
-1,5918598E-002	2,048322711068783E-001	3,000000000000000E+000
-1,4962239E-002	2,064046387871110E-001	3,000000000000000E+000
-1,3932220E-002	2,081112562639948E-001	3,000000000000000E+000
-1,2894984E-002	2,098305857216476E-001	3,000000000000000E+000
-1,1849467E-002	2,120224345061517E-001	3,000000000000000E+000
-1,0919008E-002	2,130455155824578E-001	3,000000000000000E+000
-9,9450639E-003	2,235027599381283E-001	3,000000000000000E+000
-8,9305416E-003	2,249733281431778E-001	3,000000000000000E+000
-7,8822663E-003	2,204110678414710E-001	3,000000000000000E+000
-6,8815420E-003	2,218623236791859E-001	3,000000000000000E+000
-5,9149954E-003	2,236281113550325E-001	3,000000000000000E+000
-4,9613966E-003	2,257086146208986E-001	3,000000000000000E+000
-3,9799903E-003	2,279095826250137E-001	3,000000000000000E+000
-2,9593112E-003	2,289678654795146E-001	3,000000000000000E+000
-1,8380107E-003	2,306225073407409E-001	3,000000000000000E+000
-1,0750414E-003	2,330287819107386E-001	3,000000000000000E+000
8,5531217E-005	2,351606060433873E-001	3,000000000000000E+000
1,1660730E-003	2,366339168673024E-001	3,000000000000000E+000
2,1014146E-003	2,391651054624360E-001	3,000000000000000E+000
3,0609563E-003	2,411677841025978E-001	3,000000000000000E+000
4,0726070E-003	2,431534777084985E-001	3,000000000000000E+000
5,0120596E-003	2,532671720190500E-001	3,000000000000000E+000
5,7314518E-003	2,528149998906875E-001	3,000000000000000E+000
6,0208435E-003	2,513510286808014E-001	4,000000000000000E+000
6,7480174E-003	2,489258847361069E-001	4,000000000000000E+000
7,7466187E-003	2,483002474311631E-001	4,000000000000000E+000
8,6719841E-003	2,508973738586069E-001	4,000000000000000E+000
9,6412897E-003	2,532807264748647E-001	4,000000000000000E+000
1,0646896E-002	2,550091717663843E-001	4,000000000000000E+000
1,1740174E-002	2,565677498835912E-001	4,000000000000000E+000
1,2659382E-002	2,578154438071794E-001	4,000000000000000E+000
1,3690676E-002	2,597691153544783E-001	4,000000000000000E+000
1,4661683E-002	2,622563847980933E-001	4,000000000000000E+000
1,5619312E-002	2,640775379550178E-001	4,000000000000000E+000
1,6696457E-002	2,658524148994026E-001	4,000000000000000E+000
1,7685505E-002	2,678975229177420E-001	4,000000000000000E+000
1,8759254E-002	2,688090477410390E-001	4,000000000000000E+000
1,9653199E-002	2,700310343870020E-001	4,000000000000000E+000
2,0638216E-002	2,716604658926380E-001	4,000000000000000E+000
2,1707937E-002	2,816108318123343E-001	4,000000000000000E+000
2,2447728E-002	2,847843905749157E-001	4,000000000000000E+000
2,3748618E-002	2,794361580033895E-001	4,000000000000000E+000
2,4870981E-002	2,788139177007700E-001	4,000000000000000E+000
2,5619939E-002	2,834096870889582E-001	4,000000000000000E+000
2,6848651E-002	2,854609235493828E-001	4,000000000000000E+000
2,7849589E-002	2,861546413882428E-001	4,000000000000000E+000
2,8499411E-002	2,876971148555931E-001	4,000000000000000E+000
2,9671662E-002	2,896789785202909E-001	4,000000000000000E+000
3,0627381E-002	2,911092633375027E-001	4,000000000000000E+000
3,1525996E-002	2,929098326357139E-001	4,000000000000000E+000
3,2904796E-002	2,943931196156577E-001	4,000000000000000E+000
3,3549737E-002	2,965207154953129E-001	4,000000000000000E+000
3,4595467E-002	2,991212359791264E-001	4,000000000000000E+000
3,5830542E-002	3,008367606962574E-001	4,000000000000000E+000
3,6548238E-002	3,070725461875559E-001	4,000000000000000E+000
3,7689943E-002	3,122080636094329E-001	4,000000000000000E+000
3,8742248E-002	3,086540003617619E-001	4,000000000000000E+000
3,9719198E-002	3,071124086208217E-001	4,000000000000000E+000
4,0660273E-002	3,090930233399081E-001	4,000000000000000E+000
4,1746125E-002	3,115955743641177E-001	4,000000000000000E+000
4,2577449E-002	3,147460284591137E-001	4,000000000000000E+000
4,3596637E-002	3,161351574106241E-001	4,000000000000000E+000
4,4763789E-002	3,172770140614997E-001	4,000000000000000E+000
4,5709107E-002	3,196298139648404E-001	4,000000000000000E+000
4,6680961E-002	3,206405807157156E-001	4,000000000000000E+000
4,7677867E-002	3,226797249582087E-001	4,000000000000000E+000
4,8606627E-002	3,244484775027043E-001	4,000000000000000E+000
4,9719866E-002	3,260539470162860E-001	4,000000000000000E+000
5,0661363E-002	3,276388087607400E-001	4,000000000000000E+000
5,1585026E-002	3,298542015513197E-001	4,000000000000000E+000
5,2704804E-002	3,314189232057991E-001	4,000000000000000E+000
5,3670079E-002	3,419765064544551E-001	4,000000000000000E+000
5,4665286E-002	3,425397880233117E-001	4,000000000000000E+000
5,5702522E-002	3,392936747081361E-001	4,000000000000000E+000
5,6641474E-002	3,382718771010529E-001	4,000000000000000E+000
5,7635188E-002	3,408022199097707E-001	4,000000000000000E+000
5,8651410E-002	3,444665217539304E-001	4,000000000000000E+000
5,9834059E-002	3,456488910079427E-001	4,000000000000000E+000
6,0772162E-002	3,469425712052419E-001	4,000000000000000E+000
6,1676938E-002	3,490572207503866E-001	4,000000000000000E+000
6,2630959E-002	3,504102945444174E-001	4,000000000000000E+000
6,3757136E-002	3,531692340685475E-001	4,000000000000000E+000
6,4734727E-002	3,549233632640818E-001	4,000000000000000E+000
6,5589190E-002	3,555511064801591E-001	4,000000000000000E+000
6,6613898E-002	3,581789890239557E-001	4,000000000000000E+000
6,7648463E-002	3,642128856930258E-001	4,000000000000000E+000
6,8666041E-002	3,717415371275927E-001	4,000000000000000E+000
6,9725998E-002	3,671204984873642E-001	4,000000000000000E+000
7,0656456E-002	3,656348970317698E-001	4,000000000000000E+000
7,1620457E-002	3,678759527845417E-001	4,000000000000000E+000
7,2670005E-002	3,694773435709067E-001	4,000000000000000E+000
7,3586456E-002	3,719809802326681E-001	4,000000000000000E+000
7,4617967E-002	3,742673854835115E-001	4,000000000000000E+000
7,5735435E-002	3,757258725236174E-001	4,000000000000000E+000
7,6594353E-002	3,776057360616198E-001	4,000000000000000E+000
7,7645823E-002	3,802139322764955E-001	4,000000000000000E+000
7,8592837E-002	3,821307056479988E-001	4,000000000000000E+000
7,9747677E-002	3,835864330046912E-001	4,000000000000000E+000
8,0707215E-002	3,852351403329521E-001	4,000000000000000E+000
8,1541725E-002	3,866622261961714E-001	4,000000000000000E+000
8,2611434E-002	3,885145331021498E-001	4,000000000000000E+000
8,3662570E-002	3,909488036944019E-001	4,000000000000000E+000
8,4593326E-002	4,015290484918923E-001	4,000000000000000E+000
8,5642017E-002	3,998304861144986E-001	4,000000000000000E+000
8,6741894E-002	3,971025023881041E-001	4,000000000000000E+000
8,7644733E-002	3,983083807074266E-001	4,000000000000000E+000
8,8611297E-002	4,004955788453426E-001	4,000000000000000E+000
8,9799464E-002	4,029809388965884E-001	4,000000000000000E+000
9,0607002E-002	4,045954924206151E-001	4,000000000000000E+000
9,1697313E-002	4,051297457966339E-001	4,000000000000000E+000
9,2720747E-002	4,082960856030717E-001	4,000000000000000E+000
9,3583502E-002	4,107944197926878E-001	4,000000000000000E+000
9,4777390E-002	4,115818455530760E-001	4,000000000000000E+000
9,5623143E-002	4,138754999730745E-001	4,000000000000000E+000
9,6648291E-002	4,158544247750103E-001	4,000000000000000E+000
9,7729683E-002	4,171205516063812E-001	4,000000000000000E+000
9,8622784E-002	4,191208906445860E-001	4,000000000000000E+000
9,9510327E-002	4,293514190164102E-001	4,000000000000000E+000
1,0067790E-001	4,297516198906441E-001	4,000000000000000E+000
1,0172150E-001	4,257708842956660E-001	4,000000000000000E+000
1,0257937E-001	4,270240485784598E-001	4,000000000000000E+000
1,0361131E-001	4,297183065920986E-001	4,000000000000000E+000
1,0464788E-001	4,324195761906191E-001	4,000000000000000E+000
1,0567345E-001	4,337353415644933E-001	4,000000000000000E+000
1,0671430E-001	4,346506796233980E-001	4,000000000000000E+000
1,0764369E-001	4,360622835229147E-001	4,000000000000000E+000
1,0858648E-001	4,389204800245352E-001	4,000000000000000E+000
1,0963984E-001	4,408781881534694E-001	4,000000000000000E+000
1,1070277E-001	4,421712560902575E-001	4,000000000000000E+000
1,1168650E-001	4,441442349860978E-001	4,000000000000000E+000
1,1255624E-001	4,460561450299183E-001	4,000000000000000E+000
1,1367395E-001	4,477665705813311E-001	4,000000000000000E+000
1,1461680E-001	4,523563795050398E-001	4,000000000000000E+000
1,1559935E-001	4,617208056410567E-001	4,000000000000000E+000
1,1662173E-001	4,577368843602017E-001	4,000000000000000E+000
1,1765728E-001	4,551946632822759E-001	4,000000000000000E+000
1,1873399E-001	4,569112527986166E-001	4,000000000000000E+000
1,1964323E-001	4,593559052639939E-001	4,000000000000000E+000
1,2063398E-001	4,603395138207511E-001	4,000000000000000E+000
1,2160200E-001	4,635724633246552E-001	4,000000000000000E+000
1,2266322E-001	4,651388998803077E-001	4,000000000000000E+000
1,2370557E-001	4,659594553070057E-001	4,000000000000000E+000
1,2453053E-001	4,674881034427232E-001	4,000000000000000E+000
1,2564121E-001	4,702464226219414E-001	4,000000000000000E+000
1,2664491E-001	4,714118072814815E-001	4,000000000000000E+000
1,2763438E-001	4,743336260435163E-001	4,000000000000000E+000
1,2873615E-001	4,756971032798503E-001	4,000000000000000E+000
1,2966576E-001	4,768304701622883E-001	4,000000000000000E+000
1,3059005E-001	4,777033842272225E-001	4,000000000000000E+000
1,3161853E-001	4,846653187414631E-001	4,000000000000000E+000
1,3282689E-001	4,905293491837153E-001	4,000000000000000E+000
1,3365482E-001	4,847189975423838E-001	4,000000000000000E+000
1,3471667E-001	4,849282913168675E-001	4,000000000000000E+000
1,3574967E-001	4,873992782215500E-001	4,000000000000000E+000
1,3661984E-001	4,882407846808876E-001	4,000000000000000E+000
1,3775621E-001	4,901955600556303E-001	4,000000000000000E+000
1,3873996E-001	4,917986608213853E-001	4,000000000000000E+000
1,3961649E-001	4,939584891803346E-001	4,000000000000000E+000
1,4073716E-001	4,962194858041278E-001	4,000000000000000E+000
1,4168121E-001	4,972960062182716E-001	4,000000000000000E+000
1,4260465E-001	4,990384197897386E-001	4,000000000000000E+000
1,4369538E-001	5,013019438677784E-001	4,000000000000000E+000
1,4458637E-001	5,032335651792694E-001	4,000000000000000E+000
1,4564207E-001	5,046842061241894E-001	4,000000000000000E+000
1,4615922E-001	5,070959874040759E-001	4,000000000000000E+000
1,4791498E-001	5,139043989539553E-001	4,000000000000000E+000
1,4899871E-001	5,195786364234258E-001	4,000000000000000E+000
1,4935006E-001	5,154644360946907E-001	4,000000000000000E+000
1,5069723E-001	5,146882677217937E-001	4,000000000000000E+000
1,5167165E-001	5,168595464525030E-001	4,000000000000000E+000
1,5266961E-001	5,184881120351046E-001	4,000000000000000E+000
1,5357289E-001	5,212516902053430E-001	4,000000000000000E+000
1,5460059E-001	5,238096092167948E-001	4,000000000000000E+000
1,5581869E-001	5,268981438259486E-001	4,000000000000000E+000
1,5657039E-001	5,278698912071462E-001	4,000000000000000E+000
1,5761104E-001	5,288242219054764E-001	4,000000000000000E+000
1,5864083E-001	5,327004256606518E-001	4,000000000000000E+000
1,5966789E-001	5,344458203892115E-001	4,000000000000000E+000
1,6065055E-001	5,366847577453084E-001	4,000000000000000E+000
1,6145967E-001	5,445497613529566E-001	4,000000000000000E+000
1,6270313E-001	5,483356405489346E-001	4,000000000000000E+000
1,6364317E-001	5,443510850956148E-001	4,000000000000000E+000
1,6460629E-001	5,448447822838922E-001	4,000000000000000E+000
1,6571338E-001	5,466008101615847E-001	4,000000000000000E+000
1,6661559E-001	5,494062098506323E-001	4,000000000000000E+000
1,6759042E-001	5,522923966248845E-001	4,000000000000000E+000
1,6856100E-001	5,532108946548160E-001	4,000000000000000E+000
1,6962540E-001	5,554642754270596E-001	4,000000000000000E+000
1,7068537E-001	5,588982749031870E-001	4,000000000000000E+000
1,7156996E-001	5,605684198866001E-001	4,000000000000000E+000
1,7268024E-001	5,623195417315916E-001	4,000000000000000E+000
1,7358437E-001	5,642047641837671E-001	4,000000000000000E+000
1,7463136E-001	5,662193132771378E-001	4,000000000000000E+000
1,7556456E-001	5,774856441098031E-001	4,000000000000000E+000
1,7676587E-001	5,784037068887220E-001	4,000000000000000E+000
1,7767172E-001	5,747292214202595E-001	4,000000000000000E+000
1,7862852E-001	5,763522672932613E-001	4,000000000000000E+000
1,7957042E-001	5,788242618242911E-001	4,000000000000000E+000
1,8079084E-001	5,811702977193303E-001	4,000000000000000E+000
1,8157504E-001	5,831414070627154E-001	4,000000000000000E+000
1,8254817E-001	5,847304831517661E-001	4,000000000000000E+000
1,8372829E-001	5,866958421538584E-001	4,000000000000000E+000
1,8468826E-001	5,893667557005156E-001	4,000000000000000E+000
1,8563038E-001	5,919709477392558E-001	4,000000000000000E+000
1,8670264E-001	5,933999109547585E-001	4,000000000000000E+000
1,8757875E-001	5,949311076223651E-001	4,000000000000000E+000
1,8863454E-001	6,044412075102130E-001	4,000000000000000E+000
1,8972157E-001	6,089245908337428E-001	4,000000000000000E+000
1,9046500E-001	6,039437011285282E-001	4,000000000000000E+000
1,9179751E-001	6,042329639312820E-001	4,000000000000000E+000
1,9250719E-001	6,074006012576225E-001	4,000000000000000E+000
1,9356884E-001	6,097436767433653E-001	4,000000000000000E+000
1,9495805E-001	6,116892772390425E-001	4,000000000000000E+000
1,9547604E-001	6,139985882004515E-001	4,000000000000000E+000
1,9657823E-001	6,159557052499927E-001	4,000000000000000E+000
1,9781460E-001	6,176868979043029E-001	4,000000000000000E+000
1,9837548E-001	6,206445513784669E-001	4,000000000000000E+000
1,9966747E-001	6,220025000446974E-001	4,000000000000000E+000
2,0049633E-001	6,233952045440674E-001	4,000000000000000E+000
2,0063281E-001	6,228557626406346E-001	4,000000000000000E+000
2,0044753E-001	5,362455931091166E-001	4,000000000000000E+000
1,9920684E-001	2,919877053904614E-001	4,000000000000000E+000
1,9789188E-001	1,973350402097109E-001	4,000000000000000E+000
1,9625449E-001	2,735695930734634E-001	4,000000000000000E+000
1,9578429E-001	3,334457559670372E-001	4,000000000000000E+000
1,9505556E-001	3,016831477483120E-001	4,000000000000000E+000
1,9384104E-001	2,535980060412056E-001	4,000000000000000E+000
1,9260445E-001	2,427163735717651E-001	4,000000000000000E+000
1,9172727E-001	2,499324021725142E-001	4,000000000000000E+000
1,9067454E-001	2,479988775319523E-001	4,000000000000000E+000
1,8974228E-001	2,401548804223750E-001	4,000000000000000E+000
1,8884677E-001	2,228603688579629E-001	4,000000000000000E+000
1,8770000E-001	2,199041923288156E-001	4,000000000000000E+000
1,8666469E-001	2,200887093656800E-001	4,000000000000000E+000
1,8581064E-001	2,152950589855516E-001	4,000000000000000E+000
1,8468289E-001	2,067259549124475E-001	4,000000000000000E+000
1,8361479E-001	1,942533008954745E-001	4,000000000000000E+000
1,8274184E-001	1,947996107725585E-001	4,000000000000000E+000
1,8170206E-001	1,937057105403959E-001	4,000000000000000E+000
1,8080685E-001	1,887523679955244E-001	4,000000000000000E+000
1,7978235E-001	1,837281829438226E-001	4,000000000000000E+000
1,7872202E-001	1,741796944277456E-001	4,000000000000000E+000
1,7780150E-001	1,648583443343852E-001	4,000000000000000E+000
1,7672160E-001	1,675543111858948E-001	4,000000000000000E+000
1,7568800E-001	1,654909864753589E-001	4,000000000000000E+000
1,7474520E-001	1,612629530815566E-001	4,000000000000000E+000
1,7364301E-001	1,578134724178304E-001	4,000000000000000E+000
1,7279980E-001	1,516934578103246E-001	4,000000000000000E+000
1,7176366E-001	1,393822106878764E-001	4,000000000000000E+000
1,7068718E-001	1,403948953439898E-001	4,000000000000000E+000
1,6963485E-001	1,405350713951826E-001	4,000000000000000E+000
1,6869505E-001	1,376870497204230E-001	4,000000000000000E+000
1,6780512E-001	1,335444879029334E-001	4,000000000000000E+000
1,6673158E-001	1,300712494557958E-001	4,000000000000000E+000
1,6544174E-001	1,262429835268348E-001	4,000000000000000E+000
1,6472313E-001	1,182520242372347E-001	4,000000000000000E+000
1,6375895E-001	1,092337393783962E-001	4,000000000000000E+000
1,6275738E-001	1,128836316024211E-001	4,000000000000000E+000
1,6174541E-001	1,121254480062313E-001	4,000000000000000E+000
1,6081008E-001	1,086927217256747E-001	4,000000000000000E+000
1,5974778E-001	1,045908814816761E-001	4,000000000000000E+000
1,5877530E-001	1,009749103266385E-001	4,000000000000000E+000
1,5778115E-001	9,779200721176388E-002	4,000000000000000E+000
1,5665650E-001	9,241513742340923E-002	4,000000000000000E+000
1,5568507E-001	8,077405650045777E-002	4,000000000000000E+000
1,5469368E-001	8,237314219392528E-002	4,000000000000000E+000
1,5359911E-001	8,420106060091501E-002	4,000000000000000E+000
1,5275992E-001	8,208343726356482E-002	4,000000000000000E+000
1,5184203E-001	7,749211208121987E-002	4,000000000000000E+000
1,5068866E-001	7,393510423571570E-002	4,000000000000000E+000
1,4977433E-001	7,082431105421477E-002	4,000000000000000E+000
1,4869125E-001	6,713475258988597E-002	4,000000000000000E+000
1,4778532E-001	6,151823294688566E-002	4,000000000000000E+000
1,4680892E-001	5,250800699852531E-002	4,000000000000000E+000
1,4566660E-001	5,521541911811156E-002	4,000000000000000E+000
1,4478433E-001	5,587435460782025E-002	4,000000000000000E+000
1,4375134E-001	5,183083501954894E-002	4,000000000000000E+000
1,4269394E-001	4,864623708029597E-002	4,000000000000000E+000
1,4165352E-001	4,634347012648088E-002	4,000000000000000E+000
1,4083004E-001	4,334805128504135E-002	4,000000000000000E+000
1,3965569E-001	4,005211262726024E-002	4,000000000000000E+000
1,3882786E-001	3,589046019705062E-002	4,000000000000000E+000
1,3779607E-001	2,421989874750988E-002	4,000000000000000E+000
1,3668305E-001	2,586352068546044E-002	4,000000000000000E+000
1,3583496E-001	2,883434173620320E-002	4,000000000000000E+000
1,3465486E-001	2,597846914997920E-002	4,000000000000000E+000
1,3377109E-001	2,108238519981054E-002	4,000000000000000E+000
1,3278227E-001	1,828144286042112E-002	4,000000000000000E+000
1,3171595E-001	1,589384158695695E-002	4,000000000000000E+000
1,3076532E-001	1,261062919487214E-002	4,000000000000000E+000
1,2975460E-001	9,345229846783501E-003	4,000000000000000E+000
1,2872376E-001	7,313077952858293E-003	4,000000000000000E+000
1,2774301E-001	-4,954490559738484E-003	4,000000000000000E+000
1,2664188E-001	-6,785379153926518E-003	4,000000000000000E+000
1,2572204E-001	-2,236894495834155E-003	4,000000000000000E+000
1,2466760E-001	-3,690068187526974E-003	4,000000000000000E+000
1,2398233E-001	-7,367963336542334E-003	4,000000000000000E+000
1,2256213E-001	-1,026731283400296E-002	4,000000000000000E+000
1,2167223E-001	-1,342306619052477E-002	4,000000000000000E+000
1,2104490E-001	-1,577100729769473E-002	4,000000000000000E+000
1,1962238E-001	-1,809371034060964E-002	4,000000000000000E+000
1,1870784E-001	-2,008556570015364E-002	4,000000000000000E+000
1,1789859E-001	-2,207890733633479E-002	4,000000000000000E+000
1,1660261E-001	-3,301949498967988E-002	4,000000000000000E+000
1,1586215E-001	-3,562892683678204E-002	4,000000000000000E+000
1,1472238E-001	-3,223330963373872E-002	4,000000000000000E+000
1,1351277E-001	-3,132921378144399E-002	4,000000000000000E+000
1,1300220E-001	-3,427203882529284E-002	4,000000000000000E+000
1,1179790E-001	-3,732302469911197E-002	4,000000000000000E+000
1,1064731E-001	-4,041239792099494E-002	4,000000000000000E+000
1,0987416E-001	-4,148637284864287E-002	4,000000000000000E+000
1,0871315E-001	-4,291558005772655E-002	4,000000000000000E+000
1,0763218E-001	-4,589233689896199E-002	4,000000000000000E+000
1,0684183E-001	-4,780699908587827E-002	4,000000000000000E+000
1,0566512E-001	-5,018484050055538E-002	4,000000000000000E+000
1,0475913E-001	-5,127111574014021E-002	4,000000000000000E+000
1,0372846E-001	-6,279555692324516E-002	4,000000000000000E+000
1,0284089E-001	-6,312280272444071E-002	4,000000000000000E+000
1,0171407E-001	-5,877854626952361E-002	4,000000000000000E+000
1,0079952E-001	-5,907460635676715E-002	4,000000000000000E+000
9,9725991E-002	-6,243735193291092E-002	4,000000000000000E+000
9,8857515E-002	-6,509726559064188E-002	4,000000000000000E+000
9,7779945E-002	-6,636168780338869E-002	4,000000000000000E+000
9,6726783E-002	-6,798070968054359E-002	4,000000000000000E+000
9,5755152E-002	-7,084633777655336E-002	4,000000000000000E+000
9,4794333E-002	-7,186983875160657E-002	4,000000000000000E+000
9,3717612E-002	-7,353593915468104E-002	4,000000000000000E+000
9,2796698E-002	-7,627092618996456E-002	4,000000000000000E+000
9,1744393E-002	-7,847380298416184E-002	4,000000000000000E+000
9,0731122E-002	-8,201469545504858E-002	4,000000000000000E+000
8,9830436E-002	-9,185585159219856E-002	4,000000000000000E+000
8,8706374E-002	-8,847062478404633E-002	4,000000000000000E+000
8,7699287E-002	-8,527861015722404E-002	4,000000000000000E+000
8,6842075E-002	-8,722401976410776E-002	4,000000000000000E+000
8,5740939E-002	-8,957174461748868E-002	4,000000000000000E+000
8,4736377E-002	-9,234172956752862E-002	4,000000000000000E+000
8,3749667E-002	-9,458002572258295E-002	4,000000000000000E+000
8,2644090E-002	-9,554710989080642E-002	4,000000000000000E+000
8,1770726E-002	-9,715021967713244E-002	4,000000000000000E+000
8,0781259E-002	-9,964173834952006E-002	4,000000000000000E+000
7,9760998E-002	-1,012433715336052E-001	4,000000000000000E+000
7,8802727E-002	-1,032405308894038E-001	4,000000000000000E+000
7,7755518E-002	-1,052241168573448E-001	4,000000000000000E+000
7,6660335E-002	-1,088019108606706E-001	4,000000000000000E+000
7,5752161E-002	-1,085754015350378E-001	4,000000000000000E+000
7,4770793E-002	-1,100307015052145E-001	4,000000000000000E+000
7,3750533E-002	-1,228259282636113E-001	4,000000000000000E+000
7,2740257E-002	-1,218225759108056E-001	4,000000000000000E+000
7,1600698E-002	-1,170157730407988E-001	4,000000000000000E+000
7,0922211E-002	-1,167750674988687E-001	4,000000000000000E+000
6,9771625E-002	-1,200094958460087E-001	4,000000000000000E+000
6,8684712E-002	-1,222460946931580E-001	4,000000000000000E+000
6,7700766E-002	-1,249320910380143E-001	4,000000000000000E+000
6,6807032E-002	-1,263021360468379E-001	4,000000000000000E+000
6,5801628E-002	-1,276077044991931E-001	4,000000000000000E+000
6,4786479E-002	-1,298540513348090E-001	4,000000000000000E+000
6,3750938E-002	-1,318461279701699E-001	4,000000000000000E+000
6,2779918E-002	-1,333315363331671E-001	4,000000000000000E+000
6,1724644E-002	-1,358179633987473E-001	4,000000000000000E+000
6,0755346E-002	-1,380047172763925E-001	4,000000000000000E+000
5,9702396E-002	-1,393781486484740E-001	4,000000000000000E+000
5,8879267E-002	-1,467417962364077E-001	4,000000000000000E+000
5,7747468E-002	-1,504835191186023E-001	4,000000000000000E+000
5,6635085E-002	-1,459604878990732E-001	4,000000000000000E+000
5,5844735E-002	-1,459772381802193E-001	4,000000000000000E+000
5,4764617E-002	-1,481917909905963E-001	4,000000000000000E+000
5,3749885E-002	-1,512586851685129E-001	4,000000000000000E+000
5,2803077E-002	-1,526013540925408E-001	4,000000000000000E+000
5,1683262E-002	-1,533196718470802E-001	4,000000000000000E+000
5,0754711E-002	-1,550163188884551E-001	4,000000000000000E+000
4,9822345E-002	-1,571856866907586E-001	4,000000000000000E+000
4,8709746E-002	-1,597177141585338E-001	4,000000000000000E+000
4,7892861E-002	-1,614565523761691E-001	4,000000000000000E+000
4,6793427E-002	-1,624836591525105E-001	4,000000000000000E+000
4,5704175E-002	-1,652269106772213E-001	4,000000000000000E+000
4,4756528E-002	-1,677916002226998E-001	4,000000000000000E+000
4,3827977E-002	-1,685926424074244E-001	4,000000000000000E+000
4,2760156E-002	-1,738980296585295E-001	4,000000000000000E+000
4,1705560E-002	-1,810625296784569E-001	4,000000000000000E+000
4,0783171E-002	-1,767305732743506E-001	4,000000000000000E+000
3,9743807E-002	-1,751900296043862E-001	4,000000000000000E+000
3,8818229E-002	-1,775474984412235E-001	4,000000000000000E+000
3,7748944E-002	-1,809418549140291E-001	4,000000000000000E+000
3,6627222E-002	-1,824291696151095E-001	4,000000000000000E+000
3,5754927E-002	-1,831114364936690E-001	4,000000000000000E+000
3,4853760E-002	-1,845393693139248E-001	4,000000000000000E+000
3,3813976E-002	-1,864858439884198E-001	4,000000000000000E+000
3,2704141E-002	-1,888375979615380E-001	4,000000000000000E+000
3,1804461E-002	-1,913098129961217E-001	4,000000000000000E+000
3,0782720E-002	-1,925644750396407E-001	4,000000000000000E+000
2,9779239E-002	-1,934878830765629E-001	4,000000000000000E+000
2,8703580E-002	-1,962712206716075E-001	4,000000000000000E+000
2,7830862E-002	-1,984738869456721E-001	4,000000000000000E+000
2,6865585E-002	-2,074682065124054E-001	4,000000000000000E+000
2,5767671E-002	-2,102882350769102E-001	4,000000000000000E+000
2,4771616E-002	-2,048390484803042E-001	4,000000000000000E+000
2,3812076E-002	-2,044891200073637E-001	4,000000000000000E+000
2,2795856E-002	-2,079254610612731E-001	4,000000000000000E+000
2,1811901E-002	-2,096205986551156E-001	4,000000000000000E+000
2,0838985E-002	-2,112048615041808E-001	4,000000000000000E+000
1,9719385E-002	-2,126448722976626E-001	4,000000000000000E+000
1,8794021E-002	-2,143902867974248E-001	4,000000000000000E+000
1,7905805E-002	-2,161889520583719E-001	4,000000000000000E+000
1,6766885E-002	-2,181534553852145E-001	4,000000000000000E+000
1,5807131E-002	-2,202133911778215E-001	4,000000000000000E+000
1,4760981E-002	-2,224052351666614E-001	4,000000000000000E+000
1,3818421E-002	-2,249714000014740E-001	4,000000000000000E+000
1,2859729E-002	-2,251633390098704E-001	4,000000000000000E+000
1,1635472E-002	-2,262653025002996E-001	4,000000000000000E+000
1,0772779E-002	-2,307972494098867E-001	4,000000000000000E+000
9,9316752E-003	-2,408731809862523E-001	4,000000000000000E+000
8,6339703E-003	-2,373532786279814E-001	4,000000000000000E+000
7,7671953E-003	-2,355344738882396E-001	4,000000000000000E+000
6,8371613E-003	-2,367306118895711E-001	4,000000000000000E+000
5,6683100E-003	-2,377973787628836E-001	4,000000000000000E+000
4,8176688E-003	-2,405083945713060E-001	4,000000000000000E+000
3,8173695E-003	-2,430111521162970E-001	4,000000000000000E+000
2,7262133E-003	-2,440556606969846E-001	4,000000000000000E+000
1,7976648E-003	-2,458127319469980E-001	4,000000000000000E+000
7,8908639E-004	-2,483627917665412E-001	4,000000000000000E+000
-3,0355534E-004	-2,502435213019552E-001	4,000000000000000E+000
-1,2270093E-003	-2,517482281643120E-001	4,000000000000000E+000
-2,2188183E-003	-2,543920304354585E-001	4,000000000000000E+000
-3,3571003E-003	-2,553402542382370E-001	4,000000000000000E+000
-4,1752635E-003	-2,562555639564779E-001	4,000000000000000E+000
-5,1238565E-003	-2,612566418117952E-001	4,000000000000000E+000
-6,3019241E-003	-2,706070524064768E-001	4,000000000000000E+000
-7,2177364E-003	-2,660519821090728E-001	4,000000000000000E+000
-8,2456321E-003	-2,649928688317429E-001	4,000000000000000E+000
-9,2094215E-003	-2,666420024244056E-001	4,000000000000000E+000
-1,0267036E-002	-2,676296484423797E-001	4,000000000000000E+000
-1,1218725E-002	-2,700465052977150E-001	4,000000000000000E+000
-1,2212019E-002	-2,726188521159605E-001	4,000000000000000E+000
-1,3222083E-002	-2,742302285526721E-001	4,000000000000000E+000
-1,4286067E-002	-2,757290128890109E-001	4,000000000000000E+000
-1,5166216E-002	-2,771365567298041E-001	4,000000000000000E+000
-1,6275205E-002	-2,794944660531151E-001	4,000000000000000E+000
-1,7212031E-002	-2,814840043526294E-001	4,000000000000000E+000
-1,8198323E-002	-2,830497885685566E-001	4,000000000000000E+000
-1,9286292E-002	-2,842646053468334E-001	4,000000000000000E+000
-2,0132264E-002	-2,868222850148512E-001	4,000000000000000E+000
-2,1114698E-002	-2,970774122352142E-001	4,000000000000000E+000
-2,2328341E-002	-2,979694389634657E-001	4,000000000000000E+000
-2,3046307E-002	-2,931766136736975E-001	4,000000000000000E+000
-2,4178224E-002	-2,939611071940611E-001	4,000000000000000E+000
-2,5337733E-002	-2,984750337070885E-001	4,000000000000000E+000
-2,6168209E-002	-2,993721347657917E-001	4,000000000000000E+000
-2,7187614E-002	-2,997789046429618E-001	4,000000000000000E+000
-2,8321438E-002	-3,015926026176530E-001	4,000000000000000E+000
-2,9176960E-002	-3,039017398809341E-001	4,000000000000000E+000
-3,0247949E-002	-3,063612427859983E-001	4,000000000000000E+000
-3,1297717E-002	-3,076829268441825E-001	4,000000000000000E+000
-3,2165337E-002	-3,097928981555427E-001	4,000000000000000E+000
-3,3185165E-002	-3,111120664980263E-001	4,000000000000000E+000
-3,4272291E-002	-3,127452699959075E-001	4,000000000000000E+000
-3,5269834E-002	-3,150548252678052E-001	4,000000000000000E+000
-3,6230888E-002	-3,183338024149016E-001	4,000000000000000E+000
-3,7186123E-002	-3,290998172144297E-001	4,000000000000000E+000
-3,8254559E-002	-3,264899763679665E-001	4,000000000000000E+000
-3,9260380E-002	-3,219705507443807E-001	4,000000000000000E+000
-4,0227991E-002	-3,240425460066438E-001	4,000000000000000E+000
-4,1127037E-002	-3,265703427152600E-001	4,000000000000000E+000
-4,2294186E-002	-3,290007969998348E-001	4,000000000000000E+000
-4,3350529E-002	-3,312991046243239E-001	4,000000000000000E+000
-4,4211999E-002	-3,319493543369594E-001	4,000000000000000E+000
-4,5170899E-002	-3,336576571067167E-001	4,000000000000000E+000
-4,6123866E-002	-3,359341067714716E-001	4,000000000000000E+000
-4,7247499E-002	-3,381301907744874E-001	4,000000000000000E+000
-4,8280280E-002	-3,398813452869138E-001	4,000000000000000E+000
-4,8979778E-002	-3,419926047208719E-001	4,000000000000000E+000
-5,0226744E-002	-3,430767673869716E-001	4,000000000000000E+000
-5,1231507E-002	-3,449689563777705E-001	4,000000000000000E+000
-5,2110028E-002	-3,534714388208346E-001	4,000000000000000E+000
-5,3183034E-002	-3,569357945428537E-001	4,000000000000000E+000
-5,4118376E-002	-3,522178394810513E-001	4,000000000000000E+000
-5,5173233E-002	-3,522352344459931E-001	4,000000000000000E+000
-5,6278396E-002	-3,550732910516672E-001	4,000000000000000E+000
-5,7151757E-002	-3,582055079297986E-001	4,000000000000000E+000
-5,8119789E-002	-3,597348213079385E-001	4,000000000000000E+000
-5,9176981E-002	-3,598319437652311E-001	4,000000000000000E+000
-6,0143098E-002	-3,618772563576291E-001	4,000000000000000E+000
-6,1214723E-002	-3,641178714590039E-001	4,000000000000000E+000
-6,2191669E-002	-3,665368816517818E-001	4,000000000000000E+000
-6,3165866E-002	-3,687138833532408E-001	4,000000000000000E+000
-6,4139202E-002	-3,696697098655708E-001	4,000000000000000E+000
-6,5318242E-002	-3,717828659832265E-001	4,000000000000000E+000
-6,6152535E-002	-3,738256372938249E-001	4,000000000000000E+000
-6,7228161E-002	-3,757642662385488E-001	4,000000000000000E+000
-6,8232290E-002	-3,863388036972735E-001	4,000000000000000E+000
-6,9126025E-002	-3,858181297093513E-001	4,000000000000000E+000
-7,0228852E-002	-3,816672992090595E-001	4,000000000000000E+000
-7,1251445E-002	-3,833297967794351E-001	4,000000000000000E+000
-7,2217137E-002	-3,864923436065313E-001	4,000000000000000E+000
-7,3294714E-002	-3,881425392012003E-001	4,000000000000000E+000
-7,4258290E-002	-3,897131997962578E-001	4,000000000000000E+000
-7,5150110E-002	-3,919604133827506E-001	4,000000000000000E+000
-7,6317899E-002	-3,944970993131087E-001	4,000000000000000E+000
-7,7228412E-002	-3,947422642700591E-001	4,000000000000000E+000
-7,8103676E-002	-3,966573519153602E-001	4,000000000000000E+000
-7,9288237E-002	-3,996968850778005E-001	4,000000000000000E+000
-8,0225490E-002	-4,008332064323552E-001	4,000000000000000E+000
-8,1233852E-002	-4,031346861544680E-001	4,000000000000000E+000
-8,2320973E-002	-4,043936078346135E-001	4,000000000000000E+000
-8,3152659E-002	-4,111517636596944E-001	4,000000000000000E+000
-8,4161051E-002	-4,168861920350340E-001	4,000000000000000E+000
-8,5209951E-002	-4,131608018586923E-001	4,000000000000000E+000
-8,6224906E-002	-4,124859740905888E-001	4,000000000000000E+000
-8,7255143E-002	-4,145492679542961E-001	4,000000000000000E+000
-8,8309787E-002	-4,175659129331388E-001	4,000000000000000E+000
-8,9165524E-002	-4,184651433735973E-001	4,000000000000000E+000
-9,0225480E-002	-4,187287432594324E-001	4,000000000000000E+000
-9,1245942E-002	-4,217678542223031E-001	4,000000000000000E+000
-9,2157729E-002	-4,241145093433776E-001	4,000000000000000E+000
-9,3203455E-002	-4,259903754767336E-001	4,000000000000000E+000
-9,4269559E-002	-4,286034092591646E-001	4,000000000000000E+000
-9,5110856E-002	-4,299965655663982E-001	4,000000000000000E+000
-9,6294768E-002	-4,316143226007831E-001	4,000000000000000E+000
-9,7106144E-002	-4,332634503241709E-001	4,000000000000000E+000
-9,8252937E-002	-4,394890724927070E-001	4,000000000000000E+000
-9,9279083E-002	-4,467379636803850E-001	4,000000000000000E+000
-1,0014862E-001	-4,428946578409532E-001	4,000000000000000E+000
-1,0128478E-001	-4,414022502541122E-001	4,000000000000000E+000
-1,0215622E-001	-4,436239826609376E-001	4,000000000000000E+000
-1,0310834E-001	-4,457308096332584E-001	4,000000000000000E+000
-1,0420310E-001	-4,482369675145783E-001	4,000000000000000E+000
-1,0522167E-001	-4,492178377177964E-001	4,000000000000000E+000
-1,0630412E-001	-4,517893132805400E-001	4,000000000000000E+000
-1,0718236E-001	-4,532560538629893E-001	4,000000000000000E+000
-1,0826736E-001	-4,551342236356692E-001	4,000000000000000E+000
-1,0916575E-001	-4,572435772279269E-001	4,000000000000000E+000
-1,1012997E-001	-4,593713673594824E-001	4,000000000000000E+000
-1,1123789E-001	-4,610154010782326E-001	4,000000000000000E+000
-1,1219128E-001	-4,631266717139297E-001	4,000000000000000E+000
-1,1313719E-001	-4,665335394868932E-001	4,000000000000000E+000
-1,1419609E-001	-4,762383257750322E-001	4,000000000000000E+000
-1,1519406E-001	-4,728917006674838E-001	4,000000000000000E+000
-1,1623512E-001	-4,709549910492372E-001	4,000000000000000E+000
-1,1723266E-001	-4,723924819651657E-001	4,000000000000000E+000
-1,1822575E-001	-4,760818128383519E-001	4,000000000000000E+000
-1,1915599E-001	-4,767068118542541E-001	4,000000000000000E+000
-1,2012169E-001	-4,779988078322868E-001	4,000000000000000E+000
-1,2112261E-001	-4,805656003882173E-001	4,000000000000000E+000
-1,2238000E-001	-4,829107966571513E-001	4,000000000000000E+000
-1,2309372E-001	-4,847618334137629E-001	4,000000000000000E+000
-1,2414348E-001	-4,870747811833613E-001	4,000000000000000E+000
-1,2526076E-001	-4,887472586382877E-001	4,000000000000000E+000
-1,2618420E-001	-4,908652789632075E-001	4,000000000000000E+000
-1,2720339E-001	-4,921663951827218E-001	4,000000000000000E+000
-1,2814809E-001	-4,947007589184464E-001	4,000000000000000E+000
-1,2902628E-001	-5,049760834921866E-001	4,000000000000000E+000
-1,3031784E-001	-5,026026942262734E-001	4,000000000000000E+000
-1,3113599E-001	-5,002354515923386E-001	4,000000000000000E+000
-1,3202591E-001	-5,020122384885317E-001	4,000000000000000E+000
-1,3339430E-001	-5,036255084689594E-001	4,000000000000000E+000
-1,3401398E-001	-5,054833859774377E-001	4,000000000000000E+000
-1,3502172E-001	-5,063537289582496E-001	4,000000000000000E+000
-1,3641177E-001	-5,085979542281063E-001	4,000000000000000E+000
-1,3703291E-001	-5,115210954940679E-001	4,000000000000000E+000
-1,3814595E-001	-5,126434093690460E-001	4,000000000000000E+000
-1,3936065E-001	-5,144206168091232E-001	4,000000000000000E+000
-1,3996334E-001	-5,162059065252018E-001	4,000000000000000E+000
-1,4122878E-001	-5,175626160538132E-001	4,000000000000000E+000
-1,4239573E-001	-5,202102164427425E-001	4,000000000000000E+000
-1,4302942E-001	-5,221437712963155E-001	4,000000000000000E+000
-1,4418542E-001	-5,237087041023178E-001	4,000000000000000E+000
-1,4529447E-001	-5,340141002929570E-001	4,000000000000000E+000
-1,4605744E-001	-5,324656959920604E-001	4,000000000000000E+000
-1,4730464E-001	-5,291570483952643E-001	4,000000000000000E+000
-1,4824253E-001	-5,311247202399612E-001	4,000000000000000E+000
-1,4909424E-001	-5,316322545210523E-001	4,000000000000000E+000
-1,5029365E-001	-5,334487005667228E-001	4,000000000000000E+000
-1,5120459E-001	-5,353837145699405E-001	4,000000000000000E+000
-1,5211488E-001	-5,364271325395533E-001	4,000000000000000E+000
-1,5320116E-001	-5,380732888459328E-001	4,000000000000000E+000
-1,5422589E-001	-5,389452127662162E-001	4,000000000000000E+000
-1,5508626E-001	-5,412114376538542E-001	4,000000000000000E+000
-1,5622412E-001	-5,414413725504543E-001	4,000000000000000E+000
-1,5731572E-001	-5,428126674960350E-001	4,000000000000000E+000
-1,5817060E-001	-5,458679067216705E-001	4,000000000000000E+000
-1,5916538E-001	-5,470508944256111E-001	4,000000000000000E+000
-1,6035312E-001	-5,485010592642023E-001	4,000000000000000E+000
-1,6106980E-001	-5,517503556847156E-001	4,000000000000000E+000
-1,6202310E-001	-5,530697519748689E-001	4,000000000000000E+000
-1,6332850E-001	-5,632769090007042E-001	4,000000000000000E+000
-1,6414241E-001	-5,619071298860945E-001	4,000000000000000E+000
-1,6515569E-001	-5,582478959436745E-001	4,000000000000000E+000
-1,6618529E-001	-5,601309188253545E-001	4,000000000000000E+000
-1,6711147E-001	-5,635560754841801E-001	4,000000000000000E+000
-1,6818863E-001	-5,654518052534594E-001	4,000000000000000E+000
-1,6920400E-001	-5,662615236877988E-001	4,000000000000000E+000
-1,7016354E-001	-5,686743940200856E-001	4,000000000000000E+000
-1,7119718E-001	-5,722858747984798E-001	4,000000000000000E+000
-1,7223208E-001	-5,735975709911951E-001	4,000000000000000E+000
-1,7271017E-001	-5,749391939219402E-001	4,000000000000000E+000
-1,7410487E-001	-5,767054167744288E-001	4,000000000000000E+000
-1,7546329E-001	-5,791967346061320E-001	4,000000000000000E+000
-1,7607342E-001	-5,816377758746984E-001	4,000000000000000E+000
-1,7706734E-001	-5,938928547030748E-001	4,000000000000000E+000
-1,7812580E-001	-5,935441796577332E-001	4,000000000000000E+000
-1,7933816E-001	-5,885066375420950E-001	4,000000000000000E+000
-1,8013722E-001	-5,902011685668391E-001	4,000000000000000E+000
-1,8109995E-001	-5,934366127540764E-001	4,000000000000000E+000
-1,8215586E-001	-5,955434725425839E-001	4,000000000000000E+000
-1,8319479E-001	-5,976791102762551E-001	4,000000000000000E+000
-1,8416622E-001	-6,004501632802794E-001	4,000000000000000E+000
-1,8525928E-001	-6,021306580967378E-001	4,000000000000000E+000
-1,8615493E-001	-6,035590510711923E-001	4,000000000000000E+000
-1,8728878E-001	-6,055097602333657E-001	4,000000000000000E+000
-1,8820755E-001	-6,079875065673459E-001	4,000000000000000E+000
-1,8907414E-001	-6,124549655166138E-001	4,000000000000000E+000
-1,9027711E-001	-6,228207740285967E-001	4,000000000000000E+000
-1,9119716E-001	-6,194714249318669E-001	4,000000000000000E+000
-1,9224669E-001	-6,180070289022606E-001	4,000000000000000E+000
-1,9317399E-001	-6,202416905952211E-001	4,000000000000000E+000
-1,9414499E-001	-6,230943688941721E-001	4,000000000000000E+000
-1,9516844E-001	-6,255546940697565E-001	4,000000000000000E+000
-1,9612244E-001	-6,288824890766094E-001	4,000000000000000E+000
-1,9711679E-001	-6,292196563833090E-001	4,000000000000000E+000
-1,9816592E-001	-6,316869987381795E-001	4,000000000000000E+000
-1,9910014E-001	-6,342587414630021E-001	4,000000000000000E+000
-1,9960956E-001	-6,355175375938416E-001	4,000000000000000E+000
-1,9936803E-001	-6,356816887855530E-001	4,000000000000000E+000
-1,9962333E-001	-5,522567985268925E-001	4,000000000000000E+000
-1,9879453E-001	-3,036493725246854E-001	4,000000000000000E+000
-1,9690506E-001	-2,129135732506657E-001	4,000000000000000E+000
-1,9558319E-001	-2,874311532553591E-001	4,000000000000000E+000
-1,9487561E-001	-3,470134946615682E-001	4,000000000000000E+000
-1,9397752E-001	-3,162473600144349E-001	4,000000000000000E+000
-1,9314903E-001	-2,626900937078367E-001	4,000000000000000E+000
-1,9178817E-001	-2,506481647433247E-001	4,000000000000000E+000
-1,9080104E-001	-2,620788733733610E-001	4,000000000000000E+000
-1,8992071E-001	-2,620969182915163E-001	4,000000000000000E+000
-1,8889914E-001	-2,521420750353069E-001	4,000000000000000E+000
-1,8787678E-001	-2,442806585653057E-001	4,000000000000000E+000
-1,8691437E-001	-2,357230232478780E-001	4,000000000000000E+000
-1,8597300E-001	-2,243065311534642E-001	4,000000000000000E+000
-1,8489693E-001	-2,247618707317294E-001	4,000000000000000E+000
-1,8396667E-001	-2,233192997874633E-001	4,000000000000000E+000
-1,8290462E-001	-2,176346916918792E-001	4,000000000000000E+000
-1,8179843E-001	-2,118043968447534E-001	4,000000000000000E+000
-1,8100402E-001	-1,987345296818397E-001	4,000000000000000E+000
-1,7988209E-001	-1,961293342012336E-001	4,000000000000000E+000
-1,7894654E-001	-1,964949672078042E-001	4,000000000000000E+000
-1,7782609E-001	-1,929294757687282E-001	4,000000000000000E+000
-1,7698859E-001	-1,866137160880794E-001	4,000000000000000E+000
-1,7592673E-001	-1,833245678992377E-001	4,000000000000000E+000
-1,7474777E-001	-1,753191779684535E-001	4,000000000000000E+000
-1,7384765E-001	-1,667214475714392E-001	4,000000000000000E+000
-1,7288233E-001	-1,686914515448739E-001	4,000000000000000E+000
-1,7193300E-001	-1,675328689517404E-001	4,000000000000000E+000
-1,7091572E-001	-1,637480896380210E-001	4,000000000000000E+000
-1,6978465E-001	-1,589777707995381E-001	4,000000000000000E+000
-1,6896118E-001	-1,551049647031407E-001	4,000000000000000E+000
-1,6794892E-001	-1,452035777927245E-001	4,000000000000000E+000
-1,6688758E-001	-1,398485471290769E-001	4,000000000000000E+000
-1,6609830E-001	-1,424153548432514E-001	4,000000000000000E+000
-1,6488148E-001	-1,406803349252899E-001	4,000000000000000E+000
-1,6384189E-001	-1,364035232885117E-001	4,000000000000000E+000
-1,6298278E-001	-1,332793792373397E-001	4,000000000000000E+000
-1,6192475E-001	-1,298443069859380E-001	4,000000000000000E+000
-1,6078369E-001	-1,268819724177266E-001	4,000000000000000E+000
-1,6002981E-001	-1,223286004015889E-001	4,000000000000000E+000
-1,5887354E-001	-1,095140784293311E-001	4,000000000000000E+000
-1,5794966E-001	-1,110692576573151E-001	4,000000000000000E+000
-1,5693516E-001	-1,125707831961337E-001	4,000000000000000E+000
-1,5588985E-001	-1,100892376739968E-001	4,000000000000000E+000
-1,5500526E-001	-1,062518539870829E-001	4,000000000000000E+000
-1,5394062E-001	-1,028008894273723E-001	4,000000000000000E+000
-1,5293162E-001	-9,935203742416987E-002	4,000000000000000E+000
-1,5205720E-001	-9,766387843248781E-002	4,000000000000000E+000
-1,5091501E-001	-9,402352617730173E-002	4,000000000000000E+000
-1,4997639E-001	-8,040033428147164E-002	4,000000000000000E+000
-1,4893322E-001	-8,156296091005455E-002	4,000000000000000E+000
-1,4788322E-001	-8,422965620896627E-002	4,000000000000000E+000
-1,4696191E-001	-8,205392860529348E-002	4,000000000000000E+000
-1,4589602E-001	-7,837815504818646E-002	4,000000000000000E+000
-1,4483796E-001	-7,616000879998985E-002	4,000000000000000E+000
-1,4391664E-001	-7,209994266546937E-002	4,000000000000000E+000
-1,4279959E-001	-6,862903652977859E-002	4,000000000000000E+000
-1,4232276E-001	-6,619838781625720E-002	4,000000000000000E+000
-1,4066528E-001	-6,330836527760977E-002	4,000000000000000E+000
-1,3976753E-001	-5,223459732143150E-002	4,000000000000000E+000
-1,3881858E-001	-5,365680744903822E-002	4,000000000000000E+000
-1,3803416E-001	-5,520223527289786E-002	4,000000000000000E+000
-1,3691904E-001	-5,337431686590807E-002	4,000000000000000E+000
-1,3577650E-001	-5,019735597872765E-002	4,000000000000000E+000
-1,3495600E-001	-4,731030844979811E-002	4,000000000000000E+000
-1,3383874E-001	-4,346020320048827E-002	4,000000000000000E+000
-1,3299447E-001	-4,093475118133938E-002	4,000000000000000E+000
-1,3201921E-001	-3,881988849106055E-002	4,000000000000000E+000
-1,3093044E-001	-3,403599138416918E-002	4,000000000000000E+000
-1,3003202E-001	-2,359485883708762E-002	4,000000000000000E+000
-1,2893662E-001	-2,679514875813364E-002	4,000000000000000E+000
-1,2786372E-001	-2,866654400552060E-002	4,000000000000000E+000
-1,2706296E-001	-2,541344533690587E-002	4,000000000000000E+000
-1,2597308E-001	-2,010126070429880E-002	4,000000000000000E+000
-1,2484329E-001	-1,793655819791529E-002	4,000000000000000E+000
-1,2400305E-001	-1,707826880273289E-002	4,000000000000000E+000
-1,2290958E-001	-1,461347225853790E-002	4,000000000000000E+000
-1,2197359E-001	-1,240147580695827E-002	4,000000000000000E+000
-1,2099112E-001	-9,178916941184282E-003	4,000000000000000E+000
-1,2008860E-001	-4,271233352583513E-005	4,000000000000000E+000
-1,1891943E-001	3,790637357269595E-003	4,000000000000000E+000
-1,1791956E-001	2,238725585167852E-004	4,000000000000000E+000
-1,1697870E-001	9,419761914683817E-004	4,000000000000000E+000
-1,1598561E-001	3,265951133345074E-003	4,000000000000000E+000
-1,1499698E-001	6,172085982850850E-003	4,000000000000000E+000
-1,1385595E-001	8,449614913135735E-003	4,000000000000000E+000
-1,1298874E-001	1,150632804880539E-002	4,000000000000000E+000
-1,1204407E-001	1,373104924136391E-002	4,000000000000000E+000
-1,1091556E-001	1,726854606264779E-002	4,000000000000000E+000
-1,1005536E-001	1,959739896645063E-002	4,000000000000000E+000
-1,0883556E-001	2,128237701981564E-002	4,000000000000000E+000
-1,0800469E-001	3,234469224682673E-002	4,000000000000000E+000
-1,0679126E-001	3,356245596862417E-002	4,000000000000000E+000
-1,0583320E-001	2,983769335252068E-002	4,000000000000000E+000
-1,0501123E-001	3,152330319587948E-002	4,000000000000000E+000
-1,0406230E-001	3,497703332040042E-002	4,000000000000000E+000
-1,0293187E-001	3,714470305122730E-002	4,000000000000000E+000
-1,0186768E-001	3,935627399793407E-002	4,000000000000000E+000
-1,0111956E-001	4,182701052033933E-002	4,000000000000000E+000
-9,9923320E-002	4,481670550174177E-002	4,000000000000000E+000
-9,8976940E-002	4,649680277685142E-002	4,000000000000000E+000
-9,8002531E-002	4,850456640269840E-002	4,000000000000000E+000
-9,6844628E-002	5,151865389699284E-002	4,000000000000000E+000
-9,5978633E-002	6,360234244089547E-002	4,000000000000000E+000
-9,5115878E-002	6,168408277961954E-002	4,000000000000000E+000
-9,3646437E-002	5,854147407889188E-002	4,000000000000000E+000
-9,2961580E-002	6,017237335618153E-002	4,000000000000000E+000
-9,1909491E-002	6,270227406558782E-002	4,000000000000000E+000
-9,0947188E-002	6,477344937027540E-002	4,000000000000000E+000
-8,9894243E-002	6,571084348009537E-002	4,000000000000000E+000
-8,8925794E-002	6,830522808256001E-002	4,000000000000000E+000
-8,7915093E-002	7,167475302897697E-002	4,000000000000000E+000
-8,7023899E-002	7,256930670296735E-002	4,000000000000000E+000
-8,6057149E-002	7,415546020961838E-002	4,000000000000000E+000
-8,4915042E-002	7,650678834357283E-002	4,000000000000000E+000
-8,3966114E-002	7,750547612765019E-002	4,000000000000000E+000
-8,3042435E-002	7,921441359535986E-002	4,000000000000000E+000
-8,1949435E-002	8,701748760035510E-002	4,000000000000000E+000
-8,0956116E-002	9,341149551942696E-002	4,000000000000000E+000
-7,9868570E-002	8,859302383562961E-002	4,000000000000000E+000
-7,9005606E-002	8,814023673767246E-002	4,000000000000000E+000
-7,8043535E-002	9,092018205491414E-002	4,000000000000000E+000
-7,6950245E-002	9,279157777685554E-002	4,000000000000000E+000
-7,5914927E-002	9,448355992693314E-002	4,000000000000000E+000
-7,4996777E-002	9,615199423731424E-002	4,000000000000000E+000
-7,3835142E-002	9,897541714922742E-002	4,000000000000000E+000
-7,2962418E-002	1,005418414699513E-001	4,000000000000000E+000
-7,2001189E-002	1,018238653082841E-001	4,000000000000000E+000
-7,0917033E-002	1,029148071005086E-001	4,000000000000000E+000
-6,9768339E-002	1,048718801175712E-001	4,000000000000000E+000
-6,8993486E-002	1,082469297123479E-001	4,000000000000000E+000
-6,8036065E-002	1,090916450824198E-001	4,000000000000000E+000
-6,7031451E-002	1,171634118105027E-001	4,000000000000000E+000
-6,6014275E-002	1,209689839532883E-001	4,000000000000000E+000
-6,4830348E-002	1,159778869186994E-001	4,000000000000000E+000
-6,4021535E-002	1,156733412224439E-001	4,000000000000000E+000
-6,2984295E-002	1,183311304970023E-001	4,000000000000000E+000
-6,1895259E-002	1,208005889250974E-001	4,000000000000000E+000
-6,0958214E-002	1,231406892539879E-001	4,000000000000000E+000
-5,9895925E-002	1,246818690350562E-001	4,000000000000000E+000
-5,8988821E-002	1,265428689819399E-001	4,000000000000000E+000
-5,7938851E-002	1,273203601611184E-001	4,000000000000000E+000
-5,6902241E-002	1,284231806623417E-001	4,000000000000000E+000
-5,5959050E-002	1,306385703242596E-001	4,000000000000000E+000
-5,5089518E-002	1,335695107150561E-001	4,000000000000000E+000
-5,3842761E-002	1,355357182894499E-001	4,000000000000000E+000
-5,2946471E-002	1,363191299169555E-001	4,000000000000000E+000
-5,1921554E-002	1,378261772495333E-001	4,000000000000000E+000
-5,0845172E-002	1,469273942525939E-001	4,000000000000000E+000
-4,9959831E-002	1,507965850647048E-001	4,000000000000000E+000
-4,9035523E-002	1,454290376827378E-001	4,000000000000000E+000
-4,7824860E-002	1,446451912553228E-001	4,000000000000000E+000
-4,6961058E-002	1,485890388317386E-001	4,000000000000000E+000
-4,5931458E-002	1,507456802032214E-001	4,000000000000000E+000
-4,4983808E-002	1,516323831860466E-001	4,000000000000000E+000
-4,3960154E-002	1,524883471914416E-001	4,000000000000000E+000
-4,2921007E-002	1,550782640147694E-001	4,000000000000000E+000
-4,2033430E-002	1,572533618729919E-001	4,000000000000000E+000
-4,1084498E-002	1,591794751099460E-001	4,000000000000000E+000
-3,9842840E-002	1,618658875425658E-001	4,000000000000000E+000
-3,9049935E-002	1,625366914603443E-001	4,000000000000000E+000
-3,7966847E-002	1,642874172022051E-001	4,000000000000000E+000
-3,6902018E-002	1,663912565887182E-001	4,000000000000000E+000
-3,6075573E-002	1,677504873595255E-001	4,000000000000000E+000
-3,4964085E-002	1,715893397728601E-001	4,000000000000000E+000
-3,3962708E-002	1,813405832055848E-001	4,000000000000000E+000
-3,3076614E-002	1,772866691495037E-001	4,000000000000000E+000
-3,1975485E-002	1,749832677887748E-001	4,000000000000000E+000
-3,1055853E-002	1,771598542044459E-001	4,000000000000000E+000
-3,0039631E-002	1,794755474418508E-001	4,000000000000000E+000
-2,8956750E-002	1,813032534102805E-001	4,000000000000000E+000
-2,7967069E-002	1,821218948882439E-001	4,000000000000000E+000
-2,6924314E-002	1,843968697778307E-001	4,000000000000000E+000
-2,5966890E-002	1,869331371854064E-001	4,000000000000000E+000
-2,4938995E-002	1,895470291718895E-001	4,000000000000000E+000
-2,4015330E-002	1,903718044017704E-001	4,000000000000000E+000
-2,2899760E-002	1,913581985281785E-001	4,000000000000000E+000
-2,2006448E-002	1,934681767533122E-001	4,000000000000000E+000
-2,1021225E-002	1,955775247738014E-001	4,000000000000000E+000
-2,0014981E-002	1,961624492574225E-001	4,000000000000000E+000
-1,8914908E-002	1,979129599543131E-001	4,000000000000000E+000
-1,8024813E-002	2,086601236143102E-001	4,000000000000000E+000
-1,6872734E-002	2,096795877506442E-001	4,000000000000000E+000
-1,5962867E-002	2,054615257172072E-001	4,000000000000000E+000
-1,5068704E-002	2,056852658990662E-001	4,000000000000000E+000
-1,4000051E-002	2,081625758631463E-001	4,000000000000000E+000
-1,2981495E-002	2,109223848900812E-001	4,000000000000000E+000
-1,1898617E-002	2,127541194074896E-001	4,000000000000000E+000
-1,1005946E-002	2,134351061508308E-001	4,000000000000000E+000
-1,0059352E-002	2,155249444347451E-001	4,000000000000000E+000
-8,9429338E-003	2,173494772093063E-001	4,000000000000000E+000
-7,9766000E-003	2,183755111764190E-001	4,000000000000000E+000
-6,9741765E-003	2,202810672622744E-001	4,000000000000000E+000
-5,8929981E-003	2,224124636915004E-001	4,000000000000000E+000
-5,0217649E-003	2,245211721779523E-001	4,000000000000000E+000
-3,9352784E-003	2,271047325597877E-001	4,000000000000000E+000
-2,9895350E-003	2,280728856437944E-001	4,000000000000000E+000
-1,9921290E-003	2,352286809990702E-001	4,000000000000000E+000
-1,0263304E-003	2,394635035274808E-001	4,000000000000000E+000
9,6880474E-005	2,354589969262539E-001	4,000000000000000E+000
1,0685220E-003	2,363518524216484E-001	4,000000000000000E+000
1,9996180E-003	2,368071867418222E-001	4,000000000000000E+000
3,0799473E-003	2,392910831161623E-001	4,000000000000000E+000
3,9509679E-003	2,418428231645113E-001	4,000000000000000E+000
5,0593182E-003	2,439653373084090E-001	4,000000000000000E+000
5,9333569E-003	2,450317237526178E-001	4,000000000000000E+000
6,0326508E-003	2,451667934656143E-001	5,000000000000000E+000
6,6224788E-003	2,456534790010966E-001	5,000000000000000E+000
7,6085557E-003	2,467857855889544E-001	5,000000000000000E+000
8,6430330E-003	2,495661457036888E-001	5,000000000000000E+000
9,5758261E-003	2,509754287214803E-001	5,000000000000000E+000
1,0635989E-002	2,534306626896276E-001	5,000000000000000E+000
1,1626312E-002	2,549958284103515E-001	5,000000000000000E+000
1,2568447E-002	2,564729450192928E-001	5,000000000000000E+000
1,3560270E-002	2,623189407976401E-001	5,000000000000000E+000
1,4682157E-002	2,690049952588103E-001	5,000000000000000E+000
1,5637666E-002	2,643424000093046E-001	5,000000000000000E+000
1,6473023E-002	2,643161051803165E-001	5,000000000000000E+000
1,7634230E-002	2,661928000808178E-001	5,000000000000000E+000
1,8533275E-002	2,679636697317216E-001	5,000000000000000E+000
1,9749885E-002	2,694904460190126E-001	5,000000000000000E+000
2,0639801E-002	2,720642543960530E-001	5,000000000000000E+000
2,1556461E-002	2,739880404939563E-001	5,000000000000000E+000
2,2704080E-002	2,751247796404641E-001	5,000000000000000E+000
2,3665536E-002	2,768477300576500E-001	5,000000000000000E+000
2,4614040E-002	2,789753191431776E-001	5,000000000000000E+000
2,5685240E-002	2,818415779264696E-001	5,000000000000000E+000
2,6649665E-002	2,836065086141586E-001	5,000000000000000E+000
2,7616847E-002	2,838635540101686E-001	5,000000000000000E+000
2,8650265E-002	2,856503139967872E-001	5,000000000000000E+000
2,9483939E-002	2,916757302268209E-001	5,000000000000000E+000
3,0670995E-002	2,993048902329365E-001	5,000000000000000E+000
3,1767245E-002	2,950204528040361E-001	5,000000000000000E+000
3,2546349E-002	2,931779036007361E-001	5,000000000000000E+000
3,3574458E-002	2,953570104307603E-001	5,000000000000000E+000
3,4662005E-002	2,980269046125201E-001	5,000000000000000E+000
3,5682261E-002	2,995619293489868E-001	5,000000000000000E+000
3,6604438E-002	3,012526425138473E-001	5,000000000000000E+000
3,7601132E-002	3,029047475235234E-001	5,000000000000000E+000
3,8564283E-002	3,050817554596716E-001	5,000000000000000E+000
3,9690889E-002	3,065463633716312E-001	5,000000000000000E+000
4,0593751E-002	3,087144460943019E-001	5,000000000000000E+000
4,1687451E-002	3,102868350300323E-001	5,000000000000000E+000
4,2658668E-002	3,123664944109308E-001	5,000000000000000E+000
4,3533940E-002	3,136332404683340E-001	5,000000000000000E+000
4,4648021E-002	3,154751761208496E-001	5,000000000000000E+000
4,5625757E-002	3,225948968837553E-001	5,000000000000000E+000
4,6575136E-002	3,283685806155612E-001	5,000000000000000E+000
4,7621500E-002	3,232559431214925E-001	5,000000000000000E+000
4,8658520E-002	3,227806862172065E-001	5,000000000000000E+000
4,9667951E-002	3,252467487279020E-001	5,000000000000000E+000
5,0594803E-002	3,270006435470556E-001	5,000000000000000E+000
5,1663242E-002	3,285692138920755E-001	5,000000000000000E+000
5,2609202E-002	3,305353980071626E-001	5,000000000000000E+000
5,3629875E-002	3,329244866682638E-001	5,000000000000000E+000
5,4653101E-002	3,352174926419860E-001	5,000000000000000E+000
5,5550024E-002	3,369820051723051E-001	5,000000000000000E+000
5,6634385E-002	3,380608556714526E-001	5,000000000000000E+000
5,7670351E-002	3,402414480159592E-001	5,000000000000000E+000
5,8615454E-002	3,424118845400184E-001	5,000000000000000E+000
5,9618086E-002	3,439679475009663E-001	5,000000000000000E+000
6,0613081E-002	3,456177203592645E-001	5,000000000000000E+000
6,1542917E-002	3,509960534930654E-001	5,000000000000000E+000
6,2829107E-002	3,592368619995092E-001	5,000000000000000E+000
6,3517570E-002	3,546417208466073E-001	5,000000000000000E+000
6,4553954E-002	3,534003992875432E-001	5,000000000000000E+000
6,5697536E-002	3,561171501189371E-001	5,000000000000000E+000
6,6612720E-002	3,575552562187028E-001	5,000000000000000E+000
6,7581810E-002	3,590631508850493E-001	5,000000000000000E+000
6,8566404E-002	3,614713273515626E-001	5,000000000000000E+000
6,9630392E-002	3,633217246711458E-001	5,000000000000000E+000
7,0694372E-002	3,654160094900156E-001	5,000000000000000E+000
7,1601696E-002	3,670906276998291E-001	5,000000000000000E+000
7,2468467E-002	3,686924357639834E-001	5,000000000000000E+000
7,3738575E-002	3,698370631512571E-001	5,000000000000000E+000
7,4449763E-002	3,730017178588438E-001	5,000000000000000E+000
7,5528599E-002	3,746752245675040E-001	5,000000000000000E+000
7,6855101E-002	3,818925536341142E-001	5,000000000000000E+000
7,7500716E-002	3,874795692520112E-001	5,000000000000000E+000
7,8651302E-002	3,828439107229418E-001	5,000000000000000E+000
7,9802118E-002	3,824778719766391E-001	5,000000000000000E+000
8,0433898E-002	3,848215797851378E-001	5,000000000000000E+000
8,1616975E-002	3,866229892462600E-001	5,000000000000000E+000
8,2697079E-002	3,881964045124020E-001	5,000000000000000E+000
8,3336726E-002	3,904047766635719E-001	5,000000000000000E+000
8,4798522E-002	3,919620964378634E-001	5,000000000000000E+000
8,5661478E-002	3,932693501313533E-001	5,000000000000000E+000
8,6414680E-002	3,952815916919583E-001	5,000000000000000E+000
8,7681174E-002	3,979624855564912E-001	5,000000000000000E+000
8,8708006E-002	3,997740760161029E-001	5,000000000000000E+000
8,9445293E-002	4,016764299853488E-001	5,000000000000000E+000
9,0647466E-002	4,029641762091276E-001	5,000000000000000E+000
9,1628119E-002	4,085151727971006E-001	5,000000000000000E+000
9,2589445E-002	4,175464058062053E-001	5,000000000000000E+000
9,3714572E-002	4,132426483880005E-001	5,000000000000000E+000
9,4704263E-002	4,110276787218430E-001	5,000000000000000E+000
9,5519654E-002	4,134581241459170E-001	5,000000000000000E+000
9,6743070E-002	4,160489277823611E-001	5,000000000000000E+000
9,7713225E-002	4,176197774682384E-001	5,000000000000000E+000
9,8563440E-002	4,193062200857748E-001	5,000000000000000E+000
9,9651620E-002	4,210788202924771E-001	5,000000000000000E+000
1,0081558E-001	4,226689916233446E-001	5,000000000000000E+000
1,0147156E-001	4,251942391597883E-001	5,000000000000000E+000
1,0255657E-001	4,271075990464950E-001	5,000000000000000E+000
1,0377362E-001	4,288519659377128E-001	5,000000000000000E+000
1,0456140E-001	4,299830189039430E-001	5,000000000000000E+000
1,0558947E-001	4,338806100163799E-001	5,000000000000000E+000
1,0658998E-001	4,442822931256762E-001	5,000000000000000E+000
1,0768455E-001	4,428312397665453E-001	5,000000000000000E+000
1,0853095E-001	4,395594795544939E-001	5,000000000000000E+000
1,0959344E-001	4,399475815654226E-001	5,000000000000000E+000
1,1057294E-001	4,432027991020329E-001	5,000000000000000E+000
1,1162356E-001	4,457159667638029E-001	5,000000000000000E+000
1,1275228E-001	4,471029539903011E-001	5,000000000000000E+000
1,1336070E-001	4,493548191255998E-001	5,000000000000000E+000
1,1467434E-001	4,503282718619124E-001	5,000000000000000E+000
1,1592153E-001	4,525277581479812E-001	5,000000000000000E+000
1,1620728E-001	4,548001852300434E-001	5,000000000000000E+000
1,1759669E-001	4,564915435298138E-001	5,000000000000000E+000
1,1862437E-001	4,592318041573504E-001	5,000000000000000E+000
1,1964994E-001	4,605797979683199E-001	5,000000000000000E+000
1,2047298E-001	4,626567104197523E-001	5,000000000000000E+000
1,2156755E-001	4,683779950913376E-001	5,000000000000000E+000
1,2271152E-001	4,756152530511244E-001	5,000000000000000E+000
1,2360334E-001	4,716266472565209E-001	5,000000000000000E+000
1,2463719E-001	4,705193677283313E-001	5,000000000000000E+000
1,2555215E-001	4,722641494655475E-001	5,000000000000000E+000
1,2653376E-001	4,748886402424741E-001	5,000000000000000E+000
1,2770347E-001	4,774830227381441E-001	5,000000000000000E+000
1,2858042E-001	4,792083080586362E-001	5,000000000000000E+000
1,2955059E-001	4,813518064006033E-001	5,000000000000000E+000
1,3066170E-001	4,827740006407533E-001	5,000000000000000E+000
1,3150808E-001	4,853639221853676E-001	5,000000000000000E+000
1,3257739E-001	4,866696916093742E-001	5,000000000000000E+000
1,3354732E-001	4,883148024479556E-001	5,000000000000000E+000
1,3453680E-001	4,898231244749489E-001	5,000000000000000E+000
1,3559493E-001	4,936929551121390E-001	5,000000000000000E+000
1,3658215E-001	5,043734849184860E-001	5,000000000000000E+000
1,3757969E-001	5,028471902413809E-001	5,000000000000000E+000
1,3863541E-001	4,991868990020727E-001	5,000000000000000E+000
1,3964377E-001	5,006303235034779E-001	5,000000000000000E+000
1,4059927E-001	5,030855532580382E-001	5,000000000000000E+000
1,4162633E-001	5,050051153391717E-001	5,000000000000000E+000
1,4262237E-001	5,069019234959145E-001	5,000000000000000E+000
1,4352821E-001	5,086761723764051E-001	5,000000000000000E+000
1,4465141E-001	5,108703985525724E-001	5,000000000000000E+000
1,4562497E-001	5,128548093683389E-001	5,000000000000000E+000
1,4655671E-001	5,146313975371117E-001	5,000000000000000E+000
1,4759776E-001	5,169028113402123E-001	5,000000000000000E+000
1,4858066E-001	5,181409028526911E-001	5,000000000000000E+000
1,4976010E-001	5,201560924566979E-001	5,000000000000000E+000
1,5054540E-001	5,238346560250253E-001	5,000000000000000E+000
1,5151997E-001	5,333778258257867E-001	5,000000000000000E+000
1,5259774E-001	5,304913969788085E-001	5,000000000000000E+000
1,5370354E-001	5,282616088904137E-001	5,000000000000000E+000
1,5453826E-001	5,297855878015989E-001	5,000000000000000E+000
1,5555766E-001	5,319468956570037E-001	5,000000000000000E+000
1,5673225E-001	5,344589944773657E-001	5,000000000000000E+000
1,5750180E-001	5,358865338041348E-001	5,000000000000000E+000
1,5858445E-001	5,368856180446339E-001	5,000000000000000E+000
1,5961236E-001	5,392015451216148E-001	5,000000000000000E+000
1,6055706E-001	5,415119572620224E-001	5,000000000000000E+000
1,6160679E-001	5,436974285209244E-001	5,000000000000000E+000
1,6264276E-001	5,456367212011388E-001	5,000000000000000E+000
1,6344543E-001	5,469244747784827E-001	5,000000000000000E+000
1,6487008E-001	5,483549152526805E-001	5,000000000000000E+000
1,6566254E-001	5,492078907878355E-001	5,000000000000000E+000
1,6658717E-001	5,524047859103618E-001	5,000000000000000E+000
1,6758607E-001	5,634232233084426E-001	5,000000000000000E+000
1,6866213E-001	5,606652954528641E-001	5,000000000000000E+000
1,6957860E-001	5,585256520813964E-001	5,000000000000000E+000
1,7064449E-001	5,583413747307437E-001	5,000000000000000E+000
1,7168045E-001	5,608568202264408E-001	5,000000000000000E+000
1,7254300E-001	5,631050570260001E-001	5,000000000000000E+000
1,7357470E-001	5,633526039309800E-001	5,000000000000000E+000
1,7456119E-001	5,655783966584660E-001	5,000000000000000E+000
1,7558336E-001	5,667653878077132E-001	5,000000000000000E+000
1,7655925E-001	5,670993979179522E-001	5,000000000000000E+000
1,7759478E-001	5,691574149661589E-001	5,000000000000000E+000
1,7857833E-001	5,724716583887766E-001	5,000000000000000E+000
1,7969643E-001	5,727403266678763E-001	5,000000000000000E+000
1,8061776E-001	5,738781550834471E-001	5,000000000000000E+000
1,8153994E-001	5,752375993696557E-001	5,000000000000000E+000
1,8270221E-001	5,765234187646366E-001	5,000000000000000E+000
1,8359467E-001	5,783740109181963E-001	5,000000000000000E+000
1,8460411E-001	5,795184009152248E-001	5,000000000000000E+000
1,8556216E-001	5,805200617437034E-001	5,000000000000000E+000
1,8649723E-001	5,880665105651142E-001	5,000000000000000E+000
1,8743536E-001	5,944929660052178E-001	5,000000000000000E+000
1,8872115E-001	5,897129045592422E-001	5,000000000000000E+000
1,8953529E-001	5,883256998559876E-001	5,000000000000000E+000
1,9060630E-001	5,905529885915002E-001	5,000000000000000E+000
1,9155692E-001	5,941583267801143E-001	5,000000000000000E+000
1,9260181E-001	5,954721404446506E-001	5,000000000000000E+000
1,9358470E-001	5,971166190057495E-001	5,000000000000000E+000
1,9456610E-001	5,994283206851421E-001	5,000000000000000E+000
1,9567193E-001	6,014655320581763E-001	5,000000000000000E+000
1,9661170E-001	6,031418302963072E-001	5,000000000000000E+000
1,9760181E-001	6,050535227146234E-001	5,000000000000000E+000
1,9860168E-001	6,076818361826657E-001	5,000000000000000E+000
1,9954763E-001	6,097992238873182E-001	5,000000000000000E+000
2,0019291E-001	6,110171973705292E-001	5,000000000000000E+000
2,0010695E-001	6,115803718566895E-001	5,000000000000000E+000
2,0035568E-001	6,114238500595093E-001	5,000000000000000E+000
2,0055965E-001	5,291343288974737E-001	5,000000000000000E+000
1,9963187E-001	2,840525058725483E-001	5,000000000000000E+000
1,9768749E-001	1,873937795559582E-001	5,000000000000000E+000
1,9646348E-001	2,596995503053123E-001	5,000000000000000E+000
1,9577083E-001	3,221380400814504E-001	5,000000000000000E+000
1,9468561E-001	2,920048794185277E-001	5,000000000000000E+000
1,9393058E-001	2,464608718324195E-001	5,000000000000000E+000
1,9277714E-001	2,311874933398538E-001	5,000000000000000E+000
1,9164756E-001	2,387856924841700E-001	5,000000000000000E+000
1,9080797E-001	2,378169164747106E-001	5,000000000000000E+000
1,8976267E-001	2,299669653520040E-001	5,000000000000000E+000
1,8880679E-001	2,177604830584539E-001	5,000000000000000E+000
1,8786316E-001	2,079967335836659E-001	5,000000000000000E+000
1,8665586E-001	2,095779988901794E-001	5,000000000000000E+000
1,8572967E-001	2,064033862617278E-001	5,000000000000000E+000
1,8490048E-001	2,001143503520226E-001	5,000000000000000E+000
1,8375188E-001	1,925768014172919E-001	5,000000000000000E+000
1,8277463E-001	1,817535032201301E-001	5,000000000000000E+000
1,8177201E-001	1,820960088936978E-001	5,000000000000000E+000
1,8077786E-001	1,810035914240871E-001	5,000000000000000E+000
1,7981066E-001	1,773025835896587E-001	5,000000000000000E+000
1,7875201E-001	1,714434405568879E-001	5,000000000000000E+000
1,7773181E-001	1,648479598807167E-001	5,000000000000000E+000
1,7684355E-001	1,533338944346818E-001	5,000000000000000E+000
1,7585558E-001	1,552725243899564E-001	5,000000000000000E+000
1,7474426E-001	1,558430330963652E-001	5,000000000000000E+000
1,7387408E-001	1,519613285232073E-001	5,000000000000000E+000
1,7275131E-001	1,471112611535421E-001	5,000000000000000E+000
1,7170770E-001	1,431402635870551E-001	5,000000000000000E+000
1,7078191E-001	1,398801752091252E-001	5,000000000000000E+000
1,6980226E-001	1,313967557588412E-001	5,000000000000000E+000
1,6874930E-001	1,238704524762901E-001	5,000000000000000E+000
1,6788208E-001	1,260031289695893E-001	5,000000000000000E+000
1,6673023E-001	1,255986849153290E-001	5,000000000000000E+000
1,6582587E-001	1,215734105143282E-001	5,000000000000000E+000
1,6467784E-001	1,176302025544120E-001	5,000000000000000E+000
1,6367795E-001	1,144010738223894E-001	5,000000000000000E+000
1,6283730E-001	1,105749318683391E-001	5,000000000000000E+000
1,6180450E-001	1,001830005811322E-001	5,000000000000000E+000
1,6066670E-001	9,702237304655803E-002	5,000000000000000E+000
1,5971309E-001	9,939893633418251E-002	5,000000000000000E+000
1,5882191E-001	9,851859629270610E-002	5,000000000000000E+000
1,5777214E-001	9,500548882675108E-002	5,000000000000000E+000
1,5677822E-001	9,017768921007185E-002	5,000000000000000E+000
1,5578853E-001	8,755065477614878E-002	5,000000000000000E+000
1,5483172E-001	8,549114050078477E-002	5,000000000000000E+000
1,5377900E-001	8,177295120226069E-002	5,000000000000000E+000
1,5284343E-001	7,857860219438506E-002	5,000000000000000E+000
1,5183236E-001	6,695173008807220E-002	5,000000000000000E+000
1,5077007E-001	6,797416544739276E-002	5,000000000000000E+000
1,4984004E-001	7,018764923931398E-002	5,000000000000000E+000
1,4892212E-001	6,736486331485353E-002	5,000000000000000E+000
1,4802115E-001	6,395036600588366E-002	5,000000000000000E+000
1,4649716E-001	6,067988274056341E-002	5,000000000000000E+000
1,4591059E-001	5,770948678400600E-002	5,000000000000000E+000
1,4495340E-001	5,578252318890849E-002	5,000000000000000E+000
1,4363404E-001	5,273175287665177E-002	5,000000000000000E+000
1,4295712E-001	4,461374706038956E-002	5,000000000000000E+000
1,4184341E-001	3,876987207412563E-002	5,000000000000000E+000
1,4081085E-001	4,160814479109831E-002	5,000000000000000E+000
1,3976681E-001	4,182467908524112E-002	5,000000000000000E+000
1,3882701E-001	3,915140623818547E-002	5,000000000000000E+000
1,3778703E-001	3,617549685198667E-002	5,000000000000000E+000
1,3676783E-001	3,324560848462479E-002	5,000000000000000E+000
1,3579555E-001	3,093011792306138E-002	5,000000000000000E+000
1,3486890E-001	2,817858860281480E-002	5,000000000000000E+000
1,3376439E-001	2,516726126244367E-002	5,000000000000000E+000
1,3285811E-001	2,317646436778081E-002	5,000000000000000E+000
1,3181700E-001	1,407780058404268E-002	5,000000000000000E+000
1,3083804E-001	1,001413051552744E-002	5,000000000000000E+000
1,2978719E-001	1,340317312820441E-002	5,000000000000000E+000
1,2881643E-001	1,255951818913874E-002	5,000000000000000E+000
1,2787957E-001	8,550566128886022E-003	5,000000000000000E+000
1,2669268E-001	6,400284745420030E-003	5,000000000000000E+000
1,2570429E-001	5,165553643008828E-003	5,000000000000000E+000
1,2476406E-001	2,617409828669925E-003	5,000000000000000E+000
1,2376928E-001	2,955556508425559E-004	5,000000000000000E+000
1,2279170E-001	-1,896505559266692E-003	5,000000000000000E+000
1,2180032E-001	-4,889594210251563E-003	5,000000000000000E+000
1,2080744E-001	-7,027362752523914E-003	5,000000000000000E+000
1,1987662E-001	-1,353483285533402E-002	5,000000000000000E+000
1,1876401E-001	-2,018333693457763E-002	5,000000000000000E+000
1,1774141E-001	-1,698028797646761E-002	5,000000000000000E+000
1,1684533E-001	-1,732279890469124E-002	5,000000000000000E+000
1,1581425E-001	-1,909218281434732E-002	5,000000000000000E+000
1,1475939E-001	-2,113472726624521E-002	5,000000000000000E+000
1,1384486E-001	-2,365424087434398E-002	5,000000000000000E+000
1,1282375E-001	-2,613706419894396E-002	5,000000000000000E+000
1,1169015E-001	-2,847843044704251E-002	5,000000000000000E+000
1,1081043E-001	-3,160576463900122E-002	5,000000000000000E+000
1,0975451E-001	-3,356199300065371E-002	5,000000000000000E+000
1,0885037E-001	-3,505334265072531E-002	5,000000000000000E+000
1,0782479E-001	-3,845107888951643E-002	5,000000000000000E+000
1,0676468E-001	-4,983575844784771E-002	5,000000000000000E+000
1,0586011E-001	-4,848798638300245E-002	5,000000000000000E+000
1,0484284E-001	-4,554389067763807E-002	5,000000000000000E+000
1,0379243E-001	-4,665625178151661E-002	5,000000000000000E+000
1,0277983E-001	-4,951127478529482E-002	5,000000000000000E+000
1,0169142E-001	-5,185518475870293E-002	5,000000000000000E+000
1,0074549E-001	-5,438085033690876E-002	5,000000000000000E+000
9,9710353E-002	-5,624164169744794E-002	5,000000000000000E+000
9,8830424E-002	-5,902116546025771E-002	5,000000000000000E+000
9,7849868E-002	-6,124779462697927E-002	5,000000000000000E+000
9,6856140E-002	-6,334548416149732E-002	5,000000000000000E+000
9,5832504E-002	-6,573138542444190E-002	5,000000000000000E+000
9,4991438E-002	-7,575577823768564E-002	5,000000000000000E+000
9,3841910E-002	-7,680494182406794E-002	5,000000000000000E+000
9,2747353E-002	-7,373847444169845E-002	5,000000000000000E+000
9,1828138E-002	-7,433887644745285E-002	5,000000000000000E+000
9,0835698E-002	-7,632182887917005E-002	5,000000000000000E+000
8,9806959E-002	-7,942816500629624E-002	5,000000000000000E+000
8,8665061E-002	-8,149403540624500E-002	5,000000000000000E+000
8,7839685E-002	-8,377241669546098E-002	5,000000000000000E+000
8,6640693E-002	-8,545060662759663E-002	5,000000000000000E+000
8,5912749E-002	-8,821146236409214E-002	5,000000000000000E+000
8,4790811E-002	-8,991340773031364E-002	5,000000000000000E+000
8,3809406E-002	-9,323013252449330E-002	5,000000000000000E+000
8,2844988E-002	-9,452721398621278E-002	5,000000000000000E+000
8,1699528E-002	-9,817117457472084E-002	5,000000000000000E+000
8,1002355E-002	-1,090014784842623E-001	5,000000000000000E+000
7,9808235E-002	-1,058671416507823E-001	5,000000000000000E+000
7,8794144E-002	-1,040065657418582E-001	5,000000000000000E+000
7,7728249E-002	-1,061909907908154E-001	5,000000000000000E+000
7,6802664E-002	-1,091501431332693E-001	5,000000000000000E+000
7,5797491E-002	-1,110393568702015E-001	5,000000000000000E+000
7,4772567E-002	-1,126965518455514E-001	5,000000000000000E+000
7,3767170E-002	-1,149800172424873E-001	5,000000000000000E+000
7,2848596E-002	-1,164032841722169E-001	5,000000000000000E+000
7,1776755E-002	-1,181716142228753E-001	5,000000000000000E+000
7,0870079E-002	-1,202816007037953E-001	5,000000000000000E+000
6,9590844E-002	-1,225788527064854E-001	5,000000000000000E+000
6,9105953E-002	-1,239932149619563E-001	5,000000000000000E+000
6,7714915E-002	-1,311704404167053E-001	5,000000000000000E+000
6,6601656E-002	-1,371655243565328E-001	5,000000000000000E+000
6,6102125E-002	-1,325088764230407E-001	5,000000000000000E+000
6,4697862E-002	-1,311568640828937E-001	5,000000000000000E+000
6,3725993E-002	-1,337985399182391E-001	5,000000000000000E+000
6,2803812E-002	-1,362103077586243E-001	5,000000000000000E+000
6,1887793E-002	-1,380895626498386E-001	5,000000000000000E+000
6,0796212E-002	-1,399316933077192E-001	5,000000000000000E+000
5,9865754E-002	-1,417184680871690E-001	5,000000000000000E+000
5,8908552E-002	-1,432250710624634E-001	5,000000000000000E+000
5,7774294E-002	-1,452107895893278E-001	5,000000000000000E+000
5,6829400E-002	-1,476575537316318E-001	5,000000000000000E+000
5,5709805E-002	-1,485226394514840E-001	5,000000000000000E+000
5,4894824E-002	-1,500377381841340E-001	5,000000000000000E+000
5,3839758E-002	-1,522406121609183E-001	5,000000000000000E+000
5,2702956E-002	-1,543932324340047E-001	5,000000000000000E+000
5,1854860E-002	-1,625010593755478E-001	5,000000000000000E+000
5,0822541E-002	-1,647711465355117E-001	5,000000000000000E+000
4,9736273E-002	-1,603704949504592E-001	5,000000000000000E+000
4,8848908E-002	-1,611855131341149E-001	5,000000000000000E+000
4,7852002E-002	-1,637894363181352E-001	5,000000000000000E+000
4,6773579E-002	-1,654411096339268E-001	5,000000000000000E+000
4,5807887E-002	-1,670531429149884E-001	5,000000000000000E+000
4,4950876E-002	-1,688982313563527E-001	5,000000000000000E+000
4,3836791E-002	-1,702500441978269E-001	5,000000000000000E+000
4,2745214E-002	-1,721188914444709E-001	5,000000000000000E+000
4,2017914E-002	-1,744078631486956E-001	5,000000000000000E+000
4,0853512E-002	-1,759672999323811E-001	5,000000000000000E+000
3,9801836E-002	-1,785406877881739E-001	5,000000000000000E+000
3,8722999E-002	-1,795688393014838E-001	5,000000000000000E+000
3,7801884E-002	-1,816029074090895E-001	5,000000000000000E+000
3,6876518E-002	-1,830541568924677E-001	5,000000000000000E+000
3,5758827E-002	-1,841828658491248E-001	5,000000000000000E+000
3,4841772E-002	-1,939644198250285E-001	5,000000000000000E+000
3,3894122E-002	-1,948676677841124E-001	5,000000000000000E+000
3,2738220E-002	-1,912843581360197E-001	5,000000000000000E+000
3,1883329E-002	-1,914360016526193E-001	5,000000000000000E+000
3,0901715E-002	-1,939945298363455E-001	5,000000000000000E+000
2,9761311E-002	-1,962374968602996E-001	5,000000000000000E+000
2,8933804E-002	-1,989200933797597E-001	5,000000000000000E+000
2,7856661E-002	-1,989061091994195E-001	5,000000000000000E+000
2,6773147E-002	-2,017959147633519E-001	5,000000000000000E+000
2,5889387E-002	-2,042369528919357E-001	5,000000000000000E+000
2,4699947E-002	-2,043111848534966E-001	5,000000000000000E+000
2,3732763E-002	-2,061925462492380E-001	5,000000000000000E+000
2,2955358E-002	-2,087010266679703E-001	5,000000000000000E+000
2,1839365E-002	-2,102055301268893E-001	5,000000000000000E+000
2,0867301E-002	-2,118820234447611E-001	5,000000000000000E+000
1,9899962E-002	-2,192291167674631E-001	5,000000000000000E+000
1,8744037E-002	-2,238081428739758E-001	5,000000000000000E+000
1,7918445E-002	-2,196833955887181E-001	5,000000000000000E+000
1,6745560E-002	-2,194842463423909E-001	5,000000000000000E+000
1,5763940E-002	-2,206273595091064E-001	5,000000000000000E+000
1,4857681E-002	-2,236000864326742E-001	5,000000000000000E+000
1,3798155E-002	-2,262097283512252E-001	5,000000000000000E+000
1,2896777E-002	-2,264593618811990E-001	5,000000000000000E+000
1,1874614E-002	-2,284056238972377E-001	5,000000000000000E+000
1,0771571E-002	-2,298369416902347E-001	5,000000000000000E+000
9,8854778E-003	-2,315762092669797E-001	5,000000000000000E+000
8,8620400E-003	-2,338344395102467E-001	5,000000000000000E+000
7,7201491E-003	-2,361092218036194E-001	5,000000000000000E+000
6,8850052E-003	-2,374885853108324E-001	5,000000000000000E+000
5,8645387E-003	-2,384020162895064E-001	5,000000000000000E+000
4,7576730E-003	-2,401557061691872E-001	5,000000000000000E+000
3,9236271E-003	-2,428022546842437E-001	5,000000000000000E+000
2,8768345E-003	-2,535946085020744E-001	5,000000000000000E+000
1,9071036E-003	-2,527269770701719E-001	5,000000000000000E+000
7,7073177E-004	-2,502838322769896E-001	5,000000000000000E+000
-1,6524633E-004	-2,499228508192277E-001	5,000000000000000E+000
-1,1687303E-003	-2,516831161531924E-001	5,000000000000000E+000
-2,1416461E-003	-2,547326415434421E-001	5,000000000000000E+000
-3,1461914E-003	-2,564642681585001E-001	5,000000000000000E+000
-4,3447618E-003	-2,573740782293799E-001	5,000000000000000E+000
-5,1480648E-003	-2,591884419606588E-001	5,000000000000000E+000
-6,1878487E-003	-2,608322760724056E-001	5,000000000000000E+000
-7,1749878E-003	-2,629694033627556E-001	5,000000000000000E+000
-8,2703894E-003	-2,648902158511595E-001	5,000000000000000E+000
-9,1743153E-003	-2,666545177441251E-001	5,000000000000000E+000
-1,0116872E-002	-2,690542080963483E-001	5,000000000000000E+000
-1,1112928E-002	-2,702191514415766E-001	5,000000000000000E+000
-1,2211827E-002	-2,727594605692305E-001	5,000000000000000E+000
-1,3091417E-002	-2,829057850370487E-001	5,000000000000000E+000
-1,3978357E-002	-2,803169369581155E-001	5,000000000000000E+000
-1,5431878E-002	-2,776023164333306E-001	5,000000000000000E+000
-1,5982566E-002	-2,794817570409380E-001	5,000000000000000E+000
-1,7070750E-002	-2,812988586924305E-001	5,000000000000000E+000
-1,8369732E-002	-2,837382004977873E-001	5,000000000000000E+000
-1,8964147E-002	-2,852643395405414E-001	5,000000000000000E+000
-2,0157626E-002	-2,861739503698315E-001	5,000000000000000E+000
-2,1304611E-002	-2,887467030248256E-001	5,000000000000000E+000
-2,1925775E-002	-2,910681352303880E-001	5,000000000000000E+000
-2,3307759E-002	-2,922585273724194E-001	5,000000000000000E+000
-2,4277912E-002	-2,949004037396250E-001	5,000000000000000E+000
-2,4920095E-002	-2,971929959409558E-001	5,000000000000000E+000
-2,6244974E-002	-2,980905116516315E-001	5,000000000000000E+000
-2,7187109E-002	-2,992972625167267E-001	5,000000000000000E+000
-2,7989350E-002	-3,012649411555470E-001	5,000000000000000E+000
-2,9323995E-002	-3,104280676990232E-001	5,000000000000000E+000
-3,0236587E-002	-3,126334991603574E-001	5,000000000000000E+000
-3,1022694E-002	-3,090256173034295E-001	5,000000000000000E+000
-3,2294717E-002	-3,095997042126131E-001	5,000000000000000E+000
-3,3172317E-002	-3,107349720149717E-001	5,000000000000000E+000
-3,4142688E-002	-3,129934019396194E-001	5,000000000000000E+000
-3,5346989E-002	-3,142879316518603E-001	5,000000000000000E+000
-3,6196359E-002	-3,163991910858179E-001	5,000000000000000E+000
-3,7035320E-002	-3,191855003436403E-001	5,000000000000000E+000
-3,8186766E-002	-3,202624466567716E-001	5,000000000000000E+000
-3,9261997E-002	-3,215817891889143E-001	5,000000000000000E+000
-4,0086959E-002	-3,236319803529319E-001	5,000000000000000E+000
-4,1172173E-002	-3,255466329412426E-001	5,000000000000000E+000
-4,2384535E-002	-3,269703196840261E-001	5,000000000000000E+000
-4,3048371E-002	-3,298272693064073E-001	5,000000000000000E+000
-4,4211492E-002	-3,308643200046699E-001	5,000000000000000E+000
-4,5231760E-002	-3,360993405868697E-001	5,000000000000000E+000
-4,6112284E-002	-3,446962045984234E-001	5,000000000000000E+000
-4,7264792E-002	-3,406323397066435E-001	5,000000000000000E+000
-4,8202462E-002	-3,377713562998294E-001	5,000000000000000E+000
-4,9045894E-002	-3,400891933059853E-001	5,000000000000000E+000
-5,0089076E-002	-3,427688280741377E-001	5,000000000000000E+000
-5,1143505E-002	-3,444190124670667E-001	5,000000000000000E+000
-5,2148689E-002	-3,459633976906638E-001	5,000000000000000E+000
-5,3191654E-002	-3,480286269008910E-001	5,000000000000000E+000
-5,4495942E-002	-3,497753249959912E-001	5,000000000000000E+000
-5,4551162E-002	-3,516100196090219E-001	5,000000000000000E+000
-5,6093421E-002	-3,533026423602781E-001	5,000000000000000E+000
-5,7450987E-002	-3,547182681116580E-001	5,000000000000000E+000
-5,8182538E-002	-3,560471665243510E-001	5,000000000000000E+000
-5,9079252E-002	-3,587465288195113E-001	5,000000000000000E+000
-6,0124125E-002	-3,606558854096669E-001	5,000000000000000E+000
-6,1255898E-002	-3,679387313766496E-001	5,000000000000000E+000
-6,2094331E-002	-3,727646109699778E-001	5,000000000000000E+000
-6,3160017E-002	-3,684103627197661E-001	5,000000000000000E+000
-6,4207233E-002	-3,677866589407328E-001	5,000000000000000E+000
-6,5011173E-002	-3,694712054113749E-001	5,000000000000000E+000
-6,6237763E-002	-3,717383470114626E-001	5,000000000000000E+000
-6,7114092E-002	-3,737219250178889E-001	5,000000000000000E+000
-6,8112053E-002	-3,750415131734265E-001	5,000000000000000E+000
-6,9281541E-002	-3,779415015402874E-001	5,000000000000000E+000
-7,0179313E-002	-3,788226763976530E-001	5,000000000000000E+000
-7,1151160E-002	-3,811477062344131E-001	5,000000000000000E+000
-7,2065279E-002	-3,835119905027861E-001	5,000000000000000E+000
-7,3061325E-002	-3,855903656545312E-001	5,000000000000000E+000
-7,4256301E-002	-3,869200939532476E-001	5,000000000000000E+000
-7,5183026E-002	-3,905517678035206E-001	5,000000000000000E+000
-7,6230325E-002	-4,021124600678574E-001	5,000000000000000E+000
-7,7169918E-002	-3,986786766068295E-001	5,000000000000000E+000
-7,8255542E-002	-3,943480141202205E-001	5,000000000000000E+000
-7,9115734E-002	-3,962520739813851E-001	5,000000000000000E+000
-8,0093972E-002	-3,993397373576747E-001	5,000000000000000E+000
-8,1209756E-002	-4,013201426844013E-001	5,000000000000000E+000
-8,2228728E-002	-4,032873956408976E-001	5,000000000000000E+000
-8,3223514E-002	-4,054977106409039E-001	5,000000000000000E+000
-8,4199183E-002	-4,052705628887958E-001	5,000000000000000E+000
-8,5223258E-002	-4,085009591330557E-001	5,000000000000000E+000
-8,6161993E-002	-4,105284504734687E-001	5,000000000000000E+000
-8,7146796E-002	-4,122679443421990E-001	5,000000000000000E+000
-8,8198483E-002	-4,139906596521747E-001	5,000000000000000E+000
-8,9244835E-002	-4,164287442561328E-001	5,000000000000000E+000
-9,0156622E-002	-4,180422346366361E-001	5,000000000000000E+000
-9,1058634E-002	-4,245442073119579E-001	5,000000000000000E+000
-9,2137225E-002	-4,305032324175251E-001	5,000000000000000E+000
-9,3260236E-002	-4,272338008288195E-001	5,000000000000000E+000
-9,4145261E-002	-4,270793974283151E-001	5,000000000000000E+000
-9,5237695E-002	-4,286417979617699E-001	5,000000000000000E+000
-9,6140772E-002	-4,303051468967984E-001	5,000000000000000E+000
-9,7101159E-002	-4,322741114430961E-001	5,000000000000000E+000
-9,8182760E-002	-4,345440029412408E-001	5,000000000000000E+000
-9,9060990E-002	-4,362529551274026E-001	5,000000000000000E+000
-1,0021181E-001	-4,378797895947679E-001	5,000000000000000E+000
-1,0119109E-001	-4,404771506669931E-001	5,000000000000000E+000
-1,0205510E-001	-4,421012846675385E-001	5,000000000000000E+000
-1,0309213E-001	-4,433107418460875E-001	5,000000000000000E+000
-1,0410178E-001	-4,460007831738847E-001	5,000000000000000E+000
-1,0516767E-001	-4,483799089988074E-001	5,000000000000000E+000
-1,0607430E-001	-4,517638652145648E-001	5,000000000000000E+000
-1,0729241E-001	-4,610983593479947E-001	5,000000000000000E+000
-1,0812267E-001	-4,583678037613730E-001	5,000000000000000E+000
-1,0922550E-001	-4,561587791217292E-001	5,000000000000000E+000
-1,1017698E-001	-4,579118402066857E-001	5,000000000000000E+000
-1,1097199E-001	-4,602962798542447E-001	5,000000000000000E+000
-1,1219350E-001	-4,616128522773372E-001	5,000000000000000E+000
-1,1321738E-001	-4,635512435343125E-001	5,000000000000000E+000
-1,1416311E-001	-4,659070696410086E-001	5,000000000000000E+000
-1,1516362E-001	-4,674336299584768E-001	5,000000000000000E+000
-1,1613951E-001	-4,693298237074899E-001	5,000000000000000E+000
-1,1714766E-001	-4,719091293453754E-001	5,000000000000000E+000
-1,1819488E-001	-4,737975148406495E-001	5,000000000000000E+000
-1,1921450E-001	-4,758107704563175E-001	5,000000000000000E+000
-1,2016173E-001	-4,771424252410509E-001	5,000000000000000E+000
-1,2110650E-001	-4,823190757823692E-001	5,000000000000000E+000
-1,2213151E-001	-4,909038924508629E-001	5,000000000000000E+000
-1,2316196E-001	-4,875392464843253E-001	5,000000000000000E+000
-1,2418665E-001	-4,861204166405120E-001	5,000000000000000E+000
-1,2504517E-001	-4,874427466097089E-001	5,000000000000000E+000
-1,2617581E-001	-4,912052592327294E-001	5,000000000000000E+000
-1,2713768E-001	-4,930049578348799E-001	5,000000000000000E+000
-1,2805943E-001	-4,933945538553723E-001	5,000000000000000E+000
-1,2921427E-001	-4,955083632376018E-001	5,000000000000000E+000
-1,3014348E-001	-4,980819532583051E-001	5,000000000000000E+000
-1,3111828E-001	-5,005274481243562E-001	5,000000000000000E+000
-1,3220945E-001	-5,029538954582264E-001	5,000000000000000E+000
-1,3314883E-001	-5,040978693868956E-001	5,000000000000000E+000
-1,3414997E-001	-5,053484878088863E-001	5,000000000000000E+000
-1,3515835E-001	-5,072354008637672E-001	5,000000000000000E+000
-1,3614613E-001	-5,172629407995064E-001	5,000000000000000E+000
-1,3715234E-001	-5,199648694057628E-001	5,000000000000000E+000
-1,3806114E-001	-5,152969411962349E-001	5,000000000000000E+000
-1,3962249E-001	-5,152782753963638E-001	5,000000000000000E+000
-1,3994965E-001	-5,186588889337136E-001	5,000000000000000E+000
-1,4092022E-001	-5,217304281347106E-001	5,000000000000000E+000
-1,4212050E-001	-5,230718347075802E-001	5,000000000000000E+000
-1,4332777E-001	-5,239233481244998E-001	5,000000000000000E+000
-1,4409350E-001	-5,254769932491599E-001	5,000000000000000E+000
-1,4508446E-001	-5,279318572914535E-001	5,000000000000000E+000
-1,4625353E-001	-5,304585544767590E-001	5,000000000000000E+000
-1,4715555E-001	-5,331078738543302E-001	5,000000000000000E+000
-1,4806329E-001	-5,355839258409096E-001	5,000000000000000E+000
-1,4921983E-001	-5,358859238266533E-001	5,000000000000000E+000
-1,5016066E-001	-5,375488532914030E-001	5,000000000000000E+000
-1,5115225E-001	-5,493816222038310E-001	5,000000000000000E+000
-1,5209395E-001	-5,485801755696427E-001	5,000000000000000E+000
-1,5306963E-001	-5,450323404252728E-001	5,000000000000000E+000
-1,5412663E-001	-5,460142357365445E-001	5,000000000000000E+000
-1,5515642E-001	-5,496231957869071E-001	5,000000000000000E+000
-1,5621616E-001	-5,515019992987300E-001	5,000000000000000E+000
-1,5723747E-001	-5,527490502572610E-001	5,000000000000000E+000
-1,5822610E-001	-5,554221302154452E-001	5,000000000000000E+000
-1,5910794E-001	-5,577393387470178E-001	5,000000000000000E+000
-1,6014284E-001	-5,592982967694589E-001	5,000000000000000E+000
-1,6110750E-001	-5,618243971774852E-001	5,000000000000000E+000
-1,6210546E-001	-5,633475302278779E-001	5,000000000000000E+000
-1,6309343E-001	-5,646847077942869E-001	5,000000000000000E+000
-1,6411930E-001	-5,674264603876509E-001	5,000000000000000E+000
-1,6507342E-001	-5,790913406461975E-001	5,000000000000000E+000
-1,6617793E-001	-5,769238895607280E-001	5,000000000000000E+000
-1,6712137E-001	-5,741636521739188E-001	5,000000000000000E+000
-1,6812631E-001	-5,749271143900430E-001	5,000000000000000E+000
-1,6916186E-001	-5,776856626358091E-001	5,000000000000000E+000
-1,7007597E-001	-5,804499461276751E-001	5,000000000000000E+000
-1,7119920E-001	-5,825766627353417E-001	5,000000000000000E+000
-1,7211628E-001	-5,830370963990905E-001	5,000000000000000E+000
-1,7301275E-001	-5,857795053743757E-001	5,000000000000000E+000
-1,7412663E-001	-5,875675593981411E-001	5,000000000000000E+000
-1,7506495E-001	-5,884241145233489E-001	5,000000000000000E+000
-1,7614973E-001	-5,907184150483875E-001	5,000000000000000E+000
-1,7717932E-001	-5,943456001890208E-001	5,000000000000000E+000
-1,7805842E-001	-5,957523161196150E-001	5,000000000000000E+000
-1,7906357E-001	-5,966615319937549E-001	5,000000000000000E+000
-1,8019317E-001	-6,070076599199741E-001	5,000000000000000E+000
-1,8110344E-001	-6,064887017580778E-001	5,000000000000000E+000
-1,8206871E-001	-6,029619854072923E-001	5,000000000000000E+000
-1,8313099E-001	-6,044768944783652E-001	5,000000000000000E+000
-1,8410794E-001	-6,066848518288070E-001	5,000000000000000E+000
-1,8510526E-001	-6,082975706602927E-001	5,000000000000000E+000
-1,8611553E-001	-6,097897181106298E-001	5,000000000000000E+000
-1,8722712E-001	-6,115814161021245E-001	5,000000000000000E+000
-1,8809386E-001	-6,139611557979769E-001	5,000000000000000E+000
-1,8921389E-001	-6,160588301459542E-001	5,000000000000000E+000
-1,8983804E-001	-6,170700210948564E-001	5,000000000000000E+000
-1,9131000E-001	-6,170865636215463E-001	5,000000000000000E+000
-1,9200103E-001	-6,192850246508090E-001	5,000000000000000E+000
-1,9288753E-001	-6,215833234600723E-001	5,000000000000000E+000
-1,9436292E-001	-6,225618562247188E-001	5,000000000000000E+000
-1,9497940E-001	-6,235509791359739E-001	5,000000000000000E+000
-1,9601431E-001	-6,245575370913805E-001	5,000000000000000E+000
-1,9711493E-001	-6,264189353160985E-001	5,000000000000000E+000
-1,9820529E-001	-6,365175412760848E-001	5,000000000000000E+000
-1,9903868E-001	-6,350339121418069E-001	5,000000000000000E+000
-1,9950990E-001	-6,326506733894348E-001	5,000000000000000E+000
-1,9944765E-001	-6,315397620201111E-001	5,000000000000000E+000
-1,9971456E-001	-5,391984068685103E-001	5,000000000000000E+000
-1,9858976E-001	-2,889343948368666E-001	5,000000000000000E+000
-1,9687904E-001	-1,998761671711691E-001	5,000000000000000E+000
-1,9551739E-001	-2,784451239923423E-001	5,000000000000000E+000
-1,9490661E-001	-3,376770442118868E-001	5,000000000000000E+000
-1,9407330E-001	-3,039710862083456E-001	5,000000000000000E+000
-1,9308040E-001	-2,549841454601838E-001	5,000000000000000E+000
-1,9192764E-001	-2,444897822149663E-001	5,000000000000000E+000
-1,9096045E-001	-2,518759140738336E-001	5,000000000000000E+000
-1,8992642E-001	-2,497814041044975E-001	5,000000000000000E+000
-1,8893141E-001	-2,395557327060185E-001	5,000000000000000E+000
-1,8777703E-001	-2,236249053158748E-001	5,000000000000000E+000
-1,8692279E-001	-2,223863473854073E-001	5,000000000000000E+000
-1,8584098E-001	-2,216720650192450E-001	5,000000000000000E+000
-1,8504870E-001	-2,160364563266424E-001	5,000000000000000E+000
-1,8395153E-001	-2,070618599310468E-001	5,000000000000000E+000
-1,8283501E-001	-1,954228939624350E-001	5,000000000000000E+000
-1,8200834E-001	-1,966069409617273E-001	5,000000000000000E+000
-1,8084374E-001	-1,959880885778050E-001	5,000000000000000E+000
-1,7995596E-001	-1,906924481477801E-001	5,000000000000000E+000
-1,7901130E-001	-1,867700348925103E-001	5,000000000000000E+000
-1,7790151E-001	-1,794642818955862E-001	5,000000000000000E+000
-1,7693621E-001	-1,654324306323876E-001	5,000000000000000E+000
-1,7597179E-001	-1,676336072527594E-001	5,000000000000000E+000
-1,7479123E-001	-1,689412888210630E-001	5,000000000000000E+000
-1,7390962E-001	-1,650430359715962E-001	5,000000000000000E+000
-1,7299657E-001	-1,605210663886583E-001	5,000000000000000E+000
-1,7176974E-001	-1,565651407129027E-001	5,000000000000000E+000
-1,7089786E-001	-1,521844052719339E-001	5,000000000000000E+000
-1,6998148E-001	-1,402090853144826E-001	5,000000000000000E+000
-1,6883723E-001	-1,414911053418311E-001	5,000000000000000E+000
-1,6792633E-001	-1,416527213150396E-001	5,000000000000000E+000
-1,6693407E-001	-1,385188075202879E-001	5,000000000000000E+000
-1,6582467E-001	-1,350230835006290E-001	5,000000000000000E+000
-1,6491883E-001	-1,309023663230211E-001	5,000000000000000E+000
-1,6394591E-001	-1,275209666782755E-001	5,000000000000000E+000
-1,6295792E-001	-1,249098291171116E-001	5,000000000000000E+000
-1,6206484E-001	-1,148264682269653E-001	5,000000000000000E+000
-1,6080135E-001	-1,099386553768351E-001	5,000000000000000E+000
-1,5996578E-001	-1,132502946760117E-001	5,000000000000000E+000
-1,5899540E-001	-1,125903003089155E-001	5,000000000000000E+000
-1,5790956E-001	-1,089896020275775E-001	5,000000000000000E+000
-1,5688315E-001	-1,056096789737541E-001	5,000000000000000E+000
-1,5593274E-001	-1,020242503776291E-001	5,000000000000000E+000
-1,5491119E-001	-9,931704769648264E-002	5,000000000000000E+000
-1,5393382E-001	-9,660517829696680E-002	5,000000000000000E+000
-1,5294266E-001	-8,994564819376039E-002	5,000000000000000E+000
-1,5191162E-001	-8,243460797368440E-002	5,000000000000000E+000
-1,5099239E-001	-8,482475482580631E-002	5,000000000000000E+000
-1,4991717E-001	-8,402712588334282E-002	5,000000000000000E+000
-1,4889775E-001	-8,165733217902016E-002	5,000000000000000E+000
-1,4802058E-001	-7,842014978329348E-002	5,000000000000000E+000
-1,4688611E-001	-7,626392324083220E-002	5,000000000000000E+000
-1,4589688E-001	-7,388290565642008E-002	5,000000000000000E+000
-1,4501311E-001	-7,106732219108380E-002	5,000000000000000E+000
-1,4383937E-001	-6,807232822838061E-002	5,000000000000000E+000
-1,4298362E-001	-6,092649277626250E-002	5,000000000000000E+000
-1,4198336E-001	-5,270647653216841E-002	5,000000000000000E+000
-1,4085019E-001	-5,689251234192250E-002	5,000000000000000E+000
-1,3991611E-001	-5,764158373818251E-002	5,000000000000000E+000
-1,3888355E-001	-5,430046954117851E-002	5,000000000000000E+000
-1,3804989E-001	-5,168594422381517E-002	5,000000000000000E+000
-1,3702495E-001	-4,843645333474134E-002	5,000000000000000E+000
-1,3582766E-001	-4,606963645993456E-002	5,000000000000000E+000
-1,3492288E-001	-4,283435343839093E-002	5,000000000000000E+000
-1,3399138E-001	-4,053858750396283E-002	5,000000000000000E+000
-1,3293630E-001	-3,877407852633019E-002	5,000000000000000E+000
-1,3195141E-001	-3,315161874666556E-002	5,000000000000000E+000
-1,3093299E-001	-2,449556305590594E-002	5,000000000000000E+000
-1,2985900E-001	-2,788884742363327E-002	5,000000000000000E+000
-1,2886868E-001	-2,838893301385614E-002	5,000000000000000E+000
-1,2793483E-001	-2,625561758476480E-002	5,000000000000000E+000
-1,2698124E-001	-2,261335242939008E-002	5,000000000000000E+000
-1,2595269E-001	-1,971866744659364E-002	5,000000000000000E+000
-1,2486281E-001	-1,851256847294286E-002	5,000000000000000E+000
-1,2402853E-001	-1,600726470314837E-002	5,000000000000000E+000
-1,2294353E-001	-1,377172627346435E-002	5,000000000000000E+000
-1,2185173E-001	-1,190648080167495E-002	5,000000000000000E+000
-1,2093613E-001	-9,844636372589699E-003	5,000000000000000E+000
-1,2001069E-001	-3,405032261446828E-003	5,000000000000000E+000
-1,1888462E-001	5,552175874426107E-003	5,000000000000000E+000
-1,1783104E-001	9,375224459554563E-004	5,000000000000000E+000
-1,1705979E-001	8,835329495108612E-005	5,000000000000000E+000
-1,1597627E-001	2,302046558396692E-003	5,000000000000000E+000
-1,1492482E-001	5,786948537964534E-003	5,000000000000000E+000
-1,1397122E-001	8,087806274286583E-003	5,000000000000000E+000
-1,1286201E-001	9,697071385441375E-003	5,000000000000000E+000
-1,1198527E-001	1,163039448996037E-002	5,000000000000000E+000
-1,1107454E-001	1,441309864943228E-002	5,000000000000000E+000
-1,0989062E-001	1,719855934425144E-002	5,000000000000000E+000
-1,0888607E-001	1,840359917575071E-002	5,000000000000000E+000
-1,0790276E-001	2,054751849451960E-002	5,000000000000000E+000
-1,0692056E-001	2,477003592583865E-002	5,000000000000000E+000
-1,0599686E-001	3,568326111215148E-002	5,000000000000000E+000
-1,0487557E-001	3,195340249375378E-002	5,000000000000000E+000
-1,0388397E-001	2,978361271379976E-002	5,000000000000000E+000
-1,0294418E-001	3,208531789924668E-002	5,000000000000000E+000
-1,0193623E-001	3,437302677654475E-002	5,000000000000000E+000
-1,0079094E-001	3,695468013231418E-002	5,000000000000000E+000
-9,9999107E-002	3,913995430048078E-002	5,000000000000000E+000
-9,8986290E-002	4,038889351876511E-002	5,000000000000000E+000
-9,7865194E-002	4,293343422371737E-002	5,000000000000000E+000
-9,7016037E-002	4,478934634890830E-002	5,000000000000000E+000
-9,5907897E-002	4,644378384869507E-002	5,000000000000000E+000
-9,4874278E-002	5,032866928458035E-002	5,000000000000000E+000
-9,3950212E-002	6,068666920893728E-002	5,000000000000000E+000
-9,2911929E-002	6,035221800266305E-002	5,000000000000000E+000
-9,1920748E-002	5,652650312387997E-002	5,000000000000000E+000
-9,0979680E-002	5,777692621955399E-002	5,000000000000000E+000
-8,9915060E-002	5,974779091775395E-002	5,000000000000000E+000
-8,8983320E-002	6,252858150481999E-002	5,000000000000000E+000
-8,8024832E-002	6,458809792254927E-002	5,000000000000000E+000
-8,6876146E-002	6,644082699414045E-002	5,000000000000000E+000
-8,6000882E-002	6,870542140354208E-002	5,000000000000000E+000
-8,4990188E-002	7,142937781140479E-002	5,000000000000000E+000
-8,3882041E-002	7,243082106288068E-002	5,000000000000000E+000
-8,2997009E-002	7,500271535698441E-002	5,000000000000000E+000
-8,2041502E-002	7,714324076854040E-002	5,000000000000000E+000
-8,0867134E-002	7,919511598366702E-002	5,000000000000000E+000
-8,0178231E-002	8,519338369660523E-002	5,000000000000000E+000
-7,8882918E-002	9,274365163744525E-002	5,000000000000000E+000
-7,7932507E-002	8,854679758466460E-002	5,000000000000000E+000
-7,6969579E-002	8,690274805121589E-002	5,000000000000000E+000
-7,5904302E-002	9,063260335177714E-002	5,000000000000000E+000
-7,4937761E-002	9,306240780602429E-002	5,000000000000000E+000
-7,4013032E-002	9,442459929495151E-002	5,000000000000000E+000
-7,2980888E-002	9,618592542311588E-002	5,000000000000000E+000
-7,1981870E-002	9,837756319353116E-002	5,000000000000000E+000
-7,0849314E-002	9,945599347702228E-002	5,000000000000000E+000
-6,9955789E-002	1,015795466971922E-001	5,000000000000000E+000
-6,8972893E-002	1,052165143676882E-001	5,000000000000000E+000
-6,7935452E-002	1,065082960315829E-001	5,000000000000000E+000
-6,6951707E-002	1,080876554252526E-001	5,000000000000000E+000
-6,6033185E-002	1,124399670467636E-001	5,000000000000000E+000
-6,4986378E-002	1,217464695202788E-001	5,000000000000000E+000
-6,3865080E-002	1,185338794700025E-001	5,000000000000000E+000
-6,3051581E-002	1,169856957777586E-001	5,000000000000000E+000
-6,1913934E-002	1,188051269143922E-001	5,000000000000000E+000
-6,0954396E-002	1,219610982128267E-001	5,000000000000000E+000
-5,9968103E-002	1,240443601062806E-001	5,000000000000000E+000
-5,8937233E-002	1,251518431979803E-001	5,000000000000000E+000
-5,7958800E-002	1,274280992333341E-001	5,000000000000000E+000
-5,6994796E-002	1,295119973720930E-001	5,000000000000000E+000
-5,5847391E-002	1,316588785913253E-001	5,000000000000000E+000
-5,4924998E-002	1,326647826709735E-001	5,000000000000000E+000
-5,3880543E-002	1,350994546066638E-001	5,000000000000000E+000
-5,2902959E-002	1,378272452630986E-001	5,000000000000000E+000
-5,2030664E-002	1,389722585736308E-001	5,000000000000000E+000
-5,1043723E-002	1,440685364763743E-001	5,000000000000000E+000
-4,9947303E-002	1,525941635514354E-001	5,000000000000000E+000
-4,8881628E-002	1,489614433085078E-001	5,000000000000000E+000
-4,7865614E-002	1,470525175391231E-001	5,000000000000000E+000
-4,6960633E-002	1,493060837189355E-001	5,000000000000000E+000
-4,5959059E-002	1,513414112430636E-001	5,000000000000000E+000
-4,4978291E-002	1,535883959796696E-001	5,000000000000000E+000
-4,4038702E-002	1,543839146066197E-001	5,000000000000000E+000
-4,3068115E-002	1,566073587228962E-001	5,000000000000000E+000
-4,1930046E-002	1,595436216771815E-001	5,000000000000000E+000
-4,1012961E-002	1,603751842889722E-001	5,000000000000000E+000
-3,9971486E-002	1,619138177613624E-001	5,000000000000000E+000
-3,8970549E-002	1,642543394732958E-001	5,000000000000000E+000
-3,7969820E-002	1,660519286362812E-001	5,000000000000000E+000
-3,6886729E-002	1,675579179977329E-001	5,000000000000000E+000
-3,6100324E-002	1,726781648467290E-001	5,000000000000000E+000
-3,4873854E-002	1,804103980118978E-001	5,000000000000000E+000
-3,3973113E-002	1,767151136850269E-001	5,000000000000000E+000
-3,2985758E-002	1,743707728682136E-001	5,000000000000000E+000
-3,1901184E-002	1,767976166188925E-001	5,000000000000000E+000
-3,0950986E-002	1,787820529263833E-001	5,000000000000000E+000
-2,9955780E-002	1,801660716591869E-001	5,000000000000000E+000
-2,8990719E-002	1,827634318065572E-001	5,000000000000000E+000
-2,7947325E-002	1,852774312784380E-001	5,000000000000000E+000
-2,6886100E-002	1,863802449628968E-001	5,000000000000000E+000
-2,6046073E-002	1,875082966354167E-001	5,000000000000000E+000
-2,4917554E-002	1,908771926472479E-001	5,000000000000000E+000
-2,3846352E-002	1,925295058624927E-001	5,000000000000000E+000
-2,3025006E-002	1,928858079902254E-001	5,000000000000000E+000
-2,1905832E-002	1,945245498726660E-001	5,000000000000000E+000
-2,0935249E-002	1,965609389590099E-001	5,000000000000000E+000
-2,0013707E-002	1,981328922556709E-001	5,000000000000000E+000
-1,9026278E-002	2,060621344038138E-001	5,000000000000000E+000
-1,7746089E-002	2,103813659470903E-001	5,000000000000000E+000
-1,6922619E-002	2,063582055755739E-001	5,000000000000000E+000
-1,6074102E-002	2,045746114518909E-001	5,000000000000000E+000
-1,4789344E-002	2,071000597885972E-001	5,000000000000000E+000
-1,3978611E-002	2,097192353329680E-001	5,000000000000000E+000
-1,3034989E-002	2,121742842298566E-001	5,000000000000000E+000
-1,1919420E-002	2,127797824214217E-001	5,000000000000000E+000
-1,0971979E-002	2,151873176011976E-001	5,000000000000000E+000
-9,9606421E-003	2,170319874454036E-001	5,000000000000000E+000
-9,0231756E-003	2,185430529417420E-001	5,000000000000000E+000
-7,9326574E-003	2,202231589633608E-001	5,000000000000000E+000
-6,9701434E-003	2,214750763442790E-001	5,000000000000000E+000
-5,7792156E-003	2,236442214570067E-001	5,000000000000000E+000
-5,0809914E-003	2,259293830429672E-001	5,000000000000000E+000
-4,3598418E-003	2,266057213548462E-001	5,000000000000000E+000
-2,4716179E-003	2,304327028008021E-001	5,000000000000000E+000
-2,0896778E-003	2,408746858095085E-001	5,000000000000000E+000
-1,1757765E-003	2,368390075377351E-001	5,000000000000000E+000
1,5950343E-004	2,352006905324138E-001	5,000000000000000E+000
1,1657469E-003	2,377770421606134E-001	5,000000000000000E+000
2,0078970E-003	2,391738057194743E-001	5,000000000000000E+000
2,9474839E-003	2,404142537108980E-001	5,000000000000000E+000
4,2674793E-003	2,418782500414332E-001	5,000000000000000E+000
4,9818363E-003	2,438970335998518E-001	5,000000000000000E+000
5,6706588E-003	2,457799400362997E-001	5,000000000000000E+000
5,9944405E-003	2,459913641214371E-001	5,000000000000000E+000