Ewe/V	<I>/mA	cycle number	
2,3962172E-002	-4,070557057857513E-001	1,000000000000000E+000
2,4485877E-002	-7,416913531241203E-001	1,000000000000000E+000
2,5582006E-002	-1,675296973941527E-001	1,000000000000000E+000
2,6622949E-002	-6,089593188112774E-002	1,000000000000000E+000
2,7588442E-002	-1,021508464723786E-002	1,000000000000000E+000
2,8590934E-002	2,075754266439214E-002	1,000000000000000E+000
2,9598881E-002	4,414772105519671E-002	1,000000000000000E+000
3,0595774E-002	5,908667141920887E-002	1,000000000000000E+000
3,1564377E-002	7,035850771030241E-002	1,000000000000000E+000
3,2577634E-002	7,949606065974679E-002	1,000000000000000E+000
3,3610277E-002	9,388659408755862E-002	1,000000000000000E+000
3,4591995E-002	9,624894623670566E-002	1,000000000000000E+000
3,5600998E-002	1,030432362135295E-001	1,000000000000000E+000
3,6572639E-002	1,082421126128696E-001	1,000000000000000E+000
3,7591923E-002	1,189612925518306E-001	1,000000000000000E+000
3,8614172E-002	1,193856014482053E-001	1,000000000000000E+000
3,9637610E-002	1,235427898742887E-001	1,000000000000000E+000
4,0609892E-002	1,282950755622660E-001	1,000000000000000E+000
4,1605100E-002	1,309703539979332E-001	1,000000000000000E+000
4,2594358E-002	1,358159940767425E-001	1,000000000000000E+000
4,5075543E-002	1,436777070540791E-001	1,000000000000000E+000
4,7596034E-002	1,591614495652421E-001	1,000000000000000E+000
4,8673395E-002	1,581887437237638E-001	1,000000000000000E+000
4,9642909E-002	1,604586412172979E-001	1,000000000000000E+000
5,0570186E-002	1,625650214652227E-001	1,000000000000000E+000
5,1592141E-002	1,656507828997251E-001	1,000000000000000E+000
5,2585009E-002	1,680559938152637E-001	1,000000000000000E+000
5,3593162E-002	1,702464612770007E-001	1,000000000000000E+000
5,4625943E-002	1,726194205823262E-001	1,000000000000000E+000
5,5572201E-002	1,789806658246873E-001	1,000000000000000E+000
5,6557305E-002	1,793762928573421E-001	1,000000000000000E+000
5,7647604E-002	1,798279301211663E-001	1,000000000000000E+000
5,8649819E-002	1,822854002756591E-001	1,000000000000000E+000
5,9557140E-002	1,837193913266280E-001	1,000000000000000E+000
6,0522832E-002	1,863186416190326E-001	1,000000000000000E+000
6,1551575E-002	1,892332583277804E-001	1,000000000000000E+000
6,2557183E-002	1,902597289170247E-001	1,000000000000000E+000
6,3628390E-002	1,924649323854188E-001	1,000000000000000E+000
6,4538255E-002	1,945916731815995E-001	1,000000000000000E+000
6,5559573E-002	1,965824690673308E-001	1,000000000000000E+000
6,6535667E-002	1,981971388061847E-001	1,000000000000000E+000
6,7525148E-002	1,997439546717543E-001	1,000000000000000E+000
6,8602927E-002	2,026050227383779E-001	1,000000000000000E+000
6,9599830E-002	2,106879349384050E-001	1,000000000000000E+000
7,0554234E-002	2,054884671233590E-001	1,000000000000000E+000
7,1598910E-002	2,086575691614105E-001	1,000000000000000E+000
7,2452724E-002	2,099295390200704E-001	1,000000000000000E+000
7,3587194E-002	2,112666980311692E-001	1,000000000000000E+000
7,4567765E-002	2,128546442965882E-001	1,000000000000000E+000
7,5618356E-002	2,146708956635044E-001	1,000000000000000E+000
7,6596372E-002	2,163560873596007E-001	1,000000000000000E+000
7,7532768E-002	2,179584551292169E-001	1,000000000000000E+000
7,8594223E-002	2,190135672248692E-001	1,000000000000000E+000
7,9640366E-002	2,203921857031272E-001	1,000000000000000E+000
8,0573156E-002	2,224597669103092E-001	1,000000000000000E+000
8,1583232E-002	2,233427500015956E-001	1,000000000000000E+000
8,2569942E-002	2,252566757508463E-001	1,000000000000000E+000
8,3466224E-002	2,273299738428456E-001	1,000000000000000E+000
8,4605359E-002	2,293869429009234E-001	1,000000000000000E+000
8,5542828E-002	2,303787271569795E-001	1,000000000000000E+000
8,6609311E-002	2,328940004938183E-001	1,000000000000000E+000
8,7736778E-002	2,402840397812224E-001	1,000000000000000E+000
8,8571280E-002	2,366869530459459E-001	1,000000000000000E+000
8,9734823E-002	2,386319399423278E-001	1,000000000000000E+000
9,0641499E-002	2,406221055555049E-001	1,000000000000000E+000
9,1644138E-002	2,423071776283905E-001	1,000000000000000E+000
9,2603892E-002	2,434425531213902E-001	1,000000000000000E+000
9,3536898E-002	2,462997898562922E-001	1,000000000000000E+000
9,4548024E-002	2,475166049941135E-001	1,000000000000000E+000
9,5610738E-002	2,502714121559024E-001	1,000000000000000E+000
9,6620373E-002	2,512118710308444E-001	1,000000000000000E+000
9,7553812E-002	2,539698850984382E-001	1,000000000000000E+000
9,8549016E-002	2,552530667744577E-001	1,000000000000000E+000
9,9570118E-002	2,572613615904826E-001	1,000000000000000E+000
1,0060672E-001	2,586959631234009E-001	1,000000000000000E+000
1,0155543E-001	2,610708572125686E-001	1,000000000000000E+000
1,0256911E-001	2,625361374682856E-001	1,000000000000000E+000
1,0354963E-001	2,720788781169001E-001	1,000000000000000E+000
1,0453529E-001	2,660017237843331E-001	1,000000000000000E+000
1,0559183E-001	2,692558820255955E-001	1,000000000000000E+000
1,0658491E-001	2,706782930634093E-001	1,000000000000000E+000
1,0754383E-001	2,717129176534305E-001	1,000000000000000E+000
1,0854369E-001	2,742808178170703E-001	1,000000000000000E+000
1,0964928E-001	2,757492426575912E-001	1,000000000000000E+000
1,1054195E-001	2,773748327615779E-001	1,000000000000000E+000
1,1163354E-001	2,785724642324374E-001	1,000000000000000E+000
1,1258799E-001	2,812009880370985E-001	1,000000000000000E+000
1,1357258E-001	2,827393041613209E-001	1,000000000000000E+000
1,1454442E-001	2,843791059632279E-001	1,000000000000000E+000
1,1554579E-001	2,864285521467931E-001	1,000000000000000E+000
1,1648028E-001	2,880918865299060E-001	1,000000000000000E+000
1,1763830E-001	2,892876910045761E-001	1,000000000000000E+000
1,1863331E-001	2,974352835832791E-001	1,000000000000000E+000
1,1956374E-001	2,941653372512936E-001	1,000000000000000E+000
1,2055597E-001	2,954274238242478E-001	1,000000000000000E+000
1,2160105E-001	2,969172797165811E-001	1,000000000000000E+000
1,2253533E-001	2,986934505558276E-001	1,000000000000000E+000
1,2358616E-001	2,995245059331264E-001	1,000000000000000E+000
1,2461236E-001	3,017690535376065E-001	1,000000000000000E+000
1,2553433E-001	3,026398708526473E-001	1,000000000000000E+000
1,2658535E-001	3,042205893434593E-001	1,000000000000000E+000
1,2764975E-001	3,061862667608617E-001	1,000000000000000E+000
1,2860633E-001	3,073629785018674E-001	1,000000000000000E+000
1,2958963E-001	3,083198914925256E-001	1,000000000000000E+000
1,3054621E-001	3,096218655506777E-001	1,000000000000000E+000
1,3152424E-001	3,110602738904862E-001	1,000000000000000E+000
1,3252474E-001	3,108883981023816E-001	1,000000000000000E+000
1,3356304E-001	3,126832421403387E-001	1,000000000000000E+000
1,3465336E-001	3,132239394924721E-001	1,000000000000000E+000
1,3556449E-001	3,138424536575473E-001	1,000000000000000E+000
1,3666540E-001	3,145368170614065E-001	1,000000000000000E+000
1,3772303E-001	3,161106680830326E-001	1,000000000000000E+000
1,3859108E-001	3,170291788927808E-001	1,000000000000000E+000
1,3955741E-001	3,185646500852388E-001	1,000000000000000E+000
1,4053096E-001	3,204108966617953E-001	1,000000000000000E+000
1,4156808E-001	3,266529464162895E-001	1,000000000000000E+000
1,4265783E-001	3,258060192068435E-001	1,000000000000000E+000
1,4364369E-001	3,259720809033361E-001	1,000000000000000E+000
1,4443639E-001	3,283381518493935E-001	1,000000000000000E+000
1,4555323E-001	3,299705490676912E-001	1,000000000000000E+000
1,4661999E-001	3,322870907528950E-001	1,000000000000000E+000
1,4751561E-001	3,345497522968819E-001	1,000000000000000E+000
1,4853756E-001	3,358613928366045E-001	1,000000000000000E+000
1,4958222E-001	3,381695721764122E-001	1,000000000000000E+000
1,5060842E-001	3,401873022214410E-001	1,000000000000000E+000
1,5148582E-001	3,419735197547005E-001	1,000000000000000E+000
1,5257443E-001	3,437789661240667E-001	1,000000000000000E+000
1,5350935E-001	3,466021844392868E-001	1,000000000000000E+000
1,5450688E-001	3,483249012949989E-001	1,000000000000000E+000
1,5557894E-001	3,504388209742801E-001	1,000000000000000E+000
1,5648840E-001	3,590772803614142E-001	1,000000000000000E+000
1,5757716E-001	3,544909236176563E-001	1,000000000000000E+000
1,5853354E-001	3,575086254988702E-001	1,000000000000000E+000
1,5956144E-001	3,582957411029692E-001	1,000000000000000E+000
1,6064599E-001	3,606495366483529E-001	1,000000000000000E+000
1,6149451E-001	3,625108333201046E-001	1,000000000000000E+000
1,6249418E-001	3,645108744709047E-001	1,000000000000000E+000
1,6350827E-001	3,664936116223956E-001	1,000000000000000E+000
1,6455443E-001	3,682186716339677E-001	1,000000000000000E+000
1,6553012E-001	3,695765249689842E-001	1,000000000000000E+000
1,6649027E-001	3,728365963583609E-001	1,000000000000000E+000
1,6756658E-001	3,738885256203106E-001	1,000000000000000E+000
1,6855414E-001	3,760088020676959E-001	1,000000000000000E+000
1,6959752E-001	3,779414916255832E-001	1,000000000000000E+000
1,7061418E-001	3,792336864603895E-001	1,000000000000000E+000
1,7160904E-001	3,883878233480380E-001	1,000000000000000E+000
1,7249970E-001	3,839365725612485E-001	1,000000000000000E+000
1,7348215E-001	3,855273923836648E-001	1,000000000000000E+000
1,7452067E-001	3,876137361706564E-001	1,000000000000000E+000
1,7560482E-001	3,899829764591756E-001	1,000000000000000E+000
1,7652465E-001	3,915170736662649E-001	1,000000000000000E+000
1,7763451E-001	3,927753301233898E-001	1,000000000000000E+000
1,7854819E-001	3,947423809311470E-001	1,000000000000000E+000
1,7954277E-001	3,964841912966235E-001	1,000000000000000E+000
1,8056090E-001	3,974058924553315E-001	1,000000000000000E+000
1,8160789E-001	3,984305656049436E-001	1,000000000000000E+000
1,8265764E-001	3,999308081240300E-001	1,000000000000000E+000
1,8351530E-001	4,007064811367975E-001	1,000000000000000E+000
1,8459648E-001	4,018048458836141E-001	1,000000000000000E+000
1,8550655E-001	4,033392475038369E-001	1,000000000000000E+000
1,8660620E-001	4,038456982363874E-001	1,000000000000000E+000
1,8761328E-001	4,042599110915850E-001	1,000000000000000E+000
1,8847623E-001	4,048785550726797E-001	1,000000000000000E+000
1,8948546E-001	4,044439921207319E-001	1,000000000000000E+000
1,9057746E-001	4,045460118860422E-001	1,000000000000000E+000
1,9157226E-001	4,038762344150912E-001	1,000000000000000E+000
1,9253284E-001	4,038080539968303E-001	1,000000000000000E+000
1,9363248E-001	4,047158641171542E-001	1,000000000000000E+000
1,9455361E-001	4,056107409350171E-001	1,000000000000000E+000
1,9556260E-001	4,064394621592440E-001	1,000000000000000E+000
1,9660558E-001	4,085021373401929E-001	1,000000000000000E+000
1,9754623E-001	4,101290186453213E-001	1,000000000000000E+000
1,9844119E-001	4,179262500773717E-001	1,000000000000000E+000
1,9962177E-001	4,153366377835902E-001	1,000000000000000E+000
2,0016828E-001	4,170987162506199E-001	1,000000000000000E+000
2,0063062E-001	4,174766987562180E-001	1,000000000000000E+000
2,0044337E-001	4,179519712924957E-001	1,000000000000000E+000
2,0025453E-001	4,115958958864212E-001	1,000000000000000E+000
2,0004785E-001	3,002279871660818E-001	1,000000000000000E+000
1,9865791E-001	2,872606475268396E-001	1,000000000000000E+000
1,9774511E-001	2,786465833584471E-001	1,000000000000000E+000
1,9671804E-001	2,704545525161348E-001	1,000000000000000E+000
1,9579482E-001	2,668271371059951E-001	1,000000000000000E+000
1,9476034E-001	2,617418650899923E-001	1,000000000000000E+000
1,9374262E-001	2,574031312380822E-001	1,000000000000000E+000
1,9277862E-001	2,537385917579140E-001	1,000000000000000E+000
1,9175695E-001	2,428211480534328E-001	1,000000000000000E+000
1,9069400E-001	2,453771418270976E-001	1,000000000000000E+000
1,8971726E-001	2,422168471643502E-001	1,000000000000000E+000
1,8873967E-001	2,385659749205740E-001	1,000000000000000E+000
1,8767804E-001	2,352762990631174E-001	1,000000000000000E+000
1,8672846E-001	2,323049387325442E-001	1,000000000000000E+000
1,8585384E-001	2,284034143667664E-001	1,000000000000000E+000
1,8480259E-001	2,262175138781064E-001	1,000000000000000E+000
1,8383418E-001	2,220378323949674E-001	1,000000000000000E+000
1,8281393E-001	2,132175214097112E-001	1,000000000000000E+000
1,8176097E-001	2,173415249239454E-001	1,000000000000000E+000
1,8077296E-001	2,126132982084534E-001	1,000000000000000E+000
1,7978500E-001	2,109951247435264E-001	1,000000000000000E+000
1,7883903E-001	2,072745077700047E-001	1,000000000000000E+000
1,7777590E-001	2,050506186593948E-001	1,000000000000000E+000
1,7684884E-001	2,021755530602416E-001	1,000000000000000E+000
1,7582498E-001	1,995400334449701E-001	1,000000000000000E+000
1,7487095E-001	1,973064037220973E-001	1,000000000000000E+000
1,7378765E-001	1,939206525631660E-001	1,000000000000000E+000
1,7281315E-001	1,878513386731768E-001	1,000000000000000E+000
1,7172828E-001	1,874043912523324E-001	1,000000000000000E+000
1,7079762E-001	1,862160986056556E-001	1,000000000000000E+000
1,6980007E-001	1,834861981915319E-001	1,000000000000000E+000
1,6876347E-001	1,811365726429766E-001	1,000000000000000E+000
1,6783024E-001	1,778590771007464E-001	1,000000000000000E+000
1,6672337E-001	1,761484327079319E-001	1,000000000000000E+000
1,6577807E-001	1,725298174553448E-001	1,000000000000000E+000
1,6474891E-001	1,705542926598966E-001	1,000000000000000E+000
1,6378066E-001	1,672280176749665E-001	1,000000000000000E+000
1,6277611E-001	1,647634481390323E-001	1,000000000000000E+000
1,6176929E-001	1,556850224345306E-001	1,000000000000000E+000
1,6076727E-001	1,578727368291262E-001	1,000000000000000E+000
1,5983680E-001	1,550747614431509E-001	1,000000000000000E+000
1,5877071E-001	1,522440184813203E-001	1,000000000000000E+000
1,5774664E-001	1,495528337416345E-001	1,000000000000000E+000
1,5679580E-001	1,460385623957145E-001	1,000000000000000E+000
1,5576534E-001	1,428841843088677E-001	1,000000000000000E+000
1,5479900E-001	1,393960948076303E-001	1,000000000000000E+000
1,5376687E-001	1,353418722024400E-001	1,000000000000000E+000
1,5269740E-001	1,256150252237505E-001	1,000000000000000E+000
1,5181747E-001	1,292529399636099E-001	1,000000000000000E+000
1,5079296E-001	1,254230944776080E-001	1,000000000000000E+000
1,4973812E-001	1,229596737798097E-001	1,000000000000000E+000
1,4876157E-001	1,201170612152463E-001	1,000000000000000E+000
1,4784110E-001	1,182751488134575E-001	1,000000000000000E+000
1,4674845E-001	1,164648242540557E-001	1,000000000000000E+000
1,4583349E-001	1,148479240364395E-001	1,000000000000000E+000
1,4487863E-001	1,131188371671468E-001	1,000000000000000E+000
1,4379893E-001	1,108294274050022E-001	1,000000000000000E+000
1,4279673E-001	1,093557899390971E-001	1,000000000000000E+000
1,4182316E-001	1,077040030698602E-001	1,000000000000000E+000
1,4079696E-001	1,061791471115109E-001	1,000000000000000E+000
1,3980988E-001	1,046306426352306E-001	1,000000000000000E+000
1,3866033E-001	9,708737318740335E-002	1,000000000000000E+000
1,3775513E-001	1,010740552123431E-001	1,000000000000000E+000
1,3688540E-001	9,941898385942427E-002	1,000000000000000E+000
1,3578406E-001	9,805901809724893E-002	1,000000000000000E+000
1,3482280E-001	9,603195799152486E-002	1,000000000000000E+000
1,3388979E-001	9,500623390906404E-002	1,000000000000000E+000
1,3278590E-001	9,316516443828338E-002	1,000000000000000E+000
1,3168944E-001	9,152217447990596E-002	1,000000000000000E+000
1,3081673E-001	8,970974099874085E-002	1,000000000000000E+000
1,2976186E-001	8,844637947752049E-002	1,000000000000000E+000
1,2877409E-001	8,665197036073891E-002	1,000000000000000E+000
1,2783535E-001	8,407010781552837E-002	1,000000000000000E+000
1,2673612E-001	8,321892325249003E-002	1,000000000000000E+000
1,2575749E-001	8,173213031841486E-002	1,000000000000000E+000
1,2473340E-001	7,935958573620594E-002	1,000000000000000E+000
1,2382185E-001	7,813620403693611E-002	1,000000000000000E+000
1,2269822E-001	7,673075087627215E-002	1,000000000000000E+000
1,2176229E-001	7,156521378783531E-002	1,000000000000000E+000
1,2081185E-001	7,051933995292847E-002	1,000000000000000E+000
1,1978544E-001	7,117509140193257E-002	1,000000000000000E+000
1,1867454E-001	6,864677548098097E-002	1,000000000000000E+000
1,1775597E-001	6,743007091184472E-002	1,000000000000000E+000
1,1677817E-001	6,584562440144170E-002	1,000000000000000E+000
1,1583351E-001	6,396638577441813E-002	1,000000000000000E+000
1,1482067E-001	6,333459611050785E-002	1,000000000000000E+000
1,1382971E-001	6,084477429006574E-002	1,000000000000000E+000
1,1281369E-001	5,939043412864642E-002	1,000000000000000E+000
1,1176119E-001	5,740313712805012E-002	1,000000000000000E+000
1,1085619E-001	5,541000686288411E-002	1,000000000000000E+000
1,0982256E-001	5,367731200466463E-002	1,000000000000000E+000
1,0876857E-001	5,191503202594416E-002	1,000000000000000E+000
1,0781221E-001	4,958352496355994E-002	1,000000000000000E+000
1,0677073E-001	4,830277559813123E-002	1,000000000000000E+000
1,0577492E-001	4,626044106165250E-002	1,000000000000000E+000
1,0490283E-001	3,820033420278290E-002	1,000000000000000E+000
1,0212654E-001	4,261294410899316E-002	1,000000000000000E+000
9,9787578E-002	4,728319216097809E-002	1,000000000000000E+000
9,8943666E-002	3,776026836971552E-002	1,000000000000000E+000
9,7877763E-002	2,614465919355613E-002	1,000000000000000E+000
9,6724413E-002	2,295205363932645E-002	1,000000000000000E+000
9,5702678E-002	2,467778701813797E-002	1,000000000000000E+000
9,4691552E-002	2,421261344797035E-002	1,000000000000000E+000
9,3799211E-002	2,018532775400683E-002	1,000000000000000E+000
9,2790969E-002	1,314290954906028E-002	1,000000000000000E+000
9,1826752E-002	1,390336889421134E-002	1,000000000000000E+000
9,0938106E-002	1,592991369802305E-002	1,000000000000000E+000
8,9760348E-002	1,478487711089356E-002	1,000000000000000E+000
8,8683195E-002	1,146832773115929E-002	1,000000000000000E+000
8,7802410E-002	9,613241946175972E-003	1,000000000000000E+000
8,6722292E-002	8,272498790675990E-003	1,000000000000000E+000
8,5708626E-002	6,830245935109114E-003	1,000000000000000E+000
8,4877715E-002	5,931397355501147E-003	1,000000000000000E+000
8,3887398E-002	5,041924427334601E-003	1,000000000000000E+000
8,2843162E-002	2,679695374657368E-003	1,000000000000000E+000
8,1788093E-002	8,835257813188911E-004	1,000000000000000E+000
8,0777392E-002	1,808663161600509E-005	1,000000000000000E+000
7,9838663E-002	-1,189718509623258E-003	1,000000000000000E+000
7,8784652E-002	-3,005891542165445E-003	1,000000000000000E+000
7,7728301E-002	-4,812762997365383E-003	1,000000000000000E+000
7,6740950E-002	-6,837155506622741E-003	1,000000000000000E+000
7,5905092E-002	-1,070531762929422E-002	1,000000000000000E+000
7,4851193E-002	-1,326728202063043E-002	1,000000000000000E+000
7,3689774E-002	-1,149238897455182E-002	1,000000000000000E+000
7,2781600E-002	-1,082400054292517E-002	1,000000000000000E+000
7,1728446E-002	-1,306551106245024E-002	1,000000000000000E+000
7,0803076E-002	-1,587030417916441E-002	1,000000000000000E+000
6,9799170E-002	-1,770583148916337E-002	1,000000000000000E+000
6,8819679E-002	-1,815897987883845E-002	1,000000000000000E+000
6,7802191E-002	-1,912936699550799E-002	1,000000000000000E+000
6,7004830E-002	-2,129455485555803E-002	1,000000000000000E+000
6,5965474E-002	-2,331207566991605E-002	1,000000000000000E+000
6,4837590E-002	-2,478442925267785E-002	1,000000000000000E+000
6,3620977E-002	-2,618384437422105E-002	1,000000000000000E+000
6,2874772E-002	-2,743356459379565E-002	1,000000000000000E+000
6,1936036E-002	-2,859060885384679E-002	1,000000000000000E+000
6,0850818E-002	-3,062092010158157E-002	1,000000000000000E+000
5,9868358E-002	-3,253469153423777E-002	1,000000000000000E+000
5,8933653E-002	-3,363707279721788E-002	1,000000000000000E+000
5,7798553E-002	-3,528640027959912E-002	1,000000000000000E+000
5,6790188E-002	-3,646272531801109E-002	1,000000000000000E+000
5,5882502E-002	-4,000178987108571E-002	1,000000000000000E+000
5,4878145E-002	-4,483459287762837E-002	1,000000000000000E+000
5,3702928E-002	-4,341309608814004E-002	1,000000000000000E+000
5,2784566E-002	-4,217586738781787E-002	1,000000000000000E+000
5,1816531E-002	-4,408232880006005E-002	1,000000000000000E+000
5,0936595E-002	-4,686558165768573E-002	1,000000000000000E+000
4,9933750E-002	-4,843672045131397E-002	1,000000000000000E+000
4,8986096E-002	-4,977495990008007E-002	1,000000000000000E+000
4,7885600E-002	-5,140954409337917E-002	1,000000000000000E+000
4,6866834E-002	-5,293746444901126E-002	1,000000000000000E+000
4,5925330E-002	-5,500687902288837E-002	1,000000000000000E+000
4,4827171E-002	-5,679569836744691E-002	1,000000000000000E+000
4,3864444E-002	-5,818951280606477E-002	1,000000000000000E+000
4,2801950E-002	-5,990810935165614E-002	1,000000000000000E+000
4,1796979E-002	-6,180586727956905E-002	1,000000000000000E+000
4,0951643E-002	-6,378483211543984E-002	1,000000000000000E+000
3,9920352E-002	-6,541587638073687E-002	1,000000000000000E+000
3,8925983E-002	-6,894532512200779E-002	1,000000000000000E+000
3,8022108E-002	-7,397747286207346E-002	1,000000000000000E+000
3,6761973E-002	-7,245362088886154E-002	1,000000000000000E+000
3,5933409E-002	-7,134011613541391E-002	1,000000000000000E+000
3,4944147E-002	-7,333873438053828E-002	1,000000000000000E+000
3,3875283E-002	-7,547378846599417E-002	1,000000000000000E+000
3,2859273E-002	-7,784955427309281E-002	1,000000000000000E+000
3,1808876E-002	-7,984006707556568E-002	1,000000000000000E+000
3,0939128E-002	-8,017306033677091E-002	1,000000000000000E+000
2,9888945E-002	-8,147805165370080E-002	1,000000000000000E+000
2,8741322E-002	-8,294547872436731E-002	1,000000000000000E+000
2,7903417E-002	-8,483250379019053E-002	1,000000000000000E+000
2,6931351E-002	-8,640538439956602E-002	1,000000000000000E+000
2,5908548E-002	-8,842727280635776E-002	1,000000000000000E+000
2,4951128E-002	-9,026690011766414E-002	1,000000000000000E+000
2,3855517E-002	-9,082299738009958E-002	1,000000000000000E+000
2,2973672E-002	-9,224613618829969E-002	1,000000000000000E+000
2,1784442E-002	-9,400146155773315E-002	1,000000000000000E+000
2,0844005E-002	-9,556630297124163E-002	1,000000000000000E+000
1,9967176E-002	-1,000322673612066E-001	1,000000000000000E+000
1,8827094E-002	-1,034428028182849E-001	1,000000000000000E+000
1,7689237E-002	-1,013818240414061E-001	1,000000000000000E+000
1,6875107E-002	-1,004624679076691E-001	1,000000000000000E+000
1,6003875E-002	-1,024845006953303E-001	1,000000000000000E+000
1,4871747E-002	-1,052546946124898E-001	1,000000000000000E+000
1,3997119E-002	-1,070974092710656E-001	1,000000000000000E+000
1,2934407E-002	-1,081283747076262E-001	1,000000000000000E+000
1,1773199E-002	-1,092920782975848E-001	1,000000000000000E+000
9,5545957E-003	-1,126468198699282E-001	1,000000000000000E+000
6,7536579E-003	-1,165382777819305E-001	1,000000000000000E+000
5,7958141E-003	-1,192456902677397E-001	1,000000000000000E+000
4,7812914E-003	-1,202457561675041E-001	1,000000000000000E+000
3,7421442E-003	-1,228013317126571E-001	1,000000000000000E+000
2,8312153E-003	-1,230584721520744E-001	1,000000000000000E+000
1,8351615E-003	-1,254651752662741E-001	1,000000000000000E+000
7,7874155E-004	-1,338272731000969E-001	1,000000000000000E+000
-1,9724619E-004	-1,287958863605225E-001	1,000000000000000E+000
-1,1839601E-003	-1,302180995440310E-001	1,000000000000000E+000
-2,2723568E-003	-1,318644796523993E-001	1,000000000000000E+000
-3,1512314E-003	-1,331945424382051E-001	1,000000000000000E+000
-4,2294390E-003	-1,350792928650558E-001	1,000000000000000E+000
-5,1747574E-003	-1,366784825869312E-001	1,000000000000000E+000
-6,1803646E-003	-1,376277450342753E-001	1,000000000000000E+000
-7,1581625E-003	-1,397075267353403E-001	1,000000000000000E+000
-8,2391305E-003	-1,409195601784927E-001	1,000000000000000E+000
-9,2322128E-003	-1,427527727015936E-001	1,000000000000000E+000
-1,0311906E-002	-1,445551418259532E-001	1,000000000000000E+000
-1,1277603E-002	-1,453531034187305E-001	1,000000000000000E+000
-1,2240754E-002	-1,471914101857688E-001	1,000000000000000E+000
-1,3132154E-002	-1,489075579577016E-001	1,000000000000000E+000
-1,4220336E-002	-1,498840853908199E-001	1,000000000000000E+000
-1,5145277E-002	-1,520249211850255E-001	1,000000000000000E+000
-1,6170204E-002	-1,538595235518483E-001	1,000000000000000E+000
-1,7229943E-002	-1,542352253648760E-001	1,000000000000000E+000
-1,8183332E-002	-1,633805451630093E-001	1,000000000000000E+000
-1,9177014E-002	-1,580454646609719E-001	1,000000000000000E+000
-2,0194933E-002	-1,603627511584709E-001	1,000000000000000E+000
-2,1273140E-002	-1,616601517242895E-001	1,000000000000000E+000
-2,2236077E-002	-1,634627328150802E-001	1,000000000000000E+000
-2,3142548E-002	-1,651734710127731E-001	1,000000000000000E+000
-2,4139877E-002	-1,662663177380126E-001	1,000000000000000E+000
-2,5133384E-002	-1,687070526079166E-001	1,000000000000000E+000
-2,6151514E-002	-1,700864148636653E-001	1,000000000000000E+000
-2,7232481E-002	-1,712277246406299E-001	1,000000000000000E+000
-2,8187780E-002	-1,727845093442331E-001	1,000000000000000E+000
-2,9301861E-002	-1,741248506975046E-001	1,000000000000000E+000
-3,0210454E-002	-1,763415091231257E-001	1,000000000000000E+000
-3,1215638E-002	-1,776784554175617E-001	1,000000000000000E+000
-3,2134425E-002	-1,795000346222264E-001	1,000000000000000E+000
-3,3181213E-002	-1,803000875645207E-001	1,000000000000000E+000
-3,4184482E-002	-1,827771966216261E-001	1,000000000000000E+000
-3,5220660E-002	-1,841035385150454E-001	1,000000000000000E+000
-3,6107395E-002	-1,924052114676058E-001	1,000000000000000E+000
-3,7140984E-002	-1,879221482797419E-001	1,000000000000000E+000
-3,8363967E-002	-1,895993883695661E-001	1,000000000000000E+000
-3,9211422E-002	-1,904641398513271E-001	1,000000000000000E+000
-4,0174995E-002	-1,929258640674454E-001	1,000000000000000E+000
-4,1247047E-002	-1,936714263477657E-001	1,000000000000000E+000
-4,2190671E-002	-1,956068853873549E-001	1,000000000000000E+000
-4,3280341E-002	-1,974715973224694E-001	1,000000000000000E+000
-4,4245400E-002	-1,990593337686724E-001	1,000000000000000E+000
-4,5226172E-002	-2,001527157974330E-001	1,000000000000000E+000
-4,6163637E-002	-2,019040629707485E-001	1,000000000000000E+000
-4,7193870E-002	-2,036644381781418E-001	1,000000000000000E+000
-4,8298609E-002	-2,056623512180515E-001	1,000000000000000E+000
-4,9124204E-002	-2,064017605734980E-001	1,000000000000000E+000
-5,0104760E-002	-2,082192858344771E-001	1,000000000000000E+000
-5,1230945E-002	-2,097033169637945E-001	1,000000000000000E+000
-5,2224234E-002	-2,113860664604641E-001	1,000000000000000E+000
-5,3218171E-002	-2,129851543577381E-001	1,000000000000000E+000
-5,4242544E-002	-2,193731166706936E-001	1,000000000000000E+000
-5,5168208E-002	-2,176247320344871E-001	1,000000000000000E+000
-5,6164477E-002	-2,184824863474599E-001	1,000000000000000E+000
-5,7176452E-002	-2,194498878541511E-001	1,000000000000000E+000
-5,8245111E-002	-2,219217899384791E-001	1,000000000000000E+000
-5,9112310E-002	-2,222121325968238E-001	1,000000000000000E+000
-6,0166314E-002	-2,242334663040106E-001	1,000000000000000E+000
-6,1196752E-002	-2,260538533511047E-001	1,000000000000000E+000
-6,2186237E-002	-2,274149906200664E-001	1,000000000000000E+000
-6,3130274E-002	-2,285199294823941E-001	1,000000000000000E+000
-6,4216971E-002	-2,300416062611867E-001	1,000000000000000E+000
-6,5086082E-002	-2,312570363671201E-001	1,000000000000000E+000
-6,6224582E-002	-2,333021272982778E-001	1,000000000000000E+000
-6,7133822E-002	-2,343890325606068E-001	1,000000000000000E+000
-6,8161495E-002	-2,355754158407852E-001	1,000000000000000E+000
-6,9119126E-002	-2,375140383632646E-001	1,000000000000000E+000
-7,0324279E-002	-2,382386101461531E-001	1,000000000000000E+000
-7,1251132E-002	-2,397617693964589E-001	1,000000000000000E+000
-7,2273083E-002	-2,408431652519427E-001	1,000000000000000E+000
-7,3170215E-002	-2,418875622097389E-001	1,000000000000000E+000
-7,4095801E-002	-2,432659671434920E-001	1,000000000000000E+000
-7,5206205E-002	-2,512513367562648E-001	1,000000000000000E+000
-7,6189764E-002	-2,469613665663113E-001	1,000000000000000E+000
-7,7250347E-002	-2,485046712681642E-001	1,000000000000000E+000
-7,8251503E-002	-2,498152365183652E-001	1,000000000000000E+000
-7,9087280E-002	-2,516567498548987E-001	1,000000000000000E+000
-8,0240421E-002	-2,540747789769529E-001	1,000000000000000E+000
-8,1259824E-002	-2,543590609242923E-001	1,000000000000000E+000
-8,2188800E-002	-2,572880098337503E-001	1,000000000000000E+000
-8,3207995E-002	-2,583572954819022E-001	1,000000000000000E+000
-8,4222518E-002	-2,598173699548667E-001	1,000000000000000E+000
-8,5223027E-002	-2,618205637619306E-001	1,000000000000000E+000
-8,6311422E-002	-2,633951556247967E-001	1,000000000000000E+000
-8,7218098E-002	-2,649643348995583E-001	1,000000000000000E+000
-8,8214800E-002	-2,674173681168910E-001	1,000000000000000E+000
-8,9187920E-002	-2,685408634392332E-001	1,000000000000000E+000
-9,0168059E-002	-2,704145796338286E-001	1,000000000000000E+000
-9,1067947E-002	-2,717227147788623E-001	1,000000000000000E+000
-9,2157647E-002	-2,757853069342673E-001	1,000000000000000E+000
-9,3224332E-002	-2,795815339260210E-001	1,000000000000000E+000
-9,4137169E-002	-2,775492958672755E-001	1,000000000000000E+000
-9,5211141E-002	-2,791894015131722E-001	1,000000000000000E+000
-9,6242636E-002	-2,811758567889524E-001	1,000000000000000E+000
-9,7208336E-002	-2,821751729223028E-001	1,000000000000000E+000
-9,8251723E-002	-2,842780699332534E-001	1,000000000000000E+000
-9,9221237E-002	-2,858433336692130E-001	1,000000000000000E+000
-1,0015447E-001	-2,877706040162580E-001	1,000000000000000E+000
-1,0119403E-001	-2,903435521552111E-001	1,000000000000000E+000
-1,0225590E-001	-2,905033570196895E-001	1,000000000000000E+000
-1,0324325E-001	-2,927207706703072E-001	1,000000000000000E+000
-1,0423145E-001	-2,946372258787333E-001	1,000000000000000E+000
-1,0533831E-001	-2,957161673241178E-001	1,000000000000000E+000
-1,0615222E-001	-2,974424098049178E-001	1,000000000000000E+000
-1,0720390E-001	-2,998737952568451E-001	1,000000000000000E+000
-1,0827192E-001	-3,008839432408816E-001	1,000000000000000E+000
-1,0919601E-001	-3,023387202734319E-001	1,000000000000000E+000
-1,1023801E-001	-3,083850073162471E-001	1,000000000000000E+000
-1,1117280E-001	-3,079191793998071E-001	1,000000000000000E+000
-1,1210538E-001	-3,083008038552686E-001	1,000000000000000E+000
-1,1323050E-001	-3,098014867864534E-001	1,000000000000000E+000
-1,1416797E-001	-3,111646393727909E-001	1,000000000000000E+000
-1,1516551E-001	-3,128946820118772E-001	1,000000000000000E+000
-1,1619575E-001	-3,144373329252830E-001	1,000000000000000E+000
-1,1721281E-001	-3,158241326713727E-001	1,000000000000000E+000
-1,1830206E-001	-3,170130784209397E-001	1,000000000000000E+000
-1,1922020E-001	-3,181485268804753E-001	1,000000000000000E+000
-1,2021308E-001	-3,200816472267922E-001	1,000000000000000E+000
-1,2127112E-001	-3,208971950742929E-001	1,000000000000000E+000
-1,2226950E-001	-3,223047628222644E-001	1,000000000000000E+000
-1,2312143E-001	-3,239971931454613E-001	1,000000000000000E+000
-1,2427669E-001	-3,246191089144994E-001	1,000000000000000E+000
-1,2509231E-001	-3,256297716612195E-001	1,000000000000000E+000
-1,2625077E-001	-3,267411992160802E-001	1,000000000000000E+000
-1,2725785E-001	-3,276407197117792E-001	1,000000000000000E+000
-1,2821506E-001	-3,279371029800822E-001	1,000000000000000E+000
-1,2928647E-001	-3,293372585386454E-001	1,000000000000000E+000
-1,3028805E-001	-3,302353153833080E-001	1,000000000000000E+000
-1,3119833E-001	-3,306157799799809E-001	1,000000000000000E+000
-1,3218379E-001	-3,325479215838820E-001	1,000000000000000E+000
-1,3317452E-001	-3,409374164313901E-001	1,000000000000000E+000
-1,3413574E-001	-3,363471273591512E-001	1,000000000000000E+000
-1,3511588E-001	-3,378691351972511E-001	1,000000000000000E+000
-1,3612975E-001	-3,394457441237240E-001	1,000000000000000E+000
-1,3718207E-001	-3,419762729511895E-001	1,000000000000000E+000
-1,3812505E-001	-3,434599904446956E-001	1,000000000000000E+000
-1,3925248E-001	-3,450015969315734E-001	1,000000000000000E+000
-1,4021036E-001	-3,476713783780312E-001	1,000000000000000E+000
-1,4107458E-001	-3,484661379673817E-001	1,000000000000000E+000
-1,4216255E-001	-3,518197658316540E-001	1,000000000000000E+000
-1,4320256E-001	-3,521188175460939E-001	1,000000000000000E+000
-1,4418736E-001	-3,557278733027882E-001	1,000000000000000E+000
-1,4521460E-001	-3,564891478098509E-001	1,000000000000000E+000
-1,4616948E-001	-3,591263471171251E-001	1,000000000000000E+000
-1,4720270E-001	-3,614890391731409E-001	1,000000000000000E+000
-1,4812864E-001	-3,630955268939324E-001	1,000000000000000E+000
-1,4904298E-001	-3,711834452891098E-001	1,000000000000000E+000
-1,5015940E-001	-3,674988522349540E-001	1,000000000000000E+000
-1,5122275E-001	-3,697767323141687E-001	1,000000000000000E+000
-1,5212007E-001	-3,711482255667853E-001	1,000000000000000E+000
-1,5320295E-001	-3,733588586457905E-001	1,000000000000000E+000
-1,5417354E-001	-3,754205889741140E-001	1,000000000000000E+000
-1,5519316E-001	-3,773947479979443E-001	1,000000000000000E+000
-1,5619196E-001	-3,788095318401847E-001	1,000000000000000E+000
-1,5718251E-001	-3,806038202407451E-001	1,000000000000000E+000
-1,5814140E-001	-3,837009395162254E-001	1,000000000000000E+000
-1,5918121E-001	-3,850682330472992E-001	1,000000000000000E+000
-1,6018446E-001	-3,864236273026709E-001	1,000000000000000E+000
-1,6111131E-001	-3,893412159652341E-001	1,000000000000000E+000
-1,6228506E-001	-3,909307542101796E-001	1,000000000000000E+000
-1,6311894E-001	-3,943772686955804E-001	1,000000000000000E+000
-1,6421641E-001	-3,985660730136757E-001	1,000000000000000E+000
-1,6519633E-001	-3,967992157623579E-001	1,000000000000000E+000
-1,6612615E-001	-3,988433730167635E-001	1,000000000000000E+000
-1,6717720E-001	-4,007768849324842E-001	1,000000000000000E+000
-1,6818938E-001	-4,026888062556582E-001	1,000000000000000E+000
-1,6917524E-001	-4,044593622287094E-001	1,000000000000000E+000
-1,7010824E-001	-4,061712525629737E-001	1,000000000000000E+000
-1,7113467E-001	-4,075210441369541E-001	1,000000000000000E+000
-1,7201671E-001	-4,098294443554340E-001	1,000000000000000E+000
-1,7315692E-001	-4,102165933129247E-001	1,000000000000000E+000
-1,7422111E-001	-4,124263719293380E-001	1,000000000000000E+000
-1,7511144E-001	-4,137298981917796E-001	1,000000000000000E+000
-1,7614909E-001	-4,146792800683103E-001	1,000000000000000E+000
-1,7720078E-001	-4,167813135621441E-001	1,000000000000000E+000
-1,7815629E-001	-4,170158861411934E-001	1,000000000000000E+000
-1,7915744E-001	-4,182013073004782E-001	1,000000000000000E+000
-1,8016538E-001	-4,194313666990217E-001	1,000000000000000E+000
-1,8109201E-001	-4,198583913190888E-001	1,000000000000000E+000
-1,8222542E-001	-4,202107595176328E-001	1,000000000000000E+000
-1,8325630E-001	-4,197213826701045E-001	1,000000000000000E+000
-1,8422665E-001	-4,198736507807754E-001	1,000000000000000E+000
-1,8525329E-001	-4,195142760096728E-001	1,000000000000000E+000
-1,8612707E-001	-4,199005865181462E-001	1,000000000000000E+000
-1,8729720E-001	-4,206846590516040E-001	1,000000000000000E+000
-1,8811852E-001	-4,218362634484127E-001	1,000000000000000E+000
-1,8915585E-001	-4,294531321308250E-001	1,000000000000000E+000
-1,9009893E-001	-4,254646269708022E-001	1,000000000000000E+000
-1,9119264E-001	-4,276665683266594E-001	1,000000000000000E+000
-1,9213392E-001	-4,288597115212003E-001	1,000000000000000E+000
-1,9305758E-001	-4,317306586437742E-001	1,000000000000000E+000
-1,9412540E-001	-4,335761658795583E-001	1,000000000000000E+000
-1,9513142E-001	-4,365490128596612E-001	1,000000000000000E+000
-1,9620408E-001	-4,389044643224518E-001	1,000000000000000E+000
-1,9724792E-001	-4,404052650142045E-001	1,000000000000000E+000
-1,9823614E-001	-4,432744981410598E-001	1,000000000000000E+000
-1,9901325E-001	-4,457803812609722E-001	1,000000000000000E+000
-1,9957046E-001	-4,481726884841919E-001	1,000000000000000E+000
-1,9928451E-001	-4,494553506374359E-001	1,000000000000000E+000
-1,9915591E-001	-3,380621383484019E-001	1,000000000000000E+000
-1,9772418E-001	-3,104919729251550E-001	1,000000000000000E+000
-1,9693929E-001	-3,104583132598133E-001	1,000000000000000E+000
-1,9586684E-001	-3,022142246158577E-001	1,000000000000000E+000
-1,9487686E-001	-2,964649427061268E-001	1,000000000000000E+000
-1,9390035E-001	-2,914264451246691E-001	1,000000000000000E+000
-1,9280624E-001	-2,862707779018416E-001	1,000000000000000E+000
-1,9186579E-001	-2,831045043033833E-001	1,000000000000000E+000
-1,9087230E-001	-2,776284090036309E-001	1,000000000000000E+000
-1,8989864E-001	-2,696175859051008E-001	1,000000000000000E+000
-1,8877576E-001	-2,683375985879026E-001	1,000000000000000E+000
-1,8786716E-001	-2,659876315802743E-001	1,000000000000000E+000
-1,8681000E-001	-2,622708156704889E-001	1,000000000000000E+000
-1,8585363E-001	-2,590220530724348E-001	1,000000000000000E+000
-1,8481301E-001	-2,557462791705292E-001	1,000000000000000E+000
-1,8381353E-001	-2,526006086781202E-001	1,000000000000000E+000
-1,8290284E-001	-2,487550378621864E-001	1,000000000000000E+000
-1,8178707E-001	-2,459095551684080E-001	1,000000000000000E+000
-1,8081628E-001	-2,367559591592805E-001	1,000000000000000E+000
-1,7984931E-001	-2,397558266271105E-001	1,000000000000000E+000
-1,7887004E-001	-2,360602307599030E-001	1,000000000000000E+000
-1,7765619E-001	-2,336455866202914E-001	1,000000000000000E+000
-1,7698342E-001	-2,296669536218459E-001	1,000000000000000E+000
-1,7569250E-001	-2,277091347948752E-001	1,000000000000000E+000
-1,7479517E-001	-2,247875232715155E-001	1,000000000000000E+000
-1,7375793E-001	-2,215862883022054E-001	1,000000000000000E+000
-1,7283045E-001	-2,192305979034339E-001	1,000000000000000E+000
-1,7179967E-001	-2,152201662797266E-001	1,000000000000000E+000
-1,7077470E-001	-2,076344824939340E-001	1,000000000000000E+000
-1,6982619E-001	-2,098070350734302E-001	1,000000000000000E+000
-1,6880147E-001	-2,059654034674165E-001	1,000000000000000E+000
-1,6793576E-001	-2,031436682963323E-001	1,000000000000000E+000
-1,6685650E-001	-1,996254804285451E-001	1,000000000000000E+000
-1,6579610E-001	-1,971429784704624E-001	1,000000000000000E+000
-1,6484231E-001	-1,928606585392516E-001	1,000000000000000E+000
-1,6374689E-001	-1,900643670621014E-001	1,000000000000000E+000
-1,6288066E-001	-1,864769298117607E-001	1,000000000000000E+000
-1,6184887E-001	-1,782782259526556E-001	1,000000000000000E+000
-1,6090822E-001	-1,793214493275930E-001	1,000000000000000E+000
-1,5987013E-001	-1,756519312944467E-001	1,000000000000000E+000
-1,5879278E-001	-1,715370429446915E-001	1,000000000000000E+000
-1,5776700E-001	-1,675519492839357E-001	1,000000000000000E+000
-1,5688153E-001	-1,641596233627438E-001	1,000000000000000E+000
-1,5592626E-001	-1,608966646534902E-001	1,000000000000000E+000
-1,5484838E-001	-1,533356884675507E-001	1,000000000000000E+000
-1,5389024E-001	-1,530741908484031E-001	1,000000000000000E+000
-1,5282921E-001	-1,530017716189226E-001	1,000000000000000E+000
-1,5180835E-001	-1,501465332176943E-001	1,000000000000000E+000
-1,5087406E-001	-1,477384773833257E-001	1,000000000000000E+000
-1,4977504E-001	-1,462900622799573E-001	1,000000000000000E+000
-1,4894648E-001	-1,443978866381153E-001	1,000000000000000E+000
-1,4783728E-001	-1,427313597717625E-001	1,000000000000000E+000
-1,4677478E-001	-1,405861656207379E-001	1,000000000000000E+000
-1,4593644E-001	-1,393264101611239E-001	1,000000000000000E+000
-1,4486589E-001	-1,369143188931052E-001	1,000000000000000E+000
-1,4390336E-001	-1,356733385344131E-001	1,000000000000000E+000
-1,4290266E-001	-1,338787171860325E-001	1,000000000000000E+000
-1,4182742E-001	-1,327755661914130E-001	1,000000000000000E+000
-1,4081608E-001	-1,305546724858373E-001	1,000000000000000E+000
-1,3988306E-001	-1,291557889457584E-001	1,000000000000000E+000
-1,3883287E-001	-1,203024941237849E-001	1,000000000000000E+000
-1,3789736E-001	-1,256810615046153E-001	1,000000000000000E+000
-1,3696349E-001	-1,231661046622317E-001	1,000000000000000E+000
-1,3584878E-001	-1,213651166827830E-001	1,000000000000000E+000
-1,3484126E-001	-1,199678245595557E-001	1,000000000000000E+000
-1,3385242E-001	-1,188057322805327E-001	1,000000000000000E+000
-1,3288333E-001	-1,157487055170345E-001	1,000000000000000E+000
-1,3186754E-001	-1,151086458509475E-001	1,000000000000000E+000
-1,3092943E-001	-1,133062813896686E-001	1,000000000000000E+000
-1,2986140E-001	-1,114359467950026E-001	1,000000000000000E+000
-1,2876348E-001	-1,095192694338036E-001	1,000000000000000E+000
-1,2800242E-001	-1,080146704205411E-001	1,000000000000000E+000
-1,2690829E-001	-1,046995349396536E-001	1,000000000000000E+000
-1,2593642E-001	-1,039947972555335E-001	1,000000000000000E+000
-1,2487563E-001	-1,022887111563857E-001	1,000000000000000E+000
-1,2395684E-001	-1,000227461012801E-001	1,000000000000000E+000
-1,2281252E-001	-9,806375451929239E-002	1,000000000000000E+000
-1,2178518E-001	-9,183803989112116E-002	1,000000000000000E+000
-1,2084346E-001	-9,489029525623938E-002	1,000000000000000E+000
-1,1983362E-001	-9,262602114015145E-002	1,000000000000000E+000
-1,1888786E-001	-9,116637746208447E-002	1,000000000000000E+000
-1,1782792E-001	-8,965933262758535E-002	1,000000000000000E+000
-1,1681575E-001	-8,703951018267375E-002	1,000000000000000E+000
-1,1591139E-001	-8,611558197298985E-002	1,000000000000000E+000
-1,1483064E-001	-8,361399055380980E-002	1,000000000000000E+000
-1,1394794E-001	-8,177568001620851E-002	1,000000000000000E+000
-1,1291622E-001	-8,036597964948822E-002	1,000000000000000E+000
-1,1191040E-001	-7,728467016325602E-002	1,000000000000000E+000
-1,1084472E-001	-7,580148972596779E-002	1,000000000000000E+000
-1,0991978E-001	-7,340721065540670E-002	1,000000000000000E+000
-1,0887425E-001	-7,122310110005625E-002	1,000000000000000E+000
-1,0790655E-001	-6,839087055090554E-002	1,000000000000000E+000
-1,0695181E-001	-6,190609317854956E-002	1,000000000000000E+000
-1,0584537E-001	-6,446675515811284E-002	1,000000000000000E+000
-1,0486481E-001	-6,290785756815809E-002	1,000000000000000E+000
-1,0404686E-001	-5,920302153875417E-002	1,000000000000000E+000
-1,0288651E-001	-5,769810110602214E-002	1,000000000000000E+000
-1,0187814E-001	-5,470978490322717E-002	1,000000000000000E+000
-1,0093451E-001	-5,231083859042768E-002	1,000000000000000E+000
-9,9818937E-002	-5,077028739227279E-002	1,000000000000000E+000
-9,8908007E-002	-4,750881213436098E-002	1,000000000000000E+000
-9,7845510E-002	-4,619794569508562E-002	1,000000000000000E+000
-9,5232315E-002	-4,691073273454849E-002	1,000000000000000E+000
-9,2855893E-002	-5,158238185362674E-002	1,000000000000000E+000
-9,1968589E-002	-3,818868247779172E-002	1,000000000000000E+000
-9,0816714E-002	-2,465257355813966E-002	1,000000000000000E+000
-8,9834236E-002	-2,699980694322015E-002	1,000000000000000E+000
-8,8719726E-002	-3,276149209381798E-002	1,000000000000000E+000
-8,7914728E-002	-3,248027311443960E-002	1,000000000000000E+000
-8,6905301E-002	-2,800498057654788E-002	1,000000000000000E+000
-8,5971870E-002	-2,531785317114550E-002	1,000000000000000E+000
-8,4856935E-002	-2,440100692911065E-002	1,000000000000000E+000
-8,3912894E-002	-2,354810422629164E-002	1,000000000000000E+000
-8,2865253E-002	-2,203143750213913E-002	1,000000000000000E+000
-8,1727177E-002	-2,044104815286121E-002	1,000000000000000E+000
-8,0873139E-002	-1,870630918064203E-002	1,000000000000000E+000
-7,9973884E-002	-1,730122040478608E-002	1,000000000000000E+000
-7,8857899E-002	-1,576335151993485E-002	1,000000000000000E+000
-7,7837437E-002	-1,445825557392610E-002	1,000000000000000E+000
-7,6885313E-002	-1,306438733445246E-002	1,000000000000000E+000
-7,5753868E-002	-1,060548243630264E-002	1,000000000000000E+000
-7,5026140E-002	-4,552986792785096E-003	1,000000000000000E+000
-7,3822677E-002	-3,831865198864956E-003	1,000000000000000E+000
-7,2829388E-002	-6,542315694888298E-003	1,000000000000000E+000
-7,2001457E-002	-6,272866919769297E-003	1,000000000000000E+000
-7,0810109E-002	-3,788910685721514E-003	1,000000000000000E+000
-6,9869459E-002	-9,887853251358200E-004	1,000000000000000E+000
-6,8941124E-002	4,565759397413189E-004	1,000000000000000E+000
-6,7838930E-002	1,735516303799360E-003	1,000000000000000E+000
-6,7037106E-002	3,130371066112692E-003	1,000000000000000E+000
-6,5960802E-002	4,704458745335517E-003	1,000000000000000E+000
-6,4943738E-002	6,336413824707687E-003	1,000000000000000E+000
-6,3827761E-002	7,788180952047759E-003	1,000000000000000E+000
-6,2906839E-002	9,577095835185068E-003	1,000000000000000E+000
-6,1762620E-002	1,123217221174858E-002	1,000000000000000E+000
-6,0984571E-002	1,266225001422258E-002	1,000000000000000E+000
-5,9883010E-002	1,384051700329619E-002	1,000000000000000E+000
-5,8913916E-002	1,609549737703575E-002	1,000000000000000E+000
-5,7877529E-002	1,788321257400749E-002	1,000000000000000E+000
-5,6842417E-002	1,909960951242187E-002	1,000000000000000E+000
-5,6026157E-002	2,372308744331036E-002	1,000000000000000E+000
-5,4755446E-002	2,742640980674582E-002	1,000000000000000E+000
-5,3814799E-002	2,555251921552965E-002	1,000000000000000E+000
-5,2873727E-002	2,484245753536635E-002	1,000000000000000E+000
-5,2042618E-002	2,742778785533218E-002	1,000000000000000E+000
-5,0960798E-002	3,014976747605647E-002	1,000000000000000E+000
-4,9913593E-002	3,163628953754827E-002	1,000000000000000E+000
-4,8937276E-002	3,334399432060331E-002	1,000000000000000E+000
-4,8001722E-002	3,494615580873672E-002	1,000000000000000E+000
-4,6975527E-002	3,709252801490948E-002	1,000000000000000E+000
-4,6023838E-002	3,916305714584395E-002	1,000000000000000E+000
-4,4982988E-002	4,117207168019377E-002	1,000000000000000E+000
-4,3853626E-002	4,283542114555744E-002	1,000000000000000E+000
-4,2897906E-002	4,472953926758949E-002	1,000000000000000E+000
-4,1924991E-002	4,638771218014881E-002	1,000000000000000E+000
-4,1060545E-002	4,776018836289769E-002	1,000000000000000E+000
-3,9985854E-002	5,054555833339696E-002	1,000000000000000E+000
-3,9055735E-002	5,629568477161251E-002	1,000000000000000E+000
-3,7940804E-002	5,530965488287620E-002	1,000000000000000E+000
-3,6906328E-002	5,355000362356399E-002	1,000000000000000E+000
-3,6091138E-002	5,515255836588828E-002	1,000000000000000E+000
-3,5047319E-002	5,782355154709284E-002	1,000000000000000E+000
-3,3959135E-002	5,969672255903603E-002	1,000000000000000E+000
-3,3025704E-002	6,054338709994567E-002	1,000000000000000E+000
-3,1997807E-002	6,207775291598738E-002	1,000000000000000E+000
-3,1036779E-002	6,359541696211757E-002	1,000000000000000E+000
-2,9963242E-002	6,525258840216974E-002	1,000000000000000E+000
-2,8899254E-002	6,672602889981748E-002	1,000000000000000E+000
-2,7907236E-002	6,854777843303372E-002	1,000000000000000E+000
-2,7091196E-002	7,004692565209980E-002	1,000000000000000E+000
-2,5958007E-002	7,126770268142668E-002	1,000000000000000E+000
-2,5044743E-002	7,314275080959010E-002	1,000000000000000E+000
-2,3921320E-002	7,496896523257945E-002	1,000000000000000E+000
-2,2914866E-002	7,609315032217046E-002	1,000000000000000E+000
-2,1997992E-002	7,737538942860266E-002	1,000000000000000E+000
-2,0990172E-002	8,000495804137442E-002	1,000000000000000E+000
-1,9936075E-002	8,515815675491489E-002	1,000000000000000E+000
-1,8985238E-002	8,450592147548597E-002	1,000000000000000E+000
-1,7906182E-002	8,340668392419426E-002	1,000000000000000E+000
-1,6853236E-002	8,450049095942364E-002	1,000000000000000E+000
-1,6023612E-002	8,693466130514738E-002	1,000000000000000E+000
-1,5036896E-002	8,896463627590734E-002	1,000000000000000E+000
-1,4098582E-002	9,038859599968455E-002	1,000000000000000E+000
-1,3036296E-002	9,160743091100210E-002	1,000000000000000E+000
-1,2058074E-002	9,263355119360839E-002	1,000000000000000E+000
-1,0977319E-002	9,458676241855679E-002	1,000000000000000E+000
-1,0027118E-002	9,664850435607764E-002	1,000000000000000E+000
-8,9673782E-003	9,806832565744961E-002	1,000000000000000E+000
-8,0602700E-003	9,928152787162842E-002	1,000000000000000E+000
-7,1251402E-003	1,006197608981487E-001	1,000000000000000E+000
-6,1768494E-003	1,028839353691894E-001	1,000000000000000E+000
-4,9347617E-003	1,044468861073257E-001	1,000000000000000E+000
-3,9987830E-003	1,051439238039571E-001	1,000000000000000E+000
-3,0662005E-003	1,070031996674117E-001	1,000000000000000E+000
-7,5449503E-004	1,112081689569049E-001	1,000000000000000E+000
2,0908667E-003	1,149464376180225E-001	1,000000000000000E+000
3,0854351E-003	1,167960964052734E-001	1,000000000000000E+000
4,0952866E-003	1,188117040114272E-001	1,000000000000000E+000
5,1465342E-003	1,200087897725303E-001	1,000000000000000E+000
5,6431894E-003	1,209471421316268E-001	1,000000000000000E+000
6,4947554E-003	1,206818409264088E-001	2,000000000000000E+000
6,7105438E-003	1,224845100077800E-001	2,000000000000000E+000
7,7853538E-003	1,249751806802433E-001	2,000000000000000E+000
8,7226061E-003	1,255184122257764E-001	2,000000000000000E+000
9,6558249E-003	1,275313789309526E-001	2,000000000000000E+000
1,0733819E-002	1,291879362478436E-001	2,000000000000000E+000
1,1678928E-002	1,304207616873714E-001	2,000000000000000E+000
1,2684532E-002	1,320476273799120E-001	2,000000000000000E+000
1,3761890E-002	1,343614225301688E-001	2,000000000000000E+000
1,4716124E-002	1,350046573077437E-001	2,000000000000000E+000
1,5640426E-002	1,370022477866670E-001	2,000000000000000E+000
1,6660547E-002	1,450126259199656E-001	2,000000000000000E+000
1,7716989E-002	1,404125947479367E-001	2,000000000000000E+000
1,8704128E-002	1,422596082427638E-001	2,000000000000000E+000
1,9695936E-002	1,436174470905423E-001	2,000000000000000E+000
2,0770745E-002	1,449043544578474E-001	2,000000000000000E+000
2,1754064E-002	1,473050982975923E-001	2,000000000000000E+000
2,2708509E-002	1,482540505239742E-001	2,000000000000000E+000
2,3712842E-002	1,497479536467137E-001	2,000000000000000E+000
2,4552021E-002	1,512879713102143E-001	2,000000000000000E+000
2,5835507E-002	1,539301706684965E-001	2,000000000000000E+000
2,6646236E-002	1,550302339924703E-001	2,000000000000000E+000
2,7671795E-002	1,562380202166324E-001	2,000000000000000E+000
2,8628578E-002	1,571562269495597E-001	2,000000000000000E+000
2,9761130E-002	1,599806095602823E-001	2,000000000000000E+000
3,0725341E-002	1,608454757758118E-001	2,000000000000000E+000
3,1689126E-002	1,622861264816793E-001	2,000000000000000E+000
3,2711290E-002	1,643188160378489E-001	2,000000000000000E+000
3,3714991E-002	1,657410287686316E-001	2,000000000000000E+000
3,4674838E-002	1,718355772059628E-001	2,000000000000000E+000
3,5701334E-002	1,706204614860738E-001	2,000000000000000E+000
3,6678702E-002	1,708535314149540E-001	2,000000000000000E+000
3,7593883E-002	1,722891144842540E-001	2,000000000000000E+000
3,8770586E-002	1,744963348739681E-001	2,000000000000000E+000
3,9721426E-002	1,757163236098782E-001	2,000000000000000E+000
4,0689461E-002	1,769777849420087E-001	2,000000000000000E+000
4,1677658E-002	1,785716655690019E-001	2,000000000000000E+000
4,2753525E-002	1,801583452357192E-001	2,000000000000000E+000
4,3606929E-002	1,813496049079631E-001	2,000000000000000E+000
4,4661362E-002	1,839137575847820E-001	2,000000000000000E+000
4,5766745E-002	1,849816771896771E-001	2,000000000000000E+000
4,6745174E-002	1,864599935425866E-001	2,000000000000000E+000
4,7803216E-002	1,882754000188374E-001	2,000000000000000E+000
4,8717752E-002	1,893424801916503E-001	2,000000000000000E+000
4,9689390E-002	1,912096331620390E-001	2,000000000000000E+000
5,0702006E-002	1,927095763385296E-001	2,000000000000000E+000
5,1619727E-002	1,937301038091801E-001	2,000000000000000E+000
5,2639209E-002	2,028424453844012E-001	2,000000000000000E+000
5,3701390E-002	1,978135998878223E-001	2,000000000000000E+000
5,4736070E-002	1,999005795352997E-001	2,000000000000000E+000
5,5738706E-002	2,002974857007054E-001	2,000000000000000E+000
5,6666832E-002	2,028585615205691E-001	2,000000000000000E+000
5,7670314E-002	2,036345621001809E-001	2,000000000000000E+000
5,8616698E-002	2,051027919838422E-001	2,000000000000000E+000
5,9685986E-002	2,074819174465834E-001	2,000000000000000E+000
6,0672063E-002	2,083783701398514E-001	2,000000000000000E+000
6,1760668E-002	2,099772453851383E-001	2,000000000000000E+000
6,2702164E-002	2,111349879091404E-001	2,000000000000000E+000
6,3683569E-002	2,122550999952688E-001	2,000000000000000E+000
6,4686000E-002	2,141793010911592E-001	2,000000000000000E+000
6,5678015E-002	2,149247651686892E-001	2,000000000000000E+000
6,6683628E-002	2,171769427368423E-001	2,000000000000000E+000
6,7619175E-002	2,180927144880931E-001	2,000000000000000E+000
6,8793543E-002	2,189185498152961E-001	2,000000000000000E+000
6,9570102E-002	2,205542156912603E-001	2,000000000000000E+000
7,0664875E-002	2,217946841976501E-001	2,000000000000000E+000
7,1657315E-002	2,236096612565843E-001	2,000000000000000E+000
7,2687753E-002	2,253574156331721E-001	2,000000000000000E+000
7,3716030E-002	2,299264644971115E-001	2,000000000000000E+000
7,4821837E-002	2,306599431386642E-001	2,000000000000000E+000
7,5645953E-002	2,302895425042761E-001	2,000000000000000E+000
7,6664932E-002	2,327329334673574E-001	2,000000000000000E+000
7,7700257E-002	2,339327705170353E-001	2,000000000000000E+000
7,8637943E-002	2,352896582516326E-001	2,000000000000000E+000
7,9736099E-002	2,369682752372078E-001	2,000000000000000E+000
8,0684170E-002	2,384722498762946E-001	2,000000000000000E+000
8,1679597E-002	2,403087482347883E-001	2,000000000000000E+000
8,2667783E-002	2,414987344915671E-001	2,000000000000000E+000
8,3618417E-002	2,440595875571789E-001	2,000000000000000E+000
8,4727623E-002	2,445281896378024E-001	2,000000000000000E+000
8,5687160E-002	2,476303838969522E-001	2,000000000000000E+000
8,6720571E-002	2,483687443762186E-001	2,000000000000000E+000
8,7695405E-002	2,502746013407096E-001	2,000000000000000E+000
8,8632226E-002	2,520759128965442E-001	2,000000000000000E+000
8,9773059E-002	2,530647167780757E-001	2,000000000000000E+000
9,0652786E-002	2,557107458511996E-001	2,000000000000000E+000
9,1632083E-002	2,620779324012523E-001	2,000000000000000E+000
9,2669912E-002	2,598851314073237E-001	2,000000000000000E+000
9,3688473E-002	2,608459398357414E-001	2,000000000000000E+000
9,4806574E-002	2,619129152865056E-001	2,000000000000000E+000
9,5617957E-002	2,635908963727864E-001	2,000000000000000E+000
9,6728213E-002	2,663363838413115E-001	2,000000000000000E+000
9,7803228E-002	2,666056186943859E-001	2,000000000000000E+000
9,8698027E-002	2,689937553368509E-001	2,000000000000000E+000
9,9724643E-002	2,709486120276998E-001	2,000000000000000E+000
1,0061052E-001	2,718414566479623E-001	2,000000000000000E+000
1,0161337E-001	2,734610195944303E-001	2,000000000000000E+000
1,0266908E-001	2,757440611150948E-001	2,000000000000000E+000
1,0363266E-001	2,772306380793452E-001	2,000000000000000E+000
1,0466565E-001	2,787703395976395E-001	2,000000000000000E+000
1,0567910E-001	2,801101311472154E-001	2,000000000000000E+000
1,0666264E-001	2,822874541290936E-001	2,000000000000000E+000
1,0760859E-001	2,834701264121888E-001	2,000000000000000E+000
1,0863372E-001	2,854424803776467E-001	2,000000000000000E+000
1,0973359E-001	2,937830760298925E-001	2,000000000000000E+000
1,1053750E-001	2,876977532222460E-001	2,000000000000000E+000
1,1169042E-001	2,910329070356166E-001	2,000000000000000E+000
1,1262257E-001	2,915850627856953E-001	2,000000000000000E+000
1,1367956E-001	2,928011384275235E-001	2,000000000000000E+000
1,1466521E-001	2,940670333078339E-001	2,000000000000000E+000
1,1571348E-001	2,960955790347540E-001	2,000000000000000E+000
1,1658598E-001	2,973645610165685E-001	2,000000000000000E+000
1,1773489E-001	2,982402507784894E-001	2,000000000000000E+000
1,1873709E-001	3,001608452759692E-001	2,000000000000000E+000
1,1965376E-001	3,007718509114854E-001	2,000000000000000E+000
1,2067147E-001	3,015029961760685E-001	2,000000000000000E+000
1,2158706E-001	3,034207313580239E-001	2,000000000000000E+000
1,2258417E-001	3,031748218668839E-001	2,000000000000000E+000
1,2372162E-001	3,047655263863924E-001	2,000000000000000E+000
1,2470134E-001	3,054749482414785E-001	2,000000000000000E+000
1,2579545E-001	3,062044082519913E-001	2,000000000000000E+000
1,2664863E-001	3,073988330240072E-001	2,000000000000000E+000
1,2766147E-001	3,097251417994928E-001	2,000000000000000E+000
1,2862991E-001	3,105370941209706E-001	2,000000000000000E+000
1,2967139E-001	3,121771102046802E-001	2,000000000000000E+000
1,3071012E-001	3,136982529475869E-001	2,000000000000000E+000
1,3166319E-001	3,163249813175475E-001	2,000000000000000E+000
1,3273616E-001	3,224250424342863E-001	2,000000000000000E+000
1,3368827E-001	3,193737251114950E-001	2,000000000000000E+000
1,3468666E-001	3,217709788328262E-001	2,000000000000000E+000
1,3563475E-001	3,230383709952652E-001	2,000000000000000E+000
1,3679723E-001	3,250581097478689E-001	2,000000000000000E+000
1,3772918E-001	3,269127567505672E-001	2,000000000000000E+000
1,3861272E-001	3,283746184574250E-001	2,000000000000000E+000
1,3968690E-001	3,309086601042908E-001	2,000000000000000E+000
1,4069356E-001	3,323378835339112E-001	2,000000000000000E+000
1,4163017E-001	3,342080147833471E-001	2,000000000000000E+000
1,4281049E-001	3,368741538013442E-001	2,000000000000000E+000
1,4369744E-001	3,383314890217870E-001	2,000000000000000E+000
1,4461027E-001	3,403402976950431E-001	2,000000000000000E+000
1,4569464E-001	3,420169974366827E-001	2,000000000000000E+000
1,4667921E-001	3,436757043107531E-001	2,000000000000000E+000
1,4765787E-001	3,531711511572642E-001	2,000000000000000E+000
1,4866683E-001	3,472896466652555E-001	2,000000000000000E+000
1,4975905E-001	3,503520680694949E-001	2,000000000000000E+000
1,5062436E-001	3,523619593276344E-001	2,000000000000000E+000
1,5154822E-001	3,531994763244368E-001	2,000000000000000E+000
1,5261880E-001	3,555575905678185E-001	2,000000000000000E+000
1,5356028E-001	3,573397107474097E-001	2,000000000000000E+000
1,5464996E-001	3,598388416123479E-001	2,000000000000000E+000
1,5574387E-001	3,611147305152063E-001	2,000000000000000E+000
1,5668474E-001	3,630267340275983E-001	2,000000000000000E+000
1,5765575E-001	3,642897799404139E-001	2,000000000000000E+000
1,5861484E-001	3,671677014790475E-001	2,000000000000000E+000
1,5973148E-001	3,681508979190964E-001	2,000000000000000E+000
1,6064945E-001	3,703638571831926E-001	2,000000000000000E+000
1,6169749E-001	3,724673743256268E-001	2,000000000000000E+000
1,6243181E-001	3,737995663606055E-001	2,000000000000000E+000
1,6369273E-001	3,830439327284703E-001	2,000000000000000E+000
1,6464275E-001	3,778928186382278E-001	2,000000000000000E+000
1,6568442E-001	3,794383371973216E-001	2,000000000000000E+000
1,6667560E-001	3,820576335872636E-001	2,000000000000000E+000
1,6767290E-001	3,824882885027279E-001	2,000000000000000E+000
1,6863754E-001	3,843984692616189E-001	2,000000000000000E+000
1,6964890E-001	3,856101058578754E-001	2,000000000000000E+000
1,7059697E-001	3,871171464626185E-001	2,000000000000000E+000
1,7159049E-001	3,884274596089710E-001	2,000000000000000E+000
1,7266168E-001	3,895757907173714E-001	2,000000000000000E+000
1,7365433E-001	3,903633468111787E-001	2,000000000000000E+000
1,7466122E-001	3,917960555344413E-001	2,000000000000000E+000
1,7559826E-001	3,922449034224798E-001	2,000000000000000E+000
1,7663997E-001	3,930223197417551E-001	2,000000000000000E+000
1,7771988E-001	3,935433858746884E-001	2,000000000000000E+000
1,7866944E-001	3,934554665401171E-001	2,000000000000000E+000
1,7971408E-001	3,936197475478483E-001	2,000000000000000E+000
1,8080610E-001	3,932496404740968E-001	2,000000000000000E+000
1,8165864E-001	3,940183535321734E-001	2,000000000000000E+000
1,8264686E-001	3,942798392640230E-001	2,000000000000000E+000
1,8373144E-001	3,955305789907786E-001	2,000000000000000E+000
1,8466571E-001	3,965599114696188E-001	2,000000000000000E+000
1,8557706E-001	3,985808314755559E-001	2,000000000000000E+000
1,8670665E-001	4,001971973985849E-001	2,000000000000000E+000
1,8769188E-001	4,019738056489990E-001	2,000000000000000E+000
1,8868494E-001	4,038441091672400E-001	2,000000000000000E+000
1,8965957E-001	4,132902646282079E-001	2,000000000000000E+000
1,9066767E-001	4,091890822940818E-001	2,000000000000000E+000
1,9171596E-001	4,118331870219372E-001	2,000000000000000E+000
1,9262476E-001	4,139731638392243E-001	2,000000000000000E+000
1,9362612E-001	4,165168725885460E-001	2,000000000000000E+000
1,9474679E-001	4,190896063163461E-001	2,000000000000000E+000
1,9565688E-001	4,208235796282285E-001	2,000000000000000E+000
1,9668370E-001	4,237943870377627E-001	2,000000000000000E+000
1,9767891E-001	4,261096747488622E-001	2,000000000000000E+000
1,9863230E-001	4,285968605998085E-001	2,000000000000000E+000
1,9962749E-001	4,307882792523344E-001	2,000000000000000E+000
2,0027234E-001	4,321919083595276E-001	2,000000000000000E+000
2,0017681E-001	4,326815605163574E-001	2,000000000000000E+000
2,0030825E-001	4,332388937473297E-001	2,000000000000000E+000
2,0001434E-001	3,241198884788914E-001	2,000000000000000E+000
1,9868645E-001	2,978623153434863E-001	2,000000000000000E+000
1,9790584E-001	2,994074296827138E-001	2,000000000000000E+000
1,9675310E-001	2,843066920629811E-001	2,000000000000000E+000
1,9590373E-001	2,813197463078225E-001	2,000000000000000E+000
1,9469559E-001	2,760324734780530E-001	2,000000000000000E+000
1,9380456E-001	2,648324265093027E-001	2,000000000000000E+000
1,9276826E-001	2,663093441838611E-001	2,000000000000000E+000
1,9179833E-001	2,615961954773720E-001	2,000000000000000E+000
1,9081479E-001	2,576540360072026E-001	2,000000000000000E+000
1,8978140E-001	2,543538461904986E-001	2,000000000000000E+000
1,8878511E-001	2,503125597981541E-001	2,000000000000000E+000
1,8776594E-001	2,466381743498576E-001	2,000000000000000E+000
1,8683678E-001	2,362996931705220E-001	2,000000000000000E+000
1,8574733E-001	2,391462378307350E-001	2,000000000000000E+000
1,8474491E-001	2,357370374439698E-001	2,000000000000000E+000
1,8376115E-001	2,319761135408447E-001	2,000000000000000E+000
1,8278463E-001	2,294146076439780E-001	2,000000000000000E+000
1,8181022E-001	2,253553004185163E-001	2,000000000000000E+000
1,8069254E-001	2,233235573059780E-001	2,000000000000000E+000
1,7981133E-001	2,193987002958444E-001	2,000000000000000E+000
1,7881000E-001	2,160010740109213E-001	2,000000000000000E+000
1,7784262E-001	2,069910570927385E-001	2,000000000000000E+000
1,7684697E-001	2,100751229898192E-001	2,000000000000000E+000
1,7592458E-001	2,059799702191316E-001	2,000000000000000E+000
1,7480223E-001	2,026488128144086E-001	2,000000000000000E+000
1,7376521E-001	1,995007068358574E-001	2,000000000000000E+000
1,7273922E-001	1,955345832587538E-001	2,000000000000000E+000
1,7176884E-001	1,934098540029181E-001	2,000000000000000E+000
1,7082754E-001	1,893731185959451E-001	2,000000000000000E+000
1,7005162E-001	1,804377593539876E-001	2,000000000000000E+000
1,6864614E-001	1,812629578117704E-001	2,000000000000000E+000
1,6779740E-001	1,779702003243278E-001	2,000000000000000E+000
1,6684951E-001	1,739094019867484E-001	2,000000000000000E+000
1,6580741E-001	1,706032801109059E-001	2,000000000000000E+000
1,6475554E-001	1,661471611587337E-001	2,000000000000000E+000
1,6384228E-001	1,621825231446172E-001	2,000000000000000E+000
1,6273306E-001	1,583472743190617E-001	2,000000000000000E+000
1,6172092E-001	1,481598921171909E-001	2,000000000000000E+000
1,6075756E-001	1,517631358518785E-001	2,000000000000000E+000
1,5980332E-001	1,492053463330705E-001	2,000000000000000E+000
1,5881492E-001	1,463508464835797E-001	2,000000000000000E+000
1,5777001E-001	1,442554999117016E-001	2,000000000000000E+000
1,5687884E-001	1,424268285821504E-001	2,000000000000000E+000
1,5578109E-001	1,399294741503489E-001	2,000000000000000E+000
1,5472369E-001	1,390493423289936E-001	2,000000000000000E+000
1,5383697E-001	1,362109654971091E-001	2,000000000000000E+000
1,5275578E-001	1,354946734952844E-001	2,000000000000000E+000
1,5173872E-001	1,340090475148629E-001	2,000000000000000E+000
1,5072694E-001	1,318985388562504E-001	2,000000000000000E+000
1,4980944E-001	1,301604267727172E-001	2,000000000000000E+000
1,4879768E-001	1,285405650010545E-001	2,000000000000000E+000
1,4772293E-001	1,205417497807910E-001	2,000000000000000E+000
1,4672621E-001	1,249188663722538E-001	2,000000000000000E+000
1,4580297E-001	1,222677663576585E-001	2,000000000000000E+000
1,4481010E-001	1,218400017371297E-001	2,000000000000000E+000
1,4381236E-001	1,195872854764786E-001	2,000000000000000E+000
1,4284177E-001	1,177613770770325E-001	2,000000000000000E+000
1,4176719E-001	1,162506249319355E-001	2,000000000000000E+000
1,4080721E-001	1,140739405980439E-001	2,000000000000000E+000
1,3985297E-001	1,123575704987163E-001	2,000000000000000E+000
1,3882719E-001	1,113754285292493E-001	2,000000000000000E+000
1,3781141E-001	1,085393904035707E-001	2,000000000000000E+000
1,3673849E-001	1,071934234544948E-001	2,000000000000000E+000
1,3575327E-001	1,056865950813519E-001	2,000000000000000E+000
1,3468653E-001	1,036929332961645E-001	2,000000000000000E+000
1,3384843E-001	1,022919323101337E-001	2,000000000000000E+000
1,3289799E-001	1,001567024569441E-001	2,000000000000000E+000
1,3183719E-001	9,302296549625066E-002	2,000000000000000E+000
1,3081910E-001	9,566718298527960E-002	2,000000000000000E+000
1,2977698E-001	9,374933907788074E-002	2,000000000000000E+000
1,2885500E-001	9,251556282268014E-002	2,000000000000000E+000
1,2782860E-001	9,005267229319275E-002	2,000000000000000E+000
1,2689772E-001	8,863003813247738E-002	2,000000000000000E+000
1,2585901E-001	8,769137327585197E-002	2,000000000000000E+000
1,2485955E-001	8,515075573490731E-002	2,000000000000000E+000
1,2372489E-001	8,372949865103435E-002	2,000000000000000E+000
1,2270676E-001	8,194962019721674E-002	2,000000000000000E+000
1,2194399E-001	7,974186635369263E-002	2,000000000000000E+000
1,2083076E-001	7,733750583914434E-002	2,000000000000000E+000
1,1974492E-001	7,639152133035387E-002	2,000000000000000E+000
1,1879195E-001	7,341699602936114E-002	2,000000000000000E+000
1,1786107E-001	7,205458724638474E-002	2,000000000000000E+000
1,1677077E-001	6,973348113630617E-002	2,000000000000000E+000
1,1578302E-001	6,033058462586895E-002	2,000000000000000E+000
1,1483303E-001	6,518149573174870E-002	2,000000000000000E+000
1,1372064E-001	6,321349557644385E-002	2,000000000000000E+000
1,1279868E-001	6,072399311556698E-002	2,000000000000000E+000
1,1181770E-001	5,830776680118631E-002	2,000000000000000E+000
1,1074182E-001	5,614857696410691E-002	2,000000000000000E+000
1,0980669E-001	5,381739159282831E-002	2,000000000000000E+000
1,0888048E-001	5,069355687333500E-002	2,000000000000000E+000
1,0783751E-001	4,913126827644509E-002	2,000000000000000E+000
1,0676801E-001	4,593659575200764E-002	2,000000000000000E+000
1,0579275E-001	4,366882093664681E-002	2,000000000000000E+000
1,0485657E-001	4,222773790631149E-002	2,000000000000000E+000
1,0377013E-001	3,610582940422752E-002	2,000000000000000E+000
1,0282097E-001	3,508243654343668E-002	2,000000000000000E+000
1,0173681E-001	3,590912461125612E-002	2,000000000000000E+000
1,0089128E-001	3,399308397395840E-002	2,000000000000000E+000
9,7988710E-002	3,360707926241535E-002	2,000000000000000E+000
9,5826298E-002	3,728175453983990E-002	2,000000000000000E+000
9,4977573E-002	2,897943319274215E-002	2,000000000000000E+000
9,3938641E-002	2,070904708428626E-002	2,000000000000000E+000
9,2704624E-002	1,984687486320677E-002	2,000000000000000E+000
9,1828719E-002	2,112846599063950E-002	2,000000000000000E+000
9,0791479E-002	2,049965108906493E-002	2,000000000000000E+000
8,9802861E-002	1,784855287729045E-002	2,000000000000000E+000
8,8721037E-002	1,601333132809182E-002	2,000000000000000E+000
8,7818190E-002	1,480091308136863E-002	2,000000000000000E+000
8,6759716E-002	1,370629647782255E-002	2,000000000000000E+000
8,5776828E-002	1,193953768072084E-002	2,000000000000000E+000
8,4816471E-002	1,018775443096983E-002	2,000000000000000E+000
8,3969213E-002	4,520675941320301E-003	2,000000000000000E+000
8,2868084E-002	3,097120821823611E-003	2,000000000000000E+000
8,1672281E-002	5,100449257750189E-003	2,000000000000000E+000
8,0757946E-002	5,576059862909877E-003	2,000000000000000E+000
7,9902641E-002	3,232189895950616E-003	2,000000000000000E+000
7,8743555E-002	3,061279329712192E-004	2,000000000000000E+000
7,7773824E-002	-1,251318959728243E-003	2,000000000000000E+000
7,6747626E-002	-2,363085678350918E-003	2,000000000000000E+000
7,5727373E-002	-4,019286163586183E-003	2,000000000000000E+000
7,4906021E-002	-5,381866624197235E-003	2,000000000000000E+000
7,3882803E-002	-6,969562455601069E-003	2,000000000000000E+000
7,2902881E-002	-8,413662140406321E-003	2,000000000000000E+000
7,1805350E-002	-1,006320171856917E-002	2,000000000000000E+000
7,0855148E-002	-1,184452302792724E-002	2,000000000000000E+000
6,9700100E-002	-1,304823406664779E-002	2,000000000000000E+000
6,8935230E-002	-1,463215332720817E-002	2,000000000000000E+000
6,7813076E-002	-1,645414979914966E-002	2,000000000000000E+000
6,6815108E-002	-1,799030064365874E-002	2,000000000000000E+000
6,5941326E-002	-1,933718286454678E-002	2,000000000000000E+000
6,4985000E-002	-2,465885339996823E-002	2,000000000000000E+000
6,3814238E-002	-2,710427556465014E-002	2,000000000000000E+000
6,2937908E-002	-2,517128807246782E-002	2,000000000000000E+000
6,1866283E-002	-2,488162378884023E-002	2,000000000000000E+000
6,0831178E-002	-2,759473524767808E-002	2,000000000000000E+000
5,9785232E-002	-3,048900067450533E-002	2,000000000000000E+000
5,8711693E-002	-3,200463053265890E-002	2,000000000000000E+000
5,7741325E-002	-3,335704776691273E-002	2,000000000000000E+000
5,6949276E-002	-3,486659731586558E-002	2,000000000000000E+000
5,5838805E-002	-3,687717323514828E-002	2,000000000000000E+000
5,4948043E-002	-3,850563736826484E-002	2,000000000000000E+000
5,3879175E-002	-4,079202160937700E-002	2,000000000000000E+000
5,2831322E-002	-4,226386668354587E-002	2,000000000000000E+000
5,1884305E-002	-4,401798296021309E-002	2,000000000000000E+000
5,0966159E-002	-4,605374274413210E-002	2,000000000000000E+000
4,9949303E-002	-4,765243013712772E-002	2,000000000000000E+000
4,9054205E-002	-5,063403651001863E-002	2,000000000000000E+000
4,7783375E-002	-5,683698656826452E-002	2,000000000000000E+000
4,6835713E-002	-5,560746376997661E-002	2,000000000000000E+000
4,5717180E-002	-5,412207314253037E-002	2,000000000000000E+000
4,4864412E-002	-5,549413521657698E-002	2,000000000000000E+000
4,3853290E-002	-5,806511421299854E-002	2,000000000000000E+000
4,2928558E-002	-5,968579611443489E-002	2,000000000000000E+000
4,1907456E-002	-6,133842087324903E-002	2,000000000000000E+000
4,0942181E-002	-6,264802531546154E-002	2,000000000000000E+000
3,9890297E-002	-6,391250261286668E-002	2,000000000000000E+000
3,8927786E-002	-6,588556036068527E-002	2,000000000000000E+000
3,7923027E-002	-6,741165211941613E-002	2,000000000000000E+000
3,6921032E-002	-6,846931034750803E-002	2,000000000000000E+000
3,5882730E-002	-7,003785026285581E-002	2,000000000000000E+000
3,4869481E-002	-7,186766256604149E-002	2,000000000000000E+000
3,3954095E-002	-7,301098410971463E-002	2,000000000000000E+000
3,2797560E-002	-7,451022256605500E-002	2,000000000000000E+000
3,2054115E-002	-7,669567860688775E-002	2,000000000000000E+000
3,1051695E-002	-7,787830262289686E-002	2,000000000000000E+000
2,9882323E-002	-7,894839969230816E-002	2,000000000000000E+000
2,8975133E-002	-8,520635941790188E-002	2,000000000000000E+000
2,7900750E-002	-8,625436999783309E-002	2,000000000000000E+000
2,6853537E-002	-8,363336488319961E-002	2,000000000000000E+000
2,5880622E-002	-8,463903700855235E-002	2,000000000000000E+000
2,4903668E-002	-8,716782668165646E-002	2,000000000000000E+000
2,3949651E-002	-8,900089261199629E-002	2,000000000000000E+000
2,2837901E-002	-9,033455923458344E-002	2,000000000000000E+000
2,2006152E-002	-9,161762977924370E-002	2,000000000000000E+000
2,1020500E-002	-9,350677542129729E-002	2,000000000000000E+000
1,9893046E-002	-9,512551815714626E-002	2,000000000000000E+000
1,9044312E-002	-9,614790475461588E-002	2,000000000000000E+000
1,7914100E-002	-9,750891760793601E-002	2,000000000000000E+000
1,6945641E-002	-9,926864647746270E-002	2,000000000000000E+000
1,5953619E-002	-1,010181483321095E-001	2,000000000000000E+000
1,5021887E-002	-1,027144695269973E-001	2,000000000000000E+000
1,3822043E-002	-1,040806086061313E-001	2,000000000000000E+000
1,2888188E-002	-1,055784993287587E-001	2,000000000000000E+000
1,2012710E-002	-1,073528351197530E-001	2,000000000000000E+000
9,7931484E-003	-1,107500009746172E-001	2,000000000000000E+000
6,7495033E-003	-1,155153056153921E-001	2,000000000000000E+000
5,8228653E-003	-1,167739001749495E-001	2,000000000000000E+000
4,8295707E-003	-1,181792446166376E-001	2,000000000000000E+000
3,7953060E-003	-1,205371546028697E-001	2,000000000000000E+000
2,9164311E-003	-1,213513336584171E-001	2,000000000000000E+000
1,7613786E-003	-1,232369381598097E-001	2,000000000000000E+000
8,6170033E-004	-1,254780988157207E-001	2,000000000000000E+000
-1,8339047E-004	-1,263999227020467E-001	2,000000000000000E+000
-1,1134252E-003	-1,281597486360824E-001	2,000000000000000E+000
-2,1695553E-003	-1,300026271362889E-001	2,000000000000000E+000
-3,1687934E-003	-1,312479647005800E-001	2,000000000000000E+000
-4,1773724E-003	-1,328986911749876E-001	2,000000000000000E+000
-5,1394622E-003	-1,340764810253550E-001	2,000000000000000E+000
-6,2830513E-003	-1,363151875686728E-001	2,000000000000000E+000
-7,2217900E-003	-1,374059155091842E-001	2,000000000000000E+000
-8,1615560E-003	-1,454328391183575E-001	2,000000000000000E+000
-9,1737444E-003	-1,411305864263941E-001	2,000000000000000E+000
-1,0191876E-002	-1,429082413410967E-001	2,000000000000000E+000
-1,1089856E-002	-1,445234454392141E-001	2,000000000000000E+000
-1,2139830E-002	-1,465954599617456E-001	2,000000000000000E+000
-1,3115292E-002	-1,471343592533625E-001	2,000000000000000E+000
-1,4114531E-002	-1,494301267796087E-001	2,000000000000000E+000
-1,5240076E-002	-1,509217954784001E-001	2,000000000000000E+000
-1,6205139E-002	-1,524448487390240E-001	2,000000000000000E+000
-1,7113945E-002	-1,540653537053398E-001	2,000000000000000E+000
-1,8166041E-002	-1,558516980536901E-001	2,000000000000000E+000
-1,9100746E-002	-1,566324741967646E-001	2,000000000000000E+000
-2,0077907E-002	-1,585212555688078E-001	2,000000000000000E+000
-2,1196023E-002	-1,600546998282268E-001	2,000000000000000E+000
-2,2215003E-002	-1,621145296764248E-001	2,000000000000000E+000
-2,3107888E-002	-1,632110887439915E-001	2,000000000000000E+000
-2,4172509E-002	-1,655311492245848E-001	2,000000000000000E+000
-2,5192978E-002	-1,672257806252060E-001	2,000000000000000E+000
-2,6139433E-002	-1,746714860976978E-001	2,000000000000000E+000
-2,7214773E-002	-1,699016964606315E-001	2,000000000000000E+000
-2,8075177E-002	-1,719741543961886E-001	2,000000000000000E+000
-2,9190533E-002	-1,737925201111166E-001	2,000000000000000E+000
-3,0152410E-002	-1,750580012255032E-001	2,000000000000000E+000
-3,1167146E-002	-1,759895654136516E-001	2,000000000000000E+000
-3,2117136E-002	-1,779474893765938E-001	2,000000000000000E+000
-3,3089627E-002	-1,795582433826177E-001	2,000000000000000E+000
-3,4184817E-002	-1,814625065696114E-001	2,000000000000000E+000
-3,5126738E-002	-1,828419873232229E-001	2,000000000000000E+000
-3,6129802E-002	-1,842175291644198E-001	2,000000000000000E+000
-3,7182320E-002	-1,862854273446515E-001	2,000000000000000E+000
-3,8105562E-002	-1,870083011583308E-001	2,000000000000000E+000
-3,9160207E-002	-1,886137518514359E-001	2,000000000000000E+000
-4,0282778E-002	-1,908764307413047E-001	2,000000000000000E+000
-4,1188404E-002	-1,919301425805315E-001	2,000000000000000E+000
-4,2115889E-002	-1,940667520846344E-001	2,000000000000000E+000
-4,3163102E-002	-1,951974582237499E-001	2,000000000000000E+000
-4,4164829E-002	-2,032495076742227E-001	2,000000000000000E+000
-4,5179803E-002	-1,991055628491771E-001	2,000000000000000E+000
-4,6207700E-002	-2,004863177296805E-001	2,000000000000000E+000
-4,7243025E-002	-2,020452034970119E-001	2,000000000000000E+000
-4,8092816E-002	-2,039896689303629E-001	2,000000000000000E+000
-4,9170814E-002	-2,045318476415957E-001	2,000000000000000E+000
-5,0188731E-002	-2,067832922718176E-001	2,000000000000000E+000
-5,1164620E-002	-2,075885631040566E-001	2,000000000000000E+000
-5,2089345E-002	-2,094108728019306E-001	2,000000000000000E+000
-5,3156089E-002	-2,111522588464940E-001	2,000000000000000E+000
-5,4147262E-002	-2,121912281210010E-001	2,000000000000000E+000
-5,5103410E-002	-2,141306014188253E-001	2,000000000000000E+000
-5,6302618E-002	-2,152984163387572E-001	2,000000000000000E+000
-5,7180427E-002	-2,167153262093455E-001	2,000000000000000E+000
-5,8127876E-002	-2,181520732119679E-001	2,000000000000000E+000
-5,9174448E-002	-2,196327045611621E-001	2,000000000000000E+000
-6,0179844E-002	-2,204977810486328E-001	2,000000000000000E+000
-6,1189700E-002	-2,220463805780226E-001	2,000000000000000E+000
-6,2161122E-002	-2,236161997360697E-001	2,000000000000000E+000
-6,3221499E-002	-2,246249721049223E-001	2,000000000000000E+000
-6,4189538E-002	-2,261817476375854E-001	2,000000000000000E+000
-6,5129302E-002	-2,341743027273981E-001	2,000000000000000E+000
-6,6166110E-002	-2,297056700335824E-001	2,000000000000000E+000
-6,7117162E-002	-2,319901912188567E-001	2,000000000000000E+000
-6,8183057E-002	-2,323839253642488E-001	2,000000000000000E+000
-6,9130078E-002	-2,347878443930909E-001	2,000000000000000E+000
-7,0184931E-002	-2,366911724934142E-001	2,000000000000000E+000
-7,1182258E-002	-2,376386378374365E-001	2,000000000000000E+000
-7,2142437E-002	-2,398672760593596E-001	2,000000000000000E+000
-7,3332518E-002	-2,412076227030608E-001	2,000000000000000E+000
-7,4187197E-002	-2,428456307906233E-001	2,000000000000000E+000
-7,5279616E-002	-2,448839347731941E-001	2,000000000000000E+000
-7,6191612E-002	-2,468996624100128E-001	2,000000000000000E+000
-7,7088743E-002	-2,482719241072306E-001	2,000000000000000E+000
-7,8135110E-002	-2,497226552934277E-001	2,000000000000000E+000
-7,9312243E-002	-2,509487055293782E-001	2,000000000000000E+000
-8,0213830E-002	-2,529643284829524E-001	2,000000000000000E+000
-8,1216887E-002	-2,546937225593453E-001	2,000000000000000E+000
-8,2222663E-002	-2,595814451471792E-001	2,000000000000000E+000
-8,3185181E-002	-2,608568725538327E-001	2,000000000000000E+000
-8,4178485E-002	-2,599866996105337E-001	2,000000000000000E+000
-8,5131653E-002	-2,619408305941353E-001	2,000000000000000E+000
-8,6188629E-002	-2,632109755391459E-001	2,000000000000000E+000
-8,7313130E-002	-2,648605349887565E-001	2,000000000000000E+000
-8,8142529E-002	-2,667152776331125E-001	2,000000000000000E+000
-8,9026079E-002	-2,682441570796072E-001	2,000000000000000E+000
-9,0219550E-002	-2,696475990944432E-001	2,000000000000000E+000
-9,1171458E-002	-2,719410328297973E-001	2,000000000000000E+000
-9,2119955E-002	-2,728463090800983E-001	2,000000000000000E+000
-9,3158036E-002	-2,755064352467237E-001	2,000000000000000E+000
-9,4229035E-002	-2,761181786449409E-001	2,000000000000000E+000
-9,5173500E-002	-2,779013393446794E-001	2,000000000000000E+000
-9,6185893E-002	-2,802801301651110E-001	2,000000000000000E+000
-9,7152017E-002	-2,810015188426602E-001	2,000000000000000E+000
-9,8232567E-002	-2,826968979400881E-001	2,000000000000000E+000
-9,9196769E-002	-2,849199175834652E-001	2,000000000000000E+000
-1,0015252E-001	-2,880789621784856E-001	2,000000000000000E+000
-1,0107379E-001	-2,917913270648569E-001	2,000000000000000E+000
-1,0201381E-001	-2,901792188381958E-001	2,000000000000000E+000
-1,0314233E-001	-2,921355366706825E-001	2,000000000000000E+000
-1,0414114E-001	-2,924731704923833E-001	2,000000000000000E+000
-1,0516012E-001	-2,943330005380425E-001	2,000000000000000E+000
-1,0617125E-001	-2,959551900728705E-001	2,000000000000000E+000
-1,0712400E-001	-2,975080409863349E-001	2,000000000000000E+000
-1,0817036E-001	-2,987915625950928E-001	2,000000000000000E+000
-1,0918171E-001	-2,999489880166939E-001	2,000000000000000E+000
-1,1012576E-001	-3,014881668043210E-001	2,000000000000000E+000
-1,1121351E-001	-3,027349961921559E-001	2,000000000000000E+000
-1,1219832E-001	-3,040645179700925E-001	2,000000000000000E+000
-1,1319840E-001	-3,055992231756033E-001	2,000000000000000E+000
-1,1413819E-001	-3,060938137997340E-001	2,000000000000000E+000
-1,1512088E-001	-3,076778385374281E-001	2,000000000000000E+000
-1,1623560E-001	-3,074593884197774E-001	2,000000000000000E+000
-1,1708537E-001	-3,088046192036309E-001	2,000000000000000E+000
-1,1819523E-001	-3,096217465742175E-001	2,000000000000000E+000
-1,1909257E-001	-3,107596894001783E-001	2,000000000000000E+000
-1,2010583E-001	-3,120553727623894E-001	2,000000000000000E+000
-1,2115750E-001	-3,137480940204087E-001	2,000000000000000E+000
-1,2223656E-001	-3,149614134648200E-001	2,000000000000000E+000
-1,2321793E-001	-3,233161917111507E-001	2,000000000000000E+000
-1,2416621E-001	-3,185192701768953E-001	2,000000000000000E+000
-1,2519859E-001	-3,208210799429143E-001	2,000000000000000E+000
-1,2606938E-001	-3,227645563634312E-001	2,000000000000000E+000
-1,2721510E-001	-3,247414844679728E-001	2,000000000000000E+000
-1,2825637E-001	-3,261152152230746E-001	2,000000000000000E+000
-1,2891045E-001	-3,283026307924750E-001	2,000000000000000E+000
-1,3006040E-001	-3,299670388870348E-001	2,000000000000000E+000
-1,3117045E-001	-3,316202978086134E-001	2,000000000000000E+000
-1,3214633E-001	-3,332632892868572E-001	2,000000000000000E+000
-1,3321625E-001	-3,352883361900840E-001	2,000000000000000E+000
-1,3415331E-001	-3,376795408678128E-001	2,000000000000000E+000
-1,3514595E-001	-3,396820966413046E-001	2,000000000000000E+000
-1,3606878E-001	-3,408559504378998E-001	2,000000000000000E+000
-1,3714930E-001	-3,429301284874473E-001	2,000000000000000E+000
-1,3823481E-001	-3,516843698970566E-001	2,000000000000000E+000
-1,3918874E-001	-3,472406526303113E-001	2,000000000000000E+000
-1,4012575E-001	-3,491514857289251E-001	2,000000000000000E+000
-1,4116704E-001	-3,514412248041472E-001	2,000000000000000E+000
-1,4212914E-001	-3,530612959681694E-001	2,000000000000000E+000
-1,4307106E-001	-3,551955473764483E-001	2,000000000000000E+000
-1,4417051E-001	-3,563467321348264E-001	2,000000000000000E+000
-1,4520434E-001	-3,583997680753868E-001	2,000000000000000E+000
-1,4607005E-001	-3,605786884824425E-001	2,000000000000000E+000
-1,4718199E-001	-3,623157401776136E-001	2,000000000000000E+000
-1,4817657E-001	-3,643406703292085E-001	2,000000000000000E+000
-1,4910638E-001	-3,658097581420492E-001	2,000000000000000E+000
-1,5025254E-001	-3,680581144936785E-001	2,000000000000000E+000
-1,5122522E-001	-3,695821239768211E-001	2,000000000000000E+000
-1,5202430E-001	-3,716591397145139E-001	2,000000000000000E+000
-1,5311141E-001	-3,732532262802116E-001	2,000000000000000E+000
-1,5407422E-001	-3,790206603654132E-001	2,000000000000000E+000
-1,5517354E-001	-3,793172369607625E-001	2,000000000000000E+000
-1,5617552E-001	-3,793081383789985E-001	2,000000000000000E+000
-1,5720640E-001	-3,813623409045634E-001	2,000000000000000E+000
-1,5803666E-001	-3,832512288613037E-001	2,000000000000000E+000
-1,5911464E-001	-3,845674009579740E-001	2,000000000000000E+000
-1,6017249E-001	-3,858581146277067E-001	2,000000000000000E+000
-1,6113627E-001	-3,880316349419028E-001	2,000000000000000E+000
-1,6209604E-001	-3,890270268699763E-001	2,000000000000000E+000
-1,6315916E-001	-3,907148572357573E-001	2,000000000000000E+000
-1,6411550E-001	-3,921308301440947E-001	2,000000000000000E+000
-1,6506083E-001	-3,933153917961238E-001	2,000000000000000E+000
-1,6614498E-001	-3,944941284911074E-001	2,000000000000000E+000
-1,6712959E-001	-3,952849926427016E-001	2,000000000000000E+000
-1,6810866E-001	-3,972816058020614E-001	2,000000000000000E+000
-1,6914779E-001	-3,979052395508109E-001	2,000000000000000E+000
-1,7012347E-001	-3,984954455712177E-001	2,000000000000000E+000
-1,7116793E-001	-3,986388945486388E-001	2,000000000000000E+000
-1,7215084E-001	-3,989956331594531E-001	2,000000000000000E+000
-1,7320484E-001	-3,985877973286223E-001	2,000000000000000E+000
-1,7414249E-001	-4,001076688938250E-001	2,000000000000000E+000
-1,7510544E-001	-3,991568137425934E-001	2,000000000000000E+000
-1,7618686E-001	-4,013848402537397E-001	2,000000000000000E+000
-1,7705022E-001	-4,020200018874456E-001	2,000000000000000E+000
-1,7806073E-001	-4,111090190449920E-001	2,000000000000000E+000
-1,7922351E-001	-4,043050639557420E-001	2,000000000000000E+000
-1,8010251E-001	-4,072941333935054E-001	2,000000000000000E+000
-1,8113527E-001	-4,093187363404356E-001	2,000000000000000E+000
-1,8215704E-001	-4,115827188878836E-001	2,000000000000000E+000
-1,8320149E-001	-4,138870738291489E-001	2,000000000000000E+000
-1,8426801E-001	-4,159515451950333E-001	2,000000000000000E+000
-1,8514414E-001	-4,179650521061067E-001	2,000000000000000E+000
-1,8611173E-001	-4,202048166706730E-001	2,000000000000000E+000
-1,8719013E-001	-4,230557012682148E-001	2,000000000000000E+000
-1,8820360E-001	-4,250614619037745E-001	2,000000000000000E+000
-1,8914595E-001	-4,272625222802158E-001	2,000000000000000E+000
-1,9023305E-001	-4,376950723946917E-001	2,000000000000000E+000
-1,9111574E-001	-4,321613851417272E-001	2,000000000000000E+000
-1,9205385E-001	-4,356508521466607E-001	2,000000000000000E+000
-1,9311571E-001	-4,378589166638736E-001	2,000000000000000E+000
-1,9422278E-001	-4,406385439085856E-001	2,000000000000000E+000
-1,9518021E-001	-4,423433583126286E-001	2,000000000000000E+000
-1,9613485E-001	-4,451560531742844E-001	2,000000000000000E+000
-1,9703095E-001	-4,471202672510941E-001	2,000000000000000E+000
-1,9822717E-001	-4,497108090047997E-001	2,000000000000000E+000
-1,9892582E-001	-4,516089414578977E-001	2,000000000000000E+000
-1,9956574E-001	-4,531067311763763E-001	2,000000000000000E+000
-1,9935240E-001	-4,532670527696610E-001	2,000000000000000E+000
-1,9916466E-001	-3,423174055965819E-001	2,000000000000000E+000
-1,9775100E-001	-3,158589023286876E-001	2,000000000000000E+000
-1,9689681E-001	-3,156429289115779E-001	2,000000000000000E+000
-1,9580761E-001	-3,063569850184837E-001	2,000000000000000E+000
-1,9486749E-001	-3,011830996256322E-001	2,000000000000000E+000
-1,9379586E-001	-2,955220423690541E-001	2,000000000000000E+000
-1,9283272E-001	-2,905449184796050E-001	2,000000000000000E+000
-1,9182074E-001	-2,857624067304028E-001	2,000000000000000E+000
-1,9088286E-001	-2,815387314444195E-001	2,000000000000000E+000
-1,8979828E-001	-2,700170456276574E-001	2,000000000000000E+000
-1,8887189E-001	-2,731451264375595E-001	2,000000000000000E+000
-1,8788794E-001	-2,681837405543763E-001	2,000000000000000E+000
-1,8689486E-001	-2,653878630759807E-001	2,000000000000000E+000
-1,8580709E-001	-2,610578158508146E-001	2,000000000000000E+000
-1,8489423E-001	-2,581433042780386E-001	2,000000000000000E+000
-1,8386339E-001	-2,538111403377510E-001	2,000000000000000E+000
-1,8289611E-001	-2,461950132080046E-001	2,000000000000000E+000
-1,8184838E-001	-2,453316353494293E-001	2,000000000000000E+000
-1,8078992E-001	-2,428830584071369E-001	2,000000000000000E+000
-1,7986540E-001	-2,390609549151519E-001	2,000000000000000E+000
-1,7890777E-001	-2,356221720239975E-001	2,000000000000000E+000
-1,7783637E-001	-2,313385787937368E-001	2,000000000000000E+000
-1,7678107E-001	-2,275530429582826E-001	2,000000000000000E+000
-1,7596246E-001	-2,242865945186665E-001	2,000000000000000E+000
-1,7486674E-001	-2,145580553397948E-001	2,000000000000000E+000
-1,7376025E-001	-2,162038986053725E-001	2,000000000000000E+000
-1,7278819E-001	-2,123756284127007E-001	2,000000000000000E+000
-1,7182611E-001	-2,073634376025022E-001	2,000000000000000E+000
-1,7082898E-001	-2,036135378423041E-001	2,000000000000000E+000
-1,6976373E-001	-1,994263384905118E-001	2,000000000000000E+000
-1,6880018E-001	-1,941929407702343E-001	2,000000000000000E+000
-1,6785254E-001	-1,848167656248223E-001	2,000000000000000E+000
-1,6687748E-001	-1,871813580057480E-001	2,000000000000000E+000
-1,6582325E-001	-1,834713281520330E-001	2,000000000000000E+000
-1,6480644E-001	-1,807397415137122E-001	2,000000000000000E+000
-1,6384009E-001	-1,779203423583463E-001	2,000000000000000E+000
-1,6285932E-001	-1,755030582296753E-001	2,000000000000000E+000
-1,6187067E-001	-1,736203166397490E-001	2,000000000000000E+000
-1,6081923E-001	-1,708985844808113E-001	2,000000000000000E+000
-1,5985055E-001	-1,691393716027950E-001	2,000000000000000E+000
-1,5880503E-001	-1,673047784586537E-001	2,000000000000000E+000
-1,5782852E-001	-1,654135464406050E-001	2,000000000000000E+000
-1,5684447E-001	-1,592475300809983E-001	2,000000000000000E+000
-1,5588953E-001	-1,598657462228497E-001	2,000000000000000E+000
-1,5482935E-001	-1,591639644078282E-001	2,000000000000000E+000
-1,5388341E-001	-1,579696362605314E-001	2,000000000000000E+000
-1,5280412E-001	-1,561894292632728E-001	2,000000000000000E+000
-1,5192589E-001	-1,535937952058800E-001	2,000000000000000E+000
-1,5084493E-001	-1,524068821971816E-001	2,000000000000000E+000
-1,4989707E-001	-1,504114218340766E-001	2,000000000000000E+000
-1,4886874E-001	-1,487674766168410E-001	2,000000000000000E+000
-1,4779182E-001	-1,470588578894323E-001	2,000000000000000E+000
-1,4688171E-001	-1,451462121137106E-001	2,000000000000000E+000
-1,4580479E-001	-1,434576387594761E-001	2,000000000000000E+000
-1,4477327E-001	-1,414941968137600E-001	2,000000000000000E+000
-1,4389378E-001	-1,395235396921628E-001	2,000000000000000E+000
-1,4290515E-001	-1,382153292393515E-001	2,000000000000000E+000
-1,4191355E-001	-1,355837395466439E-001	2,000000000000000E+000
-1,4090522E-001	-1,342084964012922E-001	2,000000000000000E+000
-1,3981257E-001	-1,264873918973737E-001	2,000000000000000E+000
-1,3880675E-001	-1,300546925825379E-001	2,000000000000000E+000
-1,3781941E-001	-1,281327170630288E-001	2,000000000000000E+000
-1,3683799E-001	-1,261559113368594E-001	2,000000000000000E+000
-1,3588971E-001	-1,242584216072120E-001	2,000000000000000E+000
-1,3484545E-001	-1,227332468390359E-001	2,000000000000000E+000
-1,3376896E-001	-1,207752177724610E-001	2,000000000000000E+000
-1,3284847E-001	-1,195766449026352E-001	2,000000000000000E+000
-1,3182461E-001	-1,167544972267929E-001	2,000000000000000E+000
-1,3081053E-001	-1,149547841180013E-001	2,000000000000000E+000
-1,2986413E-001	-1,131926064521795E-001	2,000000000000000E+000
-1,2883030E-001	-1,115491908211774E-001	2,000000000000000E+000
-1,2784484E-001	-1,095548969007925E-001	2,000000000000000E+000
-1,2685135E-001	-1,071348542722663E-001	2,000000000000000E+000
-1,2582725E-001	-1,053343979163195E-001	2,000000000000000E+000
-1,2491286E-001	-9,969423150566104E-002	2,000000000000000E+000
-1,2382098E-001	-9,908715314102445E-002	2,000000000000000E+000
-1,2287460E-001	-9,828834922518576E-002	2,000000000000000E+000
-1,2182014E-001	-9,696560895018624E-002	2,000000000000000E+000
-1,2079077E-001	-9,460812103417154E-002	2,000000000000000E+000
-1,1993016E-001	-9,150782997150786E-002	2,000000000000000E+000
-1,1879611E-001	-8,997788346217289E-002	2,000000000000000E+000
-1,1781217E-001	-8,804710798560500E-002	2,000000000000000E+000
-1,1689763E-001	-8,522760586088696E-002	2,000000000000000E+000
-1,1594807E-001	-8,317360306520799E-002	2,000000000000000E+000
-1,1484183E-001	-8,054359263041942E-002	2,000000000000000E+000
-1,1388612E-001	-7,737268368428962E-002	2,000000000000000E+000
-1,1289112E-001	-6,841643094473193E-002	2,000000000000000E+000
-1,1187408E-001	-7,169274703806461E-002	2,000000000000000E+000
-1,1092919E-001	-6,964659957965380E-002	2,000000000000000E+000
-1,0986776E-001	-6,714660092903724E-002	2,000000000000000E+000
-1,0886023E-001	-6,540987360575734E-002	2,000000000000000E+000
-1,0786333E-001	-6,343402794381187E-002	2,000000000000000E+000
-1,0689657E-001	-6,178870739596398E-002	2,000000000000000E+000
-1,0587695E-001	-6,028654113308418E-002	2,000000000000000E+000
-1,0476966E-001	-5,828662339222812E-002	2,000000000000000E+000
-1,0387041E-001	-5,612001417709178E-002	2,000000000000000E+000
-1,0286693E-001	-5,559288853287903E-002	2,000000000000000E+000
-1,0183033E-001	-5,424331390208348E-002	2,000000000000000E+000
-1,0090327E-001	-5,083561036735768E-002	2,000000000000000E+000
-9,9828035E-002	-5,067941165503309E-002	2,000000000000000E+000
-9,8873787E-002	-4,922666110926183E-002	2,000000000000000E+000
-9,7927205E-002	-4,743819059998111E-002	2,000000000000000E+000
-9,6812181E-002	-4,543933613846696E-002	2,000000000000000E+000
-9,4271906E-002	-4,478301083669831E-002	2,000000000000000E+000
-9,1867365E-002	-4,904260506090287E-002	2,000000000000000E+000
-9,0925522E-002	-3,522238237847974E-002	2,000000000000000E+000
-8,9847103E-002	-2,980866994766984E-002	2,000000000000000E+000
-8,8715389E-002	-3,211805073078722E-002	2,000000000000000E+000
-8,7730594E-002	-3,346323918150207E-002	2,000000000000000E+000
-8,6864874E-002	-3,118463592060518E-002	2,000000000000000E+000
-8,5840374E-002	-2,846229569857106E-002	2,000000000000000E+000
-8,4851965E-002	-2,640184247866265E-002	2,000000000000000E+000
-8,3864197E-002	-2,512778130605706E-002	2,000000000000000E+000
-8,2918450E-002	-2,415130665111872E-002	2,000000000000000E+000
-8,1868723E-002	-2,236863894601504E-002	2,000000000000000E+000
-8,1005551E-002	-1,636914187353491E-002	2,000000000000000E+000
-7,9794876E-002	-1,488912994763170E-002	2,000000000000000E+000
-7,8831725E-002	-1,726835105768659E-002	2,000000000000000E+000
-7,7831641E-002	-1,725412769721713E-002	2,000000000000000E+000
-7,6854914E-002	-1,472803311318985E-002	2,000000000000000E+000
-7,5910017E-002	-1,195324677973985E-002	2,000000000000000E+000
-7,4853674E-002	-9,933234091375996E-003	2,000000000000000E+000
-7,3824294E-002	-9,151371151448109E-003	2,000000000000000E+000
-7,2814651E-002	-7,917687300505327E-003	2,000000000000000E+000
-7,1965076E-002	-6,490811845449335E-003	2,000000000000000E+000
-7,0861392E-002	-4,481183378528722E-003	2,000000000000000E+000
-6,9956191E-002	-2,690412161731114E-003	2,000000000000000E+000
-6,8896234E-002	-8,148235909478281E-004	2,000000000000000E+000
-6,7761771E-002	3,360478433288947E-004	2,000000000000000E+000
-6,6832803E-002	2,117485458256855E-003	2,000000000000000E+000
-6,5900855E-002	4,334230477373559E-003	2,000000000000000E+000
-6,4790383E-002	5,715000517132814E-003	2,000000000000000E+000
-6,3958824E-002	7,904116828689869E-003	2,000000000000000E+000
-6,2959008E-002	1,417499194051042E-002	2,000000000000000E+000
-6,1777845E-002	1,473234417466706E-002	2,000000000000000E+000
-6,0861178E-002	1,287259045542068E-002	2,000000000000000E+000
-5,9973814E-002	1,350271152882167E-002	2,000000000000000E+000
-5,8849327E-002	1,642228275159147E-002	2,000000000000000E+000
-5,7629313E-002	1,897367204300188E-002	2,000000000000000E+000
-5,6867622E-002	2,139570921038589E-002	2,000000000000000E+000
-5,5862226E-002	2,332205919406591E-002	2,000000000000000E+000
-5,4907780E-002	2,442243363152055E-002	2,000000000000000E+000
-5,3961821E-002	2,601135072958033E-002	2,000000000000000E+000
-5,2877244E-002	2,879866307678947E-002	2,000000000000000E+000
-5,1916640E-002	3,069858156959543E-002	2,000000000000000E+000
-5,0874736E-002	3,162129363368482E-002	2,000000000000000E+000
-4,9929198E-002	3,276069712592289E-002	2,000000000000000E+000
-4,8982397E-002	3,486764771514581E-002	2,000000000000000E+000
-4,7789346E-002	3,668874428775698E-002	2,000000000000000E+000
-4,7040209E-002	4,186836498492008E-002	2,000000000000000E+000
-4,5956906E-002	4,365045826610481E-002	2,000000000000000E+000
-4,4932835E-002	4,163977060751589E-002	2,000000000000000E+000
-4,3907270E-002	4,141124971081611E-002	2,000000000000000E+000
-4,2924803E-002	4,395969120863213E-002	2,000000000000000E+000
-4,1940212E-002	4,636846047166432E-002	2,000000000000000E+000
-4,0839929E-002	4,766131846311816E-002	2,000000000000000E+000
-3,9941952E-002	4,889816196130914E-002	2,000000000000000E+000
-3,8980287E-002	5,016419571863162E-002	2,000000000000000E+000
-3,7971709E-002	5,144447347912462E-002	2,000000000000000E+000
-3,6955487E-002	5,324404625571333E-002	2,000000000000000E+000
-3,5849895E-002	5,519501360767110E-002	2,000000000000000E+000
-3,4984183E-002	5,666432519339877E-002	2,000000000000000E+000
-3,3910006E-002	5,788784621917231E-002	2,000000000000000E+000
-3,2845177E-002	5,888273424029156E-002	2,000000000000000E+000
-3,2017242E-002	6,107726842553052E-002	2,000000000000000E+000
-3,0914204E-002	6,286564181532950E-002	2,000000000000000E+000
-2,9914539E-002	6,422854753004215E-002	2,000000000000000E+000
-2,8956907E-002	6,535179849015560E-002	2,000000000000000E+000
-2,8085861E-002	6,727030229780651E-002	2,000000000000000E+000
-2,6946787E-002	7,342097159319898E-002	2,000000000000000E+000
-2,5949670E-002	7,352302744725914E-002	2,000000000000000E+000
-2,4943855E-002	7,202538018140753E-002	2,000000000000000E+000
-2,4001082E-002	7,271746483941877E-002	2,000000000000000E+000
-2,3032835E-002	7,467845926940886E-002	2,000000000000000E+000
-2,1920240E-002	7,669405157341536E-002	2,000000000000000E+000
-2,0913148E-002	7,847266141713294E-002	2,000000000000000E+000
-2,0034272E-002	8,001303828657735E-002	2,000000000000000E+000
-1,8886438E-002	8,109851057330797E-002	2,000000000000000E+000
-1,7896324E-002	8,277579860037387E-002	2,000000000000000E+000
-1,7024031E-002	8,456199311573687E-002	2,000000000000000E+000
-1,5827373E-002	8,587190786945786E-002	2,000000000000000E+000
-1,5027251E-002	8,763440252126542E-002	2,000000000000000E+000
-1,4029501E-002	8,893963912527836E-002	2,000000000000000E+000
-1,2997356E-002	9,021164472991029E-002	2,000000000000000E+000
-1,2018709E-002	9,223399006683963E-002	2,000000000000000E+000
-1,0913331E-002	9,411736414121064E-002	2,000000000000000E+000
-9,8011596E-003	9,556502425241198E-002	2,000000000000000E+000
-9,0171592E-003	9,845209603534211E-002	2,000000000000000E+000
-7,9678716E-003	1,035246981902879E-001	2,000000000000000E+000
-6,8236440E-003	1,024528818217937E-001	2,000000000000000E+000
-6,0247988E-003	1,010847365444838E-001	2,000000000000000E+000
-4,8909741E-003	1,024123754016024E-001	2,000000000000000E+000
-4,0545552E-003	1,051509611942395E-001	2,000000000000000E+000
-2,9398357E-003	1,075233428208678E-001	2,000000000000000E+000
-1,9410216E-003	1,088542668213555E-001	2,000000000000000E+000
5,7466124E-004	1,120901110385040E-001	2,000000000000000E+000
3,0454050E-003	1,166575003363608E-001	2,000000000000000E+000
4,1168183E-003	1,183175540968979E-001	2,000000000000000E+000
5,1604239E-003	1,197161198878252E-001	2,000000000000000E+000
5,9148418E-003	1,208023195649729E-001	2,000000000000000E+000
6,2061441E-003	1,211418397724628E-001	3,000000000000000E+000
6,6751847E-003	1,225681713743452E-001	3,000000000000000E+000
7,6765441E-003	1,242450898280367E-001	3,000000000000000E+000
8,7846350E-003	1,286798910651772E-001	3,000000000000000E+000
9,6522728E-003	1,292777504358033E-001	3,000000000000000E+000
1,0761262E-002	1,292439244247769E-001	3,000000000000000E+000
1,1808261E-002	1,309588006956299E-001	3,000000000000000E+000
1,2644256E-002	1,321427362272521E-001	3,000000000000000E+000
1,3760249E-002	1,337095949824695E-001	3,000000000000000E+000
1,4790692E-002	1,351122839195245E-001	3,000000000000000E+000
1,5812218E-002	1,372790127061307E-001	3,000000000000000E+000
1,6586864E-002	1,379865100477931E-001	3,000000000000000E+000
1,7806450E-002	1,400131445843731E-001	3,000000000000000E+000
1,8792951E-002	1,413561464287341E-001	3,000000000000000E+000
1,9700272E-002	1,429386899366780E-001	3,000000000000000E+000
2,0718191E-002	1,443201742238472E-001	3,000000000000000E+000
2,1764344E-002	1,465605879719889E-001	3,000000000000000E+000
2,2710511E-002	1,478395408614435E-001	3,000000000000000E+000
2,3715056E-002	1,488765095386451E-001	3,000000000000000E+000
2,4694128E-002	1,502565140965293E-001	3,000000000000000E+000
2,5710560E-002	1,530448463616068E-001	3,000000000000000E+000
2,6705768E-002	1,610849205042342E-001	3,000000000000000E+000
2,7740441E-002	1,558590345860766E-001	3,000000000000000E+000
2,8737536E-002	1,579012620495641E-001	3,000000000000000E+000
2,9732319E-002	1,587370798483294E-001	3,000000000000000E+000
3,0749597E-002	1,605322247681524E-001	3,000000000000000E+000
3,1582624E-002	1,621827434282750E-001	3,000000000000000E+000
3,2854639E-002	1,639484142651786E-001	3,000000000000000E+000
3,3708677E-002	1,654042411569723E-001	3,000000000000000E+000
3,4738485E-002	1,669439387042081E-001	3,000000000000000E+000
3,5730723E-002	1,682545985224557E-001	3,000000000000000E+000
3,6678582E-002	1,699588688659581E-001	3,000000000000000E+000
3,7769951E-002	1,713652799630339E-001	3,000000000000000E+000
3,8646922E-002	1,732454838800348E-001	3,000000000000000E+000
3,9654229E-002	1,744827579241264E-001	3,000000000000000E+000
4,0758967E-002	1,764793842254843E-001	3,000000000000000E+000
4,1747589E-002	1,774645024367301E-001	3,000000000000000E+000
4,2756375E-002	1,792931580760833E-001	3,000000000000000E+000
4,3662425E-002	1,806113445200042E-001	3,000000000000000E+000
4,4695206E-002	1,823489235507116E-001	3,000000000000000E+000
4,5678098E-002	1,837728208241367E-001	3,000000000000000E+000
4,6766870E-002	1,882804901235635E-001	3,000000000000000E+000
4,7811341E-002	1,894293225810140E-001	3,000000000000000E+000
4,8694454E-002	1,890083405758369E-001	3,000000000000000E+000
4,9721293E-002	1,902951348262532E-001	3,000000000000000E+000
5,0661728E-002	1,913694408980922E-001	3,000000000000000E+000
5,1762011E-002	1,929035081735093E-001	3,000000000000000E+000
5,2751910E-002	1,949224198469892E-001	3,000000000000000E+000
5,3633124E-002	1,958544011900414E-001	3,000000000000000E+000
5,4719392E-002	1,973081048991945E-001	3,000000000000000E+000
5,5708442E-002	1,987678516630296E-001	3,000000000000000E+000
5,6668412E-002	2,000198706260168E-001	3,000000000000000E+000
5,7776764E-002	2,017421701716056E-001	3,000000000000000E+000
5,8748398E-002	2,028320532214516E-001	3,000000000000000E+000
5,9731930E-002	2,041454597039979E-001	3,000000000000000E+000
6,0738601E-002	2,054369296076604E-001	3,000000000000000E+000
6,1780080E-002	2,075855115609662E-001	3,000000000000000E+000
6,2752359E-002	2,091760026911903E-001	3,000000000000000E+000
6,3789800E-002	2,105166819464008E-001	3,000000000000000E+000
6,4712837E-002	2,124195649392084E-001	3,000000000000000E+000
6,5588310E-002	2,135906661990010E-001	3,000000000000000E+000
6,6717260E-002	2,224909416399896E-001	3,000000000000000E+000
6,7724958E-002	2,173666510368808E-001	3,000000000000000E+000
6,8714000E-002	2,191234178996337E-001	3,000000000000000E+000
6,9781378E-002	2,207668233636975E-001	3,000000000000000E+000
7,0648998E-002	2,222632717134241E-001	3,000000000000000E+000
7,1671166E-002	2,242209721330770E-001	3,000000000000000E+000
7,2734095E-002	2,256234673938402E-001	3,000000000000000E+000
7,3758587E-002	2,272406900430926E-001	3,000000000000000E+000
7,4751250E-002	2,291950071618594E-001	3,000000000000000E+000
7,5792938E-002	2,297666595938308E-001	3,000000000000000E+000
7,6631911E-002	2,330124441456682E-001	3,000000000000000E+000
7,7549212E-002	2,340564042614366E-001	3,000000000000000E+000
7,8874089E-002	2,356709770133936E-001	3,000000000000000E+000
7,9727270E-002	2,373749380025818E-001	3,000000000000000E+000
8,0676839E-002	2,387981072275185E-001	3,000000000000000E+000
8,1711739E-002	2,398681571034507E-001	3,000000000000000E+000
8,2727320E-002	2,420860931872300E-001	3,000000000000000E+000
8,3696209E-002	2,435748951199157E-001	3,000000000000000E+000
8,4788926E-002	2,522652993599577E-001	3,000000000000000E+000
8,5699104E-002	2,470263850409558E-001	3,000000000000000E+000
8,6742498E-002	2,487600239562902E-001	3,000000000000000E+000
8,7729424E-002	2,505637668849283E-001	3,000000000000000E+000
8,8737361E-002	2,519256430419379E-001	3,000000000000000E+000
8,9705400E-002	2,538516489116267E-001	3,000000000000000E+000
9,0715043E-002	2,552227409453038E-001	3,000000000000000E+000
9,1693483E-002	2,573416361637006E-001	3,000000000000000E+000
9,2741750E-002	2,581241089436750E-001	3,000000000000000E+000
9,3651414E-002	2,599349536726052E-001	3,000000000000000E+000
9,4690762E-002	2,621551236499942E-001	3,000000000000000E+000
9,5727578E-002	2,628685428709208E-001	3,000000000000000E+000
9,6721299E-002	2,654004933105578E-001	3,000000000000000E+000
9,7712249E-002	2,662264147721651E-001	3,000000000000000E+000
9,8693885E-002	2,678392922971407E-001	3,000000000000000E+000
9,9720500E-002	2,692648872940087E-001	3,000000000000000E+000
1,0074946E-001	2,710905999152218E-001	3,000000000000000E+000
1,0175060E-001	2,718825999440440E-001	3,000000000000000E+000
1,0264980E-001	2,806079179152023E-001	3,000000000000000E+000
1,0369471E-001	2,762288668762070E-001	3,000000000000000E+000
1,0465233E-001	2,768595942503067E-001	3,000000000000000E+000
1,0574179E-001	2,794239569144956E-001	3,000000000000000E+000
1,0670198E-001	2,799470599275091E-001	3,000000000000000E+000
1,0768890E-001	2,811026789196251E-001	3,000000000000000E+000
1,0872762E-001	2,825769685053583E-001	3,000000000000000E+000
1,0975296E-001	2,834715037865365E-001	3,000000000000000E+000
1,1073967E-001	2,844819756897381E-001	3,000000000000000E+000
1,1167779E-001	2,850902304829419E-001	3,000000000000000E+000
1,1275407E-001	2,860201950857633E-001	3,000000000000000E+000
1,1359092E-001	2,875700673450625E-001	3,000000000000000E+000
1,1468398E-001	2,877516165479205E-001	3,000000000000000E+000
1,1569362E-001	2,903845889700791E-001	3,000000000000000E+000
1,1672556E-001	2,908560359695318E-001	3,000000000000000E+000
1,1780100E-001	2,922829138891161E-001	3,000000000000000E+000
1,1878581E-001	2,940901646442304E-001	3,000000000000000E+000
1,1978121E-001	2,954064308820923E-001	3,000000000000000E+000
1,2074692E-001	2,969264275290895E-001	3,000000000000000E+000
1,2171411E-001	2,996594832123574E-001	3,000000000000000E+000
1,2275643E-001	3,010008986004542E-001	3,000000000000000E+000
1,2368498E-001	3,026540666146005E-001	3,000000000000000E+000
1,2470193E-001	3,087803324839715E-001	3,000000000000000E+000
1,2574965E-001	3,082187271211305E-001	3,000000000000000E+000
1,2671959E-001	3,084893515592250E-001	3,000000000000000E+000
1,2776893E-001	3,115979020690753E-001	3,000000000000000E+000
1,2874354E-001	3,118456295018824E-001	3,000000000000000E+000
1,2969609E-001	3,146247347402902E-001	3,000000000000000E+000
1,3071252E-001	3,160487485583885E-001	3,000000000000000E+000
1,3163598E-001	3,179347602288347E-001	3,000000000000000E+000
1,3272224E-001	3,197195432148874E-001	3,000000000000000E+000
1,3377625E-001	3,212534139553713E-001	3,000000000000000E+000
1,3465428E-001	3,236731177247663E-001	3,000000000000000E+000
1,3576752E-001	3,245810550223638E-001	3,000000000000000E+000
1,3674255E-001	3,268623890148272E-001	3,000000000000000E+000
1,3771440E-001	3,287840453235238E-001	3,000000000000000E+000
1,3881575E-001	3,303644857369354E-001	3,000000000000000E+000
1,3976531E-001	3,319593159895797E-001	3,000000000000000E+000
1,4069232E-001	3,404400750425571E-001	3,000000000000000E+000
1,4170879E-001	3,357816547051904E-001	3,000000000000000E+000
1,4271268E-001	3,386948687386617E-001	3,000000000000000E+000
1,4375353E-001	3,393512763238205E-001	3,000000000000000E+000
1,4475530E-001	3,423509226801502E-001	3,000000000000000E+000
1,4567113E-001	3,426028690300873E-001	3,000000000000000E+000
1,4686440E-001	3,456820884667771E-001	3,000000000000000E+000
1,4762799E-001	3,469749205849251E-001	3,000000000000000E+000
1,4874272E-001	3,487451372978608E-001	3,000000000000000E+000
1,4973538E-001	3,500264246378930E-001	3,000000000000000E+000
1,5066180E-001	3,522247405619268E-001	3,000000000000000E+000
1,5174446E-001	3,538976221397121E-001	3,000000000000000E+000
1,5273139E-001	3,556494067112603E-001	3,000000000000000E+000
1,5369561E-001	3,567000659079198E-001	3,000000000000000E+000
1,5462904E-001	3,593869094167736E-001	3,000000000000000E+000
1,5575480E-001	3,605711635512607E-001	3,000000000000000E+000
1,5670772E-001	3,627256976130111E-001	3,000000000000000E+000
1,5774049E-001	3,694798140269198E-001	3,000000000000000E+000
1,5868729E-001	3,651707678929803E-001	3,000000000000000E+000
1,5975915E-001	3,668073833299204E-001	3,000000000000000E+000
1,6070361E-001	3,678743653258110E-001	3,000000000000000E+000
1,6171834E-001	3,691682701206060E-001	3,000000000000000E+000
1,6265008E-001	3,704652446839574E-001	3,000000000000000E+000
1,6373783E-001	3,711238622975861E-001	3,000000000000000E+000
1,6460694E-001	3,722734175777696E-001	3,000000000000000E+000
1,6571869E-001	3,730728794924083E-001	3,000000000000000E+000
1,6670902E-001	3,731372419537791E-001	3,000000000000000E+000
1,6771591E-001	3,731815637244544E-001	3,000000000000000E+000
1,6865590E-001	3,736104013967441E-001	3,000000000000000E+000
1,6981012E-001	3,742005026433617E-001	3,000000000000000E+000
1,7070343E-001	3,738517413536711E-001	3,000000000000000E+000
1,7160988E-001	3,748356682610609E-001	3,000000000000000E+000
1,7267473E-001	3,766606375575070E-001	3,000000000000000E+000
1,7365506E-001	3,774155257269731E-001	3,000000000000000E+000
1,7467469E-001	3,792460946004024E-001	3,000000000000000E+000
1,7573974E-001	3,809563041043793E-001	3,000000000000000E+000
1,7673855E-001	3,823912610403370E-001	3,000000000000000E+000
1,7774330E-001	3,848701530239662E-001	3,000000000000000E+000
1,7870751E-001	3,883119934341988E-001	3,000000000000000E+000
1,7968637E-001	3,893527709878997E-001	3,000000000000000E+000
1,8070558E-001	3,919459869567723E-001	3,000000000000000E+000
1,8171380E-001	4,001615520877158E-001	3,000000000000000E+000
1,8269467E-001	3,964867325396175E-001	3,000000000000000E+000
1,8366355E-001	3,984892931249417E-001	3,000000000000000E+000
1,8466406E-001	4,016024404878000E-001	3,000000000000000E+000
1,8574269E-001	4,032409778899630E-001	3,000000000000000E+000
1,8676317E-001	4,054881560150534E-001	3,000000000000000E+000
1,8777134E-001	4,083003352085766E-001	3,000000000000000E+000
1,8869582E-001	4,107704401895820E-001	3,000000000000000E+000
1,8961695E-001	4,121692252811071E-001	3,000000000000000E+000
1,9064932E-001	4,147686748248018E-001	3,000000000000000E+000
1,9161479E-001	4,170203482887405E-001	3,000000000000000E+000
1,9266051E-001	4,194680749593930E-001	3,000000000000000E+000
1,9365540E-001	4,221205776039940E-001	3,000000000000000E+000
1,9468336E-001	4,285907946371781E-001	3,000000000000000E+000
1,9566266E-001	4,262487000216658E-001	3,000000000000000E+000
1,9664471E-001	4,282822204857242E-001	3,000000000000000E+000
1,9775984E-001	4,305257119186638E-001	3,000000000000000E+000
1,9867203E-001	4,328528755447945E-001	3,000000000000000E+000
1,9967066E-001	4,348377514527080E-001	3,000000000000000E+000
2,0041674E-001	4,361458644270897E-001	3,000000000000000E+000
2,0050271E-001	4,363749623298645E-001	3,000000000000000E+000
2,0058450E-001	4,384993463754654E-001	3,000000000000000E+000
2,0006657E-001	3,277378444973809E-001	3,000000000000000E+000
1,9872212E-001	3,003296633768429E-001	3,000000000000000E+000
1,9788602E-001	3,007153505763136E-001	3,000000000000000E+000
1,9676714E-001	2,860711835479994E-001	3,000000000000000E+000
1,9580932E-001	2,831758607644588E-001	3,000000000000000E+000
1,9488733E-001	2,779565725941222E-001	3,000000000000000E+000
1,9386283E-001	2,726699403590632E-001	3,000000000000000E+000
1,9277188E-001	2,626290070669119E-001	3,000000000000000E+000
1,9176739E-001	2,618327615006519E-001	3,000000000000000E+000
1,9074373E-001	2,585693653414243E-001	3,000000000000000E+000
1,8982218E-001	2,542782440885081E-001	3,000000000000000E+000
1,8881616E-001	2,502680081460218E-001	3,000000000000000E+000
1,8771714E-001	2,451408879132950E-001	3,000000000000000E+000
1,8669711E-001	2,421666749546096E-001	3,000000000000000E+000
1,8594714E-001	2,313690354090396E-001	3,000000000000000E+000
1,8474495E-001	2,326687694811784E-001	3,000000000000000E+000
1,8380280E-001	2,285716927662080E-001	3,000000000000000E+000
1,8273522E-001	2,248802390078919E-001	3,000000000000000E+000
1,8185803E-001	2,203783025939225E-001	3,000000000000000E+000
1,8088914E-001	2,163313771727395E-001	3,000000000000000E+000
1,7982900E-001	2,128664193442100E-001	3,000000000000000E+000
1,7875481E-001	1,998044046211160E-001	3,000000000000000E+000
1,7782481E-001	2,025622918477494E-001	3,000000000000000E+000
1,7673875E-001	1,983903549715054E-001	3,000000000000000E+000
1,7578708E-001	1,932391338826471E-001	3,000000000000000E+000
1,7475323E-001	1,889329447617967E-001	3,000000000000000E+000
1,7379645E-001	1,846850969337139E-001	3,000000000000000E+000
1,7282109E-001	1,805123106136715E-001	3,000000000000000E+000
1,7178696E-001	1,719476701044997E-001	3,000000000000000E+000
1,7077309E-001	1,749321536109271E-001	3,000000000000000E+000
1,6977426E-001	1,712937060769450E-001	3,000000000000000E+000
1,6877057E-001	1,697472167951584E-001	3,000000000000000E+000
1,6779871E-001	1,670424495306281E-001	3,000000000000000E+000
1,6683260E-001	1,649955684163924E-001	3,000000000000000E+000
1,6580978E-001	1,633226705922028E-001	3,000000000000000E+000
1,6469888E-001	1,613383409049785E-001	3,000000000000000E+000
1,6380857E-001	1,598935529925960E-001	3,000000000000000E+000
1,6286452E-001	1,576161247212452E-001	3,000000000000000E+000
1,6178949E-001	1,554724130805381E-001	3,000000000000000E+000
1,6079599E-001	1,532932870193493E-001	3,000000000000000E+000
1,5969519E-001	1,474086931622072E-001	3,000000000000000E+000
1,5881622E-001	1,488661141031320E-001	3,000000000000000E+000
1,5782101E-001	1,476480327934651E-001	3,000000000000000E+000
1,5686445E-001	1,460541543136875E-001	3,000000000000000E+000
1,5581468E-001	1,445154957473285E-001	3,000000000000000E+000
1,5484495E-001	1,429450498738647E-001	3,000000000000000E+000
1,5379860E-001	1,405649797007861E-001	3,000000000000000E+000
1,5271932E-001	1,393133848129463E-001	3,000000000000000E+000
1,5191345E-001	1,368670418418740E-001	3,000000000000000E+000
1,5087835E-001	1,352479171473538E-001	3,000000000000000E+000
1,4977001E-001	1,330277572851628E-001	3,000000000000000E+000
1,4879240E-001	1,313400227550625E-001	3,000000000000000E+000
1,4771336E-001	1,294864354810366E-001	3,000000000000000E+000
1,4675403E-001	1,277920260585637E-001	3,000000000000000E+000
1,4583440E-001	1,255908354780537E-001	3,000000000000000E+000
1,4479567E-001	1,239796751825550E-001	3,000000000000000E+000
1,4384983E-001	1,177013572499469E-001	3,000000000000000E+000
1,4281145E-001	1,179079226179363E-001	3,000000000000000E+000
1,4176722E-001	1,181297634482497E-001	3,000000000000000E+000
1,4081383E-001	1,154167227472906E-001	3,000000000000000E+000
1,3981734E-001	1,142081875910264E-001	3,000000000000000E+000
1,3882044E-001	1,122712554836958E-001	3,000000000000000E+000
1,3778047E-001	1,102035794821051E-001	3,000000000000000E+000
1,3687269E-001	1,083087526429960E-001	3,000000000000000E+000
1,3580596E-001	1,068025561528179E-001	3,000000000000000E+000
1,3484344E-001	1,040353321780765E-001	3,000000000000000E+000
1,3386628E-001	1,025110064139072E-001	3,000000000000000E+000
1,3274054E-001	1,003429134272872E-001	3,000000000000000E+000
1,3179055E-001	9,912239253753796E-002	3,000000000000000E+000
1,3078876E-001	9,635145962238335E-002	3,000000000000000E+000
1,2990564E-001	9,393819539885362E-002	3,000000000000000E+000
1,2881008E-001	8,902715726031252E-002	3,000000000000000E+000
1,2774672E-001	8,612357297938145E-002	3,000000000000000E+000
1,2684937E-001	8,714388367176712E-002	3,000000000000000E+000
1,2582591E-001	8,485734383834320E-002	3,000000000000000E+000
1,2480738E-001	8,280229043319021E-002	3,000000000000000E+000
1,2374699E-001	8,004205955916843E-002	3,000000000000000E+000
1,2277685E-001	7,843056983417945E-002	3,000000000000000E+000
1,2172306E-001	7,483729515095394E-002	3,000000000000000E+000
1,2083866E-001	7,257026371856556E-002	3,000000000000000E+000
1,1978147E-001	7,033853853742311E-002	3,000000000000000E+000
1,1887287E-001	6,704080161095322E-002	3,000000000000000E+000
1,1777249E-001	6,369290316555043E-002	3,000000000000000E+000
1,1680990E-001	5,734227114913271E-002	3,000000000000000E+000
1,1566631E-001	6,018647773372443E-002	3,000000000000000E+000
1,1486832E-001	5,787003220757503E-002	3,000000000000000E+000
1,1380519E-001	5,563863051874152E-002	3,000000000000000E+000
1,1282334E-001	5,435130441522551E-002	3,000000000000000E+000
1,1188652E-001	5,201820767575160E-002	3,000000000000000E+000
1,1083952E-001	5,113393912971442E-002	3,000000000000000E+000
1,0985960E-001	4,939922910610506E-002	3,000000000000000E+000
1,0884486E-001	4,743356607569835E-002	3,000000000000000E+000
1,0779638E-001	4,684917718986986E-002	3,000000000000000E+000
1,0681561E-001	4,492221650434669E-002	3,000000000000000E+000
1,0584864E-001	4,324360097719671E-002	3,000000000000000E+000
1,0473476E-001	4,161938601626186E-002	3,000000000000000E+000
1,0381959E-001	4,065707054946377E-002	3,000000000000000E+000
1,0289401E-001	3,836490927884992E-002	3,000000000000000E+000
1,0180647E-001	3,743822056114582E-002	3,000000000000000E+000
1,0076775E-001	3,571220920033136E-002	3,000000000000000E+000
9,9823274E-002	3,457481937948614E-002	3,000000000000000E+000
9,8618582E-002	2,608069142540131E-002	3,000000000000000E+000
9,6268795E-002	3,397234990032844E-002	3,000000000000000E+000
9,3979828E-002	3,228475952993087E-002	3,000000000000000E+000
9,3147866E-002	2,268099301242432E-002	3,000000000000000E+000
9,1770336E-002	1,849040423823894E-002	3,000000000000000E+000
9,0703383E-002	1,931834018614614E-002	3,000000000000000E+000
8,9700751E-002	2,020041946121232E-002	3,000000000000000E+000
8,8749066E-002	1,824111787330673E-002	3,000000000000000E+000
8,7838344E-002	1,565698576774202E-002	3,000000000000000E+000
8,6794958E-002	1,366129497505936E-002	3,000000000000000E+000
8,5781075E-002	1,243062239033560E-002	3,000000000000000E+000
8,4854215E-002	1,103752868867668E-002	3,000000000000000E+000
8,3905071E-002	7,821707141879936E-003	3,000000000000000E+000
8,2768746E-002	2,796840193695971E-003	3,000000000000000E+000
8,1834249E-002	4,399108282895130E-003	3,000000000000000E+000
8,0792561E-002	5,387716446825351E-003	3,000000000000000E+000
7,9877593E-002	3,849159288923446E-003	3,000000000000000E+000
7,8844391E-002	1,087227061955472E-003	3,000000000000000E+000
7,7765748E-002	-1,102366416767434E-003	3,000000000000000E+000
7,6785408E-002	-2,869920799841762E-003	3,000000000000000E+000
7,5972341E-002	-3,964017800171873E-003	3,000000000000000E+000
7,4846163E-002	-5,021947473627116E-003	3,000000000000000E+000
7,3827602E-002	-6,801232417072034E-003	3,000000000000000E+000
7,2870187E-002	-8,845352847452498E-003	3,000000000000000E+000
7,1804084E-002	-1,040768879950818E-002	3,000000000000000E+000
7,0874050E-002	-1,267689184735188E-002	3,000000000000000E+000
6,9887333E-002	-1,426160758839812E-002	3,000000000000000E+000
6,8829507E-002	-1,575876936597823E-002	3,000000000000000E+000
6,7939371E-002	-1,777191858531693E-002	3,000000000000000E+000
6,6774033E-002	-1,976776003074415E-002	3,000000000000000E+000
6,5977871E-002	-2,593986112009986E-002	3,000000000000000E+000
6,4942971E-002	-2,691274021021345E-002	3,000000000000000E+000
6,3877925E-002	-2,536099938960329E-002	3,000000000000000E+000
6,2859789E-002	-2,601032739847944E-002	3,000000000000000E+000
6,1979219E-002	-2,922363605143291E-002	3,000000000000000E+000
6,0939863E-002	-3,191944938023669E-002	3,000000000000000E+000
5,9859958E-002	-3,368670786989630E-002	3,000000000000000E+000
5,8829512E-002	-3,489018747091477E-002	3,000000000000000E+000
5,7761706E-002	-3,618657188295996E-002	3,000000000000000E+000
5,6878798E-002	-3,815649490247258E-002	3,000000000000000E+000
5,5876594E-002	-4,005687997171936E-002	3,000000000000000E+000
5,4782677E-002	-4,139724011636448E-002	3,000000000000000E+000
5,3845208E-002	-4,264300276150199E-002	3,000000000000000E+000
5,2828353E-002	-4,441771788858906E-002	3,000000000000000E+000
5,1861808E-002	-4,604491159746710E-002	3,000000000000000E+000
5,0911818E-002	-4,705969285633796E-002	3,000000000000000E+000
4,9952701E-002	-4,856137459218079E-002	3,000000000000000E+000
4,8746906E-002	-5,363078870707089E-002	3,000000000000000E+000
4,7748771E-002	-5,641250161958533E-002	3,000000000000000E+000
4,6840601E-002	-5,409827306478587E-002	3,000000000000000E+000
4,5874052E-002	-5,347057112117487E-002	3,000000000000000E+000
4,4988811E-002	-5,573734350360210E-002	3,000000000000000E+000
4,3964524E-002	-5,838695674578420E-002	3,000000000000000E+000
4,2931955E-002	-5,997370849622174E-002	3,000000000000000E+000
4,1904058E-002	-6,102071491962602E-002	3,000000000000000E+000
4,0873401E-002	-6,243967015891205E-002	3,000000000000000E+000
3,9993253E-002	-6,432124048781840E-002	3,000000000000000E+000
3,8972154E-002	-6,558987259631954E-002	3,000000000000000E+000
3,7838321E-002	-6,711505112859095E-002	3,000000000000000E+000
3,6824442E-002	-6,844898033240399E-002	3,000000000000000E+000
3,5834331E-002	-6,959388711644943E-002	3,000000000000000E+000
3,4960762E-002	-7,137682352913516E-002	3,000000000000000E+000
3,3809528E-002	-7,313471893495338E-002	3,000000000000000E+000
3,2910705E-002	-7,478173000143001E-002	3,000000000000000E+000
3,1940967E-002	-7,607642239761625E-002	3,000000000000000E+000
3,0795472E-002	-7,740516943805280E-002	3,000000000000000E+000
2,9960802E-002	-7,987689652428398E-002	3,000000000000000E+000
2,8914850E-002	-8,602964981562500E-002	3,000000000000000E+000
2,7795669E-002	-8,527178375516076E-002	3,000000000000000E+000
2,6885377E-002	-8,314421110682996E-002	3,000000000000000E+000
2,5940696E-002	-8,502825146489257E-002	3,000000000000000E+000
2,5041228E-002	-8,758161179462617E-002	3,000000000000000E+000
2,3850722E-002	-8,878408131810511E-002	3,000000000000000E+000
2,2918144E-002	-9,028832778049989E-002	3,000000000000000E+000
2,1920605E-002	-9,157400416572459E-002	3,000000000000000E+000
2,0817772E-002	-9,318648882779368E-002	3,000000000000000E+000
1,9967344E-002	-9,507063537603244E-002	3,000000000000000E+000
1,8932017E-002	-9,680676264947019E-002	3,000000000000000E+000
1,7895203E-002	-9,844864664288844E-002	3,000000000000000E+000
1,6841624E-002	-9,943122681902916E-002	3,000000000000000E+000
1,6163990E-002	-1,011304043867212E-001	3,000000000000000E+000
1,4883692E-002	-1,029303506818703E-001	3,000000000000000E+000
1,3877873E-002	-1,046296877773579E-001	3,000000000000000E+000
1,2937224E-002	-1,065702452453682E-001	3,000000000000000E+000
1,1854561E-002	-1,072756094573477E-001	3,000000000000000E+000
9,2614815E-003	-1,114956557210416E-001	3,000000000000000E+000
6,8420577E-003	-1,159530408848592E-001	3,000000000000000E+000
5,7600299E-003	-1,177913494498672E-001	3,000000000000000E+000
4,8548323E-003	-1,191478172744000E-001	3,000000000000000E+000
3,7742897E-003	-1,213025539376145E-001	3,000000000000000E+000
2,7589183E-003	-1,225838429786051E-001	3,000000000000000E+000
1,9235614E-003	-1,241479290830384E-001	3,000000000000000E+000
8,1839500E-004	-1,268533327901315E-001	3,000000000000000E+000
-2,2138878E-004	-1,273708186603867E-001	3,000000000000000E+000
-1,2501344E-003	-1,293907729236194E-001	3,000000000000000E+000
-2,1693432E-003	-1,305214714181298E-001	3,000000000000000E+000
-3,2042444E-003	-1,327411126371265E-001	3,000000000000000E+000
-4,1610273E-003	-1,336799893114293E-001	3,000000000000000E+000
-5,1235408E-003	-1,361300445601552E-001	3,000000000000000E+000
-6,2045068E-003	-1,364799750735981E-001	3,000000000000000E+000
-7,1467203E-003	-1,452741035156776E-001	3,000000000000000E+000
-8,1547620E-003	-1,403059037919665E-001	3,000000000000000E+000
-9,2270263E-003	-1,427283911681205E-001	3,000000000000000E+000
-1,0103354E-002	-1,431645312243036E-001	3,000000000000000E+000
-1,1292583E-002	-1,453717537224293E-001	3,000000000000000E+000
-1,2144712E-002	-1,465734143275772E-001	3,000000000000000E+000
-1,3149894E-002	-1,481198999616826E-001	3,000000000000000E+000
-1,4145525E-002	-1,501580911378060E-001	3,000000000000000E+000
-1,5148582E-002	-1,512073597146397E-001	3,000000000000000E+000
-1,6165229E-002	-1,529214958686165E-001	3,000000000000000E+000
-1,7253200E-002	-1,553036832483479E-001	3,000000000000000E+000
-1,8165616E-002	-1,553692234059172E-001	3,000000000000000E+000
-1,9183323E-002	-1,577855590213497E-001	3,000000000000000E+000
-2,0213980E-002	-1,591751072426426E-001	3,000000000000000E+000
-2,1206848E-002	-1,611694049788626E-001	3,000000000000000E+000
-2,2139220E-002	-1,624238532062403E-001	3,000000000000000E+000
-2,3183247E-002	-1,640993857161246E-001	3,000000000000000E+000
-2,4126656E-002	-1,653405871604459E-001	3,000000000000000E+000
-2,5170842E-002	-1,735829905503312E-001	3,000000000000000E+000
-2,6228907E-002	-1,695347972498786E-001	3,000000000000000E+000
-2,7204584E-002	-1,705336953487451E-001	3,000000000000000E+000
-2,8251162E-002	-1,719390544522961E-001	3,000000000000000E+000
-2,9233206E-002	-1,738769238581881E-001	3,000000000000000E+000
-3,0113561E-002	-1,752479129807196E-001	3,000000000000000E+000
-3,1110890E-002	-1,767383073327231E-001	3,000000000000000E+000
-3,2176998E-002	-1,785123662816149E-001	3,000000000000000E+000
-3,3169448E-002	-1,798412635430898E-001	3,000000000000000E+000
-3,4198191E-002	-1,815403369902111E-001	3,000000000000000E+000
-3,5163887E-002	-1,828704026346605E-001	3,000000000000000E+000
-3,6177773E-002	-1,846029964249785E-001	3,000000000000000E+000
-3,7133709E-002	-1,865182785032724E-001	3,000000000000000E+000
-3,8304474E-002	-1,874653270675073E-001	3,000000000000000E+000
-3,9192047E-002	-1,892381173868971E-001	3,000000000000000E+000
-4,0235866E-002	-1,908360252725989E-001	3,000000000000000E+000
-4,1224707E-002	-1,922226041012127E-001	3,000000000000000E+000
-4,2193584E-002	-1,935920140757734E-001	3,000000000000000E+000
-4,3185819E-002	-1,952580004387219E-001	3,000000000000000E+000
-4,4217538E-002	-1,968241100613439E-001	3,000000000000000E+000
-4,5222472E-002	-2,055489900651282E-001	3,000000000000000E+000
-4,6201754E-002	-1,994221935617828E-001	3,000000000000000E+000
-4,7249608E-002	-2,021574044289682E-001	3,000000000000000E+000
-4,8224222E-002	-2,025355391152613E-001	3,000000000000000E+000
-4,9310707E-002	-2,042743805666554E-001	3,000000000000000E+000
-5,0061569E-002	-2,046481805931156E-001	3,000000000000000E+000
-5,1176723E-002	-2,069698242186051E-001	3,000000000000000E+000
-5,2107818E-002	-2,079220547392542E-001	3,000000000000000E+000
-5,3127225E-002	-2,098444696101875E-001	3,000000000000000E+000
-5,4131981E-002	-2,111919108364309E-001	3,000000000000000E+000
-5,5153087E-002	-2,132678563680694E-001	3,000000000000000E+000
-5,6203477E-002	-2,146399190468302E-001	3,000000000000000E+000
-5,7039902E-002	-2,158938381406992E-001	3,000000000000000E+000
-5,8172874E-002	-2,176627932607913E-001	3,000000000000000E+000
-5,9241530E-002	-2,196352422340881E-001	3,000000000000000E+000
-6,0186427E-002	-2,209904476508701E-001	3,000000000000000E+000
-6,1226632E-002	-2,227543112692525E-001	3,000000000000000E+000
-6,2135868E-002	-2,246420335981787E-001	3,000000000000000E+000
-6,3146137E-002	-2,262248953726766E-001	3,000000000000000E+000
-6,4195864E-002	-2,344296453520656E-001	3,000000000000000E+000
-6,5178335E-002	-2,292254173533164E-001	3,000000000000000E+000
-6,6102639E-002	-2,315183254088169E-001	3,000000000000000E+000
-6,7084469E-002	-2,333637275086295E-001	3,000000000000000E+000
-6,8150796E-002	-2,345065229520613E-001	3,000000000000000E+000
-6,9126688E-002	-2,366345332185213E-001	3,000000000000000E+000
-7,0226960E-002	-2,379940780293603E-001	3,000000000000000E+000
-7,1070597E-002	-2,391480135524438E-001	3,000000000000000E+000
-7,2121426E-002	-2,415233065193099E-001	3,000000000000000E+000
-7,3177122E-002	-2,427051284531538E-001	3,000000000000000E+000
-7,4151322E-002	-2,447643244975346E-001	3,000000000000000E+000
-7,5140797E-002	-2,459973532240832E-001	3,000000000000000E+000
-7,6156378E-002	-2,487142134923492E-001	3,000000000000000E+000
-7,7206135E-002	-2,492499246468975E-001	3,000000000000000E+000
-7,8214712E-002	-2,506894273942120E-001	3,000000000000000E+000
-7,9170644E-002	-2,530835215260976E-001	3,000000000000000E+000
-8,0213413E-002	-2,543022319570997E-001	3,000000000000000E+000
-8,1140704E-002	-2,578601765756794E-001	3,000000000000000E+000
-8,2202718E-002	-2,620501422012840E-001	3,000000000000000E+000
-8,3218306E-002	-2,597308547184278E-001	3,000000000000000E+000
-8,4131353E-002	-2,606429955922067E-001	3,000000000000000E+000
-8,5031882E-002	-2,632794557915368E-001	3,000000000000000E+000
-8,6110085E-002	-2,646019949526011E-001	3,000000000000000E+000
-8,7433912E-002	-2,654142614660984E-001	3,000000000000000E+000
-8,8139772E-002	-2,680023867999086E-001	3,000000000000000E+000
-8,9134552E-002	-2,685971768935103E-001	3,000000000000000E+000
-9,0162024E-002	-2,708647525093202E-001	3,000000000000000E+000
-9,1121353E-002	-2,723183382768175E-001	3,000000000000000E+000
-9,2133753E-002	-2,742669188107048E-001	3,000000000000000E+000
-9,3105823E-002	-2,749027560930699E-001	3,000000000000000E+000
-9,4176814E-002	-2,771849383910499E-001	3,000000000000000E+000
-9,5187508E-002	-2,780976279690445E-001	3,000000000000000E+000
-9,6078053E-002	-2,795977777697960E-001	3,000000000000000E+000
-9,7122513E-002	-2,815030934289107E-001	3,000000000000000E+000
-9,8137461E-002	-2,829386625024999E-001	3,000000000000000E+000
-9,9227779E-002	-2,836028941803502E-001	3,000000000000000E+000
-1,0018332E-001	-2,877498212684348E-001	3,000000000000000E+000
-1,0114342E-001	-2,906882956417052E-001	3,000000000000000E+000
-1,0220741E-001	-2,885515811697887E-001	3,000000000000000E+000
-1,0311092E-001	-2,889540002733053E-001	3,000000000000000E+000
-1,0414454E-001	-2,902642531423929E-001	3,000000000000000E+000
-1,0513359E-001	-2,915851972841965E-001	3,000000000000000E+000
-1,0619164E-001	-2,913666264567913E-001	3,000000000000000E+000
-1,0707708E-001	-2,934972917816290E-001	3,000000000000000E+000
-1,0814489E-001	-2,942172185155645E-001	3,000000000000000E+000
-1,0918468E-001	-2,963058772341656E-001	3,000000000000000E+000
-1,1015227E-001	-2,967564464391512E-001	3,000000000000000E+000
-1,1108720E-001	-2,986772448704063E-001	3,000000000000000E+000
-1,1212210E-001	-3,005298738781770E-001	3,000000000000000E+000
-1,1317611E-001	-3,020813385438581E-001	3,000000000000000E+000
-1,1407685E-001	-3,036169419582513E-001	3,000000000000000E+000
-1,1516567E-001	-3,055077260618808E-001	3,000000000000000E+000
-1,1624070E-001	-3,072526214075166E-001	3,000000000000000E+000
-1,1708158E-001	-3,090046170788492E-001	3,000000000000000E+000
-1,1813408E-001	-3,114669533032499E-001	3,000000000000000E+000
-1,1921187E-001	-3,126083790945504E-001	3,000000000000000E+000
-1,2021157E-001	-3,173792105582014E-001	3,000000000000000E+000
-1,2124215E-001	-3,201713505614951E-001	3,000000000000000E+000
-1,2206393E-001	-3,182540295076444E-001	3,000000000000000E+000
-1,2321071E-001	-3,210817053137962E-001	3,000000000000000E+000
-1,2420060E-001	-3,227761211649813E-001	3,000000000000000E+000
-1,2523678E-001	-3,239003484551266E-001	3,000000000000000E+000
-1,2616576E-001	-3,263919982645247E-001	3,000000000000000E+000
-1,2717073E-001	-3,281452527994064E-001	3,000000000000000E+000
-1,2814640E-001	-3,300881096058414E-001	3,000000000000000E+000
-1,2921846E-001	-3,313815054845883E-001	3,000000000000000E+000
-1,3012896E-001	-3,333815136769172E-001	3,000000000000000E+000
-1,3110358E-001	-3,350201645710813E-001	3,000000000000000E+000
-1,3214079E-001	-3,367160543695913E-001	3,000000000000000E+000
-1,3313898E-001	-3,387011411444592E-001	3,000000000000000E+000
-1,3408284E-001	-3,404776285299000E-001	3,000000000000000E+000
-1,3513109E-001	-3,420998101226145E-001	3,000000000000000E+000
-1,3613012E-001	-3,444904895085417E-001	3,000000000000000E+000
-1,3715620E-001	-3,500636533782283E-001	3,000000000000000E+000
-1,3816126E-001	-3,496770143198438E-001	3,000000000000000E+000
-1,3922268E-001	-3,506553519982840E-001	3,000000000000000E+000
-1,4012112E-001	-3,517907140776506E-001	3,000000000000000E+000
-1,4120972E-001	-3,528633247026134E-001	3,000000000000000E+000
-1,4221299E-001	-3,555593869855835E-001	3,000000000000000E+000
-1,4317103E-001	-3,570418286447716E-001	3,000000000000000E+000
-1,4411701E-001	-3,587154530040486E-001	3,000000000000000E+000
-1,4513789E-001	-3,609241602373183E-001	3,000000000000000E+000
-1,4609043E-001	-3,619165888780520E-001	3,000000000000000E+000
-1,4725673E-001	-3,643391672004412E-001	3,000000000000000E+000
-1,4814895E-001	-3,653750018630575E-001	3,000000000000000E+000
-1,4906330E-001	-3,675513638493912E-001	3,000000000000000E+000
-1,5015826E-001	-3,688148155601478E-001	3,000000000000000E+000
-1,5110721E-001	-3,704112494985252E-001	3,000000000000000E+000
-1,5214741E-001	-3,712992169118161E-001	3,000000000000000E+000
-1,5321502E-001	-3,732802756648077E-001	3,000000000000000E+000
-1,5408453E-001	-3,736372076026679E-001	3,000000000000000E+000
-1,5514724E-001	-3,827629032958701E-001	3,000000000000000E+000
-1,5617807E-001	-3,766973221208882E-001	3,000000000000000E+000
-1,5711957E-001	-3,791784283756781E-001	3,000000000000000E+000
-1,5813474E-001	-3,794976152324425E-001	3,000000000000000E+000
-1,5914884E-001	-3,800283429575040E-001	3,000000000000000E+000
-1,6023575E-001	-3,803007635805338E-001	3,000000000000000E+000
-1,6133219E-001	-3,813560936962128E-001	3,000000000000000E+000
-1,6227859E-001	-3,809153566964794E-001	3,000000000000000E+000
-1,6311160E-001	-3,814387943129982E-001	3,000000000000000E+000
-1,6411722E-001	-3,824804224229110E-001	3,000000000000000E+000
-1,6508546E-001	-3,833291547942073E-001	3,000000000000000E+000
-1,6612250E-001	-3,846127939565718E-001	3,000000000000000E+000
-1,6721871E-001	-3,858205659521944E-001	3,000000000000000E+000
-1,6809805E-001	-3,879374741421380E-001	3,000000000000000E+000
-1,6914822E-001	-3,894171400202635E-001	3,000000000000000E+000
-1,7017399E-001	-3,912936192419783E-001	3,000000000000000E+000
-1,7110342E-001	-3,936507775603473E-001	3,000000000000000E+000
-1,7206039E-001	-3,962854718944675E-001	3,000000000000000E+000
-1,7317130E-001	-3,974438673143976E-001	3,000000000000000E+000
-1,7414568E-001	-4,004582377512831E-001	3,000000000000000E+000
-1,7500760E-001	-4,012824853933923E-001	3,000000000000000E+000
-1,7611928E-001	-4,046815222957054E-001	3,000000000000000E+000
-1,7715462E-001	-4,133398848223594E-001	3,000000000000000E+000
-1,7815176E-001	-4,095810725508859E-001	3,000000000000000E+000
-1,7914695E-001	-4,118119543676984E-001	3,000000000000000E+000
-1,8014576E-001	-4,141880194139125E-001	3,000000000000000E+000
-1,8112184E-001	-4,159900547626100E-001	3,000000000000000E+000
-1,8211494E-001	-4,186853774719760E-001	3,000000000000000E+000
-1,8314475E-001	-4,208514426265721E-001	3,000000000000000E+000
-1,8411341E-001	-4,231179736606352E-001	3,000000000000000E+000
-1,8514004E-001	-4,252171219171333E-001	3,000000000000000E+000
-1,8607792E-001	-4,272840643922478E-001	3,000000000000000E+000
-1,8719582E-001	-4,295024244218235E-001	3,000000000000000E+000
-1,8815516E-001	-4,320798508771151E-001	3,000000000000000E+000
-1,8937004E-001	-4,407329414712482E-001	3,000000000000000E+000
-1,9003513E-001	-4,366960670902476E-001	3,000000000000000E+000
-1,9117194E-001	-4,394610660512814E-001	3,000000000000000E+000
-1,9213596E-001	-4,409276280138219E-001	3,000000000000000E+000
-1,9304582E-001	-4,434251609103121E-001	3,000000000000000E+000
-1,9422421E-001	-4,453247858780536E-001	3,000000000000000E+000
-1,9521222E-001	-4,479678378750869E-001	3,000000000000000E+000
-1,9617112E-001	-4,496438906062394E-001	3,000000000000000E+000
-1,9714679E-001	-4,518092258885075E-001	3,000000000000000E+000
-1,9812267E-001	-4,546744372023053E-001	3,000000000000000E+000
-1,9896723E-001	-4,556940004362584E-001	3,000000000000000E+000
-1,9946933E-001	-4,570367932319641E-001	3,000000000000000E+000
-1,9959539E-001	-4,576132297515869E-001	3,000000000000000E+000
-1,9942771E-001	-4,523069560527802E-001	3,000000000000000E+000
-1,9902924E-001	-3,425459314603363E-001	3,000000000000000E+000
-1,9786736E-001	-3,223694903806416E-001	3,000000000000000E+000
-1,9684289E-001	-3,191126545942899E-001	3,000000000000000E+000
-1,9601120E-001	-3,095829471066167E-001	3,000000000000000E+000
-1,9480987E-001	-3,036916724199203E-001	3,000000000000000E+000
-1,9378431E-001	-2,978242748520437E-001	3,000000000000000E+000
-1,9276235E-001	-2,900783543009302E-001	3,000000000000000E+000
-1,9178779E-001	-2,829903236383364E-001	3,000000000000000E+000
-1,9088662E-001	-2,812262355194726E-001	3,000000000000000E+000
-1,8982519E-001	-2,759886046147169E-001	3,000000000000000E+000
-1,8881150E-001	-2,711655674502245E-001	3,000000000000000E+000
-1,8771313E-001	-2,661204813048235E-001	3,000000000000000E+000
-1,8682307E-001	-2,556311094667763E-001	3,000000000000000E+000
-1,8573973E-001	-2,567330864516797E-001	3,000000000000000E+000
-1,8480887E-001	-2,517346793578725E-001	3,000000000000000E+000
-1,8392508E-001	-2,469050493350045E-001	3,000000000000000E+000
-1,8279615E-001	-2,421823495145254E-001	3,000000000000000E+000
-1,8178500E-001	-2,367555297807682E-001	3,000000000000000E+000
-1,8095118E-001	-2,246049271974084E-001	3,000000000000000E+000
-1,7976664E-001	-2,257828229339791E-001	3,000000000000000E+000
-1,7881238E-001	-2,212518297472133E-001	3,000000000000000E+000
-1,7793393E-001	-2,166439633842350E-001	3,000000000000000E+000
-1,7677635E-001	-2,131864251698259E-001	3,000000000000000E+000
-1,7576839E-001	-2,103184639579718E-001	3,000000000000000E+000
-1,7472290E-001	-2,078295991264483E-001	3,000000000000000E+000
-1,7372096E-001	-1,978933155381415E-001	3,000000000000000E+000
-1,7279662E-001	-2,022115841844219E-001	3,000000000000000E+000
-1,7176045E-001	-1,991634715814143E-001	3,000000000000000E+000
-1,7080791E-001	-1,960202157885445E-001	3,000000000000000E+000
-1,6993839E-001	-1,943214668944059E-001	3,000000000000000E+000
-1,6880903E-001	-1,923589727116952E-001	3,000000000000000E+000
-1,6776690E-001	-1,901010613526317E-001	3,000000000000000E+000
-1,6677657E-001	-1,883002939220093E-001	3,000000000000000E+000
-1,6577585E-001	-1,859914789545456E-001	3,000000000000000E+000
-1,6481121E-001	-1,840011066912361E-001	3,000000000000000E+000
-1,6387989E-001	-1,823036107364004E-001	3,000000000000000E+000
-1,6275521E-001	-1,802104860932258E-001	3,000000000000000E+000
-1,6181943E-001	-1,786949574016030E-001	3,000000000000000E+000
-1,6077796E-001	-1,759398250012756E-001	3,000000000000000E+000
-1,5980162E-001	-1,692952571255666E-001	3,000000000000000E+000
-1,5877037E-001	-1,711014400805446E-001	3,000000000000000E+000
-1,5794267E-001	-1,698063632292255E-001	3,000000000000000E+000
-1,5682179E-001	-1,682531882931162E-001	3,000000000000000E+000
-1,5577522E-001	-1,660818164107489E-001	3,000000000000000E+000
-1,5487936E-001	-1,642587728694904E-001	3,000000000000000E+000
-1,5385103E-001	-1,620154848529227E-001	3,000000000000000E+000
-1,5289383E-001	-1,609405629828364E-001	3,000000000000000E+000
-1,5188758E-001	-1,581510651934268E-001	3,000000000000000E+000
-1,5079877E-001	-1,560060878206668E-001	3,000000000000000E+000
-1,4981736E-001	-1,543413675390177E-001	3,000000000000000E+000
-1,4881389E-001	-1,521636408676079E-001	3,000000000000000E+000
-1,4781423E-001	-1,501103765331202E-001	3,000000000000000E+000
-1,4677975E-001	-1,486101142622317E-001	3,000000000000000E+000
-1,4581090E-001	-1,429110000867175E-001	3,000000000000000E+000
-1,4483480E-001	-1,421277841760049E-001	3,000000000000000E+000
-1,4381261E-001	-1,412837071111415E-001	3,000000000000000E+000
-1,4288430E-001	-1,395520613425303E-001	3,000000000000000E+000
-1,4183857E-001	-1,378380415003950E-001	3,000000000000000E+000
-1,4082190E-001	-1,361164656829916E-001	3,000000000000000E+000
-1,3981587E-001	-1,345072147410562E-001	3,000000000000000E+000
-1,3878289E-001	-1,309619703226617E-001	3,000000000000000E+000
-1,3792185E-001	-1,299637081618930E-001	3,000000000000000E+000
-1,3686042E-001	-1,277626346046516E-001	3,000000000000000E+000
-1,3583633E-001	-1,251669777686604E-001	3,000000000000000E+000
-1,3480440E-001	-1,235769083206022E-001	3,000000000000000E+000
-1,3374954E-001	-1,204907129091830E-001	3,000000000000000E+000
-1,3272378E-001	-1,183428667459843E-001	3,000000000000000E+000
-1,3181934E-001	-1,098659141506584E-001	3,000000000000000E+000
-1,3081874E-001	-1,131293044955878E-001	3,000000000000000E+000
-1,2988615E-001	-1,103356748677067E-001	3,000000000000000E+000
-1,2885231E-001	-1,090887437070096E-001	3,000000000000000E+000
-1,2783545E-001	-1,059871837884806E-001	3,000000000000000E+000
-1,2686637E-001	-1,024758735438807E-001	3,000000000000000E+000
-1,2586246E-001	-1,008351115031270E-001	3,000000000000000E+000
-1,2482393E-001	-9,681969218783898E-002	3,000000000000000E+000
-1,2374084E-001	-9,486484488135979E-002	3,000000000000000E+000
-1,2290486E-001	-9,168226031276072E-002	3,000000000000000E+000
-1,2170990E-001	-9,053077306210344E-002	3,000000000000000E+000
-1,2089745E-001	-8,157260817501477E-002	3,000000000000000E+000
-1,1981460E-001	-8,385565357619074E-002	3,000000000000000E+000
-1,1875678E-001	-8,267394195879874E-002	3,000000000000000E+000
-1,1778069E-001	-8,089650121595060E-002	3,000000000000000E+000
-1,1680862E-001	-7,918532637025510E-002	3,000000000000000E+000
-1,1577224E-001	-7,767415272408251E-002	3,000000000000000E+000
-1,1484963E-001	-7,586055391907875E-002	3,000000000000000E+000
-1,1377970E-001	-7,415022904105073E-002	3,000000000000000E+000
-1,1288788E-001	-7,263162955900437E-002	3,000000000000000E+000
-1,1180458E-001	-7,089851215197196E-002	3,000000000000000E+000
-1,1075333E-001	-6,939666579192894E-002	3,000000000000000E+000
-1,0977957E-001	-6,824994230151360E-002	3,000000000000000E+000
-1,0883445E-001	-6,624356377223051E-002	3,000000000000000E+000
-1,0781845E-001	-6,559947618774808E-002	3,000000000000000E+000
-1,0683470E-001	-6,281560630304689E-002	3,000000000000000E+000
-1,0575205E-001	-6,194564499633604E-002	3,000000000000000E+000
-1,0486234E-001	-6,055270005728952E-002	3,000000000000000E+000
-1,0382558E-001	-5,516024146345444E-002	3,000000000000000E+000
-1,0289467E-001	-5,528611480905143E-002	3,000000000000000E+000
-1,0191900E-001	-5,528876277579298E-002	3,000000000000000E+000
-1,0079176E-001	-5,324505189653572E-002	3,000000000000000E+000
-9,9863425E-002	-5,196430191669293E-002	3,000000000000000E+000
-9,8863758E-002	-5,054484942876203E-002	3,000000000000000E+000
-9,7844355E-002	-4,885870500584116E-002	3,000000000000000E+000
-9,6755959E-002	-4,765716156624758E-002	3,000000000000000E+000
-9,5843315E-002	-4,602128308680303E-002	3,000000000000000E+000
-9,4749622E-002	-4,417661075260360E-002	3,000000000000000E+000
-9,3840182E-002	-4,259512927253825E-002	3,000000000000000E+000
-9,2832670E-002	-4,106952664895069E-002	3,000000000000000E+000
-9,1866545E-002	-3,965219806478765E-002	3,000000000000000E+000
-9,0785995E-002	-3,789002327054425E-002	3,000000000000000E+000
-8,9889713E-002	-3,671615713715759E-002	3,000000000000000E+000
-8,8967532E-002	-3,483150650087441E-002	3,000000000000000E+000
-8,7704435E-002	-3,326317638857276E-002	3,000000000000000E+000
-8,6782470E-002	-3,134406087499675E-002	3,000000000000000E+000
-8,4391519E-002	-3,195839053175098E-002	3,000000000000000E+000
-8,2130626E-002	-3,003179140796419E-002	3,000000000000000E+000
-8,0849908E-002	-1,642240631837111E-002	3,000000000000000E+000
-7,9893969E-002	-1,245968945295312E-002	3,000000000000000E+000
-7,8915320E-002	-1,713185029964528E-002	3,000000000000000E+000
-7,7808246E-002	-1,796063368803705E-002	3,000000000000000E+000
-7,6891169E-002	-1,485333443350900E-002	3,000000000000000E+000
-7,5823992E-002	-1,132134368607592E-002	3,000000000000000E+000
-7,4846618E-002	-9,351572426061883E-003	3,000000000000000E+000
-7,3780522E-002	-8,464020027733749E-003	3,000000000000000E+000
-7,2901204E-002	-7,098543559954519E-003	3,000000000000000E+000
-7,1830653E-002	-4,750080590585848E-003	3,000000000000000E+000
-7,0871316E-002	-2,915166573883540E-003	3,000000000000000E+000
-6,9796719E-002	-7,546867886547796E-004	3,000000000000000E+000
-6,8886638E-002	1,210534037303056E-003	3,000000000000000E+000
-6,7838401E-002	6,865034173946100E-003	3,000000000000000E+000
-6,6867813E-002	9,835365604279445E-003	3,000000000000000E+000
-6,5879196E-002	7,991001713283652E-003	3,000000000000000E+000
-6,4823911E-002	7,919951074048498E-003	3,000000000000000E+000
-6,3817248E-002	1,078100854323975E-002	3,000000000000000E+000
-6,2875323E-002	1,345882358307589E-002	3,000000000000000E+000
-6,1873958E-002	1,492723228228798E-002	3,000000000000000E+000
-6,0924817E-002	1,571503346915260E-002	3,000000000000000E+000
-5,9934072E-002	1,736202725442132E-002	3,000000000000000E+000
-5,8895130E-002	1,969264003693960E-002	3,000000000000000E+000
-5,7810560E-002	2,116579052946899E-002	3,000000000000000E+000
-5,6842312E-002	2,200222141012398E-002	3,000000000000000E+000
-5,5832036E-002	2,385772074113551E-002	3,000000000000000E+000
-5,4857425E-002	2,558439053245835E-002	3,000000000000000E+000
-5,3892571E-002	2,685029541801981E-002	3,000000000000000E+000
-5,2761290E-002	2,814345805866962E-002	3,000000000000000E+000
-5,1862467E-002	2,954881391229314E-002	3,000000000000000E+000
-5,0929293E-002	3,204135002063901E-002	3,000000000000000E+000
-4,9971435E-002	3,770051399866747E-002	3,000000000000000E+000
-4,8884101E-002	3,724309315698027E-002	3,000000000000000E+000
-4,8038766E-002	3,514227350953886E-002	3,000000000000000E+000
-4,6932321E-002	3,652093446645366E-002	3,000000000000000E+000
-4,5947734E-002	3,918898909857216E-002	3,000000000000000E+000
-4,4900309E-002	4,097715028587529E-002	3,000000000000000E+000
-4,3918904E-002	4,243668178161103E-002	3,000000000000000E+000
-4,2904168E-002	4,375459171973900E-002	3,000000000000000E+000
-4,1847188E-002	4,509856973244419E-002	3,000000000000000E+000
-4,0850073E-002	4,647430081321458E-002	3,000000000000000E+000
-3,9848287E-002	4,812896271404417E-002	3,000000000000000E+000
-3,8914859E-002	4,985047484579912E-002	3,000000000000000E+000
-3,7895452E-002	5,140708508164016E-002	3,000000000000000E+000
-3,6963932E-002	5,281764741003936E-002	3,000000000000000E+000
-3,6061708E-002	5,438625370152295E-002	3,000000000000000E+000
-3,5043363E-002	5,568442390196870E-002	3,000000000000000E+000
-3,3797450E-002	5,765588912698963E-002	3,000000000000000E+000
-3,2996483E-002	5,932379050904668E-002	3,000000000000000E+000
-3,1925604E-002	6,083238244496481E-002	3,000000000000000E+000
-3,0944757E-002	6,656001344607720E-002	3,000000000000000E+000
-2,9859545E-002	6,724006539702221E-002	3,000000000000000E+000
-2,8861793E-002	6,510182265062925E-002	3,000000000000000E+000
-2,7966361E-002	6,548089008881841E-002	3,000000000000000E+000
-2,6958415E-002	6,838315220860158E-002	3,000000000000000E+000
-2,5990807E-002	7,107238629315493E-002	3,000000000000000E+000
-2,4847433E-002	7,217318846637211E-002	3,000000000000000E+000
-2,3965796E-002	7,330614527583967E-002	3,000000000000000E+000
-2,2892896E-002	7,515080472351010E-002	3,000000000000000E+000
-2,1999374E-002	7,650105914540850E-002	3,000000000000000E+000
-2,0779576E-002	7,811554980516067E-002	3,000000000000000E+000
-1,9886479E-002	8,004941747963651E-002	3,000000000000000E+000
-1,9002933E-002	8,132083045913757E-002	3,000000000000000E+000
-1,7920056E-002	8,316344826016614E-002	3,000000000000000E+000
-1,6961152E-002	8,528316220165122E-002	3,000000000000000E+000
-1,5938137E-002	8,636626518434976E-002	3,000000000000000E+000
-1,4952058E-002	8,756761047859762E-002	3,000000000000000E+000
-1,3953245E-002	8,951079096489917E-002	3,000000000000000E+000
-1,3009971E-002	9,401591101454397E-002	3,000000000000000E+000
-1,1915954E-002	9,800955893782293E-002	3,000000000000000E+000
-1,0889968E-002	9,618043655063957E-002	3,000000000000000E+000
-9,9450732E-003	9,536644106911912E-002	3,000000000000000E+000
-8,9097489E-003	9,751713917487215E-002	3,000000000000000E+000
-8,0852173E-003	1,002227504634197E-001	3,000000000000000E+000
-6,9539389E-003	1,020857689695229E-001	3,000000000000000E+000
-5,9837834E-003	1,032201380003246E-001	3,000000000000000E+000
-5,1117013E-003	1,046963013876749E-001	3,000000000000000E+000
-3,9235326E-003	1,061468901591274E-001	3,000000000000000E+000
-2,9448851E-003	1,075806482824396E-001	3,000000000000000E+000
-2,6959900E-004	1,122563991095659E-001	3,000000000000000E+000
2,1899266E-003	1,150918199758360E-001	3,000000000000000E+000
3,1507420E-003	1,168245141420310E-001	3,000000000000000E+000
4,1501918E-003	1,192867657454268E-001	3,000000000000000E+000
5,0981478E-003	1,242681048202539E-001	3,000000000000000E+000
5,9857555E-003	1,262347805313766E-001	3,000000000000000E+000
5,9197885E-003	1,223481521010399E-001	4,000000000000000E+000
6,8040504E-003	1,229165153927165E-001	4,000000000000000E+000
7,7629550E-003	1,250491917598995E-001	4,000000000000000E+000
8,7626185E-003	1,263346167850412E-001	4,000000000000000E+000
9,8520759E-003	1,277124881356339E-001	4,000000000000000E+000
1,0725644E-002	1,290360874263576E-001	4,000000000000000E+000
1,1832083E-002	1,311684528158776E-001	4,000000000000000E+000
1,2787592E-002	1,320216525863445E-001	4,000000000000000E+000
1,3624860E-002	1,338124560425064E-001	4,000000000000000E+000
1,4770572E-002	1,356347508780252E-001	4,000000000000000E+000
1,5819058E-002	1,370655495362976E-001	4,000000000000000E+000
1,6660359E-002	1,386028113128213E-001	4,000000000000000E+000
1,7728588E-002	1,403831198759793E-001	4,000000000000000E+000
1,8729949E-002	1,420353356774692E-001	4,000000000000000E+000
1,9793296E-002	1,433088742584610E-001	4,000000000000000E+000
2,0811427E-002	1,448457095409854E-001	4,000000000000000E+000
2,1817248E-002	1,464092739366205E-001	4,000000000000000E+000
2,2703938E-002	1,480042284949579E-001	4,000000000000000E+000
2,3691081E-002	1,556102729842275E-001	4,000000000000000E+000
2,4697961E-002	1,510880863449224E-001	4,000000000000000E+000
2,5745174E-002	1,536016616996176E-001	4,000000000000000E+000
2,6769886E-002	1,552713637550673E-001	4,000000000000000E+000
2,7730064E-002	1,557715622863420E-001	4,000000000000000E+000
2,8835017E-002	1,582163185424488E-001	4,000000000000000E+000
2,9731303E-002	1,592791486117582E-001	4,000000000000000E+000
3,0738609E-002	1,606292534981755E-001	4,000000000000000E+000
3,1806838E-002	1,621433955151592E-001	4,000000000000000E+000
3,2820083E-002	1,643731102295636E-001	4,000000000000000E+000
3,3706605E-002	1,649267492143236E-001	4,000000000000000E+000
3,4742776E-002	1,672124319658099E-001	4,000000000000000E+000
3,5730127E-002	1,686681516908319E-001	4,000000000000000E+000
3,6609851E-002	1,700063891217316E-001	4,000000000000000E+000
3,7854273E-002	1,712321074964069E-001	4,000000000000000E+000
3,8826343E-002	1,730696647039918E-001	4,000000000000000E+000
3,9856572E-002	1,745988778485410E-001	4,000000000000000E+000
4,0865574E-002	1,761039048045258E-001	4,000000000000000E+000
4,1758884E-002	1,773966364950565E-001	4,000000000000000E+000
4,2706124E-002	1,846968643755347E-001	4,000000000000000E+000
4,3792989E-002	1,810977591020574E-001	4,000000000000000E+000
4,4684175E-002	1,819385442520598E-001	4,000000000000000E+000
4,5675989E-002	1,841988909679158E-001	4,000000000000000E+000
4,6766505E-002	1,849969645781036E-001	4,000000000000000E+000
4,7703970E-002	1,863715535340220E-001	4,000000000000000E+000
4,8733778E-002	1,884441101380316E-001	4,000000000000000E+000
4,9703300E-002	1,891516099761552E-001	4,000000000000000E+000
5,0708901E-002	1,912651935385334E-001	4,000000000000000E+000
5,1794756E-002	1,923638843776041E-001	4,000000000000000E+000
5,2775312E-002	1,940994295032903E-001	4,000000000000000E+000
5,3785589E-002	1,962544966178639E-001	4,000000000000000E+000
5,4708824E-002	1,973814858873895E-001	4,000000000000000E+000
5,5769626E-002	1,989156707681512E-001	4,000000000000000E+000
5,6807075E-002	2,007984079472310E-001	4,000000000000000E+000
5,7787847E-002	2,023142664305237E-001	4,000000000000000E+000
5,8779236E-002	2,040978532362110E-001	4,000000000000000E+000
5,9709478E-002	2,056571712148279E-001	4,000000000000000E+000
6,0678355E-002	2,072746008634567E-001	4,000000000000000E+000
6,1763585E-002	2,107702042105510E-001	4,000000000000000E+000
6,2785059E-002	2,144614763609655E-001	4,000000000000000E+000
6,3733563E-002	2,121279557209674E-001	4,000000000000000E+000
6,4810701E-002	2,140312649749428E-001	4,000000000000000E+000
6,5820344E-002	2,153044846038235E-001	4,000000000000000E+000
6,6771187E-002	2,174866960332217E-001	4,000000000000000E+000
6,7726277E-002	2,195693222391943E-001	4,000000000000000E+000
6,8726145E-002	2,195894686479338E-001	4,000000000000000E+000
6,9816031E-002	2,226285760601363E-001	4,000000000000000E+000
7,0586629E-002	2,237971397504834E-001	4,000000000000000E+000
7,1758464E-002	2,253222053922306E-001	4,000000000000000E+000
7,2753660E-002	2,265416641409201E-001	4,000000000000000E+000
7,3777527E-002	2,288210073537718E-001	4,000000000000000E+000
7,4790992E-002	2,299297616765323E-001	4,000000000000000E+000
7,5874500E-002	2,316978690085112E-001	4,000000000000000E+000
7,6567635E-002	2,341496295347398E-001	4,000000000000000E+000
7,7706769E-002	2,354258209363449E-001	4,000000000000000E+000
7,8776695E-002	2,366136775300326E-001	4,000000000000000E+000
7,9725444E-002	2,400817113230009E-001	4,000000000000000E+000
8,0785111E-002	2,441318071214496E-001	4,000000000000000E+000
8,1685856E-002	2,414005337050189E-001	4,000000000000000E+000
8,2679994E-002	2,435765971507262E-001	4,000000000000000E+000
8,3642520E-002	2,451025931319859E-001	4,000000000000000E+000
8,4758721E-002	2,467215162081020E-001	4,000000000000000E+000
8,5800834E-002	2,482110522946144E-001	4,000000000000000E+000
8,6799860E-002	2,495474866591385E-001	4,000000000000000E+000
8,7844521E-002	2,511958656056477E-001	4,000000000000000E+000
8,8827208E-002	2,525967664292295E-001	4,000000000000000E+000
8,9741319E-002	2,541116571519524E-001	4,000000000000000E+000
9,0625718E-002	2,558354525309481E-001	4,000000000000000E+000
9,1731519E-002	2,570373060750888E-001	4,000000000000000E+000
9,2706777E-002	2,587942761731240E-001	4,000000000000000E+000
9,3648687E-002	2,598133392683755E-001	4,000000000000000E+000
9,4768293E-002	2,614039221726778E-001	4,000000000000000E+000
9,5749699E-002	2,624469285106494E-001	4,000000000000000E+000
9,6812837E-002	2,641027471205835E-001	4,000000000000000E+000
9,7760499E-002	2,655806482717833E-001	4,000000000000000E+000
9,8760791E-002	2,660310838837181E-001	4,000000000000000E+000
9,9785991E-002	2,744542874344109E-001	4,000000000000000E+000
1,0067674E-001	2,683380032025715E-001	4,000000000000000E+000
1,0175978E-001	2,692532434076487E-001	4,000000000000000E+000
1,0288852E-001	2,715469935857184E-001	4,000000000000000E+000
1,0378651E-001	2,719082533537109E-001	4,000000000000000E+000
1,0470167E-001	2,732969480307985E-001	4,000000000000000E+000
1,0576778E-001	2,750559545432534E-001	4,000000000000000E+000
1,0675895E-001	2,765277864204516E-001	4,000000000000000E+000
1,0772316E-001	2,781140514545972E-001	4,000000000000000E+000
1,0878333E-001	2,800054830861188E-001	4,000000000000000E+000
1,0983881E-001	2,812095670443453E-001	4,000000000000000E+000
1,1065634E-001	2,829092941246927E-001	4,000000000000000E+000
1,1174325E-001	2,849997668785775E-001	4,000000000000000E+000
1,1268049E-001	2,870307395286451E-001	4,000000000000000E+000
1,1380308E-001	2,882216788776635E-001	4,000000000000000E+000
1,1474648E-001	2,901048626388540E-001	4,000000000000000E+000
1,1571503E-001	2,927240381638203E-001	4,000000000000000E+000
1,1671563E-001	2,992778508406557E-001	4,000000000000000E+000
1,1768262E-001	2,954582909846484E-001	4,000000000000000E+000
1,1876782E-001	2,981553085200086E-001	4,000000000000000E+000
1,1969424E-001	2,994919506470790E-001	4,000000000000000E+000
1,2074295E-001	3,013193397265352E-001	4,000000000000000E+000
1,2176510E-001	3,032097002077450E-001	4,000000000000000E+000
1,2275712E-001	3,046133583670279E-001	4,000000000000000E+000
1,2377250E-001	3,066773172209256E-001	4,000000000000000E+000
1,2471697E-001	3,080628522568280E-001	4,000000000000000E+000
1,2574954E-001	3,104241555039260E-001	4,000000000000000E+000
1,2672372E-001	3,110912425650503E-001	4,000000000000000E+000
1,2775543E-001	3,149180404014068E-001	4,000000000000000E+000
1,2867700E-001	3,157647556832273E-001	4,000000000000000E+000
1,2981124E-001	3,171336230201023E-001	4,000000000000000E+000
1,3083425E-001	3,190735207560165E-001	4,000000000000000E+000
1,3170908E-001	3,207185389474043E-001	4,000000000000000E+000
1,3276656E-001	3,293038524635570E-001	4,000000000000000E+000
1,3374424E-001	3,243130750229799E-001	4,000000000000000E+000
1,3467854E-001	3,268187938568513E-001	4,000000000000000E+000
1,3567014E-001	3,280257589390712E-001	4,000000000000000E+000
1,3684450E-001	3,295421357939237E-001	4,000000000000000E+000
1,3773845E-001	3,319257916106544E-001	4,000000000000000E+000
1,3873366E-001	3,333627588322607E-001	4,000000000000000E+000
1,3974987E-001	3,344429731369026E-001	4,000000000000000E+000
1,4076313E-001	3,375703376303960E-001	4,000000000000000E+000
1,4170802E-001	3,382420965677335E-001	4,000000000000000E+000
1,4278983E-001	3,404751757108100E-001	4,000000000000000E+000
1,4377676E-001	3,411472511943443E-001	4,000000000000000E+000
1,4462104E-001	3,433643611044537E-001	4,000000000000000E+000
1,4573957E-001	3,451644697019631E-001	4,000000000000000E+000
1,4679784E-001	3,454879223524296E-001	4,000000000000000E+000
1,4765270E-001	3,485721881087454E-001	4,000000000000000E+000
1,4876764E-001	3,483331702494379E-001	4,000000000000000E+000
1,4969407E-001	3,498907122347095E-001	4,000000000000000E+000
1,5070583E-001	3,590947622174610E-001	4,000000000000000E+000
1,5173072E-001	3,526711655884158E-001	4,000000000000000E+000
1,5274672E-001	3,541571214898616E-001	4,000000000000000E+000
1,5374681E-001	3,554488935300881E-001	4,000000000000000E+000
1,5479742E-001	3,558368859036527E-001	4,000000000000000E+000
1,5575613E-001	3,566890252857577E-001	4,000000000000000E+000
1,5676619E-001	3,568017546656659E-001	4,000000000000000E+000
1,5765482E-001	3,568360200410514E-001	4,000000000000000E+000
1,5878676E-001	3,578296954640088E-001	4,000000000000000E+000
1,5975137E-001	3,581301094188056E-001	4,000000000000000E+000
1,6073638E-001	3,595807575620735E-001	4,000000000000000E+000
1,6163352E-001	3,604284257679775E-001	4,000000000000000E+000
1,6269179E-001	3,618758899521932E-001	4,000000000000000E+000
1,6374727E-001	3,630279044413744E-001	4,000000000000000E+000
1,6478619E-001	3,649233674320094E-001	4,000000000000000E+000
1,6569777E-001	3,676446675478188E-001	4,000000000000000E+000
1,6671506E-001	3,690225720509064E-001	4,000000000000000E+000
1,6765571E-001	3,711398621607165E-001	4,000000000000000E+000
1,6864687E-001	3,740873519693411E-001	4,000000000000000E+000
1,6969408E-001	3,753227122490204E-001	4,000000000000000E+000
1,7073175E-001	3,774418282943479E-001	4,000000000000000E+000
1,7171909E-001	3,788185504834276E-001	4,000000000000000E+000
1,7271169E-001	3,879601655838406E-001	4,000000000000000E+000
1,7378187E-001	3,850973956545616E-001	4,000000000000000E+000
1,7480507E-001	3,867421930707575E-001	4,000000000000000E+000
1,7576250E-001	3,889419775094010E-001	4,000000000000000E+000
1,7677702E-001	3,912480472742279E-001	4,000000000000000E+000
1,7782234E-001	3,933535764614744E-001	4,000000000000000E+000
1,7867808E-001	3,960248255946996E-001	4,000000000000000E+000
1,7980871E-001	3,975633639428358E-001	4,000000000000000E+000
1,8073428E-001	4,000894434801824E-001	4,000000000000000E+000
1,8182990E-001	4,016791034179441E-001	4,000000000000000E+000
1,8284188E-001	4,039897248148923E-001	4,000000000000000E+000
1,8370356E-001	4,055226460978804E-001	4,000000000000000E+000
1,8467964E-001	4,078958130752053E-001	4,000000000000000E+000
1,8571338E-001	4,111026773850126E-001	4,000000000000000E+000
1,8676491E-001	4,175408868533053E-001	4,000000000000000E+000
1,8769453E-001	4,143711440523905E-001	4,000000000000000E+000
1,8868423E-001	4,172214011454760E-001	4,000000000000000E+000
1,8969811E-001	4,184236912470727E-001	4,000000000000000E+000
1,9084170E-001	4,210612071005420E-001	4,000000000000000E+000
1,9172652E-001	4,220852528233086E-001	4,000000000000000E+000
1,9271663E-001	4,253471492944916E-001	4,000000000000000E+000
1,9369973E-001	4,266648049362853E-001	4,000000000000000E+000
1,9472487E-001	4,287401082563327E-001	4,000000000000000E+000
1,9567868E-001	4,312557988127512E-001	4,000000000000000E+000
1,9666281E-001	4,330921051247678E-001	4,000000000000000E+000
1,9771366E-001	4,343423045550789E-001	4,000000000000000E+000
1,9870888E-001	4,373371985792698E-001	4,000000000000000E+000
1,9979301E-001	4,386922876712767E-001	4,000000000000000E+000
2,0032495E-001	4,386596679687500E-001	4,000000000000000E+000
2,0014152E-001	4,391101151704788E-001	4,000000000000000E+000
2,0060986E-001	4,399175047874451E-001	4,000000000000000E+000
2,0000844E-001	3,386252174774826E-001	4,000000000000000E+000
1,9869795E-001	3,003239627654249E-001	4,000000000000000E+000
1,9773911E-001	3,005085537830992E-001	4,000000000000000E+000
1,9680850E-001	2,910084103544548E-001	4,000000000000000E+000
1,9582963E-001	2,840414569557961E-001	4,000000000000000E+000
1,9476631E-001	2,765721123303395E-001	4,000000000000000E+000
1,9375141E-001	2,659608825472102E-001	4,000000000000000E+000
1,9277273E-001	2,649651862060036E-001	4,000000000000000E+000
1,9179834E-001	2,590236397356633E-001	4,000000000000000E+000
1,9070952E-001	2,542481380256101E-001	4,000000000000000E+000
1,8976186E-001	2,483053328469405E-001	4,000000000000000E+000
1,8874364E-001	2,356415036160291E-001	4,000000000000000E+000
1,8775810E-001	2,365703009741580E-001	4,000000000000000E+000
1,8674995E-001	2,300366392074573E-001	4,000000000000000E+000
1,8584137E-001	2,253203089478327E-001	4,000000000000000E+000
1,8474151E-001	2,195889442227785E-001	4,000000000000000E+000
1,8383166E-001	2,124467052959119E-001	4,000000000000000E+000
1,8270189E-001	2,092316774910115E-001	4,000000000000000E+000
1,8179542E-001	2,079271794581374E-001	4,000000000000000E+000
1,8072399E-001	2,037454786348265E-001	4,000000000000000E+000
1,7980203E-001	2,017342166380129E-001	4,000000000000000E+000
1,7882633E-001	1,984296855387393E-001	4,000000000000000E+000
1,7780653E-001	1,967749409765629E-001	4,000000000000000E+000
1,7673320E-001	1,943485293951308E-001	4,000000000000000E+000
1,7583245E-001	1,921572059832735E-001	4,000000000000000E+000
1,7495953E-001	1,896125577881733E-001	4,000000000000000E+000
1,7386010E-001	1,879528181032383E-001	4,000000000000000E+000
1,7272669E-001	1,780162292222190E-001	4,000000000000000E+000
1,7174679E-001	1,836452728732385E-001	4,000000000000000E+000
1,7066669E-001	1,807064650735510E-001	4,000000000000000E+000
1,6972454E-001	1,785588364194459E-001	4,000000000000000E+000
1,6879557E-001	1,771672722469599E-001	4,000000000000000E+000
1,6776937E-001	1,750746719254606E-001	4,000000000000000E+000
1,6679157E-001	1,728643794906228E-001	4,000000000000000E+000
1,6583712E-001	1,705566229583282E-001	4,000000000000000E+000
1,6474746E-001	1,688172575215714E-001	4,000000000000000E+000
1,6378984E-001	1,669714103530469E-001	4,000000000000000E+000
1,6282326E-001	1,640949591269933E-001	4,000000000000000E+000
1,6186142E-001	1,626460245913932E-001	4,000000000000000E+000
1,6074777E-001	1,601128392309576E-001	4,000000000000000E+000
1,5976909E-001	1,560131210523350E-001	4,000000000000000E+000
1,5874974E-001	1,524476308065164E-001	4,000000000000000E+000
1,5782565E-001	1,538695076273551E-001	4,000000000000000E+000
1,5683681E-001	1,515070481820865E-001	4,000000000000000E+000
1,5581252E-001	1,495030944546067E-001	4,000000000000000E+000
1,5472582E-001	1,477889547305600E-001	4,000000000000000E+000
1,5381171E-001	1,453821654172827E-001	4,000000000000000E+000
1,5281075E-001	1,437855249969291E-001	4,000000000000000E+000
1,5178861E-001	1,415680195334273E-001	4,000000000000000E+000
1,5074053E-001	1,392543178129330E-001	4,000000000000000E+000
1,4971732E-001	1,376779393241228E-001	4,000000000000000E+000
1,4870174E-001	1,352386900560105E-001	4,000000000000000E+000
1,4784876E-001	1,328299826709560E-001	4,000000000000000E+000
1,4681704E-001	1,315330105523274E-001	4,000000000000000E+000
1,4578240E-001	1,286138313589624E-001	4,000000000000000E+000
1,4471097E-001	1,211670662742104E-001	4,000000000000000E+000
1,4381319E-001	1,240518865977522E-001	4,000000000000000E+000
1,4280844E-001	1,225838708988811E-001	4,000000000000000E+000
1,4186460E-001	1,195051017372564E-001	4,000000000000000E+000
1,4089763E-001	1,175398568803865E-001	4,000000000000000E+000
1,3982983E-001	1,155694223190142E-001	4,000000000000000E+000
1,3872488E-001	1,127718696823453E-001	4,000000000000000E+000
1,3785343E-001	1,102916982555242E-001	4,000000000000000E+000
1,3678668E-001	1,081312378907270E-001	4,000000000000000E+000
1,3585134E-001	1,055926359775996E-001	4,000000000000000E+000
1,3483682E-001	1,023670056213939E-001	4,000000000000000E+000
1,3375521E-001	1,005690943307451E-001	4,000000000000000E+000
1,3284731E-001	9,143161875221706E-002	4,000000000000000E+000
1,3183935E-001	9,399355219728846E-002	4,000000000000000E+000
1,3080977E-001	9,081255640679399E-002	4,000000000000000E+000
1,2974472E-001	8,802688119855423E-002	4,000000000000000E+000
1,2878497E-001	8,588709922817861E-002	4,000000000000000E+000
1,2784749E-001	8,199945793926947E-002	4,000000000000000E+000
1,2686354E-001	8,070576971577928E-002	4,000000000000000E+000
1,2572654E-001	7,844053970701594E-002	4,000000000000000E+000
1,2477867E-001	7,643966517773382E-002	4,000000000000000E+000
1,2377922E-001	7,495860288488831E-002	4,000000000000000E+000
1,2270632E-001	7,324414856136918E-002	4,000000000000000E+000
1,2181917E-001	7,121538971033448E-002	4,000000000000000E+000
1,2086685E-001	6,998362388306618E-002	4,000000000000000E+000
1,1978973E-001	6,137942915989315E-002	4,000000000000000E+000
1,1873700E-001	6,660645935011833E-002	4,000000000000000E+000
1,1775984E-001	6,426668605611985E-002	4,000000000000000E+000
1,1682704E-001	6,372397189908185E-002	4,000000000000000E+000
1,1573312E-001	6,147878786497230E-002	4,000000000000000E+000
1,1478377E-001	5,988288448619050E-002	4,000000000000000E+000
1,1380004E-001	5,930729873620716E-002	4,000000000000000E+000
1,1277828E-001	5,718003038459252E-002	4,000000000000000E+000
1,1174297E-001	5,531743318553906E-002	4,000000000000000E+000
1,1083141E-001	5,434504572703103E-002	4,000000000000000E+000
1,0984129E-001	5,345823171794323E-002	4,000000000000000E+000
1,0877052E-001	5,104168261621256E-002	4,000000000000000E+000
1,0779718E-001	4,955627273496566E-002	4,000000000000000E+000
1,0677268E-001	4,769315055131729E-002	4,000000000000000E+000
1,0580062E-001	4,655099335488772E-002	4,000000000000000E+000
1,0480605E-001	4,553438379662125E-002	4,000000000000000E+000
1,0379045E-001	4,353446864277245E-002	4,000000000000000E+000
1,0282667E-001	4,145417422599501E-002	4,000000000000000E+000
1,0181970E-001	3,915819480122684E-002	4,000000000000000E+000
1,0075308E-001	3,382501122218351E-002	4,000000000000000E+000
9,9833243E-002	3,669339739200156E-002	4,000000000000000E+000
9,7222716E-002	3,838122315843623E-002	4,000000000000000E+000
9,4805382E-002	3,765159754160174E-002	4,000000000000000E+000
9,3837969E-002	2,666238534018500E-002	4,000000000000000E+000
9,2768468E-002	2,184080579415121E-002	4,000000000000000E+000
9,1736123E-002	2,303971219387485E-002	4,000000000000000E+000
9,0728186E-002	2,359503879173048E-002	4,000000000000000E+000
8,9747831E-002	2,142038960624230E-002	4,000000000000000E+000
8,8750288E-002	1,884509461686124E-002	4,000000000000000E+000
8,7763786E-002	1,715772301152663E-002	4,000000000000000E+000
8,6941428E-002	1,493116683640339E-002	4,000000000000000E+000
8,5766196E-002	9,183013959651987E-003	4,000000000000000E+000
8,4818549E-002	9,082945891552535E-003	4,000000000000000E+000
8,3704039E-002	1,035694332030195E-002	4,000000000000000E+000
8,2799479E-002	9,927161814024088E-003	4,000000000000000E+000
8,1870720E-002	6,514416199530013E-003	4,000000000000000E+000
8,0852166E-002	3,808007315658167E-003	4,000000000000000E+000
7,9722799E-002	2,305712547644783E-003	4,000000000000000E+000
7,8756243E-002	1,393860923296122E-003	4,000000000000000E+000
7,7809222E-002	-9,077227087459505E-004	4,000000000000000E+000
7,6672643E-002	-3,708515959968073E-003	4,000000000000000E+000
7,5821579E-002	-5,325600971749115E-003	4,000000000000000E+000
7,4847177E-002	-6,690408530024186E-003	4,000000000000000E+000
7,3606357E-002	-8,847537126308008E-003	4,000000000000000E+000
7,2922364E-002	-1,144923232398767E-002	4,000000000000000E+000
7,1821339E-002	-1,369446513692509E-002	4,000000000000000E+000
7,1023695E-002	-1,936241471654887E-002	4,000000000000000E+000
6,9737032E-002	-2,008513900283199E-002	4,000000000000000E+000
6,8919718E-002	-1,856273488859500E-002	4,000000000000000E+000
6,7752562E-002	-1,947997385286732E-002	4,000000000000000E+000
6,6877298E-002	-2,178547109037426E-002	4,000000000000000E+000
6,5868288E-002	-2,372943681419004E-002	4,000000000000000E+000
6,4822771E-002	-2,525421630384189E-002	4,000000000000000E+000
6,3794032E-002	-2,704297222953755E-002	4,000000000000000E+000
6,2906019E-002	-2,787184203043572E-002	4,000000000000000E+000
6,1733358E-002	-2,885329059144065E-002	4,000000000000000E+000
6,0983758E-002	-3,121741957147589E-002	4,000000000000000E+000
5,9693698E-002	-3,262920355902876E-002	4,000000000000000E+000
5,8861732E-002	-3,394961197368995E-002	4,000000000000000E+000
5,7859734E-002	-3,551326571808500E-002	4,000000000000000E+000
5,6763489E-002	-3,728197647594944E-002	4,000000000000000E+000
5,5755548E-002	-3,814163483265365E-002	4,000000000000000E+000
5,4856710E-002	-3,977157538692039E-002	4,000000000000000E+000
5,3954490E-002	-4,164831664012203E-002	4,000000000000000E+000
5,2944891E-002	-4,322139818234250E-002	4,000000000000000E+000
5,1960506E-002	-4,824290446251520E-002	4,000000000000000E+000
5,0810121E-002	-4,943356756120904E-002	4,000000000000000E+000
4,9762908E-002	-4,740727008902457E-002	4,000000000000000E+000
4,8847947E-002	-4,771828231039532E-002	4,000000000000000E+000
4,7804769E-002	-5,016516069170196E-002	4,000000000000000E+000
4,6794698E-002	-5,271044998274488E-002	4,000000000000000E+000
4,5859575E-002	-5,394020064138894E-002	4,000000000000000E+000
4,4767141E-002	-5,527262642863195E-002	4,000000000000000E+000
4,3907162E-002	-5,676791002365955E-002	4,000000000000000E+000
4,2885207E-002	-5,843193849755625E-002	4,000000000000000E+000
4,1831415E-002	-5,966550666036907E-002	4,000000000000000E+000
4,0915605E-002	-6,121748134480876E-002	4,000000000000000E+000
3,9883249E-002	-6,238271459652511E-002	4,000000000000000E+000
3,8867027E-002	-6,437362109621314E-002	4,000000000000000E+000
3,7860997E-002	-6,594761442263686E-002	4,000000000000000E+000
3,6767930E-002	-6,719804480154445E-002	4,000000000000000E+000
3,5827283E-002	-6,880870506736514E-002	4,000000000000000E+000
3,4783248E-002	-7,073375021961192E-002	4,000000000000000E+000
3,3833686E-002	-7,226176640769050E-002	4,000000000000000E+000
3,2972701E-002	-7,576708919239294E-002	4,000000000000000E+000
3,1854983E-002	-7,989865584790484E-002	4,000000000000000E+000
3,0823268E-002	-7,816526538226731E-002	4,000000000000000E+000
2,9856300E-002	-7,704330540339766E-002	4,000000000000000E+000
2,8890600E-002	-7,919605558143084E-002	4,000000000000000E+000
2,7899640E-002	-8,231239101668392E-002	4,000000000000000E+000
2,6787044E-002	-8,405714020934951E-002	4,000000000000000E+000
2,5852554E-002	-8,526296273986289E-002	4,000000000000000E+000
2,4879636E-002	-8,663841781284010E-002	4,000000000000000E+000
2,3915853E-002	-8,810423738193784E-002	4,000000000000000E+000
2,2867151E-002	-8,966494312173551E-002	4,000000000000000E+000
2,1880861E-002	-9,149099445979414E-002	4,000000000000000E+000
2,0835135E-002	-9,321876033855980E-002	4,000000000000000E+000
1,9936521E-002	-9,498501288989125E-002	4,000000000000000E+000
1,8975493E-002	-9,649458047675163E-002	4,000000000000000E+000
1,7845273E-002	-9,786238986351981E-002	4,000000000000000E+000
1,6833300E-002	-9,968011304994828E-002	4,000000000000000E+000
1,5906446E-002	-1,015362276359354E-001	4,000000000000000E+000
1,4995367E-002	-1,052355710223005E-001	4,000000000000000E+000
1,2233314E-002	-1,092173637723763E-001	4,000000000000000E+000
9,7458977E-003	-1,113319215817481E-001	4,000000000000000E+000
8,8264765E-003	-1,129786219033926E-001	4,000000000000000E+000
7,7264057E-003	-1,146832114900461E-001	4,000000000000000E+000
6,8341573E-003	-1,162020254349856E-001	4,000000000000000E+000
5,8442601E-003	-1,179524311834634E-001	4,000000000000000E+000
4,7660526E-003	-1,191766618414675E-001	4,000000000000000E+000
3,7691498E-003	-1,207596313648132E-001	4,000000000000000E+000
2,7873188E-003	-1,229630368373664E-001	4,000000000000000E+000
1,8218331E-003	-1,237204858464085E-001	4,000000000000000E+000
8,2323188E-004	-1,264721280119065E-001	4,000000000000000E+000
-1,8131320E-004	-1,271648805898922E-001	4,000000000000000E+000
-1,2402027E-003	-1,288471081578682E-001	4,000000000000000E+000
-2,1534674E-003	-1,308095942820522E-001	4,000000000000000E+000
-3,1969608E-003	-1,323114376929064E-001	4,000000000000000E+000
-4,2729108E-003	-1,382515914350124E-001	4,000000000000000E+000
-5,2770320E-003	-1,353516007075084E-001	4,000000000000000E+000
-6,1688558E-003	-1,374141973210490E-001	4,000000000000000E+000
-7,1965400E-003	-1,380208553875688E-001	4,000000000000000E+000
-8,2038455E-003	-1,401681602001186E-001	4,000000000000000E+000
-9,1680586E-003	-1,418635262331608E-001	4,000000000000000E+000
-1,0244566E-002	-1,425281855691631E-001	4,000000000000000E+000
-1,1199438E-002	-1,448958552985764E-001	4,000000000000000E+000
-1,2203348E-002	-1,459380082346284E-001	4,000000000000000E+000
-1,3209379E-002	-1,484508458783638E-001	4,000000000000000E+000
-1,4238761E-002	-1,485246512521465E-001	4,000000000000000E+000
-1,5252646E-002	-1,509042918526871E-001	4,000000000000000E+000
-1,6114753E-002	-1,521162266532574E-001	4,000000000000000E+000
-1,7231382E-002	-1,539613274572826E-001	4,000000000000000E+000
-1,8181160E-002	-1,555530896617301E-001	4,000000000000000E+000
-1,9194407E-002	-1,575438884449087E-001	4,000000000000000E+000
-2,0220391E-002	-1,580522479618791E-001	4,000000000000000E+000
-2,1244256E-002	-1,602597829316634E-001	4,000000000000000E+000
-2,2223132E-002	-1,668276968153395E-001	4,000000000000000E+000
-2,3254374E-002	-1,644240763012518E-001	4,000000000000000E+000
-2,4185047E-002	-1,653846043627701E-001	4,000000000000000E+000
-2,5197234E-002	-1,674297870421362E-001	4,000000000000000E+000
-2,6174607E-002	-1,687811742562584E-001	4,000000000000000E+000
-2,7218428E-002	-1,699998875070974E-001	4,000000000000000E+000
-2,8117470E-002	-1,712393970616790E-001	4,000000000000000E+000
-2,9127743E-002	-1,728031648090101E-001	4,000000000000000E+000
-3,0218901E-002	-1,746864443800102E-001	4,000000000000000E+000
-3,1087585E-002	-1,759565891827342E-001	4,000000000000000E+000
-3,2254104E-002	-1,775941579318081E-001	4,000000000000000E+000
-3,3225745E-002	-1,784645468772690E-001	4,000000000000000E+000
-3,4185503E-002	-1,805152538646424E-001	4,000000000000000E+000
-3,5218921E-002	-1,820523022389449E-001	4,000000000000000E+000
-3,6103733E-002	-1,834456719354618E-001	4,000000000000000E+000
-3,7226520E-002	-1,853687102880532E-001	4,000000000000000E+000
-3,8215358E-002	-1,856795086577115E-001	4,000000000000000E+000
-3,9195064E-002	-1,876202564712397E-001	4,000000000000000E+000
-4,0235486E-002	-1,893125474841019E-001	4,000000000000000E+000
-4,1318160E-002	-1,970857116523093E-001	4,000000000000000E+000
-4,2155191E-002	-1,919223099119125E-001	4,000000000000000E+000
-4,3198567E-002	-1,944360833925503E-001	4,000000000000000E+000
-4,4229012E-002	-1,954876942327236E-001	4,000000000000000E+000
-4,5178153E-002	-1,971448788988501E-001	4,000000000000000E+000
-4,6172295E-002	-1,991723756331738E-001	4,000000000000000E+000
-4,7320765E-002	-2,003695659287676E-001	4,000000000000000E+000
-4,8211318E-002	-2,022668413766137E-001	4,000000000000000E+000
-4,9183808E-002	-2,038042078363811E-001	4,000000000000000E+000
-5,0179649E-002	-2,058208685678737E-001	4,000000000000000E+000
-5,1142801E-002	-2,060948759705444E-001	4,000000000000000E+000
-5,2129086E-002	-2,086929683056138E-001	4,000000000000000E+000
-5,3180762E-002	-2,103009626605648E-001	4,000000000000000E+000
-5,4228611E-002	-2,114669834134267E-001	4,000000000000000E+000
-5,5151220E-002	-2,138610454017498E-001	4,000000000000000E+000
-5,6177627E-002	-2,150979058222011E-001	4,000000000000000E+000
-5,7190452E-002	-2,166471490377763E-001	4,000000000000000E+000
-5,8272902E-002	-2,180915144918902E-001	4,000000000000000E+000
-5,9266623E-002	-2,200813643867141E-001	4,000000000000000E+000
-6,0183253E-002	-2,282681921238284E-001	4,000000000000000E+000
-6,1200529E-002	-2,231575924540978E-001	4,000000000000000E+000
-6,2243927E-002	-2,257248095184985E-001	4,000000000000000E+000
-6,3162282E-002	-2,276320571804202E-001	4,000000000000000E+000
-6,4176813E-002	-2,276769011384909E-001	4,000000000000000E+000
-6,5184325E-002	-2,303821987912267E-001	4,000000000000000E+000
-6,6100560E-002	-2,319391860574900E-001	4,000000000000000E+000
-6,7155205E-002	-2,329950280384052E-001	4,000000000000000E+000
-6,8223432E-002	-2,347731143624207E-001	4,000000000000000E+000
-6,9161750E-002	-2,367701711547037E-001	4,000000000000000E+000
-7,0233591E-002	-2,377659911419161E-001	4,000000000000000E+000
-7,1196534E-002	-2,396113034984504E-001	4,000000000000000E+000
-7,2163500E-002	-2,415167339042652E-001	4,000000000000000E+000
-7,3240861E-002	-2,424310099255900E-001	4,000000000000000E+000
-7,4222267E-002	-2,451459556921494E-001	4,000000000000000E+000
-7,5170770E-002	-2,463263999153327E-001	4,000000000000000E+000
-7,6224141E-002	-2,479074637716012E-001	4,000000000000000E+000
-7,7081785E-002	-2,491453777377810E-001	4,000000000000000E+000
-7,8215122E-002	-2,571924567843467E-001	4,000000000000000E+000
-7,9275735E-002	-2,525926313569977E-001	4,000000000000000E+000
-8,0262668E-002	-2,546735778450961E-001	4,000000000000000E+000
-8,1321768E-002	-2,560843438582694E-001	4,000000000000000E+000
-8,2281306E-002	-2,572635130749804E-001	4,000000000000000E+000
-8,3219625E-002	-2,590378732937895E-001	4,000000000000000E+000
-8,4207818E-002	-2,605924027609738E-001	4,000000000000000E+000
-8,5276909E-002	-2,611703390979923E-001	4,000000000000000E+000
-8,6160019E-002	-2,633629249305356E-001	4,000000000000000E+000
-8,7213390E-002	-2,646166506068166E-001	4,000000000000000E+000
-8,8199899E-002	-2,660754202709832E-001	4,000000000000000E+000
-8,9124836E-002	-2,673619994634961E-001	4,000000000000000E+000
-9,0155706E-002	-2,686317314704256E-001	4,000000000000000E+000
-9,1189116E-002	-2,705126671223994E-001	4,000000000000000E+000
-9,2191108E-002	-2,710909144435476E-001	4,000000000000000E+000
-9,3165308E-002	-2,722021220251909E-001	4,000000000000000E+000
-9,4187886E-002	-2,732229556422676E-001	4,000000000000000E+000
-9,5186494E-002	-2,741133901807997E-001	4,000000000000000E+000
-9,6217573E-002	-2,754650898019051E-001	4,000000000000000E+000
-9,7134866E-002	-2,767789236062912E-001	4,000000000000000E+000
-9,8202892E-002	-2,777693159619545E-001	4,000000000000000E+000
-9,9205516E-002	-2,796763431591289E-001	4,000000000000000E+000
-1,0023084E-001	-2,881002942514082E-001	4,000000000000000E+000
-1,0124686E-001	-2,827631727430138E-001	4,000000000000000E+000
-1,0230596E-001	-2,851625424292350E-001	4,000000000000000E+000
-1,0316785E-001	-2,863213596865535E-001	4,000000000000000E+000
-1,0418873E-001	-2,885250707363904E-001	4,000000000000000E+000
-1,0521557E-001	-2,900007448366111E-001	4,000000000000000E+000
-1,0618085E-001	-2,912203091610621E-001	4,000000000000000E+000
-1,0718199E-001	-2,941920814466550E-001	4,000000000000000E+000
-1,0815109E-001	-2,944267385432276E-001	4,000000000000000E+000
-1,0913866E-001	-2,970409625882486E-001	4,000000000000000E+000
-1,1011878E-001	-2,986291227862230E-001	4,000000000000000E+000
-1,1119998E-001	-3,006699633939789E-001	4,000000000000000E+000
-1,1219665E-001	-3,023967147649567E-001	4,000000000000000E+000
-1,1321075E-001	-3,038000424599470E-001	4,000000000000000E+000
-1,1417624E-001	-3,058364271031060E-001	4,000000000000000E+000
-1,1513599E-001	-3,075495162823545E-001	4,000000000000000E+000
-1,1616243E-001	-3,118065122204525E-001	4,000000000000000E+000
-1,1724461E-001	-3,144544137952225E-001	4,000000000000000E+000
-1,1817400E-001	-3,134291244981182E-001	4,000000000000000E+000
-1,1915477E-001	-3,152779165344919E-001	4,000000000000000E+000
-1,2021048E-001	-3,166934631816609E-001	4,000000000000000E+000
-1,2125218E-001	-3,186715221963830E-001	4,000000000000000E+000
-1,2228709E-001	-3,205238388747800E-001	4,000000000000000E+000
-1,2316469E-001	-3,223205838714609E-001	4,000000000000000E+000
-1,2423907E-001	-3,232374168001106E-001	4,000000000000000E+000
-1,2525743E-001	-3,249819859758832E-001	4,000000000000000E+000
-1,2615180E-001	-3,277648872592369E-001	4,000000000000000E+000
-1,2720688E-001	-3,295781846520369E-001	4,000000000000000E+000
-1,2818444E-001	-3,306947817974191E-001	4,000000000000000E+000
-1,2922592E-001	-3,326051848578364E-001	4,000000000000000E+000
-1,3022856E-001	-3,339684606374552E-001	4,000000000000000E+000
-1,3117006E-001	-3,359822551202445E-001	4,000000000000000E+000
-1,3219306E-001	-3,377659545900911E-001	4,000000000000000E+000
-1,3313657E-001	-3,456412353552878E-001	4,000000000000000E+000
-1,3424012E-001	-3,417144725616590E-001	4,000000000000000E+000
-1,3515700E-001	-3,433430437257297E-001	4,000000000000000E+000
-1,3620210E-001	-3,445410672057818E-001	4,000000000000000E+000
-1,3716610E-001	-3,465546612731281E-001	4,000000000000000E+000
-1,3810694E-001	-3,482134559760892E-001	4,000000000000000E+000
-1,3931403E-001	-3,497506089560272E-001	4,000000000000000E+000
-1,4026655E-001	-3,504256567038171E-001	4,000000000000000E+000
-1,4117324E-001	-3,524737366371675E-001	4,000000000000000E+000
-1,4217715E-001	-3,533819408104240E-001	4,000000000000000E+000
-1,4316726E-001	-3,551206927384336E-001	4,000000000000000E+000
-1,4416076E-001	-3,558425984552338E-001	4,000000000000000E+000
-1,4523494E-001	-3,573575069506960E-001	4,000000000000000E+000
-1,4618514E-001	-3,587227842977470E-001	4,000000000000000E+000
-1,4715444E-001	-3,602579164629169E-001	4,000000000000000E+000
-1,4816217E-001	-3,599902681954614E-001	4,000000000000000E+000
-1,4925653E-001	-3,612984903674157E-001	4,000000000000000E+000
-1,5017340E-001	-3,612403780894553E-001	4,000000000000000E+000
-1,5129237E-001	-3,617583763940857E-001	4,000000000000000E+000
-1,5209140E-001	-3,619896722181384E-001	4,000000000000000E+000
-1,5320720E-001	-3,634216142042219E-001	4,000000000000000E+000
-1,5419687E-001	-3,640457692090405E-001	4,000000000000000E+000
-1,5518847E-001	-3,660582086433557E-001	4,000000000000000E+000
-1,5621063E-001	-3,676346904701640E-001	4,000000000000000E+000
-1,5724574E-001	-3,683824805646281E-001	4,000000000000000E+000
-1,5808573E-001	-3,778917605781720E-001	4,000000000000000E+000
-1,5914972E-001	-3,729263256666119E-001	4,000000000000000E+000
-1,6021925E-001	-3,751908019185053E-001	4,000000000000000E+000
-1,6121021E-001	-3,776991842314592E-001	4,000000000000000E+000
-1,6209605E-001	-3,793632809538385E-001	4,000000000000000E+000
-1,6314225E-001	-3,811661577783516E-001	4,000000000000000E+000
-1,6420707E-001	-3,835588517443576E-001	4,000000000000000E+000
-1,6510928E-001	-3,855972491825606E-001	4,000000000000000E+000
-1,6625543E-001	-3,874681302242796E-001	4,000000000000000E+000
-1,6716209E-001	-3,904048148801347E-001	4,000000000000000E+000
-1,6821145E-001	-3,916697405899559E-001	4,000000000000000E+000
-1,6925208E-001	-3,954363062770829E-001	4,000000000000000E+000
-1,7019549E-001	-3,961119958872159E-001	4,000000000000000E+000
-1,7118780E-001	-4,028093702056328E-001	4,000000000000000E+000
-1,7208630E-001	-4,031476459672874E-001	4,000000000000000E+000
-1,7321821E-001	-4,033870970985542E-001	4,000000000000000E+000
-1,7414653E-001	-4,061127346422917E-001	4,000000000000000E+000
-1,7514624E-001	-4,076425651502271E-001	4,000000000000000E+000
-1,7615564E-001	-4,094812033128812E-001	4,000000000000000E+000
-1,7726888E-001	-4,129479632764639E-001	4,000000000000000E+000
-1,7822544E-001	-4,136476333822214E-001	4,000000000000000E+000
-1,7919560E-001	-4,161044569272123E-001	4,000000000000000E+000
-1,8018764E-001	-4,181541276630001E-001	4,000000000000000E+000
-1,8113166E-001	-4,208656672077860E-001	4,000000000000000E+000
-1,8214725E-001	-4,223183143573506E-001	4,000000000000000E+000
-1,8325624E-001	-4,248671040921987E-001	4,000000000000000E+000
-1,8412641E-001	-4,261567552780932E-001	4,000000000000000E+000
-1,8518305E-001	-4,352226660638632E-001	4,000000000000000E+000
-1,8617770E-001	-4,309065060483065E-001	4,000000000000000E+000
-1,8714553E-001	-4,342594969396778E-001	4,000000000000000E+000
-1,8818723E-001	-4,347211847909627E-001	4,000000000000000E+000
-1,8915081E-001	-4,370784552560893E-001	4,000000000000000E+000
-1,9015174E-001	-4,397133637167912E-001	4,000000000000000E+000
-1,9118239E-001	-4,414627906711122E-001	4,000000000000000E+000
-1,9213621E-001	-4,431822211222931E-001	4,000000000000000E+000
-1,9319233E-001	-4,451658324493710E-001	4,000000000000000E+000
-1,9422469E-001	-4,472907670359625E-001	4,000000000000000E+000
-1,9516365E-001	-4,483644278306089E-001	4,000000000000000E+000
-1,9617602E-001	-4,505662313765941E-001	4,000000000000000E+000
-1,9720246E-001	-4,515907789270066E-001	4,000000000000000E+000
-1,9822802E-001	-4,530676041160600E-001	4,000000000000000E+000
-1,9916764E-001	-4,542418865353905E-001	4,000000000000000E+000
-1,9913778E-001	-4,545611739158630E-001	4,000000000000000E+000
-1,9978800E-001	-4,544790983200073E-001	4,000000000000000E+000
-1,9904959E-001	-3,435824748335610E-001	4,000000000000000E+000
-1,9779423E-001	-3,149089560661773E-001	4,000000000000000E+000
-1,9694713E-001	-3,143042706004842E-001	4,000000000000000E+000
-1,9579925E-001	-3,028296844826800E-001	4,000000000000000E+000
-1,9490826E-001	-2,963020481013983E-001	4,000000000000000E+000
-1,9376129E-001	-2,878952920436846E-001	4,000000000000000E+000
-1,9269577E-001	-2,787292099868264E-001	4,000000000000000E+000
-1,9208783E-001	-2,701927625263725E-001	4,000000000000000E+000
-1,9082916E-001	-2,664335339278390E-001	4,000000000000000E+000
-1,8982910E-001	-2,604072634389403E-001	4,000000000000000E+000
-1,8893026E-001	-2,560839172090494E-001	4,000000000000000E+000
-1,8785806E-001	-2,443223394350036E-001	4,000000000000000E+000
-1,8673822E-001	-2,460410502066628E-001	4,000000000000000E+000
-1,8585977E-001	-2,423558308251401E-001	4,000000000000000E+000
-1,8483612E-001	-2,386843002297807E-001	4,000000000000000E+000
-1,8386236E-001	-2,359973463074603E-001	4,000000000000000E+000
-1,8283105E-001	-2,329884549706338E-001	4,000000000000000E+000
-1,8178956E-001	-2,303507086795027E-001	4,000000000000000E+000
-1,8081030E-001	-2,271363127510990E-001	4,000000000000000E+000
-1,7997389E-001	-2,246710992702781E-001	4,000000000000000E+000
-1,7885560E-001	-2,190038904987484E-001	4,000000000000000E+000
-1,7787206E-001	-2,170168005266318E-001	4,000000000000000E+000
-1,7679851E-001	-2,163051668968459E-001	4,000000000000000E+000
-1,7580415E-001	-2,140902044096342E-001	4,000000000000000E+000
-1,7494948E-001	-2,118985673231581E-001	4,000000000000000E+000
-1,7387722E-001	-2,095760682778847E-001	4,000000000000000E+000
-1,7282939E-001	-2,079317086997126E-001	4,000000000000000E+000
-1,7176645E-001	-2,059375224893700E-001	4,000000000000000E+000
-1,7079374E-001	-2,030518461769026E-001	4,000000000000000E+000
-1,6996242E-001	-2,011482156425091E-001	4,000000000000000E+000
-1,6889185E-001	-1,984332696431208E-001	4,000000000000000E+000
-1,6788159E-001	-1,958622243772772E-001	4,000000000000000E+000
-1,6686536E-001	-1,944086310815885E-001	4,000000000000000E+000
-1,6583462E-001	-1,857767536356626E-001	4,000000000000000E+000
-1,6477330E-001	-1,894706652836040E-001	4,000000000000000E+000
-1,6385175E-001	-1,864329182491113E-001	4,000000000000000E+000
-1,6289985E-001	-1,846074466076163E-001	4,000000000000000E+000
-1,6191272E-001	-1,827917192001918E-001	4,000000000000000E+000
-1,6084406E-001	-1,802504715871893E-001	4,000000000000000E+000
-1,5977477E-001	-1,785633697226221E-001	4,000000000000000E+000
-1,5891328E-001	-1,765370543192444E-001	4,000000000000000E+000
-1,5799432E-001	-1,737768203796192E-001	4,000000000000000E+000
-1,5684901E-001	-1,719494470679712E-001	4,000000000000000E+000
-1,5584214E-001	-1,695654485245344E-001	4,000000000000000E+000
-1,5486604E-001	-1,673602328972060E-001	4,000000000000000E+000
-1,5387255E-001	-1,655714480697892E-001	4,000000000000000E+000
-1,5285623E-001	-1,589410773142135E-001	4,000000000000000E+000
-1,5185775E-001	-1,589511448595040E-001	4,000000000000000E+000
-1,5093556E-001	-1,588663181885035E-001	4,000000000000000E+000
-1,4988835E-001	-1,555874557234342E-001	4,000000000000000E+000
-1,4888932E-001	-1,540324740991408E-001	4,000000000000000E+000
-1,4782025E-001	-1,512946390107066E-001	4,000000000000000E+000
-1,4683373E-001	-1,491206981526272E-001	4,000000000000000E+000
-1,4594002E-001	-1,472540784161530E-001	4,000000000000000E+000
-1,4475927E-001	-1,437947303444759E-001	4,000000000000000E+000
-1,4383179E-001	-1,417403052198798E-001	4,000000000000000E+000
-1,4287266E-001	-1,394904606923868E-001	4,000000000000000E+000
-1,4185134E-001	-1,364470032405931E-001	4,000000000000000E+000
-1,4094353E-001	-1,298095282529374E-001	4,000000000000000E+000
-1,3989748E-001	-1,298294551670551E-001	4,000000000000000E+000
-1,3887766E-001	-1,278871249329914E-001	4,000000000000000E+000
-1,3791493E-001	-1,259468063686244E-001	4,000000000000000E+000
-1,3687280E-001	-1,225880772819643E-001	4,000000000000000E+000
-1,3581245E-001	-1,184093581719528E-001	4,000000000000000E+000
-1,3487838E-001	-1,165300050051876E-001	4,000000000000000E+000
-1,3383943E-001	-1,132753209611912E-001	4,000000000000000E+000
-1,3280942E-001	-1,105114876861788E-001	4,000000000000000E+000
-1,3195769E-001	-1,084209074744849E-001	4,000000000000000E+000
-1,3090843E-001	-1,021232895307345E-001	4,000000000000000E+000
-1,2988092E-001	-1,008526101100460E-001	4,000000000000000E+000
-1,2884305E-001	-1,013170688464821E-001	4,000000000000000E+000
-1,2792534E-001	-9,957684497607633E-002	4,000000000000000E+000
-1,2686242E-001	-9,725975851243751E-002	4,000000000000000E+000
-1,2595467E-001	-9,609384797254752E-002	4,000000000000000E+000
-1,2488198E-001	-9,412404753836878E-002	4,000000000000000E+000
-1,2381715E-001	-9,288836413502843E-002	4,000000000000000E+000
-1,2286843E-001	-9,108069700758070E-002	4,000000000000000E+000
-1,2184501E-001	-9,009844851162632E-002	4,000000000000000E+000
-1,2082771E-001	-8,833744296053819E-002	4,000000000000000E+000
-1,1984077E-001	-8,590360529746643E-002	4,000000000000000E+000
-1,1891883E-001	-8,548782564725466E-002	4,000000000000000E+000
-1,1792022E-001	-8,360995839919072E-002	4,000000000000000E+000
-1,1695855E-001	-8,141663030902280E-002	4,000000000000000E+000
-1,1588077E-001	-8,069576567504555E-002	4,000000000000000E+000
-1,1490616E-001	-7,852099011910840E-002	4,000000000000000E+000
-1,1381648E-001	-7,727778080152292E-002	4,000000000000000E+000
-1,1289260E-001	-7,602236643692262E-002	4,000000000000000E+000
-1,1194976E-001	-6,721138995554693E-002	4,000000000000000E+000
-1,1080840E-001	-7,191204343689578E-002	4,000000000000000E+000
-1,0992784E-001	-7,007892595397047E-002	4,000000000000000E+000
-1,0890587E-001	-6,888586992216775E-002	4,000000000000000E+000
-1,0793656E-001	-6,719156236310153E-002	4,000000000000000E+000
-1,0706173E-001	-6,535526429070138E-002	4,000000000000000E+000
-1,0586400E-001	-6,359828130937073E-002	4,000000000000000E+000
-1,0479897E-001	-6,297391876837022E-002	4,000000000000000E+000
-1,0390523E-001	-6,011931730770603E-002	4,000000000000000E+000
-1,0292297E-001	-5,877037830780163E-002	4,000000000000000E+000
-1,0182502E-001	-5,753490591369970E-002	4,000000000000000E+000
-1,0086081E-001	-5,509025694724801E-002	4,000000000000000E+000
-9,9857315E-002	-5,385573812398203E-002	4,000000000000000E+000
-9,8850437E-002	-5,226078702900039E-002	4,000000000000000E+000
-9,7923175E-002	-5,093656098405407E-002	4,000000000000000E+000
-9,6865125E-002	-4,868055750395994E-002	4,000000000000000E+000
-9,5866099E-002	-4,835320899211271E-002	4,000000000000000E+000
-9,4944194E-002	-3,862403044412438E-002	4,000000000000000E+000
-9,3905643E-002	-4,423556770456716E-002	4,000000000000000E+000
-9,2813648E-002	-4,142189861158840E-002	4,000000000000000E+000
-9,1825664E-002	-4,025885251919836E-002	4,000000000000000E+000
-9,0869516E-002	-3,796106830122858E-002	4,000000000000000E+000
-8,8514321E-002	-3,743751005505405E-002	4,000000000000000E+000
-8,5697770E-002	-4,080381607572123E-002	4,000000000000000E+000
-8,4961757E-002	-3,145995207564223E-002	4,000000000000000E+000
-8,3915599E-002	-2,242007691206205E-002	4,000000000000000E+000
-8,2877092E-002	-2,041902972107185E-002	4,000000000000000E+000
-8,1838585E-002	-2,122036473560401E-002	4,000000000000000E+000
-8,0912374E-002	-2,016784382026843E-002	4,000000000000000E+000
-7,9985529E-002	-1,766585921318940E-002	4,000000000000000E+000
-7,8974105E-002	-1,196561273051579E-002	4,000000000000000E+000
-7,7938035E-002	-7,265738666723723E-003	4,000000000000000E+000
-7,6808676E-002	-9,377589226157071E-003	4,000000000000000E+000
-7,5923435E-002	-9,624691108506805E-003	4,000000000000000E+000
-7,4847139E-002	-6,565203839676934E-003	4,000000000000000E+000
-7,3929198E-002	-3,790331610515646E-003	4,000000000000000E+000
-7,2907880E-002	-2,602359960292226E-003	4,000000000000000E+000
-7,1898669E-002	-1,633988269127761E-003	4,000000000000000E+000
-7,1016826E-002	-2,773187081730718E-005	4,000000000000000E+000
-6,9794476E-002	1,745316382160446E-003	4,000000000000000E+000
-6,8937682E-002	3,527910258627448E-003	4,000000000000000E+000
-6,7926764E-002	4,844523561688338E-003	4,000000000000000E+000
-6,6998862E-002	5,856475755232776E-003	4,000000000000000E+000
-6,5887533E-002	7,881652711754839E-003	4,000000000000000E+000
-6,4921193E-002	9,332147727642848E-003	4,000000000000000E+000
-6,3959964E-002	1,066457426996859E-002	4,000000000000000E+000
-6,2943943E-002	1,230562918337658E-002	4,000000000000000E+000
-6,1933361E-002	1,495010910892036E-002	4,000000000000000E+000
-6,0878634E-002	2,033610474932693E-002	4,000000000000000E+000
-5,9817404E-002	1,926682475540384E-002	4,000000000000000E+000
-5,8906902E-002	1,766860862294889E-002	4,000000000000000E+000
-5,7913180E-002	1,900502490914535E-002	4,000000000000000E+000
-5,7037704E-002	2,133930609529167E-002	4,000000000000000E+000
-5,6046531E-002	2,369591361881851E-002	4,000000000000000E+000
-5,4863032E-002	2,499655648716732E-002	4,000000000000000E+000
-5,3900305E-002	2,565583383936133E-002	4,000000000000000E+000
-5,2960292E-002	2,764186343605013E-002	4,000000000000000E+000
-5,1843449E-002	2,890486369950757E-002	4,000000000000000E+000
-5,0981767E-002	3,030203982618540E-002	4,000000000000000E+000
-4,9968094E-002	3,195515376541580E-002	4,000000000000000E+000
-4,8951238E-002	3,352027849177847E-002	4,000000000000000E+000
-4,8082769E-002	3,552653267009506E-002	4,000000000000000E+000
-4,6922192E-002	3,740185657968886E-002	4,000000000000000E+000
-4,5949914E-002	3,847440240982308E-002	4,000000000000000E+000
-4,4990588E-002	3,947937638925714E-002	4,000000000000000E+000
-4,3944858E-002	4,137112652663044E-002	4,000000000000000E+000
-4,2989325E-002	4,353472640246370E-002	4,000000000000000E+000
-4,2068902E-002	4,936627438615293E-002	4,000000000000000E+000
-4,0822145E-002	4,940597299072483E-002	4,000000000000000E+000
-3,9968103E-002	4,739242941529198E-002	4,000000000000000E+000
-3,8997315E-002	4,802481155557986E-002	4,000000000000000E+000
-3,7943307E-002	5,089164009809311E-002	4,000000000000000E+000
-3,7121322E-002	5,343868069919855E-002	4,000000000000000E+000
-3,5893034E-002	5,435515727408047E-002	4,000000000000000E+000
-3,4800179E-002	5,568643598881984E-002	4,000000000000000E+000
-3,3903901E-002	5,719403489557529E-002	4,000000000000000E+000
-3,2987025E-002	5,857381867180167E-002	4,000000000000000E+000
-3,2088619E-002	6,054639149483099E-002	4,000000000000000E+000
-3,1005101E-002	6,284284761770531E-002	4,000000000000000E+000
-2,9886775E-002	6,421279421516024E-002	4,000000000000000E+000
-2,9130599E-002	6,541829111908282E-002	4,000000000000000E+000
-2,7946463E-002	6,740448580563310E-002	4,000000000000000E+000
-2,6999233E-002	6,883472748126618E-002	4,000000000000000E+000
-2,6061555E-002	7,063449452269044E-002	4,000000000000000E+000
-2,5034983E-002	7,355652482429931E-002	4,000000000000000E+000
-2,3976291E-002	7,950229036052603E-002	4,000000000000000E+000
-2,2862419E-002	7,868445201569974E-002	4,000000000000000E+000
-2,2031305E-002	7,689886999368256E-002	4,000000000000000E+000
-2,0959895E-002	7,853763008541947E-002	4,000000000000000E+000
-2,0068282E-002	8,147574915912870E-002	4,000000000000000E+000
-1,9031895E-002	8,343663631239939E-002	4,000000000000000E+000
-1,7909743E-002	8,491929738859993E-002	4,000000000000000E+000
-1,7103683E-002	8,619460457703135E-002	4,000000000000000E+000
-1,5952874E-002	8,757439231137892E-002	4,000000000000000E+000
-1,4930072E-002	8,962422503908696E-002	4,000000000000000E+000
-1,4138446E-002	9,060436787937487E-002	4,000000000000000E+000
-1,3033492E-002	9,196356984709109E-002	4,000000000000000E+000
-1,1871008E-002	9,428574142900001E-002	4,000000000000000E+000
-1,0990010E-002	9,607666186962516E-002	4,000000000000000E+000
-9,9920454E-003	9,712496134711235E-002	4,000000000000000E+000
-8,8541880E-003	9,852114639296716E-002	4,000000000000000E+000
-7,9986630E-003	1,001886946679509E-001	4,000000000000000E+000
-7,0820022E-003	1,014101279498495E-001	4,000000000000000E+000
-6,0174405E-003	1,051698427505070E-001	4,000000000000000E+000
-3,3711460E-003	1,088474192596873E-001	4,000000000000000E+000
-9,2420937E-004	1,108074808144013E-001	4,000000000000000E+000
1,4444506E-004	1,129797108911188E-001	4,000000000000000E+000
1,1878378E-003	1,140311015834516E-001	4,000000000000000E+000
2,2032093E-003	1,160003705493486E-001	4,000000000000000E+000
3,0411137E-003	1,173911902005783E-001	4,000000000000000E+000
4,0244306E-003	1,189949441727048E-001	4,000000000000000E+000
5,1854271E-003	1,200289403592856E-001	4,000000000000000E+000
5,7357899E-003	1,223600725643337E-001	4,000000000000000E+000
6,0524070E-003	1,227967105805874E-001	5,000000000000000E+000
6,6989139E-003	1,229434471913717E-001	5,000000000000000E+000
7,6692821E-003	1,243595061694380E-001	5,000000000000000E+000
8,6780721E-003	1,263325946638363E-001	5,000000000000000E+000
9,6841035E-003	1,273953334376635E-001	5,000000000000000E+000
1,0728559E-002	1,293493271805350E-001	5,000000000000000E+000
1,1661777E-002	1,305950835683483E-001	5,000000000000000E+000
1,2647581E-002	1,382378202785433E-001	5,000000000000000E+000
1,3666164E-002	1,343170955725426E-001	5,000000000000000E+000
1,4708919E-002	1,362188147613786E-001	5,000000000000000E+000
1,5646596E-002	1,371046747210336E-001	5,000000000000000E+000
1,6660692E-002	1,389060909989190E-001	5,000000000000000E+000
1,7752063E-002	1,404118570240422E-001	5,000000000000000E+000
1,8706083E-002	1,421194237191235E-001	5,000000000000000E+000
1,9629749E-002	1,433728130715388E-001	5,000000000000000E+000
2,0742984E-002	1,451314864162774E-001	5,000000000000000E+000
2,1717597E-002	1,465600619816954E-001	5,000000000000000E+000
2,2660580E-002	1,478513032197958E-001	5,000000000000000E+000
2,3755556E-002	1,495122135513360E-001	5,000000000000000E+000
2,4656083E-002	1,513105469833442E-001	5,000000000000000E+000
2,5778444E-002	1,533749457578080E-001	5,000000000000000E+000
2,6820991E-002	1,547092469150406E-001	5,000000000000000E+000
2,7732981E-002	1,557185396215779E-001	5,000000000000000E+000
2,8679784E-002	1,572798695544613E-001	5,000000000000000E+000
2,9642297E-002	1,591845702302330E-001	5,000000000000000E+000
3,0650664E-002	1,599363878033024E-001	5,000000000000000E+000
3,1790297E-002	1,683761194451828E-001	5,000000000000000E+000
3,2824449E-002	1,635739979748099E-001	5,000000000000000E+000
3,3724554E-002	1,657715648179878E-001	5,000000000000000E+000
3,4659684E-002	1,667562582038549E-001	5,000000000000000E+000
3,5713267E-002	1,676605588808244E-001	5,000000000000000E+000
3,6657732E-002	1,697767102547616E-001	5,000000000000000E+000
3,7686907E-002	1,710594747241386E-001	5,000000000000000E+000
3,8777847E-002	1,729877058985747E-001	5,000000000000000E+000
3,9678589E-002	1,747091669563416E-001	5,000000000000000E+000
4,0693112E-002	1,760272379162624E-001	5,000000000000000E+000
4,1714430E-002	1,772699218709034E-001	5,000000000000000E+000
4,2686280E-002	1,789406835256771E-001	5,000000000000000E+000
4,3649431E-002	1,808235358912502E-001	5,000000000000000E+000
4,4660982E-002	1,819702635596814E-001	5,000000000000000E+000
4,5738764E-002	1,845687611623567E-001	5,000000000000000E+000
4,6659246E-002	1,851517674771863E-001	5,000000000000000E+000
4,7650415E-002	1,871149982067041E-001	5,000000000000000E+000
4,8659418E-002	1,885726322006036E-001	5,000000000000000E+000
4,9720012E-002	1,903505035184537E-001	5,000000000000000E+000
5,0725844E-002	1,965737850017231E-001	5,000000000000000E+000
5,1754966E-002	1,942078181050931E-001	5,000000000000000E+000
5,2685637E-002	1,957252419605440E-001	5,000000000000000E+000
5,3660244E-002	1,972663205039376E-001	5,000000000000000E+000
5,4752033E-002	1,987866295320508E-001	5,000000000000000E+000
5,5642806E-002	2,001713977143589E-001	5,000000000000000E+000
5,6700204E-002	2,021268850787452E-001	5,000000000000000E+000
5,7749540E-002	2,028951353988515E-001	5,000000000000000E+000
5,8684673E-002	2,053570763544290E-001	5,000000000000000E+000
5,9651222E-002	2,066250060322807E-001	5,000000000000000E+000
6,0705863E-002	2,078326960068408E-001	5,000000000000000E+000
6,1767727E-002	2,097471384202239E-001	5,000000000000000E+000
6,2635340E-002	2,114301045787423E-001	5,000000000000000E+000
6,3703790E-002	2,131158238432065E-001	5,000000000000000E+000
6,4724036E-002	2,149563567945738E-001	5,000000000000000E+000
6,5574251E-002	2,154311041813353E-001	5,000000000000000E+000
6,6655651E-002	2,182173080250829E-001	5,000000000000000E+000
6,7630470E-002	2,190571395654448E-001	5,000000000000000E+000
6,8666302E-002	2,274204170357228E-001	5,000000000000000E+000
6,9658220E-002	2,226192455919866E-001	5,000000000000000E+000
7,0712440E-002	2,252304856148032E-001	5,000000000000000E+000
7,1612321E-002	2,263218393523463E-001	5,000000000000000E+000
7,2768427E-002	2,277055563431025E-001	5,000000000000000E+000
7,3704414E-002	2,291490861809713E-001	5,000000000000000E+000
7,4657582E-002	2,307006680122070E-001	5,000000000000000E+000
7,5712651E-002	2,321896829978667E-001	5,000000000000000E+000
7,6634198E-002	2,345835308078676E-001	5,000000000000000E+000
7,7646390E-002	2,354463857417510E-001	5,000000000000000E+000
7,8683622E-002	2,369863059785635E-001	5,000000000000000E+000
7,9601772E-002	2,383109575732507E-001	5,000000000000000E+000
8,0710120E-002	2,402751364538238E-001	5,000000000000000E+000
8,1663512E-002	2,407803128654558E-001	5,000000000000000E+000
8,2695864E-002	2,426518225240413E-001	5,000000000000000E+000
8,3740734E-002	2,446572385573145E-001	5,000000000000000E+000
8,4861830E-002	2,455485027749096E-001	5,000000000000000E+000
8,5667245E-002	2,467584133976037E-001	5,000000000000000E+000
8,6681984E-002	2,482861344081657E-001	5,000000000000000E+000
8,7802224E-002	2,486132805546133E-001	5,000000000000000E+000
8,8647574E-002	2,560814598368284E-001	5,000000000000000E+000
8,9620017E-002	2,531880412716427E-001	5,000000000000000E+000
9,0663828E-002	2,534789184832751E-001	5,000000000000000E+000
9,1690458E-002	2,548105634697198E-001	5,000000000000000E+000
9,2703700E-002	2,556617500053529E-001	5,000000000000000E+000
9,3638197E-002	2,571643325241504E-001	5,000000000000000E+000
9,4685405E-002	2,582588975524738E-001	5,000000000000000E+000
9,5732197E-002	2,598780184311593E-001	5,000000000000000E+000
9,6668392E-002	2,617620405120169E-001	5,000000000000000E+000
9,7706899E-002	2,630061933046415E-001	5,000000000000000E+000
9,8750286E-002	2,647393281157644E-001	5,000000000000000E+000
9,9593081E-002	2,667753887621487E-001	5,000000000000000E+000
1,0068168E-001	2,676914688717171E-001	5,000000000000000E+000
1,0176075E-001	2,698523586667667E-001	5,000000000000000E+000
1,0262137E-001	2,723231992891266E-001	5,000000000000000E+000
1,0367177E-001	2,730955850177770E-001	5,000000000000000E+000
1,0474657E-001	2,753678310352075E-001	5,000000000000000E+000
1,0563840E-001	2,762488004906727E-001	5,000000000000000E+000
1,0673805E-001	2,786731841042647E-001	5,000000000000000E+000
1,0769208E-001	2,875112253758649E-001	5,000000000000000E+000
1,0868385E-001	2,820769820827995E-001	5,000000000000000E+000
1,0968711E-001	2,847251271208129E-001	5,000000000000000E+000
1,1066830E-001	2,860670724831942E-001	5,000000000000000E+000
1,1165693E-001	2,876404997271793E-001	5,000000000000000E+000
1,1271773E-001	2,898001912463872E-001	5,000000000000000E+000
1,1381695E-001	2,906055860480112E-001	5,000000000000000E+000
1,1452451E-001	2,929061055183416E-001	5,000000000000000E+000
1,1561503E-001	2,946383726472654E-001	5,000000000000000E+000
1,1669665E-001	2,962586629049238E-001	5,000000000000000E+000
1,1764874E-001	2,979912723983751E-001	5,000000000000000E+000
1,1874881E-001	3,001378426949191E-001	5,000000000000000E+000
1,1967460E-001	3,011612311109082E-001	5,000000000000000E+000
1,2062906E-001	3,033321973246847E-001	5,000000000000000E+000
1,2165058E-001	3,049040186839806E-001	5,000000000000000E+000
1,2266170E-001	3,067188891323505E-001	5,000000000000000E+000
1,2374840E-001	3,080531922427729E-001	5,000000000000000E+000
1,2463217E-001	3,152315896521860E-001	5,000000000000000E+000
1,2573008E-001	3,125659499783073E-001	5,000000000000000E+000
1,2667201E-001	3,137978306298869E-001	5,000000000000000E+000
1,2776443E-001	3,162883848934956E-001	5,000000000000000E+000
1,2869278E-001	3,171428448727571E-001	5,000000000000000E+000
1,2972194E-001	3,190125427984949E-001	5,000000000000000E+000
1,3071288E-001	3,204646673467439E-001	5,000000000000000E+000
1,3169090E-001	3,226163217073532E-001	5,000000000000000E+000
1,3272516E-001	3,227867282306160E-001	5,000000000000000E+000
1,3368176E-001	3,252812422967208E-001	5,000000000000000E+000
1,3462855E-001	3,271407572966485E-001	5,000000000000000E+000
1,3568191E-001	3,281069638776706E-001	5,000000000000000E+000
1,3672742E-001	3,289049500340817E-001	5,000000000000000E+000
1,3770226E-001	3,310130180584072E-001	5,000000000000000E+000
1,3866477E-001	3,326352109304729E-001	5,000000000000000E+000
1,3981028E-001	3,328786676801334E-001	5,000000000000000E+000
1,4055879E-001	3,353595063866446E-001	5,000000000000000E+000
1,4162767E-001	3,352403156718040E-001	5,000000000000000E+000
1,4265259E-001	3,374617421068260E-001	5,000000000000000E+000
1,4370447E-001	3,377448713872591E-001	5,000000000000000E+000
1,4470500E-001	3,388191510457550E-001	5,000000000000000E+000
1,4564711E-001	3,460049709667361E-001	5,000000000000000E+000
1,4667372E-001	3,397802065592268E-001	5,000000000000000E+000
1,4762752E-001	3,409678339958196E-001	5,000000000000000E+000
1,4870340E-001	3,414049397688363E-001	5,000000000000000E+000
1,4970390E-001	3,421886843215276E-001	5,000000000000000E+000
1,5069720E-001	3,436524618106587E-001	5,000000000000000E+000
1,5170386E-001	3,447915580537608E-001	5,000000000000000E+000
1,5266003E-001	3,465942209069115E-001	5,000000000000000E+000
1,5372422E-001	3,481025663463206E-001	5,000000000000000E+000
1,5457338E-001	3,503741372842359E-001	5,000000000000000E+000
1,5569064E-001	3,521425498959934E-001	5,000000000000000E+000
1,5662852E-001	3,544745847789805E-001	5,000000000000000E+000
1,5765239E-001	3,556874772119860E-001	5,000000000000000E+000
1,5865885E-001	3,579822948150744E-001	5,000000000000000E+000
1,5962774E-001	3,598468196837024E-001	5,000000000000000E+000
1,6066602E-001	3,625098965130746E-001	5,000000000000000E+000
1,6170178E-001	3,641620848017453E-001	5,000000000000000E+000
1,6272140E-001	3,664811808202009E-001	5,000000000000000E+000
1,6361395E-001	3,730846328091710E-001	5,000000000000000E+000
1,6462007E-001	3,718022026069896E-001	5,000000000000000E+000
1,6559659E-001	3,737444264245124E-001	5,000000000000000E+000
1,6663745E-001	3,751913300042777E-001	5,000000000000000E+000
1,6768189E-001	3,770464956760414E-001	5,000000000000000E+000
1,6864951E-001	3,796800155865254E-001	5,000000000000000E+000
1,6963941E-001	3,810134728749599E-001	5,000000000000000E+000
1,7071696E-001	3,831889000203890E-001	5,000000000000000E+000
1,7177120E-001	3,850178420543686E-001	5,000000000000000E+000
1,7259869E-001	3,872748225047769E-001	5,000000000000000E+000
1,7369092E-001	3,891235194168994E-001	5,000000000000000E+000
1,7468292E-001	3,917422833490298E-001	5,000000000000000E+000
1,7562060E-001	3,934820768578611E-001	5,000000000000000E+000
1,7666930E-001	3,945544675096052E-001	5,000000000000000E+000
1,7768806E-001	3,976434397045532E-001	5,000000000000000E+000
1,7866452E-001	4,057508351074337E-001	5,000000000000000E+000
1,7958568E-001	4,018405956578351E-001	5,000000000000000E+000
1,8068425E-001	4,038620373596356E-001	5,000000000000000E+000
1,8161833E-001	4,055997060301411E-001	5,000000000000000E+000
1,8260102E-001	4,073471523200487E-001	5,000000000000000E+000
1,8368366E-001	4,094334880614459E-001	5,000000000000000E+000
1,8466552E-001	4,114789937933294E-001	5,000000000000000E+000
1,8559937E-001	4,126670859598871E-001	5,000000000000000E+000
1,8668097E-001	4,154166916333564E-001	5,000000000000000E+000
1,8763733E-001	4,164974712766734E-001	5,000000000000000E+000
1,8860216E-001	4,188885729397756E-001	5,000000000000000E+000
1,8969971E-001	4,201281674258008E-001	5,000000000000000E+000
1,9065902E-001	4,217492107871101E-001	5,000000000000000E+000
1,9166122E-001	4,229026104892717E-001	5,000000000000000E+000
1,9266620E-001	4,243700825609291E-001	5,000000000000000E+000
1,9366246E-001	4,261742772327537E-001	5,000000000000000E+000
1,9463708E-001	4,266546287366921E-001	5,000000000000000E+000
1,9565262E-001	4,348104699359574E-001	5,000000000000000E+000
1,9672638E-001	4,290545010784019E-001	5,000000000000000E+000
1,9768170E-001	4,301316736576485E-001	5,000000000000000E+000
1,9867943E-001	4,314552601168149E-001	5,000000000000000E+000
1,9964853E-001	4,310734351683001E-001	5,000000000000000E+000
2,0033751E-001	4,307060085702705E-001	5,000000000000000E+000
2,0047024E-001	4,294363558292389E-001	5,000000000000000E+000
2,0006351E-001	3,178160003800379E-001	5,000000000000000E+000
1,9864756E-001	2,922620078704004E-001	5,000000000000000E+000
1,9782872E-001	2,868260933189761E-001	5,000000000000000E+000
1,9691153E-001	2,736270733229415E-001	5,000000000000000E+000
1,9580680E-001	2,678714312561272E-001	5,000000000000000E+000
1,9485396E-001	2,571254335343844E-001	5,000000000000000E+000
1,9372642E-001	2,537908899442609E-001	5,000000000000000E+000
1,9281188E-001	2,498764297924927E-001	5,000000000000000E+000
1,9181243E-001	2,451888205121380E-001	5,000000000000000E+000
1,9072531E-001	2,417425182130610E-001	5,000000000000000E+000
1,8983367E-001	2,382081996183847E-001	5,000000000000000E+000
1,8880410E-001	2,345381608595041E-001	5,000000000000000E+000
1,8781106E-001	2,245834227780721E-001	5,000000000000000E+000
1,8683200E-001	2,280260267693350E-001	5,000000000000000E+000
1,8582173E-001	2,248936975116123E-001	5,000000000000000E+000
1,8483903E-001	2,221013512203687E-001	5,000000000000000E+000
1,8386847E-001	2,194830009118762E-001	5,000000000000000E+000
1,8285775E-001	2,171470385510479E-001	5,000000000000000E+000
1,8180947E-001	2,139810141977956E-001	5,000000000000000E+000
1,8081895E-001	2,116062310394937E-001	5,000000000000000E+000
1,7985113E-001	2,096906270857699E-001	5,000000000000000E+000
1,7875592E-001	2,064115400555444E-001	5,000000000000000E+000
1,7789710E-001	2,032962916677616E-001	5,000000000000000E+000
1,7669614E-001	1,970070563644797E-001	5,000000000000000E+000
1,7581491E-001	1,997012165245706E-001	5,000000000000000E+000
1,7488466E-001	1,962542799560152E-001	5,000000000000000E+000
1,7371988E-001	1,944402515655388E-001	5,000000000000000E+000
1,7275374E-001	1,918783215288491E-001	5,000000000000000E+000
1,7181222E-001	1,893681336271889E-001	5,000000000000000E+000
1,7076480E-001	1,871695119577153E-001	5,000000000000000E+000
1,6977493E-001	1,848287735548285E-001	5,000000000000000E+000
1,6879773E-001	1,825352374645370E-001	5,000000000000000E+000
1,6787961E-001	1,801305694712537E-001	5,000000000000000E+000
1,6684490E-001	1,777274785822054E-001	5,000000000000000E+000
1,6580832E-001	1,753530332999718E-001	5,000000000000000E+000
1,6475564E-001	1,673109542268029E-001	5,000000000000000E+000
1,6386613E-001	1,705920494213289E-001	5,000000000000000E+000
1,6272189E-001	1,674920670791638E-001	5,000000000000000E+000
1,6190967E-001	1,657271336298436E-001	5,000000000000000E+000
1,6084209E-001	1,640989896323950E-001	5,000000000000000E+000
1,5981440E-001	1,613673998249909E-001	5,000000000000000E+000
1,5880328E-001	1,590291136332480E-001	5,000000000000000E+000
1,5780406E-001	1,566927247137455E-001	5,000000000000000E+000
1,5674005E-001	1,550484713968927E-001	5,000000000000000E+000
1,5583187E-001	1,522354330065563E-001	5,000000000000000E+000
1,5483859E-001	1,499535456791323E-001	5,000000000000000E+000
1,5383723E-001	1,474761354038494E-001	5,000000000000000E+000
1,5281591E-001	1,434126858625357E-001	5,000000000000000E+000
1,5171291E-001	1,389043906496632E-001	5,000000000000000E+000
1,5107009E-001	1,393858077289127E-001	5,000000000000000E+000
1,4982928E-001	1,368330000227116E-001	5,000000000000000E+000
1,4879097E-001	1,338424537744795E-001	5,000000000000000E+000
1,4786476E-001	1,317412812624954E-001	5,000000000000000E+000
1,4684111E-001	1,291674713009150E-001	5,000000000000000E+000
1,4579220E-001	1,263211429662388E-001	5,000000000000000E+000
1,4486068E-001	1,235900840773763E-001	5,000000000000000E+000
1,4386888E-001	1,198684985542466E-001	5,000000000000000E+000
1,4280146E-001	1,145163401573279E-001	5,000000000000000E+000
1,4179952E-001	1,098286243440172E-001	5,000000000000000E+000
1,4082894E-001	1,100397522742345E-001	5,000000000000000E+000
1,3990104E-001	1,073511043408271E-001	5,000000000000000E+000
1,3886042E-001	1,047216234987400E-001	5,000000000000000E+000
1,3785438E-001	1,017323570946853E-001	5,000000000000000E+000
1,3686660E-001	1,000508746559111E-001	5,000000000000000E+000
1,3581683E-001	9,783485004704251E-002	5,000000000000000E+000
1,3489105E-001	9,546305096268470E-002	5,000000000000000E+000
1,3373090E-001	9,382950272023072E-002	5,000000000000000E+000
1,3279918E-001	9,246497620026529E-002	5,000000000000000E+000
1,3179569E-001	9,055074588266332E-002	5,000000000000000E+000
1,3088264E-001	8,932481580025831E-002	5,000000000000000E+000
1,2986597E-001	8,148824179079406E-002	5,000000000000000E+000
1,2890902E-001	8,488766927944730E-002	5,000000000000000E+000
1,2783973E-001	8,313981725627384E-002	5,000000000000000E+000
1,2683286E-001	8,183000415253194E-002	5,000000000000000E+000
1,2574954E-001	8,172566342141707E-002	5,000000000000000E+000
1,2476201E-001	7,917857809742523E-002	5,000000000000000E+000
1,2379247E-001	7,763717423141447E-002	5,000000000000000E+000
1,2300318E-001	7,671770530416566E-002	5,000000000000000E+000
1,2174858E-001	7,438121752865214E-002	5,000000000000000E+000
1,2076335E-001	7,316090347012538E-002	5,000000000000000E+000
1,1984584E-001	7,193731014073523E-002	5,000000000000000E+000
1,1884532E-001	6,949987082043663E-002	5,000000000000000E+000
1,1781594E-001	6,826164528158402E-002	5,000000000000000E+000
1,1683602E-001	6,692574673797935E-002	5,000000000000000E+000
1,1578160E-001	6,488786756138643E-002	5,000000000000000E+000
1,1490143E-001	6,337298010475956E-002	5,000000000000000E+000
1,1373641E-001	6,192118875656494E-002	5,000000000000000E+000
1,1278494E-001	6,028456542602156E-002	5,000000000000000E+000
1,1184471E-001	5,890869349241281E-002	5,000000000000000E+000
1,1078270E-001	5,069822162234544E-002	5,000000000000000E+000
1,0984075E-001	5,521393769433613E-002	5,000000000000000E+000
1,0879482E-001	5,276886855265039E-002	5,000000000000000E+000
1,0779005E-001	5,161631508963183E-002	5,000000000000000E+000
1,0679039E-001	5,035740758952079E-002	5,000000000000000E+000
1,0587119E-001	4,857996405270476E-002	5,000000000000000E+000
1,0475753E-001	4,662882606175534E-002	5,000000000000000E+000
1,0383683E-001	4,561486939847892E-002	5,000000000000000E+000
1,0135815E-001	4,518772307962472E-002	5,000000000000000E+000
9,8802641E-002	5,092922709041503E-002	5,000000000000000E+000
9,7889163E-002	4,023466892411109E-002	5,000000000000000E+000
9,6832015E-002	2,927290536657295E-002	5,000000000000000E+000
9,5963970E-002	2,336692370752447E-002	5,000000000000000E+000
9,4780669E-002	2,537826029583815E-002	5,000000000000000E+000
9,3827456E-002	2,967928279637511E-002	5,000000000000000E+000
9,2811659E-002	2,895496563966560E-002	5,000000000000000E+000
9,1748737E-002	2,356448375859257E-002	5,000000000000000E+000
9,0879835E-002	2,029761510170328E-002	5,000000000000000E+000
8,9836448E-002	1,937728798010446E-002	5,000000000000000E+000
8,8791348E-002	1,789420172766171E-002	5,000000000000000E+000
8,7903991E-002	1,588569611825139E-002	5,000000000000000E+000
8,6853802E-002	1,368900873947293E-002	5,000000000000000E+000
8,5862845E-002	1,125805069831484E-002	5,000000000000000E+000
8,4736019E-002	9,189112963213134E-003	5,000000000000000E+000
8,3809167E-002	7,088452200049604E-003	5,000000000000000E+000
8,2797833E-002	4,793889517006614E-003	5,000000000000000E+000
8,1849538E-002	-2,843048251861529E-004	5,000000000000000E+000
8,0800459E-002	-3,531542177572386E-003	5,000000000000000E+000
7,9658352E-002	-1,743613292799429E-003	5,000000000000000E+000
7,8786694E-002	-1,179982200937951E-003	5,000000000000000E+000
7,7877894E-002	-3,302820718898954E-003	5,000000000000000E+000
7,6832362E-002	-6,232054139723511E-003	5,000000000000000E+000
7,5980879E-002	-8,242044031956275E-003	5,000000000000000E+000
7,4897796E-002	-8,815092991830543E-003	5,000000000000000E+000
7,3776066E-002	-9,953725509047967E-003	5,000000000000000E+000
7,2808459E-002	-1,137019568058245E-002	5,000000000000000E+000
7,1650431E-002	-1,301546136124267E-002	5,000000000000000E+000
7,0912935E-002	-1,491715087144659E-002	5,000000000000000E+000
6,9866359E-002	-1,624304490299733E-002	5,000000000000000E+000
6,8946093E-002	-1,765026726449523E-002	5,000000000000000E+000
6,7824371E-002	-1,931015825862736E-002	5,000000000000000E+000
6,6665910E-002	-2,035953996366718E-002	5,000000000000000E+000
6,5789171E-002	-2,168325970220997E-002	5,000000000000000E+000
6,4893305E-002	-2,380344589214972E-002	5,000000000000000E+000
6,3859470E-002	-2,513963779428091E-002	5,000000000000000E+000
6,2842667E-002	-2,843109236629160E-002	5,000000000000000E+000
6,1891165E-002	-3,301364486429104E-002	5,000000000000000E+000
6,0942236E-002	-3,093152105187372E-002	5,000000000000000E+000
5,9859369E-002	-2,990480386425687E-002	5,000000000000000E+000
5,8851633E-002	-3,198555943931242E-002	5,000000000000000E+000
5,7874687E-002	-3,449512042506175E-002	5,000000000000000E+000
5,6767821E-002	-3,633440285921097E-002	5,000000000000000E+000
5,5857532E-002	-3,734869822316478E-002	5,000000000000000E+000
5,4778259E-002	-3,863401439027969E-002	5,000000000000000E+000
5,3855442E-002	-4,017306916971880E-002	5,000000000000000E+000
5,2882321E-002	-4,198958082189264E-002	5,000000000000000E+000
5,1902398E-002	-4,371514433943124E-002	5,000000000000000E+000
5,0863463E-002	-4,503679649981980E-002	5,000000000000000E+000
4,9798205E-002	-4,590436757037714E-002	5,000000000000000E+000
4,8928458E-002	-4,767152133798735E-002	5,000000000000000E+000
4,7944717E-002	-4,977615832467547E-002	5,000000000000000E+000
4,6820235E-002	-5,103512621846862E-002	5,000000000000000E+000
4,5929261E-002	-5,243947479175404E-002	5,000000000000000E+000
4,4880770E-002	-5,421408165259156E-002	5,000000000000000E+000
4,3979242E-002	-5,790746695775972E-002	5,000000000000000E+000
4,3007359E-002	-6,207583513524778E-002	5,000000000000000E+000
4,1765273E-002	-6,070389952381207E-002	5,000000000000000E+000
4,0826108E-002	-5,974058484490441E-002	5,000000000000000E+000
3,9815836E-002	-6,116395262264007E-002	5,000000000000000E+000
3,8897261E-002	-6,400207957226978E-002	5,000000000000000E+000
3,7860874E-002	-6,596949781265282E-002	5,000000000000000E+000
3,6860995E-002	-6,726808992809485E-002	5,000000000000000E+000
3,5784066E-002	-6,879693172070023E-002	5,000000000000000E+000
3,4863159E-002	-7,049777545034852E-002	5,000000000000000E+000
3,3865616E-002	-7,251205176968711E-002	5,000000000000000E+000
3,2885913E-002	-7,406688342517642E-002	5,000000000000000E+000
3,1886883E-002	-7,539488174047060E-002	5,000000000000000E+000
3,0852199E-002	-7,710749800834371E-002	5,000000000000000E+000
2,9873976E-002	-7,892041090720625E-002	5,000000000000000E+000
2,8890871E-002	-8,060686796670757E-002	5,000000000000000E+000
2,7880169E-002	-8,236745767579892E-002	5,000000000000000E+000
2,7034409E-002	-8,419354303300158E-002	5,000000000000000E+000
2,6027989E-002	-9,047097693999373E-002	5,000000000000000E+000
2,4788236E-002	-9,255031921849066E-002	5,000000000000000E+000
2,3753973E-002	-8,956196845974751E-002	5,000000000000000E+000
2,2860026E-002	-8,954179307652835E-002	5,000000000000000E+000
2,1969900E-002	-9,194477611971583E-002	5,000000000000000E+000
2,0912070E-002	-9,458009296536629E-002	5,000000000000000E+000
1,9937672E-002	-9,652279159571509E-002	5,000000000000000E+000
1,8971335E-002	-9,751040548629419E-002	5,000000000000000E+000
1,7957237E-002	-9,857933767165750E-002	5,000000000000000E+000
1,6805157E-002	-1,005725425978500E-001	5,000000000000000E+000
1,5837334E-002	-1,022440586239092E-001	5,000000000000000E+000
1,4879917E-002	-1,035671711821731E-001	5,000000000000000E+000
1,3950731E-002	-1,047961939540171E-001	5,000000000000000E+000
1,2937269E-002	-1,065271351706338E-001	5,000000000000000E+000
1,1932089E-002	-1,080520292097289E-001	5,000000000000000E+000
9,3185287E-003	-1,115756986337377E-001	5,000000000000000E+000
6,8265693E-003	-1,224153386687656E-001	5,000000000000000E+000
5,8156927E-003	-1,168469569141356E-001	5,000000000000000E+000
4,7822776E-003	-1,194685864676202E-001	5,000000000000000E+000
3,8087249E-003	-1,206859317866877E-001	5,000000000000000E+000
2,8186152E-003	-1,225654946303818E-001	5,000000000000000E+000
1,9363437E-003	-1,239800729219689E-001	5,000000000000000E+000
7,9869840E-004	-1,265782690607002E-001	5,000000000000000E+000
-1,6890977E-004	-1,262653422309081E-001	5,000000000000000E+000
-1,1694218E-003	-1,289331071570308E-001	5,000000000000000E+000
-2,2293730E-003	-1,303854266362676E-001	5,000000000000000E+000
-3,2532355E-003	-1,313560211047942E-001	5,000000000000000E+000
-4,1480321E-003	-1,326584046861772E-001	5,000000000000000E+000
-5,1449356E-003	-1,354842633397007E-001	5,000000000000000E+000
-6,0947132E-003	-1,365063827510711E-001	5,000000000000000E+000
-7,1918126E-003	-1,372224805592039E-001	5,000000000000000E+000
-8,1961462E-003	-1,398223590416201E-001	5,000000000000000E+000
-9,1709737E-003	-1,405558388602604E-001	5,000000000000000E+000
-1,0138582E-002	-1,423691322302645E-001	5,000000000000000E+000
-1,1146177E-002	-1,507115191391977E-001	5,000000000000000E+000
-1,2272672E-002	-1,457091884092526E-001	5,000000000000000E+000
-1,3103147E-002	-1,479706970405656E-001	5,000000000000000E+000
-1,4187085E-002	-1,495917286697976E-001	5,000000000000000E+000
-1,5170189E-002	-1,503128058716854E-001	5,000000000000000E+000
-1,6106807E-002	-1,528082449739379E-001	5,000000000000000E+000
-1,7134065E-002	-1,534498929977414E-001	5,000000000000000E+000
-1,8173851E-002	-1,548769860528405E-001	5,000000000000000E+000
-1,9153347E-002	-1,567894160204251E-001	5,000000000000000E+000
-2,0219453E-002	-1,586144739994775E-001	5,000000000000000E+000
-2,1133991E-002	-1,592014984020751E-001	5,000000000000000E+000
-2,2132168E-002	-1,620144300266269E-001	5,000000000000000E+000
-2,3121644E-002	-1,628364527003008E-001	5,000000000000000E+000
-2,4107506E-002	-1,645327842561528E-001	5,000000000000000E+000
-2,5211612E-002	-1,667892139715450E-001	5,000000000000000E+000
-2,6191110E-002	-1,672143090593936E-001	5,000000000000000E+000
-2,7157446E-002	-1,688171178490536E-001	5,000000000000000E+000
-2,8161353E-002	-1,707980471740788E-001	5,000000000000000E+000
-2,9186064E-002	-1,718150840865241E-001	5,000000000000000E+000
-3,0126315E-002	-1,750052994272358E-001	5,000000000000000E+000
-3,1166889E-002	-1,793705418757678E-001	5,000000000000000E+000
-3,2195635E-002	-1,765433111900663E-001	5,000000000000000E+000
-3,3134799E-002	-1,785974177117975E-001	5,000000000000000E+000
-3,4201331E-002	-1,804937185564390E-001	5,000000000000000E+000
-3,5203330E-002	-1,819145494761552E-001	5,000000000000000E+000
-3,6216576E-002	-1,832100471688638E-001	5,000000000000000E+000
-3,7158284E-002	-1,852843017550172E-001	5,000000000000000E+000
-3,8171113E-002	-1,866077812673110E-001	5,000000000000000E+000
-3,9143603E-002	-1,881455746738030E-001	5,000000000000000E+000
-4,0137958E-002	-1,897450859347973E-001	5,000000000000000E+000
-4,1120008E-002	-1,915498859404272E-001	5,000000000000000E+000
-4,2178042E-002	-1,928709355157068E-001	5,000000000000000E+000
-4,3299343E-002	-1,946522001979041E-001	5,000000000000000E+000
-4,4208363E-002	-1,962670784366001E-001	5,000000000000000E+000
-4,5151133E-002	-1,980899077219265E-001	5,000000000000000E+000
-4,6156526E-002	-1,988598664886205E-001	5,000000000000000E+000
-4,7117129E-002	-2,018177473607152E-001	5,000000000000000E+000
-4,8226759E-002	-2,023999127688711E-001	5,000000000000000E+000
-4,9156446E-002	-2,107898109825315E-001	5,000000000000000E+000
-5,0161093E-002	-2,062840631050571E-001	5,000000000000000E+000
-5,1191531E-002	-2,082213075676305E-001	5,000000000000000E+000
-5,2179944E-002	-2,086515181258113E-001	5,000000000000000E+000
-5,3163264E-002	-2,115281655504880E-001	5,000000000000000E+000
-5,4095846E-002	-2,124191185123174E-001	5,000000000000000E+000
-5,5173628E-002	-2,146195487843615E-001	5,000000000000000E+000
-5,6184120E-002	-2,157604412900065E-001	5,000000000000000E+000
-5,7121366E-002	-2,173495638934471E-001	5,000000000000000E+000
-5,8006190E-002	-2,191609349748527E-001	5,000000000000000E+000
-5,9235115E-002	-2,206446436984044E-001	5,000000000000000E+000
-6,0167056E-002	-2,224305671018860E-001	5,000000000000000E+000
-6,1215337E-002	-2,239905254035781E-001	5,000000000000000E+000
-6,2169362E-002	-2,247522196008096E-001	5,000000000000000E+000
-6,3132726E-002	-2,276903798467367E-001	5,000000000000000E+000
-6,4154252E-002	-2,283905519871041E-001	5,000000000000000E+000
-6,5084502E-002	-2,297706744737086E-001	5,000000000000000E+000
-6,6092864E-002	-2,314550099997872E-001	5,000000000000000E+000
-6,7279212E-002	-2,376089402759031E-001	5,000000000000000E+000
-6,8117417E-002	-2,359952237974432E-001	5,000000000000000E+000
-6,9162302E-002	-2,377513514624702E-001	5,000000000000000E+000
-7,0258550E-002	-2,384581091658529E-001	5,000000000000000E+000
-7,1138486E-002	-2,395105555834665E-001	5,000000000000000E+000
-7,2171487E-002	-2,419767368119206E-001	5,000000000000000E+000
-7,3258586E-002	-2,420257240818389E-001	5,000000000000000E+000
-7,4196279E-002	-2,447407790071638E-001	5,000000000000000E+000
-7,5154759E-002	-2,457688342935080E-001	5,000000000000000E+000
-7,6234452E-002	-2,475373778078287E-001	5,000000000000000E+000
-7,7138796E-002	-2,489852430040218E-001	5,000000000000000E+000
-7,8137606E-002	-2,498116288851540E-001	5,000000000000000E+000
-7,9200312E-002	-2,511722462820918E-001	5,000000000000000E+000
-8,0216751E-002	-2,527014300123670E-001	5,000000000000000E+000
-8,1143603E-002	-2,542957575577818E-001	5,000000000000000E+000
-8,2117587E-002	-2,550388904961030E-001	5,000000000000000E+000
-8,3235703E-002	-2,560192299230635E-001	5,000000000000000E+000
-8,4192693E-002	-2,566878127399819E-001	5,000000000000000E+000
-8,5203819E-002	-2,591448619754777E-001	5,000000000000000E+000
-8,6083971E-002	-2,594765425504482E-001	5,000000000000000E+000
-8,7202728E-002	-2,611566508033616E-001	5,000000000000000E+000
-8,8145792E-002	-2,672140913653288E-001	5,000000000000000E+000
-8,9068271E-002	-2,663453028589071E-001	5,000000000000000E+000
-9,0095319E-002	-2,662161605225657E-001	5,000000000000000E+000
-9,1125339E-002	-2,685023660564578E-001	5,000000000000000E+000
-9,2125222E-002	-2,692212165954198E-001	5,000000000000000E+000
-9,3222328E-002	-2,711939756085879E-001	5,000000000000000E+000
-9,4167009E-002	-2,733056722984948E-001	5,000000000000000E+000
-9,5147558E-002	-2,747002131978249E-001	5,000000000000000E+000
-9,6107744E-002	-2,766048015716167E-001	5,000000000000000E+000
-9,7139455E-002	-2,781357872041150E-001	5,000000000000000E+000
-9,8177545E-002	-2,798152510335457E-001	5,000000000000000E+000
-9,9208623E-002	-2,817418905647673E-001	5,000000000000000E+000
-1,0010661E-001	-2,832117395268536E-001	5,000000000000000E+000
-1,0118821E-001	-2,860177564175999E-001	5,000000000000000E+000
-1,0220102E-001	-2,861772502462059E-001	5,000000000000000E+000
-1,0313381E-001	-2,884454363698343E-001	5,000000000000000E+000
-1,0416277E-001	-2,904686830782630E-001	5,000000000000000E+000
-1,0520384E-001	-2,988903901746705E-001	5,000000000000000E+000
-1,0605934E-001	-2,936447030192029E-001	5,000000000000000E+000
-1,0715579E-001	-2,967031108111966E-001	5,000000000000000E+000
-1,0813848E-001	-2,978212907134239E-001	5,000000000000000E+000
-1,0915788E-001	-2,986733286589778E-001	5,000000000000000E+000
-1,1014055E-001	-3,011884882063072E-001	5,000000000000000E+000
-1,1123531E-001	-3,031044104136527E-001	5,000000000000000E+000
-1,1213946E-001	-3,037336744212846E-001	5,000000000000000E+000
-1,1311664E-001	-3,064511507076935E-001	5,000000000000000E+000
-1,1417317E-001	-3,076058279257268E-001	5,000000000000000E+000
-1,1513207E-001	-3,100975656416258E-001	5,000000000000000E+000
-1,1622896E-001	-3,112027122794334E-001	5,000000000000000E+000
-1,1719552E-001	-3,126580088347615E-001	5,000000000000000E+000
-1,1815251E-001	-3,147862047060492E-001	5,000000000000000E+000
-1,1919803E-001	-3,156691113124701E-001	5,000000000000000E+000
-1,2013868E-001	-3,179429239696918E-001	5,000000000000000E+000
-1,2119947E-001	-3,196253647976031E-001	5,000000000000000E+000
-1,2219171E-001	-3,267001463100301E-001	5,000000000000000E+000
-1,2312385E-001	-3,239441691742577E-001	5,000000000000000E+000
-1,2419099E-001	-3,252937415252530E-001	5,000000000000000E+000
-1,2515776E-001	-3,269429707434020E-001	5,000000000000000E+000
-1,2619522E-001	-3,282745199847117E-001	5,000000000000000E+000
-1,2718150E-001	-3,301529216890513E-001	5,000000000000000E+000
-1,2812705E-001	-3,312316634692252E-001	5,000000000000000E+000
-1,2913966E-001	-3,331345650108726E-001	5,000000000000000E+000
-1,3007987E-001	-3,335998445076651E-001	5,000000000000000E+000
-1,3109589E-001	-3,356671124800208E-001	5,000000000000000E+000
-1,3212548E-001	-3,370788347286471E-001	5,000000000000000E+000
-1,3315466E-001	-3,379627539931476E-001	5,000000000000000E+000
-1,3410740E-001	-3,393895328820976E-001	5,000000000000000E+000
-1,3518390E-001	-3,404238434870610E-001	5,000000000000000E+000
-1,3607872E-001	-3,420239076690946E-001	5,000000000000000E+000
-1,3711657E-001	-3,428380611197399E-001	5,000000000000000E+000
-1,3815488E-001	-3,424358425868874E-001	5,000000000000000E+000
-1,3919614E-001	-3,443094677188334E-001	5,000000000000000E+000
-1,4012448E-001	-3,444457255924736E-001	5,000000000000000E+000
-1,4111291E-001	-3,447018218381936E-001	5,000000000000000E+000
-1,4215076E-001	-3,463604031906762E-001	5,000000000000000E+000
-1,4316128E-001	-3,470950457008750E-001	5,000000000000000E+000
-1,4421995E-001	-3,481783545576025E-001	5,000000000000000E+000
-1,4511347E-001	-3,500283442489378E-001	5,000000000000000E+000
-1,4615390E-001	-3,587070808797659E-001	5,000000000000000E+000
-1,4716688E-001	-3,535693336743853E-001	5,000000000000000E+000
-1,4804702E-001	-3,560943410783590E-001	5,000000000000000E+000
-1,4924753E-001	-3,578676638555609E-001	5,000000000000000E+000
-1,5016757E-001	-3,595835083267742E-001	5,000000000000000E+000
-1,5107575E-001	-3,614316849917563E-001	5,000000000000000E+000
-1,5213527E-001	-3,633380533040802E-001	5,000000000000000E+000
-1,5309629E-001	-3,657579116471514E-001	5,000000000000000E+000
-1,5413119E-001	-3,667842706717130E-001	5,000000000000000E+000
-1,5512110E-001	-3,697630185116492E-001	5,000000000000000E+000
-1,5616342E-001	-3,712360353157331E-001	5,000000000000000E+000
-1,5706629E-001	-3,735293650533968E-001	5,000000000000000E+000
-1,5814151E-001	-3,763534394351544E-001	5,000000000000000E+000
-1,5917346E-001	-3,780218548814034E-001	5,000000000000000E+000
-1,6006973E-001	-3,803326836011043E-001	5,000000000000000E+000
-1,6113125E-001	-3,880786872468873E-001	5,000000000000000E+000
-1,6216965E-001	-3,847071569050757E-001	5,000000000000000E+000
-1,6307676E-001	-3,864791796594442E-001	5,000000000000000E+000
-1,6417129E-001	-3,885471773489058E-001	5,000000000000000E+000
-1,6519774E-001	-3,904984231469104E-001	5,000000000000000E+000
-1,6603774E-001	-3,931762705453563E-001	5,000000000000000E+000
-1,6709727E-001	-3,948022717247797E-001	5,000000000000000E+000
-1,6818142E-001	-3,961444392593361E-001	5,000000000000000E+000
-1,6914649E-001	-3,989910717484428E-001	5,000000000000000E+000
-1,7010877E-001	-4,006794475070707E-001	5,000000000000000E+000
-1,7111780E-001	-4,029009859336323E-001	5,000000000000000E+000
-1,7207053E-001	-4,048828878439972E-001	5,000000000000000E+000
-1,7313454E-001	-4,065641568870175E-001	5,000000000000000E+000
-1,7416878E-001	-4,085152810698163E-001	5,000000000000000E+000
-1,7511067E-001	-4,138108299941647E-001	5,000000000000000E+000
-1,7616065E-001	-4,155820077543875E-001	5,000000000000000E+000
-1,7712294E-001	-4,163242820132926E-001	5,000000000000000E+000
-1,7810203E-001	-4,171259693749646E-001	5,000000000000000E+000
-1,7918788E-001	-4,186527334774537E-001	5,000000000000000E+000
-1,8018308E-001	-4,212407220620653E-001	5,000000000000000E+000
-1,8120590E-001	-4,230222057861575E-001	5,000000000000000E+000
-1,8210365E-001	-4,245067545109312E-001	5,000000000000000E+000
-1,8321623E-001	-4,267402944517209E-001	5,000000000000000E+000
-1,8413861E-001	-4,279504338693263E-001	5,000000000000000E+000
-1,8515402E-001	-4,298299913708523E-001	5,000000000000000E+000
-1,8611653E-001	-4,306846632001293E-001	5,000000000000000E+000
-1,8716055E-001	-4,322196939804908E-001	5,000000000000000E+000
-1,8812074E-001	-4,336932302297395E-001	5,000000000000000E+000
-1,8912528E-001	-4,349269143616130E-001	5,000000000000000E+000
-1,9017822E-001	-4,358855125287349E-001	5,000000000000000E+000
-1,9117215E-001	-4,365237807441087E-001	5,000000000000000E+000
-1,9214378E-001	-4,374200155596331E-001	5,000000000000000E+000
-1,9310163E-001	-4,383664100379145E-001	5,000000000000000E+000
-1,9414757E-001	-4,377877696468999E-001	5,000000000000000E+000
-1,9516720E-001	-4,382746002843803E-001	5,000000000000000E+000
-1,9624391E-001	-4,371105683191359E-001	5,000000000000000E+000
-1,9719942E-001	-4,372820571944515E-001	5,000000000000000E+000
-1,9812903E-001	-4,377344243176684E-001	5,000000000000000E+000
-1,9907995E-001	-4,376884491357487E-001	5,000000000000000E+000
-1,9933507E-001	-4,398277699947357E-001	5,000000000000000E+000
-1,9909939E-001	-3,351250323984349E-001	5,000000000000000E+000
-1,9782640E-001	-3,005313697115826E-001	5,000000000000000E+000
-1,9702668E-001	-3,019831405642122E-001	5,000000000000000E+000
-1,9592118E-001	-2,871110359620710E-001	5,000000000000000E+000
-1,9501172E-001	-2,850382707288688E-001	5,000000000000000E+000
-1,9386560E-001	-2,795782460210221E-001	5,000000000000000E+000
-1,9285595E-001	-2,749066635862810E-001	5,000000000000000E+000
-1,9196644E-001	-2,706398337096376E-001	5,000000000000000E+000
-1,9085039E-001	-2,600190559816014E-001	5,000000000000000E+000
-1,9006333E-001	-2,624968911986783E-001	5,000000000000000E+000
-1,8889999E-001	-2,590595250431860E-001	5,000000000000000E+000
-1,8793154E-001	-2,555812663502146E-001	5,000000000000000E+000
-1,8690194E-001	-2,516748640272344E-001	5,000000000000000E+000
-1,8588147E-001	-2,500238239040815E-001	5,000000000000000E+000
-1,8486229E-001	-2,459628976778028E-001	5,000000000000000E+000
-1,8390086E-001	-2,442051748641667E-001	5,000000000000000E+000
-1,8286955E-001	-2,408605572741682E-001	5,000000000000000E+000
-1,8182789E-001	-2,306374456707589E-001	5,000000000000000E+000
-1,8090782E-001	-2,350746945917805E-001	5,000000000000000E+000
-1,7996101E-001	-2,318799126143043E-001	5,000000000000000E+000
-1,7895435E-001	-2,291608296282996E-001	5,000000000000000E+000
-1,7795958E-001	-2,265650739168952E-001	5,000000000000000E+000
-1,7694995E-001	-2,230635205956379E-001	5,000000000000000E+000
-1,7579785E-001	-2,213874552528265E-001	5,000000000000000E+000
-1,7493406E-001	-2,185058102994741E-001	5,000000000000000E+000
-1,7387454E-001	-2,162094152687730E-001	5,000000000000000E+000
-1,7289865E-001	-2,140859547200502E-001	5,000000000000000E+000
-1,7190199E-001	-2,073776565440408E-001	5,000000000000000E+000
-1,7091970E-001	-2,053853680586641E-001	5,000000000000000E+000
-1,6988249E-001	-2,058682736371526E-001	5,000000000000000E+000
-1,6889067E-001	-2,025455083672151E-001	5,000000000000000E+000
-1,6793622E-001	-2,006060444594671E-001	5,000000000000000E+000
-1,6686100E-001	-1,983748384647893E-001	5,000000000000000E+000
-1,6595240E-001	-1,965507422444516E-001	5,000000000000000E+000
-1,6493681E-001	-1,929879007188389E-001	5,000000000000000E+000
-1,6393143E-001	-1,906572431325905E-001	5,000000000000000E+000
-1,6286999E-001	-1,884978409830690E-001	5,000000000000000E+000
-1,6182148E-001	-1,863603982945077E-001	5,000000000000000E+000
-1,6098168E-001	-1,832533160405647E-001	5,000000000000000E+000
-1,5993749E-001	-1,815061872152400E-001	5,000000000000000E+000
-1,5894014E-001	-1,724767640957396E-001	5,000000000000000E+000
-1,5787297E-001	-1,753646631647525E-001	5,000000000000000E+000
-1,5694505E-001	-1,724272607437642E-001	5,000000000000000E+000
-1,5589467E-001	-1,700502522289742E-001	5,000000000000000E+000
-1,5487292E-001	-1,666566561002070E-001	5,000000000000000E+000
-1,5395731E-001	-1,644993734856448E-001	5,000000000000000E+000
-1,5291542E-001	-1,614409714497413E-001	5,000000000000000E+000
-1,5187393E-001	-1,590881541423084E-001	5,000000000000000E+000
-1,5093033E-001	-1,558718569964790E-001	5,000000000000000E+000
-1,4983426E-001	-1,504045262053189E-001	5,000000000000000E+000
-1,4897306E-001	-1,454800275516592E-001	5,000000000000000E+000
-1,4787979E-001	-1,456161782585288E-001	5,000000000000000E+000
-1,4695081E-001	-1,415969492324316E-001	5,000000000000000E+000
-1,4592439E-001	-1,390022503393180E-001	5,000000000000000E+000
-1,4498353E-001	-1,356759909023006E-001	5,000000000000000E+000
-1,4391913E-001	-1,324530066663601E-001	5,000000000000000E+000
-1,4295980E-001	-1,298675327561791E-001	5,000000000000000E+000
-1,4180708E-001	-1,277979479895693E-001	5,000000000000000E+000
-1,4089595E-001	-1,258801016439159E-001	5,000000000000000E+000
-1,3998038E-001	-1,232381082437415E-001	5,000000000000000E+000
-1,3892171E-001	-1,150368528647552E-001	5,000000000000000E+000
-1,3790822E-001	-1,199215870518753E-001	5,000000000000000E+000
-1,3698986E-001	-1,173626313878535E-001	5,000000000000000E+000
-1,3593714E-001	-1,157953602248902E-001	5,000000000000000E+000
-1,3488378E-001	-1,145034717046660E-001	5,000000000000000E+000
-1,3382617E-001	-1,125602871567629E-001	5,000000000000000E+000
-1,3284644E-001	-1,104359884177226E-001	5,000000000000000E+000
-1,3193573E-001	-1,095264801794353E-001	5,000000000000000E+000
-1,3088576E-001	-1,073737611813057E-001	5,000000000000000E+000
-1,2997164E-001	-1,060169784727295E-001	5,000000000000000E+000
-1,2896433E-001	-1,052108576340185E-001	5,000000000000000E+000
-1,2790650E-001	-1,025218933549084E-001	5,000000000000000E+000
-1,2689750E-001	-1,012186599416760E-001	5,000000000000000E+000
-1,2599719E-001	-9,915257551862533E-002	5,000000000000000E+000
-1,2496971E-001	-9,846437908709016E-002	5,000000000000000E+000
-1,2383908E-001	-9,701851879556955E-002	5,000000000000000E+000
-1,2290203E-001	-9,409573493758228E-002	5,000000000000000E+000
-1,2194888E-001	-8,631779679045470E-002	5,000000000000000E+000
-1,2099380E-001	-9,160113801610548E-002	5,000000000000000E+000
-1,1999732E-001	-8,944799713531698E-002	5,000000000000000E+000
-1,1893526E-001	-8,764934237115085E-002	5,000000000000000E+000
-1,1784050E-001	-8,648915650943928E-002	5,000000000000000E+000
-1,1688074E-001	-8,440314438323382E-002	5,000000000000000E+000
-1,1588679E-001	-8,287700952496357E-002	5,000000000000000E+000
-1,1495570E-001	-8,175033856079783E-002	5,000000000000000E+000
-1,1401315E-001	-7,897261229421293E-002	5,000000000000000E+000
-1,1287402E-001	-7,798962095855821E-002	5,000000000000000E+000
-1,1194758E-001	-7,597348538304960E-002	5,000000000000000E+000
-1,1096087E-001	-7,467608137004457E-002	5,000000000000000E+000
-1,0990560E-001	-7,313150047169348E-002	5,000000000000000E+000
-1,0889743E-001	-7,063064947983033E-002	5,000000000000000E+000
-1,0804192E-001	-6,953005959641967E-002	5,000000000000000E+000
-1,0686373E-001	-6,757807489096468E-002	5,000000000000000E+000
-1,0581926E-001	-6,664789468049984E-002	5,000000000000000E+000
-1,0486602E-001	-5,730936031775646E-002	5,000000000000000E+000
-1,0398598E-001	-6,163696191247752E-002	5,000000000000000E+000
-1,0301200E-001	-6,055079230443672E-002	5,000000000000000E+000
-1,0193316E-001	-5,817454180214554E-002	5,000000000000000E+000
-1,0088553E-001	-5,619837507320968E-002	5,000000000000000E+000
-9,9972054E-002	-5,491613739609924E-002	5,000000000000000E+000
-9,8913580E-002	-5,219271023654262E-002	5,000000000000000E+000
-9,7949371E-002	-5,066170513358279E-002	5,000000000000000E+000
-9,6921891E-002	-4,883993499808842E-002	5,000000000000000E+000
-9,5881477E-002	-4,693672705454632E-002	5,000000000000000E+000
-9,4981380E-002	-4,463682294590365E-002	5,000000000000000E+000
-9,3854345E-002	-4,287761671973067E-002	5,000000000000000E+000
-9,2872716E-002	-4,021940401030887E-002	5,000000000000000E+000
-9,1810860E-002	-3,873898009058163E-002	5,000000000000000E+000
-9,0898655E-002	-3,560602333810584E-002	5,000000000000000E+000
-8,9922257E-002	-2,967222983230987E-002	5,000000000000000E+000
-8,8950306E-002	-2,955134329547748E-002	5,000000000000000E+000
-8,7916262E-002	-2,869411559368007E-002	5,000000000000000E+000
-8,6942494E-002	-2,702536197385697E-002	5,000000000000000E+000
-8,4432088E-002	-2,614152690698685E-002	5,000000000000000E+000
-8,2008928E-002	-2,502046768171962E-002	5,000000000000000E+000
-8,0935180E-002	-1,670198336311539E-002	5,000000000000000E+000
-7,9915345E-002	-1,225464033551464E-002	5,000000000000000E+000
-7,8847758E-002	-1,226542731779370E-002	5,000000000000000E+000
-7,8006670E-002	-1,263972860518452E-002	5,000000000000000E+000
-7,6941825E-002	-1,127673383840978E-002	5,000000000000000E+000
-7,5945564E-002	-8,774270383582854E-003	5,000000000000000E+000
-7,4955240E-002	-6,779648980833983E-003	5,000000000000000E+000
-7,3912069E-002	-5,951575484585969E-003	5,000000000000000E+000
-7,2974704E-002	-4,302958098277382E-003	5,000000000000000E+000
-7,1991958E-002	1,434143064070925E-003	5,000000000000000E+000
-7,0854306E-002	2,184049675532965E-003	5,000000000000000E+000
-6,9912814E-002	2,302198733264390E-004	5,000000000000000E+000
-6,9036700E-002	3,649919774220377E-004	5,000000000000000E+000
-6,7959346E-002	2,727306290277440E-003	5,000000000000000E+000
-6,7007221E-002	5,512380632555727E-003	5,000000000000000E+000
-6,5901205E-002	6,871885582465140E-003	5,000000000000000E+000
-6,4907268E-002	7,571116226447183E-003	5,000000000000000E+000
-6,3877903E-002	8,781805481703500E-003	5,000000000000000E+000
-6,2894151E-002	1,086760706918241E-002	5,000000000000000E+000
-6,2065378E-002	1,280684368167495E-002	5,000000000000000E+000
-6,0953837E-002	1,395596500353552E-002	5,000000000000000E+000
-5,9896432E-002	1,542511513980571E-002	5,000000000000000E+000
-5,8967881E-002	1,710875397677436E-002	5,000000000000000E+000
-5,7843607E-002	1,838840337263223E-002	5,000000000000000E+000
-5,6953058E-002	1,989460188067623E-002	5,000000000000000E+000
-5,5897359E-002	2,176434757388471E-002	5,000000000000000E+000
-5,4962866E-002	2,296042200113241E-002	5,000000000000000E+000
-5,3931389E-002	2,494893419174735E-002	5,000000000000000E+000
-5,3002413E-002	3,078119334531937E-002	5,000000000000000E+000
-5,1886212E-002	3,156553730756673E-002	5,000000000000000E+000
-5,0932188E-002	2,954086977923809E-002	5,000000000000000E+000
-5,0028481E-002	2,979770831007050E-002	5,000000000000000E+000
-4,9109269E-002	3,230235437189971E-002	5,000000000000000E+000
-4,7951460E-002	3,484154582838545E-002	5,000000000000000E+000
-4,6894476E-002	3,612080688536590E-002	5,000000000000000E+000
-4,5926444E-002	3,748045839084727E-002	5,000000000000000E+000
-4,5024004E-002	3,896876463032753E-002	5,000000000000000E+000
-4,3996323E-002	4,068995760947802E-002	5,000000000000000E+000
-4,2981163E-002	4,292074570225364E-002	5,000000000000000E+000
-4,2058982E-002	4,453283799618168E-002	5,000000000000000E+000
-4,0995851E-002	4,598490097042596E-002	5,000000000000000E+000
-3,9944809E-002	4,776423776315333E-002	5,000000000000000E+000
-3,9102025E-002	4,940997214483422E-002	5,000000000000000E+000
-3,7957590E-002	5,087058629012781E-002	5,000000000000000E+000
-3,6965355E-002	5,253831739214065E-002	5,000000000000000E+000
-3,6138952E-002	5,462315255944228E-002	5,000000000000000E+000
-3,5020407E-002	6,041218860708675E-002	5,000000000000000E+000
-3,3966187E-002	6,161602734290583E-002	5,000000000000000E+000
-3,2895830E-002	6,018173854681663E-002	5,000000000000000E+000
-3,2040097E-002	6,077810194498556E-002	5,000000000000000E+000
-3,1006042E-002	6,348213398208225E-002	5,000000000000000E+000
-3,0056691E-002	6,579313402633322E-002	5,000000000000000E+000
-2,8998651E-002	6,722900993837440E-002	5,000000000000000E+000
-2,8127205E-002	6,871739590618164E-002	5,000000000000000E+000
-2,7030952E-002	7,015630119066296E-002	5,000000000000000E+000
-2,5983954E-002	7,152269799391664E-002	5,000000000000000E+000
-2,4977922E-002	7,333909819782225E-002	5,000000000000000E+000
-2,4009252E-002	7,568856951547787E-002	5,000000000000000E+000
-2,3081550E-002	7,686705098927252E-002	5,000000000000000E+000
-2,2040917E-002	7,761046228309504E-002	5,000000000000000E+000
-2,1024486E-002	7,968620107405733E-002	5,000000000000000E+000
-1,9990643E-002	8,144399604579056E-002	5,000000000000000E+000
-1,8988434E-002	8,246492348068157E-002	5,000000000000000E+000
-1,7929794E-002	8,409655916168274E-002	5,000000000000000E+000
-1,7056221E-002	8,964581221031664E-002	5,000000000000000E+000
-1,5918152E-002	9,075176209444180E-002	5,000000000000000E+000
-1,4984083E-002	8,898841568993193E-002	5,000000000000000E+000
-1,3972320E-002	8,938161584471072E-002	5,000000000000000E+000
-1,3099813E-002	9,115940512856480E-002	5,000000000000000E+000
-1,1967262E-002	9,359787385781403E-002	5,000000000000000E+000
-1,1078834E-002	9,593207206732346E-002	5,000000000000000E+000
-1,0054759E-002	9,675820474512875E-002	5,000000000000000E+000
-9,0283481E-003	9,790459858615808E-002	5,000000000000000E+000
-8,0615897E-003	9,971669976625430E-002	5,000000000000000E+000
-7,0241406E-003	1,011281438145999E-001	5,000000000000000E+000
-6,0427333E-003	1,027664189589113E-001	5,000000000000000E+000
-5,0059217E-003	1,045559580153271E-001	5,000000000000000E+000
-4,0499885E-003	1,059616131501068E-001	5,000000000000000E+000
-2,9809091E-003	1,069687437266112E-001	5,000000000000000E+000
-2,0873868E-003	1,086250200815915E-001	5,000000000000000E+000
5,3798471E-004	1,127820467421162E-001	5,000000000000000E+000
3,1112877E-003	1,183506385229225E-001	5,000000000000000E+000
4,0771975E-003	1,191035305382684E-001	5,000000000000000E+000
5,0600902E-003	1,200213039410301E-001	5,000000000000000E+000
5,8491100E-003	1,208140105009079E-001	5,000000000000000E+000
5,9321648E-003	1,217698156833649E-001	5,000000000000000E+000