Ewe/V	<I>/mA	cycle number	
1,3394495E-002	1,018325099721551E-003	1,000000000000000E+000
1,3978547E-002	1,569989441400643E-002	1,000000000000000E+000
1,5091398E-002	4,902238637979084E-002	1,000000000000000E+000
1,6043946E-002	5,879570740701934E-002	1,000000000000000E+000
1,7141894E-002	6,413578076495086E-002	1,000000000000000E+000
1,8046880E-002	6,744719991951992E-002	1,000000000000000E+000
1,9106194E-002	7,026309588561891E-002	1,000000000000000E+000
2,0128360E-002	7,307395318316094E-002	1,000000000000000E+000
2,1132266E-002	7,493214789105385E-002	1,000000000000000E+000
2,2161862E-002	7,762885274132725E-002	1,000000000000000E+000
2,3091471E-002	7,947681732346434E-002	1,000000000000000E+000
2,4091134E-002	8,144671891608990E-002	1,000000000000000E+000
2,5125500E-002	8,464706564942981E-002	1,000000000000000E+000
2,6090639E-002	8,681357338921036E-002	1,000000000000000E+000
2,7076503E-002	8,758787526878442E-002	1,000000000000000E+000
2,8101213E-002	8,928064929528451E-002	1,000000000000000E+000
2,9061390E-002	9,109615646432068E-002	1,000000000000000E+000
3,0067425E-002	9,256953584392458E-002	1,000000000000000E+000
3,1146480E-002	9,420806800739667E-002	1,000000000000000E+000
3,2087132E-002	9,593981029077825E-002	1,000000000000000E+000
3,3032447E-002	9,774010568313957E-002	1,000000000000000E+000
3,4106623E-002	9,936357893618875E-002	1,000000000000000E+000
3,5136003E-002	1,009765017531916E-001	1,000000000000000E+000
3,6165386E-002	1,027729830432997E-001	1,000000000000000E+000
3,7108153E-002	1,038987583403168E-001	1,000000000000000E+000
3,8118646E-002	1,061357243775597E-001	1,000000000000000E+000
3,9108969E-002	1,076938260941664E-001	1,000000000000000E+000
4,0167641E-002	1,087798325978740E-001	1,000000000000000E+000
4,1088127E-002	1,105693158525454E-001	1,000000000000000E+000
4,2017311E-002	1,120652758917360E-001	1,000000000000000E+000
4,3171812E-002	1,167835278837527E-001	1,000000000000000E+000
4,4112131E-002	1,153129095716094E-001	1,000000000000000E+000
4,5102663E-002	1,166305678262791E-001	1,000000000000000E+000
4,6060722E-002	1,178051210396616E-001	1,000000000000000E+000
4,7032576E-002	1,189425072128265E-001	1,000000000000000E+000
4,8015680E-002	1,204296098504631E-001	1,000000000000000E+000
4,9107257E-002	1,218665090079110E-001	1,000000000000000E+000
5,0134733E-002	1,233409966807808E-001	1,000000000000000E+000
5,1114012E-002	1,246316624262067E-001	1,000000000000000E+000
5,2116014E-002	1,266028435461013E-001	1,000000000000000E+000
5,3060271E-002	1,281895251013343E-001	1,000000000000000E+000
5,4085832E-002	1,295141164316913E-001	1,000000000000000E+000
5,5128157E-002	1,318476848407757E-001	1,000000000000000E+000
5,6113593E-002	1,329181673677848E-001	1,000000000000000E+000
5,7058286E-002	1,345260427592118E-001	1,000000000000000E+000
5,8087874E-002	1,363588462376764E-001	1,000000000000000E+000
5,9180733E-002	1,378546944146775E-001	1,000000000000000E+000
6,0189307E-002	1,392921706558110E-001	1,000000000000000E+000
6,1111912E-002	1,409289569128307E-001	1,000000000000000E+000
6,2006287E-002	1,424759823906547E-001	1,000000000000000E+000
6,3075304E-002	1,477861520704920E-001	1,000000000000000E+000
6,4147167E-002	1,457224051183507E-001	1,000000000000000E+000
6,5048970E-002	1,476319685526604E-001	1,000000000000000E+000
6,6064134E-002	1,488510541255694E-001	1,000000000000000E+000
6,7025363E-002	1,502577903706377E-001	1,000000000000000E+000
6,7998283E-002	1,518697547338279E-001	1,000000000000000E+000
6,9104731E-002	1,529815908935344E-001	1,000000000000000E+000
7,0119880E-002	1,543735181007331E-001	1,000000000000000E+000
7,1054585E-002	1,557479557555381E-001	1,000000000000000E+000
7,2083756E-002	1,568798863639437E-001	1,000000000000000E+000
7,3092118E-002	1,578945305922792E-001	1,000000000000000E+000
7,4029580E-002	1,586983187719148E-001	1,000000000000000E+000
7,5088486E-002	1,597859208704908E-001	1,000000000000000E+000
7,6067336E-002	1,607330751139676E-001	1,000000000000000E+000
7,7059358E-002	1,625040509324105E-001	1,000000000000000E+000
7,8082591E-002	1,637557485503045E-001	1,000000000000000E+000
7,9132557E-002	1,651553062515126E-001	1,000000000000000E+000
7,9992115E-002	1,668939461750500E-001	1,000000000000000E+000
8,1012160E-002	1,685975848490178E-001	1,000000000000000E+000
8,2134090E-002	1,700966802761998E-001	1,000000000000000E+000
8,3052032E-002	1,716477234278706E-001	1,000000000000000E+000
8,4076390E-002	1,771783550244042E-001	1,000000000000000E+000
8,5033923E-002	1,754728647906130E-001	1,000000000000000E+000
8,6092591E-002	1,768652645276044E-001	1,000000000000000E+000
8,7104566E-002	1,787335384999302E-001	1,000000000000000E+000
8,8082366E-002	1,800531032236508E-001	1,000000000000000E+000
8,9056544E-002	1,816316144023507E-001	1,000000000000000E+000
9,0108432E-002	1,834791473682145E-001	1,000000000000000E+000
9,1087930E-002	1,850299302669667E-001	1,000000000000000E+000
9,2048325E-002	1,866141261351817E-001	1,000000000000000E+000
9,3143508E-002	1,880021296933094E-001	1,000000000000000E+000
9,4122373E-002	1,895899272963613E-001	1,000000000000000E+000
9,5037758E-002	1,910447429011888E-001	1,000000000000000E+000
9,6037418E-002	1,925096912050832E-001	1,000000000000000E+000
9,7100131E-002	1,938942470846494E-001	1,000000000000000E+000
9,8015733E-002	1,954047920751498E-001	1,000000000000000E+000
9,8989494E-002	1,961152021799029E-001	1,000000000000000E+000
1,0011525E-001	1,972539670273870E-001	1,000000000000000E+000
1,0097927E-001	1,981615158858607E-001	1,000000000000000E+000
1,0221201E-001	1,987727882159464E-001	1,000000000000000E+000
1,0316199E-001	1,990962587685017E-001	1,000000000000000E+000
1,0402369E-001	1,995180836982199E-001	1,000000000000000E+000
1,0514944E-001	2,009513800342879E-001	1,000000000000000E+000
1,0607056E-001	2,022079084094409E-001	1,000000000000000E+000
1,0701095E-001	2,074094956042245E-001	1,000000000000000E+000
1,0812123E-001	2,060354657910974E-001	1,000000000000000E+000
1,0905019E-001	2,078026873447625E-001	1,000000000000000E+000
1,1014835E-001	2,097183047121185E-001	1,000000000000000E+000
1,1107754E-001	2,111623027336069E-001	1,000000000000000E+000
1,1205386E-001	2,135170822730292E-001	1,000000000000000E+000
1,1309683E-001	2,148254021562432E-001	1,000000000000000E+000
1,1411919E-001	2,169454101498965E-001	1,000000000000000E+000
1,1511037E-001	2,184272180311382E-001	1,000000000000000E+000
1,1601748E-001	2,202526965152685E-001	1,000000000000000E+000
1,1710843E-001	2,218791340710600E-001	1,000000000000000E+000
1,1798305E-001	2,236727568605508E-001	1,000000000000000E+000
1,1913322E-001	2,253688149180058E-001	1,000000000000000E+000
1,2007642E-001	2,269352329248147E-001	1,000000000000000E+000
1,2106930E-001	2,282114834265982E-001	1,000000000000000E+000
1,2202544E-001	2,307249496872030E-001	1,000000000000000E+000
1,2305286E-001	2,323019174056959E-001	1,000000000000000E+000
1,2402939E-001	2,354400709607747E-001	1,000000000000000E+000
1,2512840E-001	2,350445453776038E-001	1,000000000000000E+000
1,2606163E-001	2,359243555951647E-001	1,000000000000000E+000
1,2708910E-001	2,370994919005582E-001	1,000000000000000E+000
1,2806731E-001	2,379943180906907E-001	1,000000000000000E+000
1,2915273E-001	2,388606594953062E-001	1,000000000000000E+000
1,3005157E-001	2,385950825280612E-001	1,000000000000000E+000
1,3109730E-001	2,387547339442087E-001	1,000000000000000E+000
1,3205960E-001	2,388820280967696E-001	1,000000000000000E+000
1,3301808E-001	2,391281469543984E-001	1,000000000000000E+000
1,3413873E-001	2,407716204696850E-001	1,000000000000000E+000
1,3514328E-001	2,425329942877106E-001	1,000000000000000E+000
1,3606951E-001	2,440653820522130E-001	1,000000000000000E+000
1,3706937E-001	2,465466011005146E-001	1,000000000000000E+000
1,3809070E-001	2,484743639102418E-001	1,000000000000000E+000
1,3916381E-001	2,505446669593877E-001	1,000000000000000E+000
1,4005415E-001	2,526376589408357E-001	1,000000000000000E+000
1,4108205E-001	2,548361239540915E-001	1,000000000000000E+000
1,4206704E-001	2,567443618447434E-001	1,000000000000000E+000
1,4311597E-001	2,587485082654504E-001	1,000000000000000E+000
1,4404707E-001	2,607666426079538E-001	1,000000000000000E+000
1,4502177E-001	2,660138578050668E-001	1,000000000000000E+000
1,4603873E-001	2,648332763152830E-001	1,000000000000000E+000
1,4708273E-001	2,667322796252041E-001	1,000000000000000E+000
1,4811680E-001	2,684892033381994E-001	1,000000000000000E+000
1,4908971E-001	2,703184982916973E-001	1,000000000000000E+000
1,5004776E-001	2,718599168066351E-001	1,000000000000000E+000
1,5103957E-001	2,738922621744377E-001	1,000000000000000E+000
1,5199636E-001	2,748263821057568E-001	1,000000000000000E+000
1,5304740E-001	2,767995704586310E-001	1,000000000000000E+000
1,5406403E-001	2,777042605707223E-001	1,000000000000000E+000
1,5508875E-001	2,784894761215480E-001	1,000000000000000E+000
1,5608566E-001	2,793840483710587E-001	1,000000000000000E+000
1,5715262E-001	2,798890499656819E-001	1,000000000000000E+000
1,5810366E-001	2,791047292347590E-001	1,000000000000000E+000
1,5901436E-001	2,784602049375998E-001	1,000000000000000E+000
1,6008665E-001	2,776721231898094E-001	1,000000000000000E+000
1,6098164E-001	2,782037151304806E-001	1,000000000000000E+000
1,6209573E-001	2,794481777430842E-001	1,000000000000000E+000
1,6311450E-001	2,812671088613572E-001	1,000000000000000E+000
1,6401714E-001	2,834197491303918E-001	1,000000000000000E+000
1,6505544E-001	2,857119698439621E-001	1,000000000000000E+000
1,6605277E-001	2,882304678205401E-001	1,000000000000000E+000
1,6703460E-001	2,905711225337453E-001	1,000000000000000E+000
1,6803655E-001	2,967527267109200E-001	1,000000000000000E+000
1,6902857E-001	2,961289931554347E-001	1,000000000000000E+000
1,7013185E-001	2,981207253049245E-001	1,000000000000000E+000
1,7109755E-001	3,007570432188618E-001	1,000000000000000E+000
1,7205900E-001	3,025396935538280E-001	1,000000000000000E+000
1,7309476E-001	3,052004603927756E-001	1,000000000000000E+000
1,7399825E-001	3,073536563509469E-001	1,000000000000000E+000
1,7509599E-001	3,090121109400781E-001	1,000000000000000E+000
1,7609501E-001	3,109807646057257E-001	1,000000000000000E+000
1,7709255E-001	3,131349105905343E-001	1,000000000000000E+000
1,7806950E-001	3,149453211420532E-001	1,000000000000000E+000
1,7912583E-001	3,177351593039948E-001	1,000000000000000E+000
1,8004972E-001	3,190043032324579E-001	1,000000000000000E+000
1,8108058E-001	3,205470051099022E-001	1,000000000000000E+000
1,8208918E-001	3,237038632440905E-001	1,000000000000000E+000
1,8304357E-001	3,226514268511309E-001	1,000000000000000E+000
1,8416849E-001	3,229409242824968E-001	1,000000000000000E+000
1,8507771E-001	3,231245222139276E-001	1,000000000000000E+000
1,8613684E-001	3,221024617604495E-001	1,000000000000000E+000
1,8712236E-001	3,197221824071494E-001	1,000000000000000E+000
1,8806952E-001	3,179619413002275E-001	1,000000000000000E+000
1,8909043E-001	3,181761284100117E-001	1,000000000000000E+000
1,9002980E-001	3,190135577331397E-001	1,000000000000000E+000
1,9114155E-001	3,211451386256776E-001	1,000000000000000E+000
1,9204803E-001	3,241404483560473E-001	1,000000000000000E+000
1,9301437E-001	3,266822920801746E-001	1,000000000000000E+000
1,9407685E-001	3,293964966562468E-001	1,000000000000000E+000
1,9503810E-001	3,323729340400968E-001	1,000000000000000E+000
1,9615643E-001	3,354421494683875E-001	1,000000000000000E+000
1,9708221E-001	3,386941931417438E-001	1,000000000000000E+000
1,9806001E-001	3,413472441283789E-001	1,000000000000000E+000
1,9909213E-001	3,437822184577171E-001	1,000000000000000E+000
1,9997829E-001	3,501802610366473E-001	1,000000000000000E+000
2,0067272E-001	3,467693229516344E-001	1,000000000000000E+000
1,9976479E-001	2,845018925145277E-001	1,000000000000000E+000
1,9881065E-001	2,787649214992092E-001	1,000000000000000E+000
1,9789167E-001	2,729231790742954E-001	1,000000000000000E+000
1,9678330E-001	2,689215895305934E-001	1,000000000000000E+000
1,9571249E-001	2,625331632896435E-001	1,000000000000000E+000
1,9480714E-001	2,606556692108930E-001	1,000000000000000E+000
1,9378117E-001	2,577032793778935E-001	1,000000000000000E+000
1,9277875E-001	2,547719091849601E-001	1,000000000000000E+000
1,9176169E-001	2,511020382711049E-001	1,000000000000000E+000
1,9092123E-001	2,472839455844627E-001	1,000000000000000E+000
1,8973155E-001	2,432146698443409E-001	1,000000000000000E+000
1,8888177E-001	2,393051883231649E-001	1,000000000000000E+000
1,8792385E-001	2,314421484220999E-001	1,000000000000000E+000
1,8679884E-001	2,287879166348530E-001	1,000000000000000E+000
1,8581468E-001	2,228684441522797E-001	1,000000000000000E+000
1,8480951E-001	2,172379167879830E-001	1,000000000000000E+000
1,8388052E-001	2,125402956735352E-001	1,000000000000000E+000
1,8284626E-001	2,090627092014381E-001	1,000000000000000E+000
1,8181092E-001	2,033251377029556E-001	1,000000000000000E+000
1,8076609E-001	2,048442227533092E-001	1,000000000000000E+000
1,7978235E-001	2,040008312324064E-001	1,000000000000000E+000
1,7886420E-001	2,026406490088755E-001	1,000000000000000E+000
1,7776009E-001	2,015983790236844E-001	1,000000000000000E+000
1,7685574E-001	2,006960412771965E-001	1,000000000000000E+000
1,7586055E-001	1,995919940786237E-001	1,000000000000000E+000
1,7488232E-001	1,987732074404556E-001	1,000000000000000E+000
1,7374848E-001	1,974288796773185E-001	1,000000000000000E+000
1,7281102E-001	1,958687648228890E-001	1,000000000000000E+000
1,7187060E-001	1,941959809434288E-001	1,000000000000000E+000
1,7081362E-001	1,931728144926541E-001	1,000000000000000E+000
1,6980590E-001	1,918445566099964E-001	1,000000000000000E+000
1,6886568E-001	1,900922359329553E-001	1,000000000000000E+000
1,6781887E-001	1,883275166102170E-001	1,000000000000000E+000
1,6681367E-001	1,864867662855745E-001	1,000000000000000E+000
1,6571891E-001	1,853550551329846E-001	1,000000000000000E+000
1,6480629E-001	1,836069804073011E-001	1,000000000000000E+000
1,6386732E-001	1,811726669030680E-001	1,000000000000000E+000
1,6281165E-001	1,791806538951479E-001	1,000000000000000E+000
1,6180207E-001	1,727767390871628E-001	1,000000000000000E+000
1,6070855E-001	1,733406036704162E-001	1,000000000000000E+000
1,5984304E-001	1,703336267447515E-001	1,000000000000000E+000
1,5886268E-001	1,670155176220258E-001	1,000000000000000E+000
1,5770829E-001	1,631051913783369E-001	1,000000000000000E+000
1,5686592E-001	1,582538968650631E-001	1,000000000000000E+000
1,5582296E-001	1,547730274938257E-001	1,000000000000000E+000
1,5478741E-001	1,523199985450552E-001	1,000000000000000E+000
1,5385608E-001	1,502182434778661E-001	1,000000000000000E+000
1,5280953E-001	1,490470728474778E-001	1,000000000000000E+000
1,5189563E-001	1,487781554848575E-001	1,000000000000000E+000
1,5077306E-001	1,437674375613121E-001	1,000000000000000E+000
1,4987405E-001	1,460943415424687E-001	1,000000000000000E+000
1,4882281E-001	1,452506291291988E-001	1,000000000000000E+000
1,4784415E-001	1,442633417771304E-001	1,000000000000000E+000
1,4676276E-001	1,433953527852683E-001	1,000000000000000E+000
1,4582889E-001	1,424591687456191E-001	1,000000000000000E+000
1,4478785E-001	1,409657009773785E-001	1,000000000000000E+000
1,4380346E-001	1,397679802159679E-001	1,000000000000000E+000
1,4284860E-001	1,386109781839577E-001	1,000000000000000E+000
1,4185064E-001	1,372259964054043E-001	1,000000000000000E+000
1,4085945E-001	1,358917395377333E-001	1,000000000000000E+000
1,3982478E-001	1,343838908683717E-001	1,000000000000000E+000
1,3887329E-001	1,332279628841213E-001	1,000000000000000E+000
1,3785091E-001	1,315928220283242E-001	1,000000000000000E+000
1,3690752E-001	1,304813081321003E-001	1,000000000000000E+000
1,3579832E-001	1,286233818391348E-001	1,000000000000000E+000
1,3482222E-001	1,265939820635449E-001	1,000000000000000E+000
1,3379262E-001	1,247531844742806E-001	1,000000000000000E+000
1,3279380E-001	1,223204152063576E-001	1,000000000000000E+000
1,3189073E-001	1,200354618744718E-001	1,000000000000000E+000
1,3081202E-001	1,139913336244517E-001	1,000000000000000E+000
1,2979272E-001	1,138737367388480E-001	1,000000000000000E+000
1,2885463E-001	1,104164547480959E-001	1,000000000000000E+000
1,2777790E-001	1,075240024300812E-001	1,000000000000000E+000
1,2679586E-001	1,053256334982710E-001	1,000000000000000E+000
1,2585141E-001	1,038080881634313E-001	1,000000000000000E+000
1,2481438E-001	1,023467501250306E-001	1,000000000000000E+000
1,2380240E-001	1,009598473125759E-001	1,000000000000000E+000
1,2287980E-001	1,002763142395351E-001	1,000000000000000E+000
1,2179521E-001	9,887849670162263E-002	1,000000000000000E+000
1,2090170E-001	9,804995092822044E-002	1,000000000000000E+000
1,1984153E-001	9,718090183903572E-002	1,000000000000000E+000
1,1882701E-001	9,569814284461486E-002	1,000000000000000E+000
1,1778361E-001	9,471128067363888E-002	1,000000000000000E+000
1,1679203E-001	9,354462673784192E-002	1,000000000000000E+000
1,1579364E-001	9,243211005296992E-002	1,000000000000000E+000
1,1474132E-001	9,127207805997611E-002	1,000000000000000E+000
1,1379176E-001	8,993035660953219E-002	1,000000000000000E+000
1,1285646E-001	8,845840996622845E-002	1,000000000000000E+000
1,1180499E-001	8,492303807805879E-002	1,000000000000000E+000
1,1084884E-001	8,553249978770838E-002	1,000000000000000E+000
1,0985959E-001	8,439469306419306E-002	1,000000000000000E+000
1,0883063E-001	8,284751346541791E-002	1,000000000000000E+000
1,0779912E-001	8,118629200746197E-002	1,000000000000000E+000
1,0684679E-001	8,008204321635681E-002	1,000000000000000E+000
1,0585372E-001	7,812130951788321E-002	1,000000000000000E+000
1,0480291E-001	7,611544662439784E-002	1,000000000000000E+000
1,0385608E-001	7,421573791523550E-002	1,000000000000000E+000
1,0283053E-001	7,189499837760316E-002	1,000000000000000E+000
1,0182492E-001	6,962186710572704E-002	1,000000000000000E+000
1,0080636E-001	6,708120451205313E-002	1,000000000000000E+000
9,9846192E-002	6,459180318698715E-002	1,000000000000000E+000
9,8878153E-002	6,252836909455595E-002	1,000000000000000E+000
9,7784027E-002	6,083294956543917E-002	1,000000000000000E+000
9,6875846E-002	5,600669381156997E-002	1,000000000000000E+000
9,5873475E-002	5,800809763604775E-002	1,000000000000000E+000
9,4850667E-002	5,641707017396912E-002	1,000000000000000E+000
9,3808554E-002	5,562633018901875E-002	1,000000000000000E+000
9,2871718E-002	5,459832505180695E-002	1,000000000000000E+000
9,1780573E-002	5,303349128937263E-002	1,000000000000000E+000
9,0860300E-002	5,240186057764940E-002	1,000000000000000E+000
8,9750886E-002	5,103622375948675E-002	1,000000000000000E+000
8,8867344E-002	4,974094288708231E-002	1,000000000000000E+000
8,7788709E-002	4,870779408762868E-002	1,000000000000000E+000
8,6823441E-002	4,717864386879628E-002	1,000000000000000E+000
8,5779190E-002	4,594629685420343E-002	1,000000000000000E+000
8,4833868E-002	4,493928604319497E-002	1,000000000000000E+000
8,3831452E-002	4,327180698358774E-002	1,000000000000000E+000
8,2840711E-002	4,211172969856625E-002	1,000000000000000E+000
8,0946654E-002	4,519354879497148E-002	1,000000000000000E+000
7,9375632E-002	4,016752892898204E-002	1,000000000000000E+000
7,8309737E-002	3,296975145349279E-002	1,000000000000000E+000
7,7359758E-002	3,557239356774111E-002	1,000000000000000E+000
7,6279208E-002	3,144331777002674E-002	1,000000000000000E+000
7,5233698E-002	3,094932516493509E-002	1,000000000000000E+000
7,4407458E-002	2,612279870825476E-002	1,000000000000000E+000
7,3192582E-002	2,480805818373086E-002	1,000000000000000E+000
7,2326660E-002	2,492655930594390E-002	1,000000000000000E+000
7,1308322E-002	2,160773086426265E-002	1,000000000000000E+000
7,0326701E-002	2,046194050085937E-002	1,000000000000000E+000
6,9253370E-002	1,920350807065721E-002	1,000000000000000E+000
6,8260506E-002	1,744346617488185E-002	1,000000000000000E+000
6,7312002E-002	1,626466443445282E-002	1,000000000000000E+000
6,6267341E-002	1,500894111571444E-002	1,000000000000000E+000
6,5350883E-002	1,377302567319330E-002	1,000000000000000E+000
6,4369477E-002	1,225585463786652E-002	1,000000000000000E+000
6,3337967E-002	1,145021798260537E-002	1,000000000000000E+000
6,2320892E-002	1,013415671332044E-002	1,000000000000000E+000
6,1353080E-002	8,536718734022657E-003	1,000000000000000E+000
6,0347900E-002	7,804244066291099E-003	1,000000000000000E+000
5,9396431E-002	6,043175518344573E-003	1,000000000000000E+000
5,8355160E-002	5,000428321283040E-003	1,000000000000000E+000
5,7289902E-002	3,587203764254823E-003	1,000000000000000E+000
5,6420583E-002	2,083635957003727E-003	1,000000000000000E+000
5,5395648E-002	1,037823703856904E-003	1,000000000000000E+000
5,4346584E-002	-3,486863533718562E-003	1,000000000000000E+000
5,3351991E-002	-2,810765217772210E-003	1,000000000000000E+000
5,2447859E-002	-2,731595838566938E-003	1,000000000000000E+000
5,1378351E-002	-5,082561947347131E-003	1,000000000000000E+000
5,0393127E-002	-6,180481820693876E-003	1,000000000000000E+000
4,9329147E-002	-7,717655178162697E-003	1,000000000000000E+000
4,8326090E-002	-9,103113133783647E-003	1,000000000000000E+000
4,7262952E-002	-1,090842544120579E-002	1,000000000000000E+000
4,6218920E-002	-1,241819749621853E-002	1,000000000000000E+000
4,5406062E-002	-1,417866691432815E-002	1,000000000000000E+000
4,4361185E-002	-1,611323671952247E-002	1,000000000000000E+000
4,3358341E-002	-1,779027424345250E-002	1,000000000000000E+000
4,2383935E-002	-1,965781115480542E-002	1,000000000000000E+000
4,1426942E-002	-2,103894176414334E-002	1,000000000000000E+000
4,0452968E-002	-2,220648514210344E-002	1,000000000000000E+000
3,9454363E-002	-2,396620262071444E-002	1,000000000000000E+000
3,8258556E-002	-2,530698335936496E-002	1,000000000000000E+000
3,7357178E-002	-2,626164036498960E-002	1,000000000000000E+000
3,6352631E-002	-2,793074298177900E-002	1,000000000000000E+000
3,5494562E-002	-2,940570047293375E-002	1,000000000000000E+000
3,4337297E-002	-3,216829149298263E-002	1,000000000000000E+000
3,3350915E-002	-3,435350709413698E-002	1,000000000000000E+000
3,2430436E-002	-3,246593945206977E-002	1,000000000000000E+000
3,1375367E-002	-3,556228771534115E-002	1,000000000000000E+000
3,0397570E-002	-3,581615931600231E-002	1,000000000000000E+000
2,9393239E-002	-3,756181907051026E-002	1,000000000000000E+000
2,8367888E-002	-3,915383918986959E-002	1,000000000000000E+000
2,7411319E-002	-3,985462474520318E-002	1,000000000000000E+000
2,6475130E-002	-4,200599841553609E-002	1,000000000000000E+000
2,5375271E-002	-4,341394148973948E-002	1,000000000000000E+000
2,4315745E-002	-4,445614258939803E-002	1,000000000000000E+000
2,3406727E-002	-4,575861015796856E-002	1,000000000000000E+000
2,2471596E-002	-4,737439278526112E-002	1,000000000000000E+000
2,1369616E-002	-4,841367255883400E-002	1,000000000000000E+000
2,0383537E-002	-5,018160442381842E-002	1,000000000000000E+000
1,9411894E-002	-5,156361633433137E-002	1,000000000000000E+000
1,8295692E-002	-5,324780297491494E-002	1,000000000000000E+000
1,7342729E-002	-5,426583323019762E-002	1,000000000000000E+000
1,6419912E-002	-5,623797045943013E-002	1,000000000000000E+000
1,5397112E-002	-5,769490308011904E-002	1,000000000000000E+000
1,4359485E-002	-5,935499424877964E-002	1,000000000000000E+000
1,3382535E-002	-6,531273002555171E-002	1,000000000000000E+000
1,2457808E-002	-6,129726958331783E-002	1,000000000000000E+000
1,1444347E-002	-6,405626199880779E-002	1,000000000000000E+000
1,0558042E-002	-6,579065978682264E-002	1,000000000000000E+000
9,3700858E-003	-6,660877855028957E-002	1,000000000000000E+000
8,4782615E-003	-6,819546121146736E-002	1,000000000000000E+000
7,4051493E-003	-7,006782959474023E-002	1,000000000000000E+000
6,4356313E-003	-7,074035612943813E-002	1,000000000000000E+000
5,3098737E-003	-7,242530143897374E-002	1,000000000000000E+000
4,2753965E-003	-7,400540696431146E-002	1,000000000000000E+000
3,4298496E-003	-7,503493350102675E-002	1,000000000000000E+000
2,3747811E-003	-7,691662831024987E-002	1,000000000000000E+000
1,4636398E-003	-7,807055616285652E-002	1,000000000000000E+000
4,0496304E-004	-7,988051022402920E-002	1,000000000000000E+000
-6,4840697E-004	-8,064027039411786E-002	1,000000000000000E+000
-1,6283278E-003	-8,247215956604642E-002	1,000000000000000E+000
-2,5500839E-003	-8,353584915554757E-002	1,000000000000000E+000
-3,5671536E-003	-8,508844685921838E-002	1,000000000000000E+000
-4,6466347E-003	-8,655140752024537E-002	1,000000000000000E+000
-5,5327271E-003	-8,827852397613822E-002	1,000000000000000E+000
-6,5964991E-003	-8,894843439985445E-002	1,000000000000000E+000
-7,4422620E-003	-9,462082508252889E-002	1,000000000000000E+000
-8,6047081E-003	-9,199879117335885E-002	1,000000000000000E+000
-9,6183820E-003	-9,351223053333030E-002	1,000000000000000E+000
-1,0635876E-002	-9,544207035408636E-002	1,000000000000000E+000
-1,1549777E-002	-9,635010465151717E-002	1,000000000000000E+000
-1,2575552E-002	-9,753585629449738E-002	1,000000000000000E+000
-1,3566511E-002	-9,897366317454681E-002	1,000000000000000E+000
-1,4609267E-002	-1,005344907623816E-001	1,000000000000000E+000
-1,5497481E-002	-1,023277118996092E-001	1,000000000000000E+000
-1,6504575E-002	-1,033189773831207E-001	1,000000000000000E+000
-1,7512944E-002	-1,049430981511250E-001	1,000000000000000E+000
-1,8541476E-002	-1,070032096726610E-001	1,000000000000000E+000
-1,9467477E-002	-1,081502810120581E-001	1,000000000000000E+000
-2,1441160E-002	-1,101946868407788E-001	1,000000000000000E+000
-2,3132514E-002	-1,130004612819500E-001	1,000000000000000E+000
-2,4148734E-002	-1,148362785073309E-001	1,000000000000000E+000
-2,5145635E-002	-1,165762374746715E-001	1,000000000000000E+000
-2,6258022E-002	-1,179798367601403E-001	1,000000000000000E+000
-2,7193179E-002	-1,215702005364518E-001	1,000000000000000E+000
-2,8081544E-002	-1,216372715943078E-001	1,000000000000000E+000
-2,9213673E-002	-1,226160233620455E-001	1,000000000000000E+000
-3,0141158E-002	-1,235740401445778E-001	1,000000000000000E+000
-3,1195803E-002	-1,252913169769774E-001	1,000000000000000E+000
-3,2163203E-002	-1,265044203416132E-001	1,000000000000000E+000
-3,3091750E-002	-1,280170836382443E-001	1,000000000000000E+000
-3,4170590E-002	-1,297329698637537E-001	1,000000000000000E+000
-3,5160918E-002	-1,307621437202515E-001	1,000000000000000E+000
-3,6176924E-002	-1,317108806947038E-001	1,000000000000000E+000
-3,7176799E-002	-1,337087770354830E-001	1,000000000000000E+000
-3,8101532E-002	-1,339267486473544E-001	1,000000000000000E+000
-3,9153840E-002	-1,354250926912448E-001	1,000000000000000E+000
-4,0213149E-002	-1,368346318162770E-001	1,000000000000000E+000
-4,1165050E-002	-1,378111559509608E-001	1,000000000000000E+000
-4,2210143E-002	-1,389519906758019E-001	1,000000000000000E+000
-4,3175202E-002	-1,405164466963874E-001	1,000000000000000E+000
-4,4174440E-002	-1,422399242227481E-001	1,000000000000000E+000
-4,5161154E-002	-1,438462601767638E-001	1,000000000000000E+000
-4,6151899E-002	-1,453094001755939E-001	1,000000000000000E+000
-4,7168545E-002	-1,470113608649823E-001	1,000000000000000E+000
-4,8176941E-002	-1,509203073542773E-001	1,000000000000000E+000
-4,9169328E-002	-1,506503925451792E-001	1,000000000000000E+000
-5,0135877E-002	-1,518805498102060E-001	1,000000000000000E+000
-5,1198155E-002	-1,533089747471321E-001	1,000000000000000E+000
-5,2066632E-002	-1,549969699958131E-001	1,000000000000000E+000
-5,3199824E-002	-1,565118007387754E-001	1,000000000000000E+000
-5,4070842E-002	-1,577282894868404E-001	1,000000000000000E+000
-5,5159666E-002	-1,596547766174701E-001	1,000000000000000E+000
-5,6162719E-002	-1,607081779640991E-001	1,000000000000000E+000
-5,7105917E-002	-1,623887574532997E-001	1,000000000000000E+000
-5,8139764E-002	-1,639703952112330E-001	1,000000000000000E+000
-5,9192915E-002	-1,651477469260700E-001	1,000000000000000E+000
-6,0136538E-002	-1,666797279095686E-001	1,000000000000000E+000
-6,1158709E-002	-1,681609995559681E-001	1,000000000000000E+000
-6,2173430E-002	-1,694355943602406E-001	1,000000000000000E+000
-6,3250586E-002	-1,706720719683081E-001	1,000000000000000E+000
-6,4103983E-002	-1,716783960712038E-001	1,000000000000000E+000
-6,5126792E-002	-1,729007697431366E-001	1,000000000000000E+000
-6,6243842E-002	-1,744012444849226E-001	1,000000000000000E+000
-6,7207836E-002	-1,748538814976595E-001	1,000000000000000E+000
-6,8127684E-002	-1,754678471996958E-001	1,000000000000000E+000
-6,9101661E-002	-1,764535366738627E-001	1,000000000000000E+000
-7,0187941E-002	-1,777418235109913E-001	1,000000000000000E+000
-7,1121253E-002	-1,824586486133430E-001	1,000000000000000E+000
-7,2081298E-002	-1,814431038478177E-001	1,000000000000000E+000
-7,3149532E-002	-1,824614546365204E-001	1,000000000000000E+000
-7,4126482E-002	-1,841868274301908E-001	1,000000000000000E+000
-7,5206816E-002	-1,861149066826326E-001	1,000000000000000E+000
-7,6151282E-002	-1,881693794987060E-001	1,000000000000000E+000
-7,7129081E-002	-1,895511911975001E-001	1,000000000000000E+000
-7,8208342E-002	-1,910074492657755E-001	1,000000000000000E+000
-7,9053037E-002	-1,925337339440978E-001	1,000000000000000E+000
-8,0188990E-002	-1,942666408398912E-001	1,000000000000000E+000
-8,1160210E-002	-1,959189511059471E-001	1,000000000000000E+000
-8,2140759E-002	-1,973210710566483E-001	1,000000000000000E+000
-8,3190948E-002	-1,991111870285951E-001	1,000000000000000E+000
-8,4141791E-002	-2,004470279724853E-001	1,000000000000000E+000
-8,5176259E-002	-2,022077653220746E-001	1,000000000000000E+000
-8,6191006E-002	-2,035196401541015E-001	1,000000000000000E+000
-8,7169424E-002	-2,051667686060268E-001	1,000000000000000E+000
-8,8100098E-002	-2,071382134324971E-001	1,000000000000000E+000
-8,9191690E-002	-2,077725961312848E-001	1,000000000000000E+000
-9,0148017E-002	-2,124400495344569E-001	1,000000000000000E+000
-9,1124542E-002	-2,112519342529895E-001	1,000000000000000E+000
-9,2111252E-002	-2,119344652164730E-001	1,000000000000000E+000
-9,3151890E-002	-2,131969198170635E-001	1,000000000000000E+000
-9,4178289E-002	-2,140599761106479E-001	1,000000000000000E+000
-9,5045708E-002	-2,144269325201293E-001	1,000000000000000E+000
-9,6169770E-002	-2,147220427480834E-001	1,000000000000000E+000
-9,7078785E-002	-2,150678906149950E-001	1,000000000000000E+000
-9,8145314E-002	-2,162313024616901E-001	1,000000000000000E+000
-9,9109113E-002	-2,176995903719217E-001	1,000000000000000E+000
-1,0009561E-001	-2,191473115235559E-001	1,000000000000000E+000
-1,0121903E-001	-2,213114850455886E-001	1,000000000000000E+000
-1,0210682E-001	-2,226482766758021E-001	1,000000000000000E+000
-1,0310522E-001	-2,248192804011819E-001	1,000000000000000E+000
-1,0412142E-001	-2,264712348632099E-001	1,000000000000000E+000
-1,0517734E-001	-2,286094751002059E-001	1,000000000000000E+000
-1,0611650E-001	-2,300590893072598E-001	1,000000000000000E+000
-1,0716818E-001	-2,321495662908992E-001	1,000000000000000E+000
-1,0809482E-001	-2,337269712524064E-001	1,000000000000000E+000
-1,0916453E-001	-2,352988006961008E-001	1,000000000000000E+000
-1,1018288E-001	-2,374346081762466E-001	1,000000000000000E+000
-1,1111649E-001	-2,419266888302642E-001	1,000000000000000E+000
-1,1208856E-001	-2,411207762909018E-001	1,000000000000000E+000
-1,1313110E-001	-2,427765918740379E-001	1,000000000000000E+000
-1,1417089E-001	-2,441972681683371E-001	1,000000000000000E+000
-1,1517586E-001	-2,460579550307660E-001	1,000000000000000E+000
-1,1605813E-001	-2,472178313829423E-001	1,000000000000000E+000
-1,1714908E-001	-2,491672210809244E-001	1,000000000000000E+000
-1,1818738E-001	-2,501408987833802E-001	1,000000000000000E+000
-1,1921293E-001	-2,516648361925027E-001	1,000000000000000E+000
-1,2011579E-001	-2,523565019946536E-001	1,000000000000000E+000
-1,2115218E-001	-2,536153431412651E-001	1,000000000000000E+000
-1,2214909E-001	-2,539129367408641E-001	1,000000000000000E+000
-1,2310460E-001	-2,543113997154345E-001	1,000000000000000E+000
-1,2419808E-001	-2,543227418532803E-001	1,000000000000000E+000
-1,2512495E-001	-2,545237303711461E-001	1,000000000000000E+000
-1,2604544E-001	-2,547397884126330E-001	1,000000000000000E+000
-1,2716906E-001	-2,566633261740201E-001	1,000000000000000E+000
-1,2812054E-001	-2,577011649910776E-001	1,000000000000000E+000
-1,2910897E-001	-2,597834882843824E-001	1,000000000000000E+000
-1,3013917E-001	-2,617533988991951E-001	1,000000000000000E+000
-1,3113035E-001	-2,640576645628439E-001	1,000000000000000E+000
-1,3210221E-001	-2,656199420647063E-001	1,000000000000000E+000
-1,3312256E-001	-2,695080529277520E-001	1,000000000000000E+000
-1,3412762E-001	-2,715118358739552E-001	1,000000000000000E+000
-1,3524042E-001	-2,728318947160409E-001	1,000000000000000E+000
-1,3608554E-001	-2,749648207746853E-001	1,000000000000000E+000
-1,3716014E-001	-2,764406466546154E-001	1,000000000000000E+000
-1,3820142E-001	-2,781698475333125E-001	1,000000000000000E+000
-1,3905947E-001	-2,805182550412910E-001	1,000000000000000E+000
-1,4007549E-001	-2,825638173510212E-001	1,000000000000000E+000
-1,4119636E-001	-2,837176343633050E-001	1,000000000000000E+000
-1,4213851E-001	-2,860453223240436E-001	1,000000000000000E+000
-1,4311843E-001	-2,877832358030394E-001	1,000000000000000E+000
-1,4417583E-001	-2,894358619944066E-001	1,000000000000000E+000
-1,4512773E-001	-2,914377507339752E-001	1,000000000000000E+000
-1,4613801E-001	-2,927116075944571E-001	1,000000000000000E+000
-1,4719626E-001	-2,942727310841704E-001	1,000000000000000E+000
-1,4818552E-001	-2,951182839201962E-001	1,000000000000000E+000
-1,4915292E-001	-2,955811419524261E-001	1,000000000000000E+000
-1,5013497E-001	-2,965225852094582E-001	1,000000000000000E+000
-1,5111573E-001	-2,963247993029654E-001	1,000000000000000E+000
-1,5214828E-001	-2,956171014294440E-001	1,000000000000000E+000
-1,5320505E-001	-2,948259908136803E-001	1,000000000000000E+000
-1,5418540E-001	-2,948461368473039E-001	1,000000000000000E+000
-1,5514857E-001	-2,960162224868919E-001	1,000000000000000E+000
-1,5618093E-001	-2,999472497031084E-001	1,000000000000000E+000
-1,5710603E-001	-3,004874088801444E-001	1,000000000000000E+000
-1,5815663E-001	-3,024190401968849E-001	1,000000000000000E+000
-1,5920597E-001	-3,045459209372181E-001	1,000000000000000E+000
-1,6010247E-001	-3,071913678561224E-001	1,000000000000000E+000
-1,6109343E-001	-3,098575800605530E-001	1,000000000000000E+000
-1,6221346E-001	-3,121429262682787E-001	1,000000000000000E+000
-1,6303055E-001	-3,147779067253889E-001	1,000000000000000E+000
-1,6413063E-001	-3,170808147794251E-001	1,000000000000000E+000
-1,6508232E-001	-3,195649587238814E-001	1,000000000000000E+000
-1,6609514E-001	-3,213432485030756E-001	1,000000000000000E+000
-1,6711539E-001	-3,238461206977563E-001	1,000000000000000E+000
-1,6812079E-001	-3,259224964616196E-001	1,000000000000000E+000
-1,6914459E-001	-3,318830132484428E-001	1,000000000000000E+000
-1,7011583E-001	-3,307140881143917E-001	1,000000000000000E+000
-1,7115667E-001	-3,329214510870049E-001	1,000000000000000E+000
-1,7205742E-001	-3,347103076780007E-001	1,000000000000000E+000
-1,7308956E-001	-3,364471866128338E-001	1,000000000000000E+000
-1,7406289E-001	-3,385085073403182E-001	1,000000000000000E+000
-1,7508210E-001	-3,394838180651680E-001	1,000000000000000E+000
-1,7612569E-001	-3,402434173298774E-001	1,000000000000000E+000
-1,7708588E-001	-3,412988600838496E-001	1,000000000000000E+000
-1,7813055E-001	-3,419603231207775E-001	1,000000000000000E+000
-1,7916270E-001	-3,413217909530624E-001	1,000000000000000E+000
-1,8008804E-001	-3,394947301130746E-001	1,000000000000000E+000
-1,8108094E-001	-3,377135626764756E-001	1,000000000000000E+000
-1,8215892E-001	-3,372619946538977E-001	1,000000000000000E+000
-1,8301868E-001	-3,376435440602821E-001	1,000000000000000E+000
-1,8414634E-001	-3,391172797160422E-001	1,000000000000000E+000
-1,8515176E-001	-3,415149124080517E-001	1,000000000000000E+000
-1,8613420E-001	-3,439527742512927E-001	1,000000000000000E+000
-1,8721223E-001	-3,469788902956576E-001	1,000000000000000E+000
-1,8818980E-001	-3,498196430607798E-001	1,000000000000000E+000
-1,8906403E-001	-3,530223703322308E-001	1,000000000000000E+000
-1,9006291E-001	-3,579205146783737E-001	1,000000000000000E+000
-1,9107518E-001	-3,605243879008199E-001	1,000000000000000E+000
-1,9209671E-001	-3,622383692870947E-001	1,000000000000000E+000
-1,9302696E-001	-3,651985779352902E-001	1,000000000000000E+000
-1,9414762E-001	-3,677260694611402E-001	1,000000000000000E+000
-1,9501185E-001	-3,703270977776905E-001	1,000000000000000E+000
-1,9613676E-001	-3,732152763081489E-001	1,000000000000000E+000
-1,9719204E-001	-3,755879292730251E-001	1,000000000000000E+000
-1,9817662E-001	-3,777863420546055E-001	1,000000000000000E+000
-1,9908491E-001	-3,805344440042968E-001	1,000000000000000E+000
-1,9957505E-001	-3,809259037176771E-001	1,000000000000000E+000
-1,9958334E-001	-3,875001370906830E-001	1,000000000000000E+000
-1,9890265E-001	-3,171401382423933E-001	1,000000000000000E+000
-1,9790564E-001	-3,111142101180215E-001	1,000000000000000E+000
-1,9685400E-001	-3,052503777046990E-001	1,000000000000000E+000
-1,9587982E-001	-2,991292496574003E-001	1,000000000000000E+000
-1,9492303E-001	-2,938186477404083E-001	1,000000000000000E+000
-1,9390714E-001	-2,848674376857363E-001	1,000000000000000E+000
-1,9288829E-001	-2,823708706483652E-001	1,000000000000000E+000
-1,9194573E-001	-2,767956595505696E-001	1,000000000000000E+000
-1,9092143E-001	-2,696190851533569E-001	1,000000000000000E+000
-1,8988845E-001	-2,619945230738585E-001	1,000000000000000E+000
-1,8887353E-001	-2,529852037938922E-001	1,000000000000000E+000
-1,8792376E-001	-2,515786358983152E-001	1,000000000000000E+000
-1,8686658E-001	-2,483770017926066E-001	1,000000000000000E+000
-1,8588175E-001	-2,459301848430187E-001	1,000000000000000E+000
-1,8493305E-001	-2,449256570285385E-001	1,000000000000000E+000
-1,8390706E-001	-2,430482134093630E-001	1,000000000000000E+000
-1,8293394E-001	-2,423437943992512E-001	1,000000000000000E+000
-1,8193638E-001	-2,409754582784238E-001	1,000000000000000E+000
-1,8084504E-001	-2,399429430176196E-001	1,000000000000000E+000
-1,7992666E-001	-2,382041394917502E-001	1,000000000000000E+000
-1,7893146E-001	-2,372287317411974E-001	1,000000000000000E+000
-1,7783818E-001	-2,348402349355938E-001	1,000000000000000E+000
-1,7689498E-001	-2,337652476918359E-001	1,000000000000000E+000
-1,7587963E-001	-2,326436641289737E-001	1,000000000000000E+000
-1,7493242E-001	-2,270547713592850E-001	1,000000000000000E+000
-1,7385188E-001	-2,276991777147888E-001	1,000000000000000E+000
-1,7285030E-001	-2,266247680333136E-001	1,000000000000000E+000
-1,7193852E-001	-2,250197475465634E-001	1,000000000000000E+000
-1,7091297E-001	-2,228872282559879E-001	1,000000000000000E+000
-1,6992413E-001	-2,209626152697536E-001	1,000000000000000E+000
-1,6887692E-001	-2,192177100158812E-001	1,000000000000000E+000
-1,6787916E-001	-2,162387373132839E-001	1,000000000000000E+000
-1,6694954E-001	-2,137207055153942E-001	1,000000000000000E+000
-1,6589002E-001	-2,105896059915220E-001	1,000000000000000E+000
-1,6485746E-001	-2,074948821553129E-001	1,000000000000000E+000
-1,6394928E-001	-2,039792809583658E-001	1,000000000000000E+000
-1,6284998E-001	-1,955461749910472E-001	1,000000000000000E+000
-1,6196486E-001	-1,939096500993602E-001	1,000000000000000E+000
-1,6093312E-001	-1,898090263647536E-001	1,000000000000000E+000
-1,5986405E-001	-1,868274973886500E-001	1,000000000000000E+000
-1,5887138E-001	-1,844921816502594E-001	1,000000000000000E+000
-1,5788320E-001	-1,830691216616991E-001	1,000000000000000E+000
-1,5691325E-001	-1,815096387355069E-001	1,000000000000000E+000
-1,5591657E-001	-1,808993325361765E-001	1,000000000000000E+000
-1,5493517E-001	-1,789657317050210E-001	1,000000000000000E+000
-1,5386312E-001	-1,782641213697689E-001	1,000000000000000E+000
-1,5286069E-001	-1,776536568197319E-001	1,000000000000000E+000
-1,5196973E-001	-1,764663196712108E-001	1,000000000000000E+000
-1,5094753E-001	-1,752217234784939E-001	1,000000000000000E+000
-1,4991859E-001	-1,736308075099560E-001	1,000000000000000E+000
-1,4886715E-001	-1,725390723570144E-001	1,000000000000000E+000
-1,4784454E-001	-1,676989242098195E-001	1,000000000000000E+000
-1,4690435E-001	-1,693355951121900E-001	1,000000000000000E+000
-1,4581574E-001	-1,681952382593099E-001	1,000000000000000E+000
-1,4486639E-001	-1,668542152425896E-001	1,000000000000000E+000
-1,4386332E-001	-1,655670461607066E-001	1,000000000000000E+000
-1,4288595E-001	-1,638827048267957E-001	1,000000000000000E+000
-1,4189649E-001	-1,621753542761628E-001	1,000000000000000E+000
-1,4091806E-001	-1,607704302037336E-001	1,000000000000000E+000
-1,3992199E-001	-1,594254050740140E-001	1,000000000000000E+000
-1,3892996E-001	-1,562068331986662E-001	1,000000000000000E+000
-1,3789487E-001	-1,546919992478153E-001	1,000000000000000E+000
-1,3687800E-001	-1,517965150738338E-001	1,000000000000000E+000
-1,3596368E-001	-1,491589219982006E-001	1,000000000000000E+000
-1,3494001E-001	-1,457769921334049E-001	1,000000000000000E+000
-1,3401647E-001	-1,386790859590592E-001	1,000000000000000E+000
-1,3298403E-001	-1,386219973727643E-001	1,000000000000000E+000
-1,3193129E-001	-1,358606996687335E-001	1,000000000000000E+000
-1,3082232E-001	-1,335121872964204E-001	1,000000000000000E+000
-1,2993367E-001	-1,322320136370962E-001	1,000000000000000E+000
-1,2895525E-001	-1,311014681899292E-001	1,000000000000000E+000
-1,2785962E-001	-1,294481416051787E-001	1,000000000000000E+000
-1,2694190E-001	-1,282103304078586E-001	1,000000000000000E+000
-1,2595032E-001	-1,270960118207666E-001	1,000000000000000E+000
-1,2492897E-001	-1,264101377714217E-001	1,000000000000000E+000
-1,2396414E-001	-1,253685662134859E-001	1,000000000000000E+000
-1,2303707E-001	-1,237751492428487E-001	1,000000000000000E+000
-1,2193679E-001	-1,230346649083204E-001	1,000000000000000E+000
-1,2090464E-001	-1,218330728394594E-001	1,000000000000000E+000
-1,1984321E-001	-1,201526583366408E-001	1,000000000000000E+000
-1,1894735E-001	-1,190818087262510E-001	1,000000000000000E+000
-1,1791924E-001	-1,179363074220924E-001	1,000000000000000E+000
-1,1686057E-001	-1,161320868219871E-001	1,000000000000000E+000
-1,1594667E-001	-1,151893915505045E-001	1,000000000000000E+000
-1,1486592E-001	-1,136668202816506E-001	1,000000000000000E+000
-1,1403394E-001	-1,086119920493931E-001	1,000000000000000E+000
-1,1287002E-001	-1,101540785166431E-001	1,000000000000000E+000
-1,1193787E-001	-1,086303341435266E-001	1,000000000000000E+000
-1,1093989E-001	-1,070825186066533E-001	1,000000000000000E+000
-1,0984958E-001	-1,049502687270025E-001	1,000000000000000E+000
-1,0895628E-001	-1,029311577892964E-001	1,000000000000000E+000
-1,0790779E-001	-1,007753072707497E-001	1,000000000000000E+000
-1,0692383E-001	-9,815309238102651E-002	1,000000000000000E+000
-1,0591377E-001	-9,528242900139738E-002	1,000000000000000E+000
-1,0497121E-001	-9,247417297188409E-002	1,000000000000000E+000
-1,0394162E-001	-9,036227895153826E-002	1,000000000000000E+000
-1,0294068E-001	-8,821565227764161E-002	1,000000000000000E+000
-1,0196457E-001	-8,670951206133592E-002	1,000000000000000E+000
-1,0083797E-001	-8,521196204755035E-002	1,000000000000000E+000
-9,9969916E-002	-8,440473054846098E-002	1,000000000000000E+000
-9,8863117E-002	-7,940493828694639E-002	1,000000000000000E+000
-9,7940907E-002	-8,110486769712388E-002	1,000000000000000E+000
-9,6942946E-002	-8,011635855978527E-002	1,000000000000000E+000
-9,5950916E-002	-7,899228456274882E-002	1,000000000000000E+000
-9,4924092E-002	-7,757664936879194E-002	1,000000000000000E+000
-9,3871787E-002	-7,670452648825510E-002	1,000000000000000E+000
-9,2928164E-002	-7,520140750825188E-002	1,000000000000000E+000
-9,1866933E-002	-7,415590194674837E-002	1,000000000000000E+000
-9,0907604E-002	-7,276057290275439E-002	1,000000000000000E+000
-8,9946151E-002	-7,144769316073460E-002	1,000000000000000E+000
-8,8872612E-002	-7,019530369305149E-002	1,000000000000000E+000
-8,7970182E-002	-6,865957634161335E-002	1,000000000000000E+000
-8,6949289E-002	-6,782684618115631E-002	1,000000000000000E+000
-8,5946865E-002	-6,590613989909699E-002	1,000000000000000E+000
-8,4947206E-002	-6,451044154689739E-002	1,000000000000000E+000
-8,3967917E-002	-6,316564247633004E-002	1,000000000000000E+000
-8,2969531E-002	-6,147328901958315E-002	1,000000000000000E+000
-8,1947148E-002	-5,961398006184010E-002	1,000000000000000E+000
-8,0949605E-002	-5,813843474930325E-002	1,000000000000000E+000
-7,9921715E-002	-5,565460178897585E-002	1,000000000000000E+000
-7,8875139E-002	-5,397402767104909E-002	1,000000000000000E+000
-7,7909693E-002	-4,851523944267289E-002	1,000000000000000E+000
-7,6935925E-002	-4,885875801038390E-002	1,000000000000000E+000
-7,5940296E-002	-4,633526877538910E-002	1,000000000000000E+000
-7,4940003E-002	-4,521442567864922E-002	1,000000000000000E+000
-7,3955618E-002	-4,318545270103213E-002	1,000000000000000E+000
-7,3025368E-002	-4,225510847431413E-002	1,000000000000000E+000
-7,1974762E-002	-4,086014991561430E-002	1,000000000000000E+000
-7,0068948E-002	-4,490444004695737E-002	1,000000000000000E+000
-6,8485491E-002	-3,515471852733720E-002	1,000000000000000E+000
-6,7431487E-002	-3,383317323944834E-002	1,000000000000000E+000
-6,6387661E-002	-3,429241084247921E-002	1,000000000000000E+000
-6,5592214E-002	-3,161583543987956E-002	1,000000000000000E+000
-6,4424433E-002	-3,115229257835161E-002	1,000000000000000E+000
-6,3394196E-002	-2,941725197565052E-002	1,000000000000000E+000
-6,2441871E-002	-2,828798529096982E-002	1,000000000000000E+000
-6,1433934E-002	-2,677559303669512E-002	1,000000000000000E+000
-6,0393512E-002	-2,541391858216630E-002	1,000000000000000E+000
-5,9395321E-002	-2,418385611640077E-002	1,000000000000000E+000
-5,8392901E-002	-1,902238232368170E-002	1,000000000000000E+000
-5,7413869E-002	-2,139923301324914E-002	1,000000000000000E+000
-5,6416962E-002	-2,013013499446158E-002	1,000000000000000E+000
-5,5410080E-002	-1,779722552681856E-002	1,000000000000000E+000
-5,4357983E-002	-1,662526511548393E-002	1,000000000000000E+000
-5,3329874E-002	-1,504523130683486E-002	1,000000000000000E+000
-5,2397080E-002	-1,340488609841686E-002	1,000000000000000E+000
-5,1473420E-002	-1,168686282714282E-002	1,000000000000000E+000
-5,0430451E-002	-1,001927640512192E-002	1,000000000000000E+000
-4,9377926E-002	-7,595260388673836E-003	1,000000000000000E+000
-4,8494592E-002	-6,283032663810043E-003	1,000000000000000E+000
-4,7368199E-002	-3,898074005216273E-003	1,000000000000000E+000
-4,6495266E-002	-2,411868634630471E-003	1,000000000000000E+000
-4,5501336E-002	-1,281159379434228E-003	1,000000000000000E+000
-4,4455182E-002	2,150212884480919E-004	1,000000000000000E+000
-4,3502647E-002	1,631719440916241E-003	1,000000000000000E+000
-4,2490669E-002	2,817182584395703E-003	1,000000000000000E+000
-4,1486554E-002	4,414211519664004E-003	1,000000000000000E+000
-4,0460140E-002	5,663926654960971E-003	1,000000000000000E+000
-3,9490618E-002	1,084931170529063E-002	1,000000000000000E+000
-3,8399078E-002	8,230154706931614E-003	1,000000000000000E+000
-3,7514891E-002	9,779152767603438E-003	1,000000000000000E+000
-3,6452822E-002	1,145337355733825E-002	1,000000000000000E+000
-3,5489880E-002	1,255697356747182E-002	1,000000000000000E+000
-3,4440544E-002	1,375269324570481E-002	1,000000000000000E+000
-3,3552326E-002	1,553651660975044E-002	1,000000000000000E+000
-3,2477729E-002	1,633854134221718E-002	1,000000000000000E+000
-3,1401649E-002	1,830137120042413E-002	1,000000000000000E+000
-3,0486044E-002	1,958468062447438E-002	1,000000000000000E+000
-2,9427156E-002	2,071303435433136E-002	1,000000000000000E+000
-2,8441289E-002	2,231702165995056E-002	1,000000000000000E+000
-2,7531000E-002	2,367211447724715E-002	1,000000000000000E+000
-2,6451517E-002	2,492315117787164E-002	1,000000000000000E+000
-2,5420651E-002	2,671415940373364E-002	1,000000000000000E+000
-2,4401033E-002	2,877122078077976E-002	1,000000000000000E+000
-2,3527676E-002	2,953175417496826E-002	1,000000000000000E+000
-2,2582995E-002	3,145466895269555E-002	1,000000000000000E+000
-2,1555100E-002	3,297578951201627E-002	1,000000000000000E+000
-2,0479651E-002	3,475469392206951E-002	1,000000000000000E+000
-1,9483868E-002	3,944709522572032E-002	1,000000000000000E+000
-1,8388441E-002	3,873409940085071E-002	1,000000000000000E+000
-1,7452464E-002	3,929075588368724E-002	1,000000000000000E+000
-1,6527524E-002	4,130348616227941E-002	1,000000000000000E+000
-1,5359731E-002	4,217975133279767E-002	1,000000000000000E+000
-1,4516519E-002	4,419681922687846E-002	1,000000000000000E+000
-1,3591792E-002	4,527664623391414E-002	1,000000000000000E+000
-1,2442681E-002	4,672156972810654E-002	1,000000000000000E+000
-1,1381670E-002	4,794473483343609E-002	1,000000000000000E+000
-1,0459490E-002	4,948174143080719E-002	1,000000000000000E+000
-9,4131250E-003	5,088946344524936E-002	1,000000000000000E+000
-8,5355239E-003	5,226720401616258E-002	1,000000000000000E+000
-7,5294920E-003	5,344176043420024E-002	1,000000000000000E+000
-6,4909812E-003	5,507651836766581E-002	1,000000000000000E+000
-5,5588242E-003	5,648963484499203E-002	1,000000000000000E+000
-4,5409049E-003	5,767217584717510E-002	1,000000000000000E+000
-3,4771326E-003	5,920169706223533E-002	1,000000000000000E+000
-2,4398959E-003	6,025126261455505E-002	1,000000000000000E+000
-1,5264190E-003	6,225919661422580E-002	1,000000000000000E+000
-5,7791558E-004	6,338333841025223E-002	1,000000000000000E+000
5,0513662E-004	6,495301516649021E-002	1,000000000000000E+000
1,4746591E-003	7,077060577770100E-002	1,000000000000000E+000
2,5541394E-003	6,700411204817813E-002	1,000000000000000E+000
3,4508461E-003	6,956799013359083E-002	1,000000000000000E+000
4,4112364E-003	7,107365270429822E-002	1,000000000000000E+000
5,4032570E-003	7,198740691334637E-002	1,000000000000000E+000
6,0869167E-003	7,327144406735897E-002	1,000000000000000E+000
6,1327508E-003	7,346826791763306E-002	2,000000000000000E+000
6,7331931E-003	7,429880123688992E-002	2,000000000000000E+000
7,7354019E-003	7,546663052117863E-002	2,000000000000000E+000
8,6310487E-003	7,669537280324024E-002	2,000000000000000E+000
9,6827196E-003	7,850994912829906E-002	2,000000000000000E+000
1,0680472E-002	7,962539318638551E-002	2,000000000000000E+000
1,1604987E-002	8,148902183165796E-002	2,000000000000000E+000
1,2735840E-002	8,246006793989322E-002	2,000000000000000E+000
1,3640188E-002	8,445759871069153E-002	2,000000000000000E+000
1,4627963E-002	8,584606707639370E-002	2,000000000000000E+000
1,5635269E-002	8,689669559114749E-002	2,000000000000000E+000
1,6657857E-002	8,873830957519324E-002	2,000000000000000E+000
1,7708043E-002	9,006101687878593E-002	2,000000000000000E+000
1,8684356E-002	9,126355548829046E-002	2,000000000000000E+000
1,9597407E-002	9,284194283342617E-002	2,000000000000000E+000
2,0687925E-002	9,442398777981825E-002	2,000000000000000E+000
2,1605248E-002	9,618620412786383E-002	2,000000000000000E+000
2,2619501E-002	1,007587095114611E-001	2,000000000000000E+000
2,3519814E-002	9,781864407705165E-002	2,000000000000000E+000
2,4669347E-002	1,005905955874679E-001	2,000000000000000E+000
2,5596622E-002	1,020324485014297E-001	2,000000000000000E+000
2,6709856E-002	1,033860151785326E-001	2,000000000000000E+000
2,7763648E-002	1,045726114922825E-001	2,000000000000000E+000
2,8630001E-002	1,059124667986502E-001	2,000000000000000E+000
2,9603977E-002	1,076815712149255E-001	2,000000000000000E+000
3,0726340E-002	1,084746137688248E-001	2,000000000000000E+000
3,2481398E-002	1,107462414753781E-001	2,000000000000000E+000
3,4202237E-002	1,123941566652826E-001	2,000000000000000E+000
3,5212722E-002	1,141660366233231E-001	2,000000000000000E+000
3,6281589E-002	1,154189529608836E-001	2,000000000000000E+000
3,7303753E-002	1,163824857212603E-001	2,000000000000000E+000
3,8229328E-002	1,182087098067206E-001	2,000000000000000E+000
3,9274845E-002	1,195585480567793E-001	2,000000000000000E+000
4,0276207E-002	1,211391799928001E-001	2,000000000000000E+000
4,1314080E-002	1,227757976028243E-001	2,000000000000000E+000
4,2314801E-002	1,241136012055604E-001	2,000000000000000E+000
4,3326929E-002	1,289523231486485E-001	2,000000000000000E+000
4,4246163E-002	1,274998794025228E-001	2,000000000000000E+000
4,5267481E-002	1,292987954802816E-001	2,000000000000000E+000
4,6353329E-002	1,304281226928448E-001	2,000000000000000E+000
4,7252584E-002	1,319194164178854E-001	2,000000000000000E+000
4,8264980E-002	1,332175722992466E-001	2,000000000000000E+000
4,9234081E-002	1,348792130722563E-001	2,000000000000000E+000
5,0260060E-002	1,364350412817057E-001	2,000000000000000E+000
5,1325537E-002	1,378206650907590E-001	2,000000000000000E+000
5,2306302E-002	1,393443027692332E-001	2,000000000000000E+000
5,3252894E-002	1,407800781695798E-001	2,000000000000000E+000
5,4274000E-002	1,420537323897912E-001	2,000000000000000E+000
5,5260077E-002	1,437569444404094E-001	2,000000000000000E+000
5,6248482E-002	1,449509611249802E-001	2,000000000000000E+000
5,7212483E-002	1,465599114308134E-001	2,000000000000000E+000
5,8280710E-002	1,477732117054997E-001	2,000000000000000E+000
5,9300970E-002	1,487911947123299E-001	2,000000000000000E+000
6,0209993E-002	1,503566610238822E-001	2,000000000000000E+000
6,1305594E-002	1,513540797039044E-001	2,000000000000000E+000
6,2344112E-002	1,522861242216704E-001	2,000000000000000E+000
6,3167363E-002	1,534155065504224E-001	2,000000000000000E+000
6,4204603E-002	1,539243302023459E-001	2,000000000000000E+000
6,5309420E-002	1,589671876798904E-001	2,000000000000000E+000
6,6275634E-002	1,570606261957448E-001	2,000000000000000E+000
6,7181699E-002	1,583738358975908E-001	2,000000000000000E+000
6,8204291E-002	1,602771022331186E-001	2,000000000000000E+000
6,9321334E-002	1,614797531704730E-001	2,000000000000000E+000
7,0261136E-002	1,630713028652176E-001	2,000000000000000E+000
7,1158059E-002	1,646809430223793E-001	2,000000000000000E+000
7,2203994E-002	1,664553177542993E-001	2,000000000000000E+000
7,3223606E-002	1,680135690451907E-001	2,000000000000000E+000
7,4191853E-002	1,698344449978322E-001	2,000000000000000E+000
7,5204678E-002	1,707082156661079E-001	2,000000000000000E+000
7,6201364E-002	1,728015384740306E-001	2,000000000000000E+000
7,7168338E-002	1,746882022643053E-001	2,000000000000000E+000
7,8243800E-002	1,758345117689011E-001	2,000000000000000E+000
7,9304807E-002	1,772612160226958E-001	2,000000000000000E+000
8,0238871E-002	1,790615776812451E-001	2,000000000000000E+000
8,1234716E-002	1,802697899854848E-001	2,000000000000000E+000
8,2289562E-002	1,818410474418979E-001	2,000000000000000E+000
8,3203994E-002	1,850225602975117E-001	2,000000000000000E+000
8,4192917E-002	1,859913427356847E-001	2,000000000000000E+000
8,5236721E-002	1,866434932970964E-001	2,000000000000000E+000
8,6242750E-002	1,876693249214443E-001	2,000000000000000E+000
8,7276168E-002	1,891561170470799E-001	2,000000000000000E+000
8,8272221E-002	1,901139202657054E-001	2,000000000000000E+000
8,9208841E-002	1,908796989203743E-001	2,000000000000000E+000
9,0176247E-002	1,920894996599405E-001	2,000000000000000E+000
9,1194369E-002	1,923247031582935E-001	2,000000000000000E+000
9,2217177E-002	1,926450928569672E-001	2,000000000000000E+000
9,3247615E-002	1,940580327451849E-001	2,000000000000000E+000
9,4231144E-002	1,948104390305367E-001	2,000000000000000E+000
9,5245883E-002	1,963984955930058E-001	2,000000000000000E+000
9,6233442E-002	1,981930152461355E-001	2,000000000000000E+000
9,7202964E-002	1,997559342093558E-001	2,000000000000000E+000
9,8275647E-002	2,014435628144482E-001	2,000000000000000E+000
9,9242829E-002	2,035174971291183E-001	2,000000000000000E+000
1,0018858E-001	2,051684858872455E-001	2,000000000000000E+000
1,0123111E-001	2,070508630325401E-001	2,000000000000000E+000
1,0227493E-001	2,085337285340456E-001	2,000000000000000E+000
1,0326716E-001	2,106177808535812E-001	2,000000000000000E+000
1,0434347E-001	2,118374580750251E-001	2,000000000000000E+000
1,0523805E-001	2,136355340480810E-001	2,000000000000000E+000
1,0623665E-001	2,192145068353666E-001	2,000000000000000E+000
1,0719404E-001	2,174531752761042E-001	2,000000000000000E+000
1,0827882E-001	2,188369031581620E-001	2,000000000000000E+000
1,0926426E-001	2,203694401929781E-001	2,000000000000000E+000
1,1020087E-001	2,221734469704755E-001	2,000000000000000E+000
1,1128566E-001	2,237174996537057E-001	2,000000000000000E+000
1,1220975E-001	2,254893823475062E-001	2,000000000000000E+000
1,1324550E-001	2,264512225261170E-001	2,000000000000000E+000
1,1423413E-001	2,278688696549380E-001	2,000000000000000E+000
1,1517032E-001	2,292084224496249E-001	2,000000000000000E+000
1,1636633E-001	2,299273720580257E-001	2,000000000000000E+000
1,1726624E-001	2,308423411773717E-001	2,000000000000000E+000
1,1821007E-001	2,314742900586380E-001	2,000000000000000E+000
1,1924710E-001	2,317581017398175E-001	2,000000000000000E+000
1,2028901E-001	2,311504386468903E-001	2,000000000000000E+000
1,2125363E-001	2,318323800314426E-001	2,000000000000000E+000
1,2221679E-001	2,329426230862746E-001	2,000000000000000E+000
1,2322260E-001	2,343788780918761E-001	2,000000000000000E+000
1,2425284E-001	2,356523094026171E-001	2,000000000000000E+000
1,2526651E-001	2,385387217962291E-001	2,000000000000000E+000
1,2616980E-001	2,399922230073974E-001	2,000000000000000E+000
1,2725224E-001	2,419363624390414E-001	2,000000000000000E+000
1,2827873E-001	2,481738893936090E-001	2,000000000000000E+000
1,2923221E-001	2,469387910225329E-001	2,000000000000000E+000
1,3023295E-001	2,486481638625273E-001	2,000000000000000E+000
1,3116106E-001	2,503547613353785E-001	2,000000000000000E+000
1,3222037E-001	2,522875469747108E-001	2,000000000000000E+000
1,3323532E-001	2,540749731318401E-001	2,000000000000000E+000
1,3425623E-001	2,560967178756584E-001	2,000000000000000E+000
1,3531110E-001	2,576861658857939E-001	2,000000000000000E+000
1,3628867E-001	2,594433977372126E-001	2,000000000000000E+000
1,3725989E-001	2,613197498851352E-001	2,000000000000000E+000
1,3821496E-001	2,629879500406496E-001	2,000000000000000E+000
1,3921122E-001	2,645770246680414E-001	2,000000000000000E+000
1,4026228E-001	2,667233262521549E-001	2,000000000000000E+000
1,4119761E-001	2,680828795613106E-001	2,000000000000000E+000
1,4223142E-001	2,690263120716234E-001	2,000000000000000E+000
1,4321709E-001	2,702750881564706E-001	2,000000000000000E+000
1,4416623E-001	2,714043536947837E-001	2,000000000000000E+000
1,4516802E-001	2,715754979807468E-001	2,000000000000000E+000
1,4622308E-001	2,721712479833514E-001	2,000000000000000E+000
1,4716543E-001	2,715161208632515E-001	2,000000000000000E+000
1,4825065E-001	2,708999276316426E-001	2,000000000000000E+000
1,4924946E-001	2,708694342161635E-001	2,000000000000000E+000
1,5019350E-001	2,714212150054269E-001	2,000000000000000E+000
1,5121780E-001	2,727120551021980E-001	2,000000000000000E+000
1,5215845E-001	2,784826465002790E-001	2,000000000000000E+000
1,5319990E-001	2,773533225990832E-001	2,000000000000000E+000
1,5422164E-001	2,797583982400189E-001	2,000000000000000E+000
1,5516038E-001	2,818978323549448E-001	2,000000000000000E+000
1,5622626E-001	2,846494078015298E-001	2,000000000000000E+000
1,5725522E-001	2,871958391689189E-001	2,000000000000000E+000
1,5818949E-001	2,891665472028171E-001	2,000000000000000E+000
1,5931399E-001	2,914673176128417E-001	2,000000000000000E+000
1,6014914E-001	2,938478398912912E-001	2,000000000000000E+000
1,6120589E-001	2,953947794934115E-001	2,000000000000000E+000
1,6216058E-001	2,979787992210028E-001	2,000000000000000E+000
1,6323069E-001	2,998856087732662E-001	2,000000000000000E+000
1,6416711E-001	3,016998081519784E-001	2,000000000000000E+000
1,6519542E-001	3,073602709660515E-001	2,000000000000000E+000
1,6616979E-001	3,064638641145505E-001	2,000000000000000E+000
1,6717964E-001	3,080874995276751E-001	2,000000000000000E+000
1,6820118E-001	3,103358797056410E-001	2,000000000000000E+000
1,6916050E-001	3,114785599367078E-001	2,000000000000000E+000
1,7025422E-001	3,128368245282528E-001	2,000000000000000E+000
1,7123222E-001	3,140626258423761E-001	2,000000000000000E+000
1,7226607E-001	3,144183037026478E-001	2,000000000000000E+000
1,7315662E-001	3,152251129245602E-001	2,000000000000000E+000
1,7424417E-001	3,149254081201640E-001	2,000000000000000E+000
1,7522173E-001	3,134753083189337E-001	2,000000000000000E+000
1,7631546E-001	3,125435181169074E-001	2,000000000000000E+000
1,7716610E-001	3,109479891912401E-001	2,000000000000000E+000
1,7819548E-001	3,114159372117788E-001	2,000000000000000E+000
1,7924714E-001	3,132259579271917E-001	2,000000000000000E+000
1,8023662E-001	3,151026485850004E-001	2,000000000000000E+000
1,8131037E-001	3,177557639881146E-001	2,000000000000000E+000
1,8218818E-001	3,205226373393093E-001	2,000000000000000E+000
1,8324389E-001	3,230844909687427E-001	2,000000000000000E+000
1,8423653E-001	3,261707537911027E-001	2,000000000000000E+000
1,8524447E-001	3,291929452938760E-001	2,000000000000000E+000
1,8623078E-001	3,317428484507325E-001	2,000000000000000E+000
1,8725386E-001	3,382923061856005E-001	2,000000000000000E+000
1,8820055E-001	3,373651863851914E-001	2,000000000000000E+000
1,8917961E-001	3,399766337436940E-001	2,000000000000000E+000
1,9030367E-001	3,421252631427112E-001	2,000000000000000E+000
1,9120717E-001	3,448263821709503E-001	2,000000000000000E+000
1,9227731E-001	3,471294585097993E-001	2,000000000000000E+000
1,9315323E-001	3,494694555023066E-001	2,000000000000000E+000
1,9413656E-001	3,514443007556523E-001	2,000000000000000E+000
1,9520752E-001	3,539084578709071E-001	2,000000000000000E+000
1,9621696E-001	3,555995289805445E-001	2,000000000000000E+000
1,9725165E-001	3,578641793121502E-001	2,000000000000000E+000
1,9816767E-001	3,597611600481407E-001	2,000000000000000E+000
1,9923781E-001	3,602926617540012E-001	2,000000000000000E+000
2,0005240E-001	3,608733986814827E-001	2,000000000000000E+000
2,0039243E-001	3,613383099436760E-001	2,000000000000000E+000
2,0022351E-001	3,662017285823822E-001	2,000000000000000E+000
1,9983165E-001	2,948012733832019E-001	2,000000000000000E+000
1,9884226E-001	2,872610396132461E-001	2,000000000000000E+000
1,9778912E-001	2,776725577035316E-001	2,000000000000000E+000
1,9680601E-001	2,682762712291971E-001	2,000000000000000E+000
1,9578050E-001	2,569506078855035E-001	2,000000000000000E+000
1,9478400E-001	2,534397957432608E-001	2,000000000000000E+000
1,9382977E-001	2,491815417177143E-001	2,000000000000000E+000
1,9288211E-001	2,465668095586211E-001	2,000000000000000E+000
1,9180582E-001	2,442295796936378E-001	2,000000000000000E+000
1,9079322E-001	2,425656009905248E-001	2,000000000000000E+000
1,8982220E-001	2,413859564888607E-001	2,000000000000000E+000
1,8882236E-001	2,394096839319297E-001	2,000000000000000E+000
1,8779339E-001	2,380592682295377E-001	2,000000000000000E+000
1,8668187E-001	2,370969489630727E-001	2,000000000000000E+000
1,8578321E-001	2,317243261754305E-001	2,000000000000000E+000
1,8471737E-001	2,329577843192965E-001	2,000000000000000E+000
1,8379900E-001	2,312850591519648E-001	2,000000000000000E+000
1,8280913E-001	2,297414782741631E-001	2,000000000000000E+000
1,8181878E-001	2,280884805626968E-001	2,000000000000000E+000
1,8083525E-001	2,259718602678431E-001	2,000000000000000E+000
1,7979334E-001	2,240983448379357E-001	2,000000000000000E+000
1,7878711E-001	2,218896351211388E-001	2,000000000000000E+000
1,7776324E-001	2,202386998493845E-001	2,000000000000000E+000
1,7678417E-001	2,186219066174502E-001	2,000000000000000E+000
1,7580597E-001	2,161824560025712E-001	2,000000000000000E+000
1,7489311E-001	2,139095846667061E-001	2,000000000000000E+000
1,7381108E-001	2,113563466506712E-001	2,000000000000000E+000
1,7287871E-001	2,077398602333334E-001	2,000000000000000E+000
1,7171074E-001	2,021105024161647E-001	2,000000000000000E+000
1,7085734E-001	2,008625723473319E-001	2,000000000000000E+000
1,6970825E-001	1,967156485059398E-001	2,000000000000000E+000
1,6879284E-001	1,915539494819113E-001	2,000000000000000E+000
1,6786069E-001	1,866584454223308E-001	2,000000000000000E+000
1,6673556E-001	1,823925561426829E-001	2,000000000000000E+000
1,6582356E-001	1,799688043279781E-001	2,000000000000000E+000
1,6473158E-001	1,778126336220238E-001	2,000000000000000E+000
1,6379601E-001	1,735039600429853E-001	2,000000000000000E+000
1,6281359E-001	1,752814068588328E-001	2,000000000000000E+000
1,6180882E-001	1,746310025919231E-001	2,000000000000000E+000
1,6082998E-001	1,737995385192335E-001	2,000000000000000E+000
1,5979189E-001	1,728813932147915E-001	2,000000000000000E+000
1,5882577E-001	1,722639154565213E-001	2,000000000000000E+000
1,5787300E-001	1,712033061646960E-001	2,000000000000000E+000
1,5685193E-001	1,696763291903256E-001	2,000000000000000E+000
1,5573591E-001	1,686035293387258E-001	2,000000000000000E+000
1,5477212E-001	1,672621244797485E-001	2,000000000000000E+000
1,5376441E-001	1,661741485715744E-001	2,000000000000000E+000
1,5277854E-001	1,648566526645388E-001	2,000000000000000E+000
1,5176740E-001	1,633135534874685E-001	2,000000000000000E+000
1,5074736E-001	1,613203131516155E-001	2,000000000000000E+000
1,4982328E-001	1,605298500508078E-001	2,000000000000000E+000
1,4878497E-001	1,587700060206569E-001	2,000000000000000E+000
1,4771484E-001	1,571057100211166E-001	2,000000000000000E+000
1,4686823E-001	1,554046059932772E-001	2,000000000000000E+000
1,4582399E-001	1,528899121719105E-001	2,000000000000000E+000
1,4475343E-001	1,513524979818619E-001	2,000000000000000E+000
1,4383113E-001	1,467397468319791E-001	2,000000000000000E+000
1,4275052E-001	1,446651812228895E-001	2,000000000000000E+000
1,4185359E-001	1,424419881982940E-001	2,000000000000000E+000
1,4093524E-001	1,386084814374851E-001	2,000000000000000E+000
1,3979675E-001	1,350726356160725E-001	2,000000000000000E+000
1,3888730E-001	1,317494942470350E-001	2,000000000000000E+000
1,3778639E-001	1,291855408085721E-001	2,000000000000000E+000
1,3684191E-001	1,273139447051412E-001	2,000000000000000E+000
1,3588430E-001	1,266955123153618E-001	2,000000000000000E+000
1,3480119E-001	1,249690266300199E-001	2,000000000000000E+000
1,3379687E-001	1,240992350633148E-001	2,000000000000000E+000
1,3289633E-001	1,229332741737985E-001	2,000000000000000E+000
1,3189115E-001	1,219045202920419E-001	2,000000000000000E+000
1,3078959E-001	1,213174345450376E-001	2,000000000000000E+000
1,2982008E-001	1,199965422791947E-001	2,000000000000000E+000
1,2881097E-001	1,174607570800525E-001	2,000000000000000E+000
1,2778385E-001	1,162522175517453E-001	2,000000000000000E+000
1,2681390E-001	1,164168967904207E-001	2,000000000000000E+000
1,2584333E-001	1,148959118290805E-001	2,000000000000000E+000
1,2477595E-001	1,136501521298975E-001	2,000000000000000E+000
1,2377458E-001	1,125333916408843E-001	2,000000000000000E+000
1,2284835E-001	1,109505301574245E-001	2,000000000000000E+000
1,2179798E-001	1,093782676357986E-001	2,000000000000000E+000
1,2079491E-001	1,083102902824373E-001	2,000000000000000E+000
1,1982094E-001	1,068212194820970E-001	2,000000000000000E+000
1,1880747E-001	1,053581324328361E-001	2,000000000000000E+000
1,1782225E-001	1,032803274057291E-001	2,000000000000000E+000
1,1688288E-001	1,016484266341048E-001	2,000000000000000E+000
1,1581189E-001	9,964850685921423E-002	2,000000000000000E+000
1,1483091E-001	9,700683342655103E-002	2,000000000000000E+000
1,1374974E-001	9,525118035445400E-002	2,000000000000000E+000
1,1274900E-001	9,222490572655162E-002	2,000000000000000E+000
1,1182871E-001	8,636958342847523E-002	2,000000000000000E+000
1,1076054E-001	8,606832410441728E-002	2,000000000000000E+000
1,0977722E-001	8,406379051221954E-002	2,000000000000000E+000
1,0873532E-001	8,222060627950809E-002	2,000000000000000E+000
1,0777514E-001	8,087802504370434E-002	2,000000000000000E+000
1,0679924E-001	7,984588425865202E-002	2,000000000000000E+000
1,0590573E-001	7,849398516635930E-002	2,000000000000000E+000
1,0480884E-001	7,757132784334120E-002	2,000000000000000E+000
1,0387074E-001	7,677353644976415E-002	2,000000000000000E+000
1,0284051E-001	7,530954457534911E-002	2,000000000000000E+000
1,0188352E-001	7,408192068881686E-002	2,000000000000000E+000
1,0078684E-001	7,344938995083783E-002	2,000000000000000E+000
9,9842794E-002	7,145519394867328E-002	2,000000000000000E+000
9,8811284E-002	7,077208927108204E-002	2,000000000000000E+000
9,7837530E-002	6,943084258172258E-002	2,000000000000000E+000
9,6813023E-002	6,783132828099470E-002	2,000000000000000E+000
9,5882989E-002	6,693417556299326E-002	2,000000000000000E+000
9,4699696E-002	6,517322543853299E-002	2,000000000000000E+000
9,3835048E-002	6,434457051929943E-002	2,000000000000000E+000
9,2871264E-002	6,273551712123049E-002	2,000000000000000E+000
9,1831058E-002	6,142237429675249E-002	2,000000000000000E+000
9,0816110E-002	5,992827121129607E-002	2,000000000000000E+000
8,9844450E-002	5,466958203275341E-002	2,000000000000000E+000
8,8858210E-002	5,609608789220369E-002	2,000000000000000E+000
8,7813973E-002	5,513785586420816E-002	2,000000000000000E+000
8,6804539E-002	5,275046718694898E-002	2,000000000000000E+000
8,5809343E-002	5,086311192846760E-002	2,000000000000000E+000
8,4782496E-002	4,852052761513428E-002	2,000000000000000E+000
8,3811708E-002	4,616336372176499E-002	2,000000000000000E+000
8,2842186E-002	4,408046949861791E-002	2,000000000000000E+000
8,0353223E-002	5,041783167204517E-002	2,000000000000000E+000
7,9461612E-002	3,422038779050740E-002	2,000000000000000E+000
7,8370251E-002	3,759911908612890E-002	2,000000000000000E+000
7,7281415E-002	3,582198157285667E-002	2,000000000000000E+000
7,6125942E-002	3,384502849722704E-002	2,000000000000000E+000
7,5316064E-002	3,327056766526475E-002	2,000000000000000E+000
7,4271172E-002	3,201267072452341E-002	2,000000000000000E+000
7,3257506E-002	3,062032362342711E-002	2,000000000000000E+000
7,2352305E-002	2,970187637806204E-002	2,000000000000000E+000
7,1406491E-002	2,469798705715226E-002	2,000000000000000E+000
7,0310354E-002	2,635451650550952E-002	2,000000000000000E+000
6,9252096E-002	2,604852404652375E-002	2,000000000000000E+000
6,8232052E-002	2,380786206372759E-002	2,000000000000000E+000
6,7315616E-002	2,281185110849848E-002	2,000000000000000E+000
6,6295780E-002	2,149391217325405E-002	2,000000000000000E+000
6,5345153E-002	2,020374937112351E-002	2,000000000000000E+000
6,4351216E-002	1,842991695351281E-002	2,000000000000000E+000
6,3322894E-002	1,757721582705725E-002	2,000000000000000E+000
6,2390320E-002	1,571809267301832E-002	2,000000000000000E+000
6,1376009E-002	1,426754107443332E-002	2,000000000000000E+000
6,0391206E-002	1,325791219440160E-002	2,000000000000000E+000
5,9335712E-002	1,103848835353147E-002	2,000000000000000E+000
5,8404829E-002	9,661313748640349E-003	2,000000000000000E+000
5,7367809E-002	7,892725686057617E-003	2,000000000000000E+000
5,6259666E-002	5,744602109593388E-003	2,000000000000000E+000
5,5257451E-002	3,984970434531651E-003	2,000000000000000E+000
5,4357354E-002	1,895663626580949E-003	2,000000000000000E+000
5,3330947E-002	3,849739374951842E-004	2,000000000000000E+000
5,2492224E-002	-5,626210819779459E-003	2,000000000000000E+000
5,1343750E-002	-2,117924834540945E-003	2,000000000000000E+000
5,0386757E-002	-4,000306734370601E-003	2,000000000000000E+000
4,9286257E-002	-5,795394656565311E-003	2,000000000000000E+000
4,8345193E-002	-6,806577983904077E-003	2,000000000000000E+000
4,7331095E-002	-8,253370947689576E-003	2,000000000000000E+000
4,6393201E-002	-9,362460409142320E-003	2,000000000000000E+000
4,5235392E-002	-1,076640465746297E-002	2,000000000000000E+000
4,4382840E-002	-1,207778334840743E-002	2,000000000000000E+000
4,3399949E-002	-1,319391500631656E-002	2,000000000000000E+000
4,2368867E-002	-1,478129173887685E-002	2,000000000000000E+000
4,1357737E-002	-1,613257793198697E-002	2,000000000000000E+000
4,0332392E-002	-1,742189018437378E-002	2,000000000000000E+000
3,9369456E-002	-1,886603805339996E-002	2,000000000000000E+000
3,8275748E-002	-2,012055222358963E-002	2,000000000000000E+000
3,7482210E-002	-2,145337152049046E-002	2,000000000000000E+000
3,6312509E-002	-2,284799382808461E-002	2,000000000000000E+000
3,5447009E-002	-2,407199828788475E-002	2,000000000000000E+000
3,4413379E-002	-2,567898653796868E-002	2,000000000000000E+000
3,3353012E-002	-2,712207954351054E-002	2,000000000000000E+000
3,2326385E-002	-2,873871866096220E-002	2,000000000000000E+000
3,1345438E-002	-2,988543223343898E-002	2,000000000000000E+000
3,0402243E-002	-3,582460887587818E-002	2,000000000000000E+000
2,9419135E-002	-3,291604632653994E-002	2,000000000000000E+000
2,8407162E-002	-3,488321160289654E-002	2,000000000000000E+000
2,7401343E-002	-3,707226407196776E-002	2,000000000000000E+000
2,6227823E-002	-3,834664544491617E-002	2,000000000000000E+000
2,5372934E-002	-4,043848767954211E-002	2,000000000000000E+000
2,4257153E-002	-4,123237766260784E-002	2,000000000000000E+000
2,3304619E-002	-4,345393588624152E-002	2,000000000000000E+000
2,2512568E-002	-4,442708424822839E-002	2,000000000000000E+000
2,1295954E-002	-4,577101621867363E-002	2,000000000000000E+000
2,0443613E-002	-4,747184365987758E-002	2,000000000000000E+000
1,9438857E-002	-4,856484756843800E-002	2,000000000000000E+000
1,8430702E-002	-5,000382803781467E-002	2,000000000000000E+000
1,7460758E-002	-5,129792474003303E-002	2,000000000000000E+000
1,6499516E-002	-5,287002898532800E-002	2,000000000000000E+000
1,5333849E-002	-5,429861252519497E-002	2,000000000000000E+000
1,4408275E-002	-5,528960080442213E-002	2,000000000000000E+000
1,3383563E-002	-5,705595157794741E-002	2,000000000000000E+000
1,2358214E-002	-5,796501669424792E-002	2,000000000000000E+000
1,1484333E-002	-6,023125309083191E-002	2,000000000000000E+000
1,0408171E-002	-6,509072330340529E-002	2,000000000000000E+000
9,4503276E-003	-6,144250365711423E-002	2,000000000000000E+000
8,5542575E-003	-6,472570994972338E-002	2,000000000000000E+000
7,4246791E-003	-6,550114109672411E-002	2,000000000000000E+000
6,3271555E-003	-6,679451749530751E-002	2,000000000000000E+000
5,4752403E-003	-6,826346125065630E-002	2,000000000000000E+000
4,3921508E-003	-6,997522402606493E-002	2,000000000000000E+000
3,3846337E-003	-7,111457695848172E-002	2,000000000000000E+000
2,3715971E-003	-7,237098457214103E-002	2,000000000000000E+000
1,4351943E-003	-7,390182477603127E-002	2,000000000000000E+000
2,8544877E-004	-7,579242135398068E-002	2,000000000000000E+000
-6,3078769E-004	-7,666841047790074E-002	2,000000000000000E+000
-1,6788509E-003	-7,824243376833473E-002	2,000000000000000E+000
-2,5785295E-003	-7,983783765100971E-002	2,000000000000000E+000
-3,6384803E-003	-8,133015885121297E-002	2,000000000000000E+000
-4,6156417E-003	-8,284870041016901E-002	2,000000000000000E+000
-5,6199748E-003	-8,424800806420130E-002	2,000000000000000E+000
-6,6221845E-003	-8,575478688322180E-002	2,000000000000000E+000
-7,5014844E-003	-8,708014138068765E-002	2,000000000000000E+000
-8,5136723E-003	-8,885746879322021E-002	2,000000000000000E+000
-9,5819179E-003	-9,242439857270113E-002	2,000000000000000E+000
-1,0584717E-002	-9,310768627458127E-002	2,000000000000000E+000
-1,1526215E-002	-9,270116757316915E-002	2,000000000000000E+000
-1,2542435E-002	-9,502598744842938E-002	2,000000000000000E+000
-1,3600900E-002	-9,607194677098763E-002	2,000000000000000E+000
-1,4544732E-002	-9,717505145171224E-002	2,000000000000000E+000
-1,5538028E-002	-9,924753767619282E-002	2,000000000000000E+000
-1,6374659E-002	-1,000679810014031E-001	2,000000000000000E+000
-1,7531198E-002	-1,018909609798959E-001	2,000000000000000E+000
-1,8587539E-002	-1,032722977300482E-001	2,000000000000000E+000
-1,9582110E-002	-1,044795097809075E-001	2,000000000000000E+000
-2,0629322E-002	-1,058118781462934E-001	2,000000000000000E+000
-2,1495245E-002	-1,072944502682529E-001	2,000000000000000E+000
-2,2553924E-002	-1,089107966852476E-001	2,000000000000000E+000
-2,4329659E-002	-1,111150233075017E-001	2,000000000000000E+000
-2,6126619E-002	-1,133203822601998E-001	2,000000000000000E+000
-2,7155153E-002	-1,147275916171362E-001	2,000000000000000E+000
-2,8158214E-002	-1,158009772706358E-001	2,000000000000000E+000
-2,9140467E-002	-1,172634331160225E-001	2,000000000000000E+000
-3,0158600E-002	-1,180741076305925E-001	2,000000000000000E+000
-3,1148512E-002	-1,232283550974287E-001	2,000000000000000E+000
-3,2116715E-002	-1,217967566917647E-001	2,000000000000000E+000
-3,3159681E-002	-1,230956407703666E-001	2,000000000000000E+000
-3,4174204E-002	-1,248950934322139E-001	2,000000000000000E+000
-3,5165165E-002	-1,260324890026823E-001	2,000000000000000E+000
-3,6168646E-002	-1,277426914570640E-001	2,000000000000000E+000
-3,7190389E-002	-1,292659148910187E-001	2,000000000000000E+000
-3,8114902E-002	-1,307556157698850E-001	2,000000000000000E+000
-3,9198838E-002	-1,319138466173579E-001	2,000000000000000E+000
-4,0184282E-002	-1,338890466787330E-001	2,000000000000000E+000
-4,1159321E-002	-1,349674197586455E-001	2,000000000000000E+000
-4,2136058E-002	-1,367778949853442E-001	2,000000000000000E+000
-4,3080527E-002	-1,381085408696281E-001	2,000000000000000E+000
-4,4234093E-002	-1,396402390803106E-001	2,000000000000000E+000
-4,5183655E-002	-1,409876435063775E-001	2,000000000000000E+000
-4,6153173E-002	-1,424193467375718E-001	2,000000000000000E+000
-4,7139466E-002	-1,439160908339541E-001	2,000000000000000E+000
-4,8100494E-002	-1,450514150912769E-001	2,000000000000000E+000
-4,9108431E-002	-1,467753609823483E-001	2,000000000000000E+000
-5,0166264E-002	-1,482318782169990E-001	2,000000000000000E+000
-5,1133960E-002	-1,524822277327378E-001	2,000000000000000E+000
-5,2165557E-002	-1,510415617247207E-001	2,000000000000000E+000
-5,3121492E-002	-1,522345657124082E-001	2,000000000000000E+000
-5,4116055E-002	-1,534006308712472E-001	2,000000000000000E+000
-5,5166882E-002	-1,544256231023200E-001	2,000000000000000E+000
-5,6178007E-002	-1,555467946972278E-001	2,000000000000000E+000
-5,7126936E-002	-1,562154194624679E-001	2,000000000000000E+000
-5,8063764E-002	-1,571539763697525E-001	2,000000000000000E+000
-5,9126474E-002	-1,586170174931685E-001	2,000000000000000E+000
-6,0203198E-002	-1,598802704053623E-001	2,000000000000000E+000
-6,1159763E-002	-1,619793297076182E-001	2,000000000000000E+000
-6,2196996E-002	-1,633831979836227E-001	2,000000000000000E+000
-6,3156337E-002	-1,645693090330398E-001	2,000000000000000E+000
-6,4154081E-002	-1,663681206086434E-001	2,000000000000000E+000
-6,5138042E-002	-1,680910624175638E-001	2,000000000000000E+000
-6,6195868E-002	-1,695289668601214E-001	2,000000000000000E+000
-6,7106582E-002	-1,711020226357500E-001	2,000000000000000E+000
-6,8200499E-002	-1,727004079406873E-001	2,000000000000000E+000
-6,9099113E-002	-1,745829977379691E-001	2,000000000000000E+000
-7,0214264E-002	-1,757907326100394E-001	2,000000000000000E+000
-7,1150869E-002	-1,769253618549551E-001	2,000000000000000E+000
-7,2166823E-002	-1,827227422294930E-001	2,000000000000000E+000
-7,3176712E-002	-1,806150376796722E-001	2,000000000000000E+000
-7,4187607E-002	-1,821436090524196E-001	2,000000000000000E+000
-7,5176455E-002	-1,838322432918670E-001	2,000000000000000E+000
-7,6193534E-002	-1,855552934446469E-001	2,000000000000000E+000
-7,7174082E-002	-1,865406128991802E-001	2,000000000000000E+000
-7,8131072E-002	-1,878891793441846E-001	2,000000000000000E+000
-7,9140715E-002	-1,891541805170061E-001	2,000000000000000E+000
-8,0192804E-002	-1,905358250304638E-001	2,000000000000000E+000
-8,1117749E-002	-1,915038122097026E-001	2,000000000000000E+000
-8,2112528E-002	-1,926584411024420E-001	2,000000000000000E+000
-8,3094575E-002	-1,935237778945719E-001	2,000000000000000E+000
-8,4104218E-002	-1,937501692833981E-001	2,000000000000000E+000
-8,5153133E-002	-1,950688259934794E-001	2,000000000000000E+000
-8,6137719E-002	-1,950443333092453E-001	2,000000000000000E+000
-8,7162651E-002	-1,965554659125491E-001	2,000000000000000E+000
-8,8233426E-002	-1,980649380970526E-001	2,000000000000000E+000
-8,9206547E-002	-1,996108025778076E-001	2,000000000000000E+000
-9,0067595E-002	-2,009372429715258E-001	2,000000000000000E+000
-9,1089115E-002	-2,031927835972349E-001	2,000000000000000E+000
-9,2154168E-002	-2,048295542934078E-001	2,000000000000000E+000
-9,3166351E-002	-2,064880846689143E-001	2,000000000000000E+000
-9,4060957E-002	-2,116127218275019E-001	2,000000000000000E+000
-9,5135078E-002	-2,104423089185734E-001	2,000000000000000E+000
-9,6107148E-002	-2,119737902087060E-001	2,000000000000000E+000
-9,7181104E-002	-2,136825261275375E-001	2,000000000000000E+000
-9,8155715E-002	-2,150174645034377E-001	2,000000000000000E+000
-9,9139459E-002	-2,170240091703204E-001	2,000000000000000E+000
-1,0017946E-001	-2,183104373204219E-001	2,000000000000000E+000
-1,0116766E-001	-2,201206033997654E-001	2,000000000000000E+000
-1,0214376E-001	-2,213578784139829E-001	2,000000000000000E+000
-1,0315552E-001	-2,230075350703880E-001	2,000000000000000E+000
-1,0415666E-001	-2,247375216102228E-001	2,000000000000000E+000
-1,0514890E-001	-2,262048630121472E-001	2,000000000000000E+000
-1,0612988E-001	-2,277061240359508E-001	2,000000000000000E+000
-1,0717562E-001	-2,290714435124146E-001	2,000000000000000E+000
-1,0816806E-001	-2,298900155324688E-001	2,000000000000000E+000
-1,0914501E-001	-2,310119823992460E-001	2,000000000000000E+000
-1,1017354E-001	-2,320216350102173E-001	2,000000000000000E+000
-1,1114371E-001	-2,331095098440228E-001	2,000000000000000E+000
-1,1216608E-001	-2,328338500681424E-001	2,000000000000000E+000
-1,1310714E-001	-2,333441747404210E-001	2,000000000000000E+000
-1,1419830E-001	-2,334742236028733E-001	2,000000000000000E+000
-1,1522811E-001	-2,345021842694324E-001	2,000000000000000E+000
-1,1609383E-001	-2,359264113086583E-001	2,000000000000000E+000
-1,1713965E-001	-2,390411703769733E-001	2,000000000000000E+000
-1,1820011E-001	-2,404565547282482E-001	2,000000000000000E+000
-1,1914055E-001	-2,414838057787463E-001	2,000000000000000E+000
-1,2019624E-001	-2,434229643937815E-001	2,000000000000000E+000
-1,2124623E-001	-2,450747598712844E-001	2,000000000000000E+000
-1,2214039E-001	-2,470796569767917E-001	2,000000000000000E+000
-1,2320118E-001	-2,489801669855485E-001	2,000000000000000E+000
-1,2415903E-001	-2,510596156482472E-001	2,000000000000000E+000
-1,2510350E-001	-2,527297643116766E-001	2,000000000000000E+000
-1,2610677E-001	-2,548124434995569E-001	2,000000000000000E+000
-1,2714848E-001	-2,569506181559205E-001	2,000000000000000E+000
-1,2812394E-001	-2,582068777798361E-001	2,000000000000000E+000
-1,2913060E-001	-2,600194712221198E-001	2,000000000000000E+000
-1,3016996E-001	-2,615147507749493E-001	2,000000000000000E+000
-1,3118894E-001	-2,635654635054792E-001	2,000000000000000E+000
-1,3227117E-001	-2,654187675151559E-001	2,000000000000000E+000
-1,3306770E-001	-2,667452274666475E-001	2,000000000000000E+000
-1,3419120E-001	-2,722362626809631E-001	2,000000000000000E+000
-1,3508610E-001	-2,702902748197733E-001	2,000000000000000E+000
-1,3612121E-001	-2,714510189834969E-001	2,000000000000000E+000
-1,3712321E-001	-2,727990041797357E-001	2,000000000000000E+000
-1,3815174E-001	-2,731717334180654E-001	2,000000000000000E+000
-1,3911955E-001	-2,738957728724911E-001	2,000000000000000E+000
-1,4012177E-001	-2,739909568594554E-001	2,000000000000000E+000
-1,4108555E-001	-2,730726925914895E-001	2,000000000000000E+000
-1,4218904E-001	-2,730904637266773E-001	2,000000000000000E+000
-1,4319886E-001	-2,734221554516501E-001	2,000000000000000E+000
-1,4424437E-001	-2,747789996469185E-001	2,000000000000000E+000
-1,4523961E-001	-2,765449959422561E-001	2,000000000000000E+000
-1,4611572E-001	-2,786954247082276E-001	2,000000000000000E+000
-1,4720029E-001	-2,803292355707123E-001	2,000000000000000E+000
-1,4813988E-001	-2,828565420996805E-001	2,000000000000000E+000
-1,4919388E-001	-2,849364063909485E-001	2,000000000000000E+000
-1,5015173E-001	-2,873275044063721E-001	2,000000000000000E+000
-1,5112273E-001	-2,896137558855112E-001	2,000000000000000E+000
-1,5211986E-001	-2,918155701417051E-001	2,000000000000000E+000
-1,5320124E-001	-2,939805283935506E-001	2,000000000000000E+000
-1,5408139E-001	-2,957203155642172E-001	2,000000000000000E+000
-1,5516597E-001	-3,017976034898302E-001	2,000000000000000E+000
-1,5621695E-001	-3,003765031591878E-001	2,000000000000000E+000
-1,5714636E-001	-3,026174969143329E-001	2,000000000000000E+000
-1,5821798E-001	-3,044998175723270E-001	2,000000000000000E+000
-1,5919322E-001	-3,061570609764512E-001	2,000000000000000E+000
-1,6010714E-001	-3,083068136539729E-001	2,000000000000000E+000
-1,6119193E-001	-3,105113236492287E-001	2,000000000000000E+000
-1,6204764E-001	-3,120166534144015E-001	2,000000000000000E+000
-1,6311334E-001	-3,136873346391225E-001	2,000000000000000E+000
-1,6412531E-001	-3,151273417752228E-001	2,000000000000000E+000
-1,6511309E-001	-3,158304361729984E-001	2,000000000000000E+000
-1,6620277E-001	-3,163033834037670E-001	2,000000000000000E+000
-1,6711752E-001	-3,168491314475714E-001	2,000000000000000E+000
-1,6809064E-001	-3,168878878156334E-001	2,000000000000000E+000
-1,6924720E-001	-3,154496188637670E-001	2,000000000000000E+000
-1,7005856E-001	-3,142613125188882E-001	2,000000000000000E+000
-1,7119236E-001	-3,144256191121195E-001	2,000000000000000E+000
-1,7209482E-001	-3,149215257726594E-001	2,000000000000000E+000
-1,7302379E-001	-3,168015171152847E-001	2,000000000000000E+000
-1,7419264E-001	-3,190440495705431E-001	2,000000000000000E+000
-1,7506960E-001	-3,213526623892692E-001	2,000000000000000E+000
-1,7609365E-001	-3,241620164933723E-001	2,000000000000000E+000
-1,7714001E-001	-3,269098030868913E-001	2,000000000000000E+000
-1,7816155E-001	-3,320553883806684E-001	2,000000000000000E+000
-1,7910832E-001	-3,326522737689719E-001	2,000000000000000E+000
-1,8009378E-001	-3,352663304346297E-001	2,000000000000000E+000
-1,8107709E-001	-3,376210501365753E-001	2,000000000000000E+000
-1,8217844E-001	-3,401971971616131E-001	2,000000000000000E+000
-1,8312120E-001	-3,428140939989421E-001	2,000000000000000E+000
-1,8410751E-001	-3,451593449442729E-001	2,000000000000000E+000
-1,8515855E-001	-3,472482268181113E-001	2,000000000000000E+000
-1,8602744E-001	-3,496586720252206E-001	2,000000000000000E+000
-1,8708144E-001	-3,523359081914856E-001	2,000000000000000E+000
-1,8815030E-001	-3,540874904849449E-001	2,000000000000000E+000
-1,8921071E-001	-3,589726494521734E-001	2,000000000000000E+000
-1,9016552E-001	-3,594097012602200E-001	2,000000000000000E+000
-1,9116285E-001	-3,606724839450584E-001	2,000000000000000E+000
-1,9203240E-001	-3,619103223965006E-001	2,000000000000000E+000
-1,9310126E-001	-3,628223458718916E-001	2,000000000000000E+000
-1,9416206E-001	-3,634209413495313E-001	2,000000000000000E+000
-1,9507723E-001	-3,633394270307482E-001	2,000000000000000E+000
-1,9607903E-001	-3,629841911347782E-001	2,000000000000000E+000
-1,9711202E-001	-3,605662754529870E-001	2,000000000000000E+000
-1,9813013E-001	-3,581877262072837E-001	2,000000000000000E+000
-1,9909187E-001	-3,569387601355061E-001	2,000000000000000E+000
-1,9941692E-001	-3,565311282873154E-001	2,000000000000000E+000
-1,9938767E-001	-3,479475900530815E-001	2,000000000000000E+000
-1,9886431E-001	-2,875878984470734E-001	2,000000000000000E+000
-1,9776811E-001	-2,855065996461845E-001	2,000000000000000E+000
-1,9683282E-001	-2,799397654727911E-001	2,000000000000000E+000
-1,9586755E-001	-2,760569993665225E-001	2,000000000000000E+000
-1,9480483E-001	-2,734467085813058E-001	2,000000000000000E+000
-1,9381578E-001	-2,704351806702698E-001	2,000000000000000E+000
-1,9277473E-001	-2,681632626336063E-001	2,000000000000000E+000
-1,9198628E-001	-2,663876127917321E-001	2,000000000000000E+000
-1,9083951E-001	-2,645482522073310E-001	2,000000000000000E+000
-1,8975791E-001	-2,622861834760333E-001	2,000000000000000E+000
-1,8879902E-001	-2,600479472118122E-001	2,000000000000000E+000
-1,8785563E-001	-2,550764732166289E-001	2,000000000000000E+000
-1,8683666E-001	-2,551583900995955E-001	2,000000000000000E+000
-1,8583485E-001	-2,535645177122206E-001	2,000000000000000E+000
-1,8470570E-001	-2,518876312662748E-001	2,000000000000000E+000
-1,8376994E-001	-2,491482455904297E-001	2,000000000000000E+000
-1,8283820E-001	-2,474855873992436E-001	2,000000000000000E+000
-1,8180862E-001	-2,451632964786965E-001	2,000000000000000E+000
-1,8082210E-001	-2,431800758543732E-001	2,000000000000000E+000
-1,7983583E-001	-2,401338119525462E-001	2,000000000000000E+000
-1,7890516E-001	-2,376972191268578E-001	2,000000000000000E+000
-1,7783415E-001	-2,338918197330901E-001	2,000000000000000E+000
-1,7680483E-001	-2,275848159851086E-001	2,000000000000000E+000
-1,7577012E-001	-2,271871005133208E-001	2,000000000000000E+000
-1,7471994E-001	-2,228449261229901E-001	2,000000000000000E+000
-1,7375681E-001	-2,175712384438766E-001	2,000000000000000E+000
-1,7277813E-001	-2,123639238739590E-001	2,000000000000000E+000
-1,7182411E-001	-2,079058827884075E-001	2,000000000000000E+000
-1,7085822E-001	-2,044499396061932E-001	2,000000000000000E+000
-1,6982564E-001	-2,024135344610030E-001	2,000000000000000E+000
-1,6880794E-001	-1,969842338779317E-001	2,000000000000000E+000
-1,6780661E-001	-1,984235230419362E-001	2,000000000000000E+000
-1,6683325E-001	-1,980703483051099E-001	2,000000000000000E+000
-1,6577268E-001	-1,967429935854541E-001	2,000000000000000E+000
-1,6481824E-001	-1,954437825026816E-001	2,000000000000000E+000
-1,6375659E-001	-1,951531307487228E-001	2,000000000000000E+000
-1,6279960E-001	-1,936703749363198E-001	2,000000000000000E+000
-1,6184004E-001	-1,927803247235711E-001	2,000000000000000E+000
-1,6085820E-001	-1,914572584986060E-001	2,000000000000000E+000
-1,5978064E-001	-1,900163335570442E-001	2,000000000000000E+000
-1,5882152E-001	-1,890271910750821E-001	2,000000000000000E+000
-1,5776499E-001	-1,872694149949687E-001	2,000000000000000E+000
-1,5681817E-001	-1,864709961228073E-001	2,000000000000000E+000
-1,5578984E-001	-1,843611614571673E-001	2,000000000000000E+000
-1,5483329E-001	-1,831285004736851E-001	2,000000000000000E+000
-1,5372111E-001	-1,815950562918762E-001	2,000000000000000E+000
-1,5283203E-001	-1,798853784049346E-001	2,000000000000000E+000
-1,5186062E-001	-1,784413646544434E-001	2,000000000000000E+000
-1,5080872E-001	-1,761054707070187E-001	2,000000000000000E+000
-1,4987275E-001	-1,738952263775795E-001	2,000000000000000E+000
-1,4882126E-001	-1,690434548589914E-001	2,000000000000000E+000
-1,4778261E-001	-1,682832041858791E-001	2,000000000000000E+000
-1,4683580E-001	-1,654698585108338E-001	2,000000000000000E+000
-1,4579028E-001	-1,615180510173857E-001	2,000000000000000E+000
-1,4475664E-001	-1,575513658010295E-001	2,000000000000000E+000
-1,4378311E-001	-1,540200128349370E-001	2,000000000000000E+000
-1,4282526E-001	-1,517175171110365E-001	2,000000000000000E+000
-1,4185426E-001	-1,491213429641598E-001	2,000000000000000E+000
-1,4079918E-001	-1,480860691905639E-001	2,000000000000000E+000
-1,3985832E-001	-1,466078623715370E-001	2,000000000000000E+000
-1,3887374E-001	-1,453382034993003E-001	2,000000000000000E+000
-1,3780868E-001	-1,445357961347324E-001	2,000000000000000E+000
-1,3680139E-001	-1,436578936021152E-001	2,000000000000000E+000
-1,3579476E-001	-1,419748657693466E-001	2,000000000000000E+000
-1,3480952E-001	-1,390465155580181E-001	2,000000000000000E+000
-1,3387248E-001	-1,400861440795571E-001	2,000000000000000E+000
-1,3284479E-001	-1,381790001695555E-001	2,000000000000000E+000
-1,3195148E-001	-1,377244634398576E-001	2,000000000000000E+000
-1,3084909E-001	-1,362009813439931E-001	2,000000000000000E+000
-1,2980993E-001	-1,354202664612485E-001	2,000000000000000E+000
-1,2885401E-001	-1,335867878773973E-001	2,000000000000000E+000
-1,2783162E-001	-1,325460549495698E-001	2,000000000000000E+000
-1,2685256E-001	-1,306736451030396E-001	2,000000000000000E+000
-1,2581766E-001	-1,296515183316332E-001	2,000000000000000E+000
-1,2478699E-001	-1,282523701148515E-001	2,000000000000000E+000
-1,2388178E-001	-1,266900334998757E-001	2,000000000000000E+000
-1,2288744E-001	-1,249945562772661E-001	2,000000000000000E+000
-1,2185933E-001	-1,228655381257542E-001	2,000000000000000E+000
-1,2089214E-001	-1,212548882661699E-001	2,000000000000000E+000
-1,1982072E-001	-1,188640047783136E-001	2,000000000000000E+000
-1,1885821E-001	-1,167200323672861E-001	2,000000000000000E+000
-1,1785473E-001	-1,136561069482318E-001	2,000000000000000E+000
-1,1681132E-001	-1,068359762236158E-001	2,000000000000000E+000
-1,1579642E-001	-1,068931328805371E-001	2,000000000000000E+000
-1,1482202E-001	-1,048165535321459E-001	2,000000000000000E+000
-1,1383956E-001	-1,027262344917589E-001	2,000000000000000E+000
-1,1282058E-001	-1,015974887543256E-001	2,000000000000000E+000
-1,1180329E-001	-9,984666549523036E-002	2,000000000000000E+000
-1,1083717E-001	-9,918353791322732E-002	2,000000000000000E+000
-1,0987232E-001	-9,779542044917522E-002	2,000000000000000E+000
-1,0892361E-001	-9,668704172104825E-002	2,000000000000000E+000
-1,0777578E-001	-9,576040669991059E-002	2,000000000000000E+000
-1,0679160E-001	-9,475519528819422E-002	2,000000000000000E+000
-1,0582357E-001	-9,296656632149203E-002	2,000000000000000E+000
-1,0488548E-001	-9,219454069130328E-002	2,000000000000000E+000
-1,0379007E-001	-9,086098582095781E-002	2,000000000000000E+000
-1,0285515E-001	-8,964719122741349E-002	2,000000000000000E+000
-1,0182917E-001	-8,845180071916214E-002	2,000000000000000E+000
-1,0082418E-001	-8,706559824188076E-002	2,000000000000000E+000
-9,9776976E-002	-8,553241298715053E-002	2,000000000000000E+000
-9,8873489E-002	-8,432790084690267E-002	2,000000000000000E+000
-9,7861111E-002	-8,261720968746655E-002	2,000000000000000E+000
-9,6825138E-002	-7,958213162944705E-002	2,000000000000000E+000
-9,5821880E-002	-8,005528629291758E-002	2,000000000000000E+000
-9,4818607E-002	-7,807228110161479E-002	2,000000000000000E+000
-9,3781158E-002	-7,691379075792293E-002	2,000000000000000E+000
-9,2874691E-002	-7,453197431621250E-002	2,000000000000000E+000
-9,1850825E-002	-7,308649203170875E-002	2,000000000000000E+000
-9,0913579E-002	-7,122755222695154E-002	2,000000000000000E+000
-8,9766167E-002	-6,890681599422011E-002	2,000000000000000E+000
-8,8858202E-002	-6,645802300449244E-002	2,000000000000000E+000
-8,7877423E-002	-6,416034760574496E-002	2,000000000000000E+000
-8,6792864E-002	-6,169210329729399E-002	2,000000000000000E+000
-8,5811019E-002	-6,017307836575325E-002	2,000000000000000E+000
-8,4840864E-002	-5,826027582063231E-002	2,000000000000000E+000
-8,3808728E-002	-5,750622024707885E-002	2,000000000000000E+000
-8,2853645E-002	-5,592166579056856E-002	2,000000000000000E+000
-8,1937194E-002	-5,458852956588878E-002	2,000000000000000E+000
-8,0861643E-002	-5,194410052758436E-002	2,000000000000000E+000
-7,9902239E-002	-5,102626842563029E-002	2,000000000000000E+000
-7,8857787E-002	-5,066016528225092E-002	2,000000000000000E+000
-7,7831157E-002	-4,954923841675407E-002	2,000000000000000E+000
-7,6878414E-002	-4,843194541818863E-002	2,000000000000000E+000
-7,5803600E-002	-4,651691372338149E-002	2,000000000000000E+000
-7,4854895E-002	-4,602255607864592E-002	2,000000000000000E+000
-7,3062375E-002	-4,717228007963648E-002	2,000000000000000E+000
-7,1275763E-002	-5,027786326443695E-002	2,000000000000000E+000
-7,0275925E-002	-3,550518401445701E-002	2,000000000000000E+000
-6,9344193E-002	-3,906159023042849E-002	2,000000000000000E+000
-6,8364486E-002	-3,651850971639037E-002	2,000000000000000E+000
-6,7344017E-002	-3,521041271030978E-002	2,000000000000000E+000
-6,6350088E-002	-3,374120905452083E-002	2,000000000000000E+000
-6,5257236E-002	-3,204557309961974E-002	2,000000000000000E+000
-6,4241223E-002	-3,057883058823380E-002	2,000000000000000E+000
-6,3239016E-002	-2,882870108684676E-002	2,000000000000000E+000
-6,2355503E-002	-2,691211522970755E-002	2,000000000000000E+000
-6,1262436E-002	-2,083855608038387E-002	2,000000000000000E+000
-6,0364660E-002	-2,355007771822981E-002	2,000000000000000E+000
-5,9354816E-002	-2,030944743859830E-002	2,000000000000000E+000
-5,8268331E-002	-1,882583444077880E-002	2,000000000000000E+000
-5,7282034E-002	-1,742109447756468E-002	2,000000000000000E+000
-5,6163281E-002	-1,571507799316246E-002	2,000000000000000E+000
-5,5289499E-002	-1,493394031179673E-002	2,000000000000000E+000
-5,4329745E-002	-1,313333209933864E-002	2,000000000000000E+000
-5,3324778E-002	-1,190007765399053E-002	2,000000000000000E+000
-5,2264400E-002	-1,062595815245812E-002	2,000000000000000E+000
-5,1314626E-002	-9,568685753846527E-003	2,000000000000000E+000
-5,0351262E-002	-8,177977406174042E-003	2,000000000000000E+000
-4,9252678E-002	-6,567892191621155E-003	2,000000000000000E+000
-4,8218198E-002	-5,614363747655365E-003	2,000000000000000E+000
-4,7400460E-002	-4,202051364093976E-003	2,000000000000000E+000
-4,6309091E-002	-2,953274469796770E-003	2,000000000000000E+000
-4,5373961E-002	-1,225259709574149E-003	2,000000000000000E+000
-4,4309340E-002	-1,676426605112311E-004	2,000000000000000E+000
-4,3334942E-002	1,011244804936320E-003	2,000000000000000E+000
-4,2280082E-002	2,700939390504378E-003	2,000000000000000E+000
-4,1316293E-002	7,861511491581846E-003	2,000000000000000E+000
-4,0276971E-002	5,301679463930982E-003	2,000000000000000E+000
-3,9381746E-002	6,879983391829464E-003	2,000000000000000E+000
-3,8264271E-002	8,537328861873722E-003	2,000000000000000E+000
-3,7353132E-002	9,793985497607446E-003	2,000000000000000E+000
-3,6368538E-002	1,126658916473389E-002	2,000000000000000E+000
-3,5310283E-002	1,317362492490148E-002	2,000000000000000E+000
-3,4359876E-002	1,439497905731616E-002	2,000000000000000E+000
-3,3353414E-002	1,607982065615946E-002	2,000000000000000E+000
-3,2427415E-002	1,817408053062133E-002	2,000000000000000E+000
-3,1323098E-002	1,964523605420257E-002	2,000000000000000E+000
-3,0351883E-002	2,145746385536371E-002	2,000000000000000E+000
-2,9332476E-002	2,283282401589934E-002	2,000000000000000E+000
-2,8245354E-002	2,442010144457332E-002	2,000000000000000E+000
-2,7368177E-002	2,578136161415996E-002	2,000000000000000E+000
-2,6407357E-002	2,732046472859417E-002	2,000000000000000E+000
-2,5397932E-002	2,850988950295802E-002	2,000000000000000E+000
-2,4307834E-002	3,024650052409716E-002	2,000000000000000E+000
-2,3374829E-002	3,138817106891020E-002	2,000000000000000E+000
-2,2417171E-002	3,323239434717454E-002	2,000000000000000E+000
-2,1290626E-002	3,776732167979308E-002	2,000000000000000E+000
-2,0351034E-002	3,456574627651016E-002	2,000000000000000E+000
-1,9421639E-002	3,726983161565539E-002	2,000000000000000E+000
-1,8348103E-002	3,856176127576192E-002	2,000000000000000E+000
-1,7340373E-002	3,943456986518068E-002	2,000000000000000E+000
-1,6309718E-002	4,132380326175044E-002	2,000000000000000E+000
-1,5394754E-002	4,253190693755954E-002	2,000000000000000E+000
-1,4408888E-002	4,375061370147816E-002	2,000000000000000E+000
-1,3390119E-002	4,540682436911281E-002	2,000000000000000E+000
-1,2406166E-002	4,654493989073699E-002	2,000000000000000E+000
-1,1335175E-002	4,830859122254560E-002	2,000000000000000E+000
-1,0379666E-002	4,944328564387335E-002	2,000000000000000E+000
-9,3700271E-003	5,067428124796924E-002	2,000000000000000E+000
-8,3400086E-003	5,223966702275606E-002	2,000000000000000E+000
-7,3874719E-003	5,383031080580446E-002	2,000000000000000E+000
-6,3186050E-003	5,517791447992870E-002	2,000000000000000E+000
-5,4562874E-003	5,656689605934340E-002	2,000000000000000E+000
-4,3706503E-003	5,828615906648360E-002	2,000000000000000E+000
-3,4338229E-003	5,978411061611682E-002	2,000000000000000E+000
-2,3965859E-003	6,121648020214504E-002	2,000000000000000E+000
-1,4199722E-003	6,439058596475278E-002	2,000000000000000E+000
-2,8160008E-004	6,673035648418613E-002	2,000000000000000E+000
6,7390839E-004	6,507345351080107E-002	2,000000000000000E+000
1,5462025E-003	6,792214070446789E-002	2,000000000000000E+000
2,5155088E-003	6,848986225021614E-002	2,000000000000000E+000
3,6049662E-003	7,020295972082169E-002	2,000000000000000E+000
4,5188679E-003	7,218209873988424E-002	2,000000000000000E+000
5,6272177E-003	7,274033352991371E-002	2,000000000000000E+000
6,5873959E-003	7,455149456574062E-002	3,000000000000000E+000
7,5577651E-003	7,597417434185982E-002	3,000000000000000E+000
8,5185794E-003	7,722732873581784E-002	3,000000000000000E+000
9,5982729E-003	7,896346354391426E-002	3,000000000000000E+000
1,0616616E-002	7,994215140610728E-002	3,000000000000000E+000
1,1541557E-002	8,130607664740358E-002	3,000000000000000E+000
1,2550559E-002	8,291078344660115E-002	3,000000000000000E+000
1,3672284E-002	8,427179353829062E-002	3,000000000000000E+000
1,4594040E-002	8,575876198139887E-002	3,000000000000000E+000
1,5622784E-002	8,716990182357354E-002	3,000000000000000E+000
1,6586995E-002	8,852311192701329E-002	3,000000000000000E+000
1,7553331E-002	8,989816298061626E-002	3,000000000000000E+000
1,8651916E-002	9,123764135357459E-002	3,000000000000000E+000
1,9564494E-002	9,369796251283113E-002	3,000000000000000E+000
2,0544007E-002	9,703682394077384E-002	3,000000000000000E+000
2,1594405E-002	9,452455972657647E-002	3,000000000000000E+000
2,2575386E-002	9,730536660774558E-002	3,000000000000000E+000
2,3533229E-002	9,835502035760624E-002	3,000000000000000E+000
2,4465811E-002	9,922633388648888E-002	3,000000000000000E+000
2,5592843E-002	1,008254370341699E-001	3,000000000000000E+000
2,6621588E-002	1,029365304081395E-001	3,000000000000000E+000
2,7553109E-002	1,032496154075492E-001	3,000000000000000E+000
2,8484844E-002	1,054313924590444E-001	3,000000000000000E+000
2,9547764E-002	1,066399949292349E-001	3,000000000000000E+000
3,0571418E-002	1,081036360572201E-001	3,000000000000000E+000
3,2322183E-002	1,097577481947762E-001	3,000000000000000E+000
3,4179348E-002	1,129749446344150E-001	3,000000000000000E+000
3,5040390E-002	1,144237129418696E-001	3,000000000000000E+000
3,6188863E-002	1,161611805243106E-001	3,000000000000000E+000
3,7140973E-002	1,172538732450148E-001	3,000000000000000E+000
3,8209844E-002	1,187708260258664E-001	3,000000000000000E+000
3,9182544E-002	1,204345942112721E-001	3,000000000000000E+000
4,0221851E-002	1,249440580916903E-001	3,000000000000000E+000
4,1144047E-002	1,235913004881399E-001	3,000000000000000E+000
4,2116962E-002	1,251038051624269E-001	3,000000000000000E+000
4,3163329E-002	1,264321717252543E-001	3,000000000000000E+000
4,4109285E-002	1,275198213859561E-001	3,000000000000000E+000
4,5176458E-002	1,295118339799552E-001	3,000000000000000E+000
4,6074431E-002	1,301950981659405E-001	3,000000000000000E+000
4,7176413E-002	1,320359609736550E-001	3,000000000000000E+000
4,8226602E-002	1,328365620639600E-001	3,000000000000000E+000
4,9155146E-002	1,343304639449345E-001	3,000000000000000E+000
5,0142501E-002	1,354989646545923E-001	3,000000000000000E+000
5,1153418E-002	1,364146728430771E-001	3,000000000000000E+000
5,2119542E-002	1,376209828562833E-001	3,000000000000000E+000
5,3130876E-002	1,384674556061833E-001	3,000000000000000E+000
5,4203559E-002	1,399606482074084E-001	3,000000000000000E+000
5,5119161E-002	1,411148015435584E-001	3,000000000000000E+000
5,6129862E-002	1,425133665842526E-001	3,000000000000000E+000
5,7220593E-002	1,441926074136676E-001	3,000000000000000E+000
5,8147229E-002	1,458052202619413E-001	3,000000000000000E+000
5,9169393E-002	1,472113085263929E-001	3,000000000000000E+000
6,0114291E-002	1,489082699408759E-001	3,000000000000000E+000
6,1162781E-002	1,506365098887023E-001	3,000000000000000E+000
6,2156916E-002	1,516798334454914E-001	3,000000000000000E+000
6,3165888E-002	1,567600615219109E-001	3,000000000000000E+000
6,4132437E-002	1,555040180683140E-001	3,000000000000000E+000
6,5176032E-002	1,569112286928833E-001	3,000000000000000E+000
6,6169336E-002	1,585009803271129E-001	3,000000000000000E+000
6,7165807E-002	1,597980087778219E-001	3,000000000000000E+000
6,8086937E-002	1,611905830601850E-001	3,000000000000000E+000
6,9109298E-002	1,628348934076111E-001	3,000000000000000E+000
7,0125952E-002	1,638405745616187E-001	3,000000000000000E+000
7,1103960E-002	1,656095381024198E-001	3,000000000000000E+000
7,2115518E-002	1,673715019909054E-001	3,000000000000000E+000
7,3152959E-002	1,686245142094167E-001	3,000000000000000E+000
7,4121848E-002	1,697826866552044E-001	3,000000000000000E+000
7,5111948E-002	1,709755869944476E-001	3,000000000000000E+000
7,6099724E-002	1,724670511127141E-001	3,000000000000000E+000
7,7089630E-002	1,739120529447171E-001	3,000000000000000E+000
7,8132391E-002	1,745810526966430E-001	3,000000000000000E+000
7,9076216E-002	1,751826199728792E-001	3,000000000000000E+000
8,0108367E-002	1,763636006249322E-001	3,000000000000000E+000
8,1098258E-002	1,768656916424840E-001	3,000000000000000E+000
8,2170740E-002	1,777524437703617E-001	3,000000000000000E+000
8,3189078E-002	1,789445476477147E-001	3,000000000000000E+000
8,4121235E-002	1,805108306256848E-001	3,000000000000000E+000
8,5106619E-002	1,854784279130404E-001	3,000000000000000E+000
8,6187184E-002	1,842109837000152E-001	3,000000000000000E+000
8,7143965E-002	1,858898749471543E-001	3,000000000000000E+000
8,8160828E-002	1,872869381008462E-001	3,000000000000000E+000
8,9117818E-002	1,889822587319134E-001	3,000000000000000E+000
9,0154208E-002	1,909938395773580E-001	3,000000000000000E+000
9,1145165E-002	1,922968116381925E-001	3,000000000000000E+000
9,2170082E-002	1,942039340889705E-001	3,000000000000000E+000
9,3153611E-002	1,957319835847662E-001	3,000000000000000E+000
9,4104238E-002	1,966572869569077E-001	3,000000000000000E+000
9,5141262E-002	1,989930904237562E-001	3,000000000000000E+000
9,6160673E-002	2,004068132826240E-001	3,000000000000000E+000
9,7104922E-002	2,017410640837625E-001	3,000000000000000E+000
9,8237477E-002	2,034516485226864E-001	3,000000000000000E+000
9,9187687E-002	2,051251695439639E-001	3,000000000000000E+000
1,0010201E-001	2,064043344386546E-001	3,000000000000000E+000
1,0110718E-001	2,079394800045220E-001	3,000000000000000E+000
1,0217245E-001	2,093250495381653E-001	3,000000000000000E+000
1,0317066E-001	2,132420642430790E-001	3,000000000000000E+000
1,0415880E-001	2,122733862423860E-001	3,000000000000000E+000
1,0516524E-001	2,131003453525618E-001	3,000000000000000E+000
1,0623433E-001	2,139738499342158E-001	3,000000000000000E+000
1,0711256E-001	2,144743080845943E-001	3,000000000000000E+000
1,0809778E-001	2,149479876841527E-001	3,000000000000000E+000
1,0910170E-001	2,150807529299831E-001	3,000000000000000E+000
1,1015655E-001	2,157174064907145E-001	3,000000000000000E+000
1,1115239E-001	2,165618511951632E-001	3,000000000000000E+000
1,1210790E-001	2,181998686476909E-001	3,000000000000000E+000
1,1315193E-001	2,197431649417716E-001	3,000000000000000E+000
1,1415393E-001	2,216268713430809E-001	3,000000000000000E+000
1,1515742E-001	2,234757300724999E-001	3,000000000000000E+000
1,1613055E-001	2,252049165545038E-001	3,000000000000000E+000
1,1706164E-001	2,273428003019142E-001	3,000000000000000E+000
1,1816192E-001	2,290703974302033E-001	3,000000000000000E+000
1,1919256E-001	2,311114585156444E-001	3,000000000000000E+000
1,2020392E-001	2,327060475428056E-001	3,000000000000000E+000
1,2119381E-001	2,342455904258207E-001	3,000000000000000E+000
1,2212045E-001	2,364668078694701E-001	3,000000000000000E+000
1,2309337E-001	2,380479215514963E-001	3,000000000000000E+000
1,2409748E-001	2,398532614525821E-001	3,000000000000000E+000
1,2518229E-001	2,449079108967771E-001	3,000000000000000E+000
1,2620652E-001	2,436371830085085E-001	3,000000000000000E+000
1,2720259E-001	2,450658114264819E-001	3,000000000000000E+000
1,2816955E-001	2,470541596412666E-001	3,000000000000000E+000
1,2909916E-001	2,485571844606769E-001	3,000000000000000E+000
1,3015275E-001	2,500538298756712E-001	3,000000000000000E+000
1,3116047E-001	2,507877278193420E-001	3,000000000000000E+000
1,3219793E-001	2,522485262921312E-001	3,000000000000000E+000
1,3316552E-001	2,527803831682034E-001	3,000000000000000E+000
1,3413717E-001	2,537844821086366E-001	3,000000000000000E+000
1,3518101E-001	2,542256154119982E-001	3,000000000000000E+000
1,3618788E-001	2,538655350605650E-001	3,000000000000000E+000
1,3715908E-001	2,533560275979756E-001	3,000000000000000E+000
1,3813731E-001	2,536391885692466E-001	3,000000000000000E+000
1,3914824E-001	2,541318027716546E-001	3,000000000000000E+000
1,4010012E-001	2,554594362930720E-001	3,000000000000000E+000
1,4117961E-001	2,580181596955904E-001	3,000000000000000E+000
1,4215550E-001	2,592244932893664E-001	3,000000000000000E+000
1,4316364E-001	2,619861847617555E-001	3,000000000000000E+000
1,4408709E-001	2,641594207379985E-001	3,000000000000000E+000
1,4515871E-001	2,659238238249810E-001	3,000000000000000E+000
1,4615287E-001	2,683711740860923E-001	3,000000000000000E+000
1,4711761E-001	2,719328718052980E-001	3,000000000000000E+000
1,4802714E-001	2,738461014555975E-001	3,000000000000000E+000
1,4906819E-001	2,748850872998858E-001	3,000000000000000E+000
1,5018439E-001	2,768577844577118E-001	3,000000000000000E+000
1,5110464E-001	2,788160837565865E-001	3,000000000000000E+000
1,5207948E-001	2,807755968533456E-001	3,000000000000000E+000
1,5314771E-001	2,822210905659537E-001	3,000000000000000E+000
1,5413125E-001	2,846267618394158E-001	3,000000000000000E+000
1,5514684E-001	2,862384323444640E-001	3,000000000000000E+000
1,5620063E-001	2,877741435335737E-001	3,000000000000000E+000
1,5717056E-001	2,902636470842284E-001	3,000000000000000E+000
1,5820144E-001	2,914492903639463E-001	3,000000000000000E+000
1,5907180E-001	2,925741672515875E-001	3,000000000000000E+000
1,6014388E-001	2,936217679590403E-001	3,000000000000000E+000
1,6115162E-001	2,946409175638109E-001	3,000000000000000E+000
1,6215487E-001	2,949978631351984E-001	3,000000000000000E+000
1,6312693E-001	2,950526467627962E-001	3,000000000000000E+000
1,6404910E-001	2,941160402260721E-001	3,000000000000000E+000
1,6520587E-001	2,932984594824837E-001	3,000000000000000E+000
1,6614482E-001	2,925765261105804E-001	3,000000000000000E+000
1,6720094E-001	2,928256952048593E-001	3,000000000000000E+000
1,6811506E-001	2,940452062369643E-001	3,000000000000000E+000
1,6909479E-001	2,965653336917367E-001	3,000000000000000E+000
1,7010081E-001	2,986532662374275E-001	3,000000000000000E+000
1,7111968E-001	3,045837822008060E-001	3,000000000000000E+000
1,7215528E-001	3,038630228127457E-001	3,000000000000000E+000
1,7308556E-001	3,068200100678955E-001	3,000000000000000E+000
1,7410007E-001	3,094610869884507E-001	3,000000000000000E+000
1,7523517E-001	3,118070269572639E-001	3,000000000000000E+000
1,7609176E-001	3,144126030512995E-001	3,000000000000000E+000
1,7710945E-001	3,162897282228299E-001	3,000000000000000E+000
1,7810188E-001	3,187718472650500E-001	3,000000000000000E+000
1,7907885E-001	3,217876360027336E-001	3,000000000000000E+000
1,8014197E-001	3,234563879927439E-001	3,000000000000000E+000
1,8111765E-001	3,256564960659789E-001	3,000000000000000E+000
1,8215276E-001	3,277428793565691E-001	3,000000000000000E+000
1,8307048E-001	3,296412151669061E-001	3,000000000000000E+000
1,8409750E-001	3,351423140201311E-001	3,000000000000000E+000
1,8517336E-001	3,342564472049063E-001	3,000000000000000E+000
1,8616751E-001	3,362178410817354E-001	3,000000000000000E+000
1,8716888E-001	3,373392551309538E-001	3,000000000000000E+000
1,8812056E-001	3,384743679780513E-001	3,000000000000000E+000
1,8904613E-001	3,387849671352265E-001	3,000000000000000E+000
1,9015619E-001	3,395279400930225E-001	3,000000000000000E+000
1,9117452E-001	3,391024553372226E-001	3,000000000000000E+000
1,9213811E-001	3,375409526957419E-001	3,000000000000000E+000
1,9311549E-001	3,350120967305790E-001	3,000000000000000E+000
1,9416864E-001	3,336561027552098E-001	3,000000000000000E+000
1,9508933E-001	3,333868633490065E-001	3,000000000000000E+000
1,9616500E-001	3,341401468496779E-001	3,000000000000000E+000
1,9715212E-001	3,367893458344047E-001	3,000000000000000E+000
1,9809598E-001	3,394781008311032E-001	3,000000000000000E+000
1,9912831E-001	3,425344832293302E-001	3,000000000000000E+000
1,9998653E-001	3,450071078592121E-001	3,000000000000000E+000
2,0050180E-001	3,472185234228764E-001	3,000000000000000E+000
2,0068821E-001	3,537807166576386E-001	3,000000000000000E+000
1,9976480E-001	2,828577643312107E-001	3,000000000000000E+000
1,9882302E-001	2,781793144014155E-001	3,000000000000000E+000
1,9786325E-001	2,734328524157830E-001	3,000000000000000E+000
1,9687080E-001	2,697122342004974E-001	3,000000000000000E+000
1,9579473E-001	2,668958587002843E-001	3,000000000000000E+000
1,9471206E-001	2,635028326573470E-001	3,000000000000000E+000
1,9377588E-001	2,603319241768784E-001	3,000000000000000E+000
1,9270407E-001	2,543975750708771E-001	3,000000000000000E+000
1,9177742E-001	2,546083027393449E-001	3,000000000000000E+000
1,9082022E-001	2,520368220284590E-001	3,000000000000000E+000
1,8982437E-001	2,495629650074993E-001	3,000000000000000E+000
1,8881941E-001	2,468741117303992E-001	3,000000000000000E+000
1,8785033E-001	2,445121706825576E-001	3,000000000000000E+000
1,8682604E-001	2,417271911916838E-001	3,000000000000000E+000
1,8582489E-001	2,388486922459876E-001	3,000000000000000E+000
1,8493626E-001	2,353196121985102E-001	3,000000000000000E+000
1,8379542E-001	2,320380005726799E-001	3,000000000000000E+000
1,8280953E-001	2,244026831273613E-001	3,000000000000000E+000
1,8181925E-001	2,237493069195708E-001	3,000000000000000E+000
1,8086991E-001	2,184616292490531E-001	3,000000000000000E+000
1,7983033E-001	2,130868234930352E-001	3,000000000000000E+000
1,7880648E-001	2,069519715926922E-001	3,000000000000000E+000
1,7786540E-001	2,032597199496300E-001	3,000000000000000E+000
1,7689028E-001	1,964936666966730E-001	3,000000000000000E+000
1,7580071E-001	1,974840292500133E-001	3,000000000000000E+000
1,7477602E-001	1,962691218876804E-001	3,000000000000000E+000
1,7384832E-001	1,952380894476344E-001	3,000000000000000E+000
1,7272978E-001	1,941593488574864E-001	3,000000000000000E+000
1,7183836E-001	1,931515996370257E-001	3,000000000000000E+000
1,7080878E-001	1,925609011280667E-001	3,000000000000000E+000
1,6986771E-001	1,913973186553148E-001	3,000000000000000E+000
1,6875510E-001	1,904115241874637E-001	3,000000000000000E+000
1,6782400E-001	1,888959955346463E-001	3,000000000000000E+000
1,6673604E-001	1,879423831511915E-001	3,000000000000000E+000
1,6585653E-001	1,862978596990521E-001	3,000000000000000E+000
1,6475646E-001	1,845601303244218E-001	3,000000000000000E+000
1,6381961E-001	1,835520426070116E-001	3,000000000000000E+000
1,6279790E-001	1,819457011556049E-001	3,000000000000000E+000
1,6174835E-001	1,804202549651062E-001	3,000000000000000E+000
1,6080366E-001	1,789551542088809E-001	3,000000000000000E+000
1,5981759E-001	1,769656421901249E-001	3,000000000000000E+000
1,5880774E-001	1,755461847642443E-001	3,000000000000000E+000
1,5782759E-001	1,734703968460165E-001	3,000000000000000E+000
1,5679270E-001	1,677364306395046E-001	3,000000000000000E+000
1,5583892E-001	1,678054676805112E-001	3,000000000000000E+000
1,5482207E-001	1,658236329288534E-001	3,000000000000000E+000
1,5382197E-001	1,627230192663976E-001	3,000000000000000E+000
1,5285182E-001	1,595200803648273E-001	3,000000000000000E+000
1,5182137E-001	1,554923548182061E-001	3,000000000000000E+000
1,5080898E-001	1,510924873744246E-001	3,000000000000000E+000
1,4986408E-001	1,478275024176887E-001	3,000000000000000E+000
1,4887141E-001	1,451895480277012E-001	3,000000000000000E+000
1,4792164E-001	1,432592435869288E-001	3,000000000000000E+000
1,4680484E-001	1,392107434544925E-001	3,000000000000000E+000
1,4576462E-001	1,408332074578436E-001	3,000000000000000E+000
1,4488979E-001	1,398068954521380E-001	3,000000000000000E+000
1,4380860E-001	1,386829701045316E-001	3,000000000000000E+000
1,4286944E-001	1,381566407443544E-001	3,000000000000000E+000
1,4180163E-001	1,371606684341615E-001	3,000000000000000E+000
1,4081025E-001	1,359750294359401E-001	3,000000000000000E+000
1,3984095E-001	1,346670864020578E-001	3,000000000000000E+000
1,3884149E-001	1,340330183868197E-001	3,000000000000000E+000
1,3786328E-001	1,325839806037648E-001	3,000000000000000E+000
1,3682349E-001	1,313817897915008E-001	3,000000000000000E+000
1,3579623E-001	1,298014776936420E-001	3,000000000000000E+000
1,3485347E-001	1,284338252023901E-001	3,000000000000000E+000
1,3386081E-001	1,273105437608650E-001	3,000000000000000E+000
1,3286623E-001	1,261153099023637E-001	3,000000000000000E+000
1,3180521E-001	1,243497530878004E-001	3,000000000000000E+000
1,3085374E-001	1,229383571901261E-001	3,000000000000000E+000
1,2982413E-001	1,210193033847548E-001	3,000000000000000E+000
1,2882280E-001	1,191478481373958E-001	3,000000000000000E+000
1,2784712E-001	1,172173940576613E-001	3,000000000000000E+000
1,2681986E-001	1,153571295435546E-001	3,000000000000000E+000
1,2587509E-001	1,095044052926826E-001	3,000000000000000E+000
1,2475626E-001	1,099186499357330E-001	3,000000000000000E+000
1,2374831E-001	1,067813471567612E-001	3,000000000000000E+000
1,2287262E-001	1,038323189843345E-001	3,000000000000000E+000
1,2179928E-001	1,007188251436066E-001	3,000000000000000E+000
1,2083571E-001	9,859616531240256E-002	3,000000000000000E+000
1,1987151E-001	9,702676964742651E-002	3,000000000000000E+000
1,1879478E-001	9,562529189538016E-002	3,000000000000000E+000
1,1775947E-001	9,455641439934787E-002	3,000000000000000E+000
1,1688335E-001	9,358730769276447E-002	3,000000000000000E+000
1,1578540E-001	9,203901442621554E-002	3,000000000000000E+000
1,1480357E-001	9,128629385183268E-002	3,000000000000000E+000
1,1378523E-001	9,043335620339743E-002	3,000000000000000E+000
1,1286008E-001	8,916888234671216E-002	3,000000000000000E+000
1,1181455E-001	8,769588008807572E-002	3,000000000000000E+000
1,1071447E-001	8,685837391789786E-002	3,000000000000000E+000
1,0986619E-001	8,559374056575453E-002	3,000000000000000E+000
1,0880940E-001	8,388437409626553E-002	3,000000000000000E+000
1,0775311E-001	8,299845778512682E-002	3,000000000000000E+000
1,0676915E-001	7,963550242129724E-002	3,000000000000000E+000
1,0587563E-001	7,987091727813517E-002	3,000000000000000E+000
1,0478044E-001	7,865579916526455E-002	3,000000000000000E+000
1,0388649E-001	7,742266145457211E-002	3,000000000000000E+000
1,0287940E-001	7,581752698428723E-002	3,000000000000000E+000
1,0184897E-001	7,454875595350297E-002	3,000000000000000E+000
1,0085736E-001	7,288642227649718E-002	3,000000000000000E+000
9,9869579E-002	7,143033306217877E-002	3,000000000000000E+000
9,8844662E-002	6,941021233797093E-002	3,000000000000000E+000
9,7824201E-002	6,758531342752105E-002	3,000000000000000E+000
9,6810311E-002	6,539680729878861E-002	3,000000000000000E+000
9,5828906E-002	6,293789975138198E-002	3,000000000000000E+000
9,4787426E-002	6,047347495849764E-002	3,000000000000000E+000
9,3913428E-002	5,804918665995112E-002	3,000000000000000E+000
9,2873424E-002	5,594211611120659E-002	3,000000000000000E+000
9,1747686E-002	5,439271006940144E-002	3,000000000000000E+000
9,0848058E-002	4,913370535683093E-002	3,000000000000000E+000
8,9836046E-002	5,146738287941044E-002	3,000000000000000E+000
8,8866539E-002	5,011526452856038E-002	3,000000000000000E+000
8,7889381E-002	4,917564353996196E-002	3,000000000000000E+000
8,6852141E-002	4,771838669290049E-002	3,000000000000000E+000
8,5714072E-002	4,689095679592969E-002	3,000000000000000E+000
8,4761113E-002	4,575547952683542E-002	3,000000000000000E+000
8,3802409E-002	4,418560775553082E-002	3,000000000000000E+000
8,2857527E-002	4,303624037937775E-002	3,000000000000000E+000
8,1181429E-002	4,636289585929879E-002	3,000000000000000E+000
7,9339802E-002	4,156553900813587E-002	3,000000000000000E+000
7,8278370E-002	3,484024701174360E-002	3,000000000000000E+000
7,7254504E-002	3,688464742218550E-002	3,000000000000000E+000
7,6249748E-002	3,344241242221996E-002	3,000000000000000E+000
7,5277694E-002	3,341170155262174E-002	3,000000000000000E+000
7,4268676E-002	3,195501943830292E-002	3,000000000000000E+000
7,3300011E-002	2,983931051534860E-002	3,000000000000000E+000
7,2235391E-002	2,923198760416001E-002	3,000000000000000E+000
7,1313001E-002	2,699383840728042E-002	3,000000000000000E+000
7,0331380E-002	2,515568882679675E-002	3,000000000000000E+000
6,9222927E-002	2,376395826124490E-002	3,000000000000000E+000
6,8264790E-002	1,771006876434614E-002	3,000000000000000E+000
6,7218222E-002	2,079063469298295E-002	3,000000000000000E+000
6,6392839E-002	1,723271840698246E-002	3,000000000000000E+000
6,5239906E-002	1,541340100326721E-002	3,000000000000000E+000
6,4295650E-002	1,358330790066659E-002	3,000000000000000E+000
6,3439481E-002	1,240593130609752E-002	3,000000000000000E+000
6,2225424E-002	1,066197063240304E-002	3,000000000000000E+000
6,1334234E-002	9,690204565736722E-003	3,000000000000000E+000
6,0249023E-002	8,284903083727445E-003	3,000000000000000E+000
5,9325993E-002	6,928331360541051E-003	3,000000000000000E+000
5,8445632E-002	5,803747167293392E-003	3,000000000000000E+000
5,7280600E-002	4,439862322114005E-003	3,000000000000000E+000
5,6343988E-002	3,441199644738744E-003	3,000000000000000E+000
5,5318639E-002	1,779733314429502E-003	3,000000000000000E+000
5,4202225E-002	7,807947526746149E-004	3,000000000000000E+000
5,3237792E-002	-8,207630036641434E-004	3,000000000000000E+000
5,2237920E-002	-1,875060301346008E-003	3,000000000000000E+000
5,1403418E-002	-3,160444149115281E-003	3,000000000000000E+000
5,0493754E-002	-4,296811612827384E-003	3,000000000000000E+000
4,9281076E-002	-6,418478167890658E-003	3,000000000000000E+000
4,8434395E-002	-1,149419681152922E-002	3,000000000000000E+000
4,7319885E-002	-7,709414160975307E-003	3,000000000000000E+000
4,6299420E-002	-1,083087907399097E-002	3,000000000000000E+000
4,5240104E-002	-1,197044957856028E-002	3,000000000000000E+000
4,4352740E-002	-1,269614254932894E-002	3,000000000000000E+000
4,3418244E-002	-1,475481340296231E-002	3,000000000000000E+000
4,2354476E-002	-1,630932822687693E-002	3,000000000000000E+000
4,1482609E-002	-1,761058476727656E-002	3,000000000000000E+000
4,0465962E-002	-1,963153594665018E-002	3,000000000000000E+000
3,9303266E-002	-2,111292985339081E-002	3,000000000000000E+000
3,8329497E-002	-2,269470702028934E-002	3,000000000000000E+000
3,7416872E-002	-2,480137731537160E-002	3,000000000000000E+000
3,6342699E-002	-2,628410983662535E-002	3,000000000000000E+000
3,5435166E-002	-2,789242823362448E-002	3,000000000000000E+000
3,4450151E-002	-2,953588064540058E-002	3,000000000000000E+000
3,3321209E-002	-3,055972741923235E-002	3,000000000000000E+000
3,2464411E-002	-3,197877783612851E-002	3,000000000000000E+000
3,1468146E-002	-3,335143121593220E-002	3,000000000000000E+000
3,0325832E-002	-3,476813712687643E-002	3,000000000000000E+000
2,9430808E-002	-3,884387148880497E-002	3,000000000000000E+000
2,8347557E-002	-3,885404867145958E-002	3,000000000000000E+000
2,7543616E-002	-3,836408671405561E-002	3,000000000000000E+000
2,6382197E-002	-4,102818760050764E-002	3,000000000000000E+000
2,5422441E-002	-4,202949564852221E-002	3,000000000000000E+000
2,4372255E-002	-4,301861076641600E-002	3,000000000000000E+000
2,3415264E-002	-4,462814390232467E-002	3,000000000000000E+000
2,2427488E-002	-4,598617206081843E-002	3,000000000000000E+000
2,1351404E-002	-4,711213178880924E-002	3,000000000000000E+000
2,0438777E-002	-4,849630656341691E-002	3,000000000000000E+000
1,9407483E-002	-4,999248556042502E-002	3,000000000000000E+000
1,8338617E-002	-5,143214626392956E-002	3,000000000000000E+000
1,7484790E-002	-5,285873582599565E-002	3,000000000000000E+000
1,6412102E-002	-5,441706335275520E-002	3,000000000000000E+000
1,5400765E-002	-5,528696023328716E-002	3,000000000000000E+000
1,4383271E-002	-5,721354023424086E-002	3,000000000000000E+000
1,3425427E-002	-5,864703762927104E-002	3,000000000000000E+000
1,2318563E-002	-5,979338287337046E-002	3,000000000000000E+000
1,1439476E-002	-6,145723759416621E-002	3,000000000000000E+000
1,0443422E-002	-6,318326597102009E-002	3,000000000000000E+000
9,4477935E-003	-6,451954377634017E-002	3,000000000000000E+000
8,4133632E-003	-6,709843975517671E-002	3,000000000000000E+000
7,3678335E-003	-7,106332962737505E-002	3,000000000000000E+000
6,4193308E-003	-6,803073735985260E-002	3,000000000000000E+000
5,4583028E-003	-7,117681730435099E-002	3,000000000000000E+000
4,3892246E-003	-7,248877003116298E-002	3,000000000000000E+000
3,5139585E-003	-7,372140967183621E-002	3,000000000000000E+000
2,2852442E-003	-7,514470653970606E-002	3,000000000000000E+000
1,3728292E-003	-7,660357083012836E-002	3,000000000000000E+000
4,2199108E-004	-7,825672698931552E-002	3,000000000000000E+000
-6,3010526E-004	-7,933055800256428E-002	3,000000000000000E+000
-1,5694804E-003	-8,068926773396234E-002	3,000000000000000E+000
-2,5164979E-003	-8,220482596920584E-002	3,000000000000000E+000
-3,5057592E-003	-8,380620744234535E-002	3,000000000000000E+000
-4,5160362E-003	-8,495933794701060E-002	3,000000000000000E+000
-5,7008089E-003	-8,653812788866649E-002	3,000000000000000E+000
-6,5259757E-003	-8,780212197840820E-002	3,000000000000000E+000
-7,5742514E-003	-8,904414412487882E-002	3,000000000000000E+000
-8,7186908E-003	-9,075614973618118E-002	3,000000000000000E+000
-9,4852690E-003	-9,200923964251867E-002	3,000000000000000E+000
-1,0626949E-002	-9,346743693782208E-002	3,000000000000000E+000
-1,1488629E-002	-9,499311596543192E-002	3,000000000000000E+000
-1,2454192E-002	-9,958466789814491E-002	3,000000000000000E+000
-1,3615502E-002	-9,804139518463573E-002	3,000000000000000E+000
-1,4468267E-002	-9,854134937955258E-002	3,000000000000000E+000
-1,5453918E-002	-1,010782060135773E-001	3,000000000000000E+000
-1,6643150E-002	-1,017416516357723E-001	3,000000000000000E+000
-1,7457915E-002	-1,031465904800115E-001	3,000000000000000E+000
-1,8585585E-002	-1,044857898765863E-001	3,000000000000000E+000
-1,9440260E-002	-1,056017276714553E-001	3,000000000000000E+000
-2,0514647E-002	-1,073716817643596E-001	3,000000000000000E+000
-2,1574808E-002	-1,089807109739114E-001	3,000000000000000E+000
-2,3494445E-002	-1,109570888176679E-001	3,000000000000000E+000
-2,5143681E-002	-1,140388595845758E-001	3,000000000000000E+000
-2,6217643E-002	-1,155937299222893E-001	3,000000000000000E+000
-2,7057033E-002	-1,172783321235333E-001	3,000000000000000E+000
-2,8115498E-002	-1,186395680868166E-001	3,000000000000000E+000
-2,9239770E-002	-1,201403577191136E-001	3,000000000000000E+000
-3,0164499E-002	-1,215184543980290E-001	3,000000000000000E+000
-3,1157583E-002	-1,230194006671406E-001	3,000000000000000E+000
-3,2204535E-002	-1,273248532217823E-001	3,000000000000000E+000
-3,3181302E-002	-1,263079247178718E-001	3,000000000000000E+000
-3,4173947E-002	-1,277229789670350E-001	3,000000000000000E+000
-3,5127331E-002	-1,291319338941124E-001	3,000000000000000E+000
-3,6111496E-002	-1,305455989721744E-001	3,000000000000000E+000
-3,7138753E-002	-1,321178527755868E-001	3,000000000000000E+000
-3,8107004E-002	-1,333348350858108E-001	3,000000000000000E+000
-3,9160371E-002	-1,346182313540734E-001	3,000000000000000E+000
-4,0171072E-002	-1,362575136978796E-001	3,000000000000000E+000
-4,1190691E-002	-1,370291552997920E-001	3,000000000000000E+000
-4,2226654E-002	-1,384302659555228E-001	3,000000000000000E+000
-4,3200631E-002	-1,398388048918506E-001	3,000000000000000E+000
-4,4160809E-002	-1,409275727993298E-001	3,000000000000000E+000
-4,5234986E-002	-1,420623521424000E-001	3,000000000000000E+000
-4,6144642E-002	-1,426396915792587E-001	3,000000000000000E+000
-4,7191430E-002	-1,443798574748343E-001	3,000000000000000E+000
-4,8124861E-002	-1,455758360938891E-001	3,000000000000000E+000
-4,9213681E-002	-1,468770014665393E-001	3,000000000000000E+000
-5,0087672E-002	-1,485402330807930E-001	3,000000000000000E+000
-5,1145710E-002	-1,499707736074918E-001	3,000000000000000E+000
-5,2073628E-002	-1,517393546334151E-001	3,000000000000000E+000
-5,3194292E-002	-1,532180879213327E-001	3,000000000000000E+000
-5,4194778E-002	-1,576462186769465E-001	3,000000000000000E+000
-5,5124380E-002	-1,566861384781075E-001	3,000000000000000E+000
-5,6213200E-002	-1,585337193424086E-001	3,000000000000000E+000
-5,7069574E-002	-1,598836130902375E-001	3,000000000000000E+000
-5,8082189E-002	-1,613598454666009E-001	3,000000000000000E+000
-5,9139803E-002	-1,626670541914381E-001	3,000000000000000E+000
-6,0146686E-002	-1,639604274985480E-001	3,000000000000000E+000
-6,1134458E-002	-1,659602414842487E-001	3,000000000000000E+000
-6,1983395E-002	-1,672014421395329E-001	3,000000000000000E+000
-6,3169025E-002	-1,688870585963334E-001	3,000000000000000E+000
-6,4108826E-002	-1,701264487734684E-001	3,000000000000000E+000
-6,5194249E-002	-1,716509253924912E-001	3,000000000000000E+000
-6,6154212E-002	-1,732282238339793E-001	3,000000000000000E+000
-6,7061536E-002	-1,743884637900104E-001	3,000000000000000E+000
-6,8132944E-002	-1,755398453420232E-001	3,000000000000000E+000
-6,9133237E-002	-1,773422066536212E-001	3,000000000000000E+000
-7,0176005E-002	-1,780092086151448E-001	3,000000000000000E+000
-7,1139582E-002	-1,792101620877578E-001	3,000000000000000E+000
-7,2173633E-002	-1,804071997628651E-001	3,000000000000000E+000
-7,3106855E-002	-1,810282790878168E-001	3,000000000000000E+000
-7,4169986E-002	-1,817025808332897E-001	3,000000000000000E+000
-7,5186208E-002	-1,827849810425604E-001	3,000000000000000E+000
-7,6141089E-002	-1,874520267334030E-001	3,000000000000000E+000
-7,7130742E-002	-1,856439279185401E-001	3,000000000000000E+000
-7,8132734E-002	-1,872700007839329E-001	3,000000000000000E+000
-7,9111367E-002	-1,886878595558100E-001	3,000000000000000E+000
-8,0203809E-002	-1,904887553278558E-001	3,000000000000000E+000
-8,1199005E-002	-1,919152004023384E-001	3,000000000000000E+000
-8,2178079E-002	-1,941180245743858E-001	3,000000000000000E+000
-8,3152056E-002	-1,952655911445610E-001	3,000000000000000E+000
-8,4199905E-002	-1,970523151232757E-001	3,000000000000000E+000
-8,5104473E-002	-1,987979402118870E-001	3,000000000000000E+000
-8,6154021E-002	-2,002201569654667E-001	3,000000000000000E+000
-8,7164514E-002	-2,020903292707068E-001	3,000000000000000E+000
-8,8159502E-002	-2,033924482788680E-001	3,000000000000000E+000
-8,9109495E-002	-2,051946039363324E-001	3,000000000000000E+000
-9,0144813E-002	-2,067050426655133E-001	3,000000000000000E+000
-9,1128774E-002	-2,079538138867871E-001	3,000000000000000E+000
-9,2044361E-002	-2,098950431940867E-001	3,000000000000000E+000
-9,3119182E-002	-2,109728864031939E-001	3,000000000000000E+000
-9,4047092E-002	-2,127982559743236E-001	3,000000000000000E+000
-9,5144629E-002	-2,178835184830747E-001	3,000000000000000E+000
-9,6151888E-002	-2,158915111148309E-001	3,000000000000000E+000
-9,7168744E-002	-2,171777304029101E-001	3,000000000000000E+000
-9,8109178E-002	-2,177612571977074E-001	3,000000000000000E+000
-9,9130720E-002	-2,192972441876511E-001	3,000000000000000E+000
-1,0006138E-001	-2,197159017022279E-001	3,000000000000000E+000
-1,0116592E-001	-2,204528244134654E-001	3,000000000000000E+000
-1,0206645E-001	-2,207344631379882E-001	3,000000000000000E+000
-1,0315270E-001	-2,208732108507920E-001	3,000000000000000E+000
-1,0416767E-001	-2,219810719834641E-001	3,000000000000000E+000
-1,0514185E-001	-2,234391243869642E-001	3,000000000000000E+000
-1,0608824E-001	-2,252491674411830E-001	3,000000000000000E+000
-1,0714839E-001	-2,266117870523079E-001	3,000000000000000E+000
-1,0814510E-001	-2,286195575725281E-001	3,000000000000000E+000
-1,0911863E-001	-2,303336371745299E-001	3,000000000000000E+000
-1,1014335E-001	-2,324272992684390E-001	3,000000000000000E+000
-1,1117847E-001	-2,341897844259311E-001	3,000000000000000E+000
-1,1220232E-001	-2,359294732773883E-001	3,000000000000000E+000
-1,1311348E-001	-2,380963105242692E-001	3,000000000000000E+000
-1,1415920E-001	-2,395157548469591E-001	3,000000000000000E+000
-1,1515504E-001	-2,414147679745744E-001	3,000000000000000E+000
-1,1613221E-001	-2,430086687543529E-001	3,000000000000000E+000
-1,1716903E-001	-2,484090846135385E-001	3,000000000000000E+000
-1,1816249E-001	-2,470779623060171E-001	3,000000000000000E+000
-1,1912648E-001	-2,485721133028482E-001	3,000000000000000E+000
-1,2012953E-001	-2,504165373587348E-001	3,000000000000000E+000
-1,2111901E-001	-2,518607437248432E-001	3,000000000000000E+000
-1,2218662E-001	-2,532114311017919E-001	3,000000000000000E+000
-1,2314275E-001	-2,552836652482950E-001	3,000000000000000E+000
-1,2423094E-001	-2,566488788514913E-001	3,000000000000000E+000
-1,2507969E-001	-2,572535211737783E-001	3,000000000000000E+000
-1,2610950E-001	-2,587513417109015E-001	3,000000000000000E+000
-1,2714036E-001	-2,598311594790881E-001	3,000000000000000E+000
-1,2813705E-001	-2,603908254920184E-001	3,000000000000000E+000
-1,2915497E-001	-2,603676218746420E-001	3,000000000000000E+000
-1,3014188E-001	-2,601022955237160E-001	3,000000000000000E+000
-1,3112967E-001	-2,598528914257066E-001	3,000000000000000E+000
-1,3212806E-001	-2,606521534423027E-001	3,000000000000000E+000
-1,3311923E-001	-2,620582636963165E-001	3,000000000000000E+000
-1,3417281E-001	-2,636784009583701E-001	3,000000000000000E+000
-1,3509627E-001	-2,651984112130261E-001	3,000000000000000E+000
-1,3606472E-001	-2,676630647749534E-001	3,000000000000000E+000
-1,3706544E-001	-2,697446829535881E-001	3,000000000000000E+000
-1,3816170E-001	-2,717590404984835E-001	3,000000000000000E+000
-1,3910276E-001	-2,771918430096569E-001	3,000000000000000E+000
-1,4013596E-001	-2,767268008449006E-001	3,000000000000000E+000
-1,4115919E-001	-2,785590038531343E-001	3,000000000000000E+000
-1,4213847E-001	-2,810679271610237E-001	3,000000000000000E+000
-1,4313239E-001	-2,824346697113160E-001	3,000000000000000E+000
-1,4408790E-001	-2,846900918520996E-001	3,000000000000000E+000
-1,4509308E-001	-2,866162650235408E-001	3,000000000000000E+000
-1,4618105E-001	-2,882905103421463E-001	3,000000000000000E+000
-1,4713827E-001	-2,904381453990925E-001	3,000000000000000E+000
-1,4814153E-001	-2,921762454789127E-001	3,000000000000000E+000
-1,4907241E-001	-2,937144127208731E-001	3,000000000000000E+000
-1,5010138E-001	-2,959144119587195E-001	3,000000000000000E+000
-1,5108383E-001	-2,976275018364594E-001	3,000000000000000E+000
-1,5214783E-001	-2,988680118643163E-001	3,000000000000000E+000
-1,5314856E-001	-3,002748587168753E-001	3,000000000000000E+000
-1,5416901E-001	-3,010484563807632E-001	3,000000000000000E+000
-1,5507782E-001	-3,022448490115077E-001	3,000000000000000E+000
-1,5611632E-001	-3,022548766392790E-001	3,000000000000000E+000
-1,5712066E-001	-3,022811792842637E-001	3,000000000000000E+000
-1,5815556E-001	-3,014960120328594E-001	3,000000000000000E+000
-1,5910979E-001	-3,003894672470357E-001	3,000000000000000E+000
-1,6012155E-001	-3,007152938128754E-001	3,000000000000000E+000
-1,6108830E-001	-3,010450886407247E-001	3,000000000000000E+000
-1,6209945E-001	-3,034277922577311E-001	3,000000000000000E+000
-1,6321158E-001	-3,087665431149714E-001	3,000000000000000E+000
-1,6410723E-001	-3,085544059673944E-001	3,000000000000000E+000
-1,6515613E-001	-3,105782496277238E-001	3,000000000000000E+000
-1,6610274E-001	-3,133319282593823E-001	3,000000000000000E+000
-1,6711175E-001	-3,160055678906959E-001	3,000000000000000E+000
-1,6820098E-001	-3,183967814677273E-001	3,000000000000000E+000
-1,6912825E-001	-3,210847365359464E-001	3,000000000000000E+000
-1,7010160E-001	-3,233013564668994E-001	3,000000000000000E+000
-1,7116918E-001	-3,255256386991159E-001	3,000000000000000E+000
-1,7213191E-001	-3,279228424653393E-001	3,000000000000000E+000
-1,7313325E-001	-3,301418334918296E-001	3,000000000000000E+000
-1,7408374E-001	-3,350673560311810E-001	3,000000000000000E+000
-1,7512663E-001	-3,354075296988910E-001	3,000000000000000E+000
-1,7609614E-001	-3,370642368940429E-001	3,000000000000000E+000
-1,7714719E-001	-3,393178570549938E-001	3,000000000000000E+000
-1,7811671E-001	-3,417142037716162E-001	3,000000000000000E+000
-1,7911741E-001	-3,431659839892136E-001	3,000000000000000E+000
-1,8003006E-001	-3,450987968956010E-001	3,000000000000000E+000
-1,8115689E-001	-3,463611368659056E-001	3,000000000000000E+000
-1,8214676E-001	-3,471321061046577E-001	3,000000000000000E+000
-1,8309973E-001	-3,476307014417293E-001	3,000000000000000E+000
-1,8414885E-001	-3,479298638800776E-001	3,000000000000000E+000
-1,8508355E-001	-3,474496558256837E-001	3,000000000000000E+000
-1,8602760E-001	-3,455292011300721E-001	3,000000000000000E+000
-1,8709306E-001	-3,438777029514305E-001	3,000000000000000E+000
-1,8807045E-001	-3,430742662813921E-001	3,000000000000000E+000
-1,8918687E-001	-3,435592590831216E-001	3,000000000000000E+000
-1,9010417E-001	-3,458409531869808E-001	3,000000000000000E+000
-1,9108705E-001	-3,477407770179619E-001	3,000000000000000E+000
-1,9203748E-001	-3,504634557498827E-001	3,000000000000000E+000
-1,9311950E-001	-3,533836970778390E-001	3,000000000000000E+000
-1,9405231E-001	-3,561966694736216E-001	3,000000000000000E+000
-1,9509824E-001	-3,595549268130620E-001	3,000000000000000E+000
-1,9617011E-001	-3,650693660860669E-001	3,000000000000000E+000
-1,9705826E-001	-3,665066842093214E-001	3,000000000000000E+000
-1,9808169E-001	-3,688613667877183E-001	3,000000000000000E+000
-1,9908112E-001	-3,715765710803671E-001	3,000000000000000E+000
-1,9951867E-001	-3,720627001353671E-001	3,000000000000000E+000
-1,9885644E-001	-3,101619709697014E-001	3,000000000000000E+000
-1,9789208E-001	-3,038813291479725E-001	3,000000000000000E+000
-1,9692618E-001	-2,984810789477907E-001	3,000000000000000E+000
-1,9587810E-001	-2,936493689711717E-001	3,000000000000000E+000
-1,9492622E-001	-2,899143136261655E-001	3,000000000000000E+000
-1,9397557E-001	-2,830609801070132E-001	3,000000000000000E+000
-1,9288467E-001	-2,822880191055845E-001	3,000000000000000E+000
-1,9188990E-001	-2,795293274749473E-001	3,000000000000000E+000
-1,9096473E-001	-2,761198033889136E-001	3,000000000000000E+000
-1,8990225E-001	-2,722034418645001E-001	3,000000000000000E+000
-1,8899640E-001	-2,680840488109312E-001	3,000000000000000E+000
-1,8790759E-001	-2,639499101529115E-001	3,000000000000000E+000
-1,8690819E-001	-2,562042667478730E-001	3,000000000000000E+000
-1,8592486E-001	-2,540758667099805E-001	3,000000000000000E+000
-1,8496618E-001	-2,476598479681538E-001	3,000000000000000E+000
-1,8388964E-001	-2,417328879366538E-001	3,000000000000000E+000
-1,8306130E-001	-2,362385370458169E-001	3,000000000000000E+000
-1,8189202E-001	-2,326279198233454E-001	3,000000000000000E+000
-1,8101282E-001	-2,288941939283777E-001	3,000000000000000E+000
-1,7992522E-001	-2,267336886790057E-001	3,000000000000000E+000
-1,7887460E-001	-2,262167894514271E-001	3,000000000000000E+000
-1,7796813E-001	-2,245133616185440E-001	3,000000000000000E+000
-1,7698418E-001	-2,233372745362832E-001	3,000000000000000E+000
-1,7592530E-001	-2,227428631805308E-001	3,000000000000000E+000
-1,7485005E-001	-2,216263633324869E-001	3,000000000000000E+000
-1,7389239E-001	-2,203790644933976E-001	3,000000000000000E+000
-1,7288469E-001	-2,191465596875384E-001	3,000000000000000E+000
-1,7188035E-001	-2,178728709178459E-001	3,000000000000000E+000
-1,7091317E-001	-2,161692324508393E-001	3,000000000000000E+000
-1,6991054E-001	-2,151874003724911E-001	3,000000000000000E+000
-1,6892022E-001	-2,134977009975239E-001	3,000000000000000E+000
-1,6794516E-001	-2,117496296737541E-001	3,000000000000000E+000
-1,6685678E-001	-2,104926800044868E-001	3,000000000000000E+000
-1,6594967E-001	-2,087874549906689E-001	3,000000000000000E+000
-1,6498950E-001	-2,071982320372224E-001	3,000000000000000E+000
-1,6391362E-001	-2,048632253039004E-001	3,000000000000000E+000
-1,6297212E-001	-2,038571192080978E-001	3,000000000000000E+000
-1,6194803E-001	-1,985544212059009E-001	3,000000000000000E+000
-1,6093121E-001	-1,976513262424200E-001	3,000000000000000E+000
-1,5992136E-001	-1,955451120156795E-001	3,000000000000000E+000
-1,5898558E-001	-1,925865417579188E-001	3,000000000000000E+000
-1,5791397E-001	-1,890273591788065E-001	3,000000000000000E+000
-1,5700731E-001	-1,849660110116623E-001	3,000000000000000E+000
-1,5588769E-001	-1,803663201992294E-001	3,000000000000000E+000
-1,5485619E-001	-1,762233376114937E-001	3,000000000000000E+000
-1,5383084E-001	-1,736813914418835E-001	3,000000000000000E+000
-1,5288861E-001	-1,683719645435398E-001	3,000000000000000E+000
-1,5192623E-001	-1,692695332458245E-001	3,000000000000000E+000
-1,5104331E-001	-1,682827748720428E-001	3,000000000000000E+000
-1,4992881E-001	-1,668633330975546E-001	3,000000000000000E+000
-1,4892513E-001	-1,662487227004014E-001	3,000000000000000E+000
-1,4794667E-001	-1,650427274354213E-001	3,000000000000000E+000
-1,4689863E-001	-1,638371052039376E-001	3,000000000000000E+000
-1,4589301E-001	-1,629454640852684E-001	3,000000000000000E+000
-1,4488785E-001	-1,621874908192282E-001	3,000000000000000E+000
-1,4392850E-001	-1,604917433837212E-001	3,000000000000000E+000
-1,4293903E-001	-1,595198937122604E-001	3,000000000000000E+000
-1,4189968E-001	-1,583435957630472E-001	3,000000000000000E+000
-1,4089958E-001	-1,568806117478134E-001	3,000000000000000E+000
-1,4001688E-001	-1,558009628077137E-001	3,000000000000000E+000
-1,3897517E-001	-1,540861812213228E-001	3,000000000000000E+000
-1,3795877E-001	-1,530072274747198E-001	3,000000000000000E+000
-1,3694465E-001	-1,513217194135197E-001	3,000000000000000E+000
-1,3590743E-001	-1,498153713117873E-001	3,000000000000000E+000
-1,3491666E-001	-1,485165408553759E-001	3,000000000000000E+000
-1,3392359E-001	-1,464102660538624E-001	3,000000000000000E+000
-1,3297722E-001	-1,442137986887246E-001	3,000000000000000E+000
-1,3179609E-001	-1,392440739889729E-001	3,000000000000000E+000
-1,3077539E-001	-1,393601331057852E-001	3,000000000000000E+000
-1,2994513E-001	-1,368172978464930E-001	3,000000000000000E+000
-1,2886332E-001	-1,337977533565011E-001	3,000000000000000E+000
-1,2791395E-001	-1,302534609567370E-001	3,000000000000000E+000
-1,2703128E-001	-1,266705244779583E-001	3,000000000000000E+000
-1,2593311E-001	-1,244972772223663E-001	3,000000000000000E+000
-1,2491815E-001	-1,226499553174816E-001	3,000000000000000E+000
-1,2392402E-001	-1,211929611227885E-001	3,000000000000000E+000
-1,2295832E-001	-1,197948247944516E-001	3,000000000000000E+000
-1,2196758E-001	-1,187038256773829E-001	3,000000000000000E+000
-1,2100378E-001	-1,175109872258164E-001	3,000000000000000E+000
-1,1991136E-001	-1,164658515610623E-001	3,000000000000000E+000
-1,1891232E-001	-1,154538039958828E-001	3,000000000000000E+000
-1,1792052E-001	-1,141048133463807E-001	3,000000000000000E+000
-1,1690187E-001	-1,094532592105684E-001	3,000000000000000E+000
-1,1594988E-001	-1,115901266651536E-001	3,000000000000000E+000
-1,1485045E-001	-1,102377961441463E-001	3,000000000000000E+000
-1,1400322E-001	-1,090073631106256E-001	3,000000000000000E+000
-1,1296279E-001	-1,080246864714554E-001	3,000000000000000E+000
-1,1190815E-001	-1,062331957768442E-001	3,000000000000000E+000
-1,1093841E-001	-1,051777200708681E-001	3,000000000000000E+000
-1,0994066E-001	-1,038676474191660E-001	3,000000000000000E+000
-1,0899109E-001	-1,026368412033960E-001	3,000000000000000E+000
-1,0787468E-001	-1,009102481119852E-001	3,000000000000000E+000
-1,0693444E-001	-9,965287070048739E-002	3,000000000000000E+000
-1,0592778E-001	-9,810548499485261E-002	3,000000000000000E+000
-1,0497630E-001	-9,644054523798484E-002	3,000000000000000E+000
-1,0391232E-001	-9,383689330166378E-002	3,000000000000000E+000
-1,0301689E-001	-9,267093110570868E-002	3,000000000000000E+000
-1,0193763E-001	-9,009935156468063E-002	3,000000000000000E+000
-1,0096343E-001	-8,774589838382446E-002	3,000000000000000E+000
-9,9986278E-002	-8,492602227488499E-002	3,000000000000000E+000
-9,8918669E-002	-7,860825845919950E-002	3,000000000000000E+000
-9,7960867E-002	-7,951251919924562E-002	3,000000000000000E+000
-9,6909627E-002	-7,807217511193190E-002	3,000000000000000E+000
-9,5945194E-002	-7,665638176776035E-002	3,000000000000000E+000
-9,4969943E-002	-7,494823452240451E-002	3,000000000000000E+000
-9,3879648E-002	-7,391684010185084E-002	3,000000000000000E+000
-9,2905439E-002	-7,254085911618957E-002	3,000000000000000E+000
-9,1938689E-002	-7,144440540448838E-002	3,000000000000000E+000
-9,0879165E-002	-7,047927644776375E-002	3,000000000000000E+000
-8,9938946E-002	-6,948955448266730E-002	3,000000000000000E+000
-8,8956468E-002	-6,808468551995817E-002	3,000000000000000E+000
-8,7982908E-002	-6,658045241945532E-002	3,000000000000000E+000
-8,6894520E-002	-6,542779364260931E-002	3,000000000000000E+000
-8,5891888E-002	-6,461330260693376E-002	3,000000000000000E+000
-8,4888615E-002	-6,259408415967771E-002	3,000000000000000E+000
-8,4063239E-002	-6,145754397989056E-002	3,000000000000000E+000
-8,2925797E-002	-6,042402307502925E-002	3,000000000000000E+000
-8,1930801E-002	-5,871210866866416E-002	3,000000000000000E+000
-8,1007138E-002	-5,764025608206991E-002	3,000000000000000E+000
-7,9952069E-002	-5,616147308481034E-002	3,000000000000000E+000
-7,8946464E-002	-5,466254539270343E-002	3,000000000000000E+000
-7,7990159E-002	-5,024263405680862E-002	3,000000000000000E+000
-7,6937199E-002	-5,125483791602559E-002	3,000000000000000E+000
-7,5965986E-002	-4,927756375723713E-002	3,000000000000000E+000
-7,4967593E-002	-4,777375298241782E-002	3,000000000000000E+000
-7,3908918E-002	-4,603761480151039E-002	3,000000000000000E+000
-7,2982490E-002	-4,424240701741322E-002	3,000000000000000E+000
-7,1919784E-002	-4,178275313137825E-002	3,000000000000000E+000
-7,0969358E-002	-3,941970425269858E-002	3,000000000000000E+000
-6,9953777E-002	-3,777751568446130E-002	3,000000000000000E+000
-6,8128616E-002	-4,132661584662849E-002	3,000000000000000E+000
-6,6452622E-002	-2,881401094620939E-002	3,000000000000000E+000
-6,5356590E-002	-3,119725668673495E-002	3,000000000000000E+000
-6,4522713E-002	-2,969351996822900E-002	3,000000000000000E+000
-6,3418187E-002	-2,795302714447534E-002	3,000000000000000E+000
-6,2498972E-002	-2,667353536202827E-002	3,000000000000000E+000
-6,1440513E-002	-2,569905469782595E-002	3,000000000000000E+000
-6,0324721E-002	-2,432144977016526E-002	3,000000000000000E+000
-5,9413157E-002	-1,894776824661265E-002	3,000000000000000E+000
-5,8449827E-002	-2,198775076895890E-002	3,000000000000000E+000
-5,7418115E-002	-2,015686263944691E-002	3,000000000000000E+000
-5,6358796E-002	-1,881305440232001E-002	3,000000000000000E+000
-5,5409867E-002	-1,712786794329677E-002	3,000000000000000E+000
-5,4528441E-002	-1,635607080404744E-002	3,000000000000000E+000
-5,3371482E-002	-1,503018080984471E-002	3,000000000000000E+000
-5,2348681E-002	-1,302327254800023E-002	3,000000000000000E+000
-5,1437750E-002	-1,240781965477957E-002	3,000000000000000E+000
-5,0496683E-002	-1,058835384416548E-002	3,000000000000000E+000
-4,9484912E-002	-9,215336671331925E-003	3,000000000000000E+000
-4,8397586E-002	-7,604609863240797E-003	3,000000000000000E+000
-4,7467124E-002	-6,288494595436400E-003	3,000000000000000E+000
-4,6449199E-002	-4,402289595115377E-003	3,000000000000000E+000
-4,5466099E-002	-3,058609295193387E-003	3,000000000000000E+000
-4,4298518E-002	-8,922854539908515E-004	3,000000000000000E+000
-4,3371029E-002	9,910983880116811E-004	3,000000000000000E+000
-4,2529523E-002	2,520873827557404E-003	3,000000000000000E+000
-4,1475091E-002	4,530884312569288E-003	3,000000000000000E+000
-4,0335432E-002	6,349374450817583E-003	3,000000000000000E+000
-3,9480675E-002	1,126037893765086E-002	3,000000000000000E+000
-3,8510736E-002	8,127842698336801E-003	3,000000000000000E+000
-3,7473287E-002	1,050953392970973E-002	3,000000000000000E+000
-3,6415458E-002	1,204436870304765E-002	3,000000000000000E+000
-3,5466954E-002	1,314467552826196E-002	3,000000000000000E+000
-3,4406576E-002	1,451904480442562E-002	3,000000000000000E+000
-3,3406913E-002	1,568538877149374E-002	3,000000000000000E+000
-3,2458626E-002	1,731516379934175E-002	3,000000000000000E+000
-3,1476367E-002	1,858743388179901E-002	3,000000000000000E+000
-3,0491779E-002	1,967213828013178E-002	3,000000000000000E+000
-2,9470250E-002	2,110494842377703E-002	3,000000000000000E+000
-2,8489480E-002	2,271356923544460E-002	3,000000000000000E+000
-2,7546706E-002	2,378646397038314E-002	3,000000000000000E+000
-2,6554264E-002	2,525460765173201E-002	3,000000000000000E+000
-2,5518935E-002	2,651771354107453E-002	3,000000000000000E+000
-2,4484247E-002	2,847684149714458E-002	3,000000000000000E+000
-2,3507085E-002	2,948550598133215E-002	3,000000000000000E+000
-2,2429939E-002	3,079371855872320E-002	3,000000000000000E+000
-2,1424757E-002	3,250157244555241E-002	3,000000000000000E+000
-2,0418301E-002	3,347965313393311E-002	3,000000000000000E+000
-1,9613838E-002	3,581601144590729E-002	3,000000000000000E+000
-1,8491184E-002	4,050311061372584E-002	3,000000000000000E+000
-1,7508080E-002	3,739600199171250E-002	3,000000000000000E+000
-1,6540047E-002	4,033907032054351E-002	3,000000000000000E+000
-1,5390087E-002	4,174530117112844E-002	3,000000000000000E+000
-1,4606315E-002	4,318050742343382E-002	3,000000000000000E+000
-1,3396491E-002	4,483767627971266E-002	3,000000000000000E+000
-1,2516556E-002	4,631270396768949E-002	3,000000000000000E+000
-1,1609235E-002	4,796705474857149E-002	3,000000000000000E+000
-1,0494092E-002	4,904487954465564E-002	3,000000000000000E+000
-9,5549291E-003	5,084512870396596E-002	3,000000000000000E+000
-8,5824383E-003	5,187868743087176E-002	3,000000000000000E+000
-7,4849129E-003	5,381306577409206E-002	3,000000000000000E+000
-6,5913908E-003	5,469316744064490E-002	3,000000000000000E+000
-5,6040399E-003	5,622449314170042E-002	3,000000000000000E+000
-4,4555678E-003	5,744247373271116E-002	3,000000000000000E+000
-3,6028035E-003	5,924088630126800E-002	3,000000000000000E+000
-2,5870067E-003	6,068372256575272E-002	3,000000000000000E+000
-1,5141065E-003	6,180676635509985E-002	3,000000000000000E+000
-4,5649067E-004	6,311428976995481E-002	3,000000000000000E+000
4,6144400E-004	6,497332269403489E-002	3,000000000000000E+000
1,4468875E-003	7,004152023000665E-002	3,000000000000000E+000
2,5794010E-003	6,735178546255649E-002	3,000000000000000E+000
3,4466002E-003	6,908783507404026E-002	3,000000000000000E+000
4,5594084E-003	7,079536283466337E-002	3,000000000000000E+000
5,4885945E-003	7,189229896499054E-002	3,000000000000000E+000
5,8767581E-003	7,295233570039272E-002	3,000000000000000E+000
6,1747828E-003	7,308349013328552E-002	4,000000000000000E+000
6,6474313E-003	7,350091403996983E-002	4,000000000000000E+000
7,7568428E-003	7,509804463350322E-002	4,000000000000000E+000
8,6161885E-003	7,636503192285699E-002	4,000000000000000E+000
9,5598092E-003	7,778873996317601E-002	4,000000000000000E+000
1,0747978E-002	7,946046721836963E-002	4,000000000000000E+000
1,1602652E-002	8,038049037956363E-002	4,000000000000000E+000
1,2791245E-002	8,183172092281499E-002	4,000000000000000E+000
1,3688164E-002	8,351594761997072E-002	4,000000000000000E+000
1,4676576E-002	8,454897202965261E-002	4,000000000000000E+000
1,5598968E-002	8,631116631699531E-002	4,000000000000000E+000
1,6624317E-002	8,766962878225004E-002	4,000000000000000E+000
1,7743070E-002	8,917958793851266E-002	4,000000000000000E+000
1,8742306E-002	9,065596316941105E-002	4,000000000000000E+000
1,9664912E-002	9,200616232636910E-002	4,000000000000000E+000
2,0658843E-002	9,344248664436083E-002	4,000000000000000E+000
2,1770803E-002	9,479725421018304E-002	4,000000000000000E+000
2,2576658E-002	1,004434177496782E-001	4,000000000000000E+000
2,3651004E-002	9,806880203541379E-002	4,000000000000000E+000
2,4671258E-002	9,879983498507916E-002	4,000000000000000E+000
2,5718685E-002	1,019057776170994E-001	4,000000000000000E+000
2,6727689E-002	1,027380464818434E-001	4,000000000000000E+000
2,7670460E-002	1,036625980761732E-001	4,000000000000000E+000
2,8618114E-002	1,054597495563540E-001	4,000000000000000E+000
2,9852346E-002	1,066755893795444E-001	4,000000000000000E+000
3,0563731E-002	1,081913337111475E-001	4,000000000000000E+000
3,2338038E-002	1,098171323991711E-001	4,000000000000000E+000
3,4269523E-002	1,129297119591177E-001	4,000000000000000E+000
3,5193402E-002	1,139117524920343E-001	4,000000000000000E+000
3,6292627E-002	1,154386793819464E-001	4,000000000000000E+000
3,7233490E-002	1,168926999348010E-001	4,000000000000000E+000
3,8178172E-002	1,176457407353969E-001	4,000000000000000E+000
3,9216254E-002	1,196282108366074E-001	4,000000000000000E+000
4,0338617E-002	1,202121257730244E-001	4,000000000000000E+000
4,1245509E-002	1,218564839283425E-001	4,000000000000000E+000
4,2195927E-002	1,227410732470970E-001	4,000000000000000E+000
4,3270949E-002	1,238796787155384E-001	4,000000000000000E+000
4,4269938E-002	1,288636679140236E-001	4,000000000000000E+000
4,5353029E-002	1,272634114268134E-001	4,000000000000000E+000
4,6183083E-002	1,289015258791760E-001	4,000000000000000E+000
4,7233906E-002	1,303766524263975E-001	4,000000000000000E+000
4,8287060E-002	1,318754096800048E-001	4,000000000000000E+000
4,9197566E-002	1,332820391980933E-001	4,000000000000000E+000
5,0189376E-002	1,348048746585847E-001	4,000000000000000E+000
5,1290929E-002	1,361943827424614E-001	4,000000000000000E+000
5,2188702E-002	1,381300340872262E-001	4,000000000000000E+000
5,3116616E-002	1,391762223146444E-001	4,000000000000000E+000
5,4181021E-002	1,408297600509199E-001	4,000000000000000E+000
5,5296797E-002	1,424592310407513E-001	4,000000000000000E+000
5,6096274E-002	1,437863727462381E-001	4,000000000000000E+000
5,7246659E-002	1,453166876841969E-001	4,000000000000000E+000
5,8225516E-002	1,468002912459070E-001	4,000000000000000E+000
5,9205659E-002	1,478978058892406E-001	4,000000000000000E+000
6,0397219E-002	1,495332731606649E-001	4,000000000000000E+000
6,1239794E-002	1,514601276204410E-001	4,000000000000000E+000
6,2365130E-002	1,524898875116681E-001	4,000000000000000E+000
6,3290164E-002	1,553423003707497E-001	4,000000000000000E+000
6,4248309E-002	1,562086039921274E-001	4,000000000000000E+000
6,5185130E-002	1,567851488038696E-001	4,000000000000000E+000
6,6289023E-002	1,578969263031880E-001	4,000000000000000E+000
6,7238159E-002	1,587464609830129E-001	4,000000000000000E+000
6,8186872E-002	1,597922332196811E-001	4,000000000000000E+000
6,9263808E-002	1,607012589358624E-001	4,000000000000000E+000
7,0149265E-002	1,613244079829506E-001	4,000000000000000E+000
7,1244448E-002	1,625711136342340E-001	4,000000000000000E+000
7,2247081E-002	1,635904310064187E-001	4,000000000000000E+000
7,3187523E-002	1,654707320008630E-001	4,000000000000000E+000
7,4201621E-002	1,669371093675085E-001	4,000000000000000E+000
7,5151391E-002	1,685512918953060E-001	4,000000000000000E+000
7,6271638E-002	1,701587611266104E-001	4,000000000000000E+000
7,7211857E-002	1,722193914077557E-001	4,000000000000000E+000
7,8349724E-002	1,733142560115086E-001	4,000000000000000E+000
7,9162776E-002	1,753256216308938E-001	4,000000000000000E+000
8,0284730E-002	1,768129965186955E-001	4,000000000000000E+000
8,1240654E-002	1,782195013947789E-001	4,000000000000000E+000
8,2126111E-002	1,798348130477180E-001	4,000000000000000E+000
8,3253987E-002	1,814705380109247E-001	4,000000000000000E+000
8,4246434E-002	1,829413718983739E-001	4,000000000000000E+000
8,5229144E-002	1,867511229744805E-001	4,000000000000000E+000
8,6216226E-002	1,866109951062962E-001	4,000000000000000E+000
8,7221406E-002	1,877165176879827E-001	4,000000000000000E+000
8,8181578E-002	1,892753587130249E-001	4,000000000000000E+000
8,9265309E-002	1,906854236343256E-001	4,000000000000000E+000
9,0219967E-002	1,919118888650302E-001	4,000000000000000E+000
9,1220699E-002	1,937361397754618E-001	4,000000000000000E+000
9,2243493E-002	1,946384331418412E-001	4,000000000000000E+000
9,3249947E-002	1,960401891523773E-001	4,000000000000000E+000
9,4238989E-002	1,968177794090784E-001	4,000000000000000E+000
9,5300853E-002	1,978543680549298E-001	4,000000000000000E+000
9,6163176E-002	1,986358822711440E-001	4,000000000000000E+000
9,7226314E-002	1,990849170316422E-001	4,000000000000000E+000
9,8176308E-002	1,994730205559694E-001	4,000000000000000E+000
9,9246435E-002	2,000978627216283E-001	4,000000000000000E+000
1,0028135E-001	2,012842928007663E-001	4,000000000000000E+000
1,0119588E-001	2,031030420783080E-001	4,000000000000000E+000
1,0223503E-001	2,045603440557091E-001	4,000000000000000E+000
1,0320752E-001	2,066154592127232E-001	4,000000000000000E+000
1,0421418E-001	2,079095147653600E-001	4,000000000000000E+000
1,0523847E-001	2,101524226082914E-001	4,000000000000000E+000
1,0627295E-001	2,120803936203535E-001	4,000000000000000E+000
1,0726224E-001	2,160202609245783E-001	4,000000000000000E+000
1,0821281E-001	2,158452991344448E-001	4,000000000000000E+000
1,0919293E-001	2,175460264293694E-001	4,000000000000000E+000
1,1028028E-001	2,191976501554658E-001	4,000000000000000E+000
1,1124682E-001	2,207731350273310E-001	4,000000000000000E+000
1,1219234E-001	2,224167075991224E-001	4,000000000000000E+000
1,1329179E-001	2,237061636211974E-001	4,000000000000000E+000
1,1411717E-001	2,258847541977760E-001	4,000000000000000E+000
1,1528198E-001	2,271172596633235E-001	4,000000000000000E+000
1,1623409E-001	2,290182897898676E-001	4,000000000000000E+000
1,1725371E-001	2,305211376709244E-001	4,000000000000000E+000
1,1826674E-001	2,319614912072827E-001	4,000000000000000E+000
1,1928318E-001	2,334258974685035E-001	4,000000000000000E+000
1,2015399E-001	2,347184688033943E-001	4,000000000000000E+000
1,2124556E-001	2,352704610546228E-001	4,000000000000000E+000
1,2224778E-001	2,365975549263470E-001	4,000000000000000E+000
1,2322960E-001	2,373744674001101E-001	4,000000000000000E+000
1,2423690E-001	2,377199897051061E-001	4,000000000000000E+000
1,2520941E-001	2,377724907257495E-001	4,000000000000000E+000
1,2619019E-001	2,377310763113192E-001	4,000000000000000E+000
1,2730873E-001	2,378564089821245E-001	4,000000000000000E+000
1,2820500E-001	2,395704412289583E-001	4,000000000000000E+000
1,2920678E-001	2,405162666303413E-001	4,000000000000000E+000
1,3013725E-001	2,428093792404997E-001	4,000000000000000E+000
1,3121428E-001	2,456144585610467E-001	4,000000000000000E+000
1,3222356E-001	2,477705703996538E-001	4,000000000000000E+000
1,3323341E-001	2,484926525244697E-001	4,000000000000000E+000
1,3422248E-001	2,510097648224074E-001	4,000000000000000E+000
1,3520728E-001	2,529120778199287E-001	4,000000000000000E+000
1,3619694E-001	2,550308159811219E-001	4,000000000000000E+000
1,3720322E-001	2,563534491798958E-001	4,000000000000000E+000
1,3820203E-001	2,589299642325693E-001	4,000000000000000E+000
1,3931249E-001	2,606127599202517E-001	4,000000000000000E+000
1,4025739E-001	2,621360936771246E-001	4,000000000000000E+000
1,4114666E-001	2,643953775210930E-001	4,000000000000000E+000
1,4228451E-001	2,659531576921146E-001	4,000000000000000E+000
1,4323026E-001	2,678321720256180E-001	4,000000000000000E+000
1,4426431E-001	2,698247695031264E-001	4,000000000000000E+000
1,4522153E-001	2,711878687195075E-001	4,000000000000000E+000
1,4619105E-001	2,728534980107935E-001	4,000000000000000E+000
1,4724056E-001	2,776873417250402E-001	4,000000000000000E+000
1,4831027E-001	2,761104219696602E-001	4,000000000000000E+000
1,4923923E-001	2,770271826949409E-001	4,000000000000000E+000
1,5018903E-001	2,778741749676159E-001	4,000000000000000E+000
1,5122223E-001	2,782556144003241E-001	4,000000000000000E+000
1,5222380E-001	2,783621778815157E-001	4,000000000000000E+000
1,5321052E-001	2,777535743338788E-001	4,000000000000000E+000
1,5421122E-001	2,772486693122307E-001	4,000000000000000E+000
1,5514445E-001	2,765184631829882E-001	4,000000000000000E+000
1,5615919E-001	2,774104663791759E-001	4,000000000000000E+000
1,5724123E-001	2,793393500356216E-001	4,000000000000000E+000
1,5819460E-001	2,810743196298278E-001	4,000000000000000E+000
1,5923694E-001	2,831931521650413E-001	4,000000000000000E+000
1,6017969E-001	2,855639122426512E-001	4,000000000000000E+000
1,6115007E-001	2,881433858484446E-001	4,000000000000000E+000
1,6215695E-001	2,904956271199306E-001	4,000000000000000E+000
1,6318908E-001	2,928461408397802E-001	4,000000000000000E+000
1,6406351E-001	2,956043956025187E-001	4,000000000000000E+000
1,6516697E-001	2,975309373448720E-001	4,000000000000000E+000
1,6626769E-001	2,999296449124813E-001	4,000000000000000E+000
1,6720429E-001	3,017135367004418E-001	4,000000000000000E+000
1,6817002E-001	3,078848992784824E-001	4,000000000000000E+000
1,6915561E-001	3,066507758210530E-001	4,000000000000000E+000
1,7018479E-001	3,086154714174985E-001	4,000000000000000E+000
1,7122287E-001	3,107275189831862E-001	4,000000000000000E+000
1,7222507E-001	3,124446804221317E-001	4,000000000000000E+000
1,7315744E-001	3,144497033726013E-001	4,000000000000000E+000
1,7419448E-001	3,164620990606248E-001	4,000000000000000E+000
1,7526357E-001	3,183185759569623E-001	4,000000000000000E+000
1,7620845E-001	3,195587870044001E-001	4,000000000000000E+000
1,7721979E-001	3,202907550924774E-001	4,000000000000000E+000
1,7817636E-001	3,206269200632579E-001	4,000000000000000E+000
1,7922443E-001	3,220874100095708E-001	4,000000000000000E+000
1,8022621E-001	3,209797058564918E-001	4,000000000000000E+000
1,8128446E-001	3,198710590497482E-001	4,000000000000000E+000
1,8224572E-001	3,183729664370829E-001	4,000000000000000E+000
1,8319781E-001	3,171291109691903E-001	4,000000000000000E+000
1,8419705E-001	3,173963027592333E-001	4,000000000000000E+000
1,8518908E-001	3,188521285903545E-001	4,000000000000000E+000
1,8625051E-001	3,210158641967515E-001	4,000000000000000E+000
1,8711813E-001	3,239003060540822E-001	4,000000000000000E+000
1,8807578E-001	3,264681955075099E-001	4,000000000000000E+000
1,8921192E-001	3,294218766968696E-001	4,000000000000000E+000
1,9018705E-001	3,337948088948104E-001	4,000000000000000E+000
1,9119488E-001	3,365558385072914E-001	4,000000000000000E+000
1,9221321E-001	3,385832558851702E-001	4,000000000000000E+000
1,9322412E-001	3,415655457259479E-001	4,000000000000000E+000
1,9422315E-001	3,438265150826840E-001	4,000000000000000E+000
1,9514725E-001	3,463410649759098E-001	4,000000000000000E+000
1,9630441E-001	3,486006069773184E-001	4,000000000000000E+000
1,9723126E-001	3,514525795924586E-001	4,000000000000000E+000
1,9825663E-001	3,538769416562801E-001	4,000000000000000E+000
1,9915396E-001	3,558811519760643E-001	4,000000000000000E+000
2,0005624E-001	3,577094503755980E-001	4,000000000000000E+000
2,0031603E-001	3,592100888490677E-001	4,000000000000000E+000
2,0028083E-001	3,643674477934837E-001	4,000000000000000E+000
1,9991931E-001	2,936878868430441E-001	4,000000000000000E+000
1,9878852E-001	2,886422186056263E-001	4,000000000000000E+000
1,9776492E-001	2,830003620280577E-001	4,000000000000000E+000
1,9671811E-001	2,770276856867397E-001	4,000000000000000E+000
1,9575733E-001	2,724912166595475E-001	4,000000000000000E+000
1,9486614E-001	2,666408410554553E-001	4,000000000000000E+000
1,9370602E-001	2,585214569181620E-001	4,000000000000000E+000
1,9277322E-001	2,557037823005706E-001	4,000000000000000E+000
1,9184573E-001	2,491755540896614E-001	4,000000000000000E+000
1,9074100E-001	2,425243949077815E-001	4,000000000000000E+000
1,8980095E-001	2,335485940178246E-001	4,000000000000000E+000
1,8881176E-001	2,297792323580419E-001	4,000000000000000E+000
1,8774544E-001	2,268618573046597E-001	4,000000000000000E+000
1,8674514E-001	2,245465168056802E-001	4,000000000000000E+000
1,8580471E-001	2,232422306616266E-001	4,000000000000000E+000
1,8475261E-001	2,216943150334476E-001	4,000000000000000E+000
1,8383171E-001	2,206800847003858E-001	4,000000000000000E+000
1,8287365E-001	2,193424485934274E-001	4,000000000000000E+000
1,8174537E-001	2,183851686746081E-001	4,000000000000000E+000
1,8076563E-001	2,171346418844120E-001	4,000000000000000E+000
1,7979039E-001	2,157369831758036E-001	4,000000000000000E+000
1,7882128E-001	2,139948404833882E-001	4,000000000000000E+000
1,7776196E-001	2,127073076812342E-001	4,000000000000000E+000
1,7675827E-001	2,114364631448151E-001	4,000000000000000E+000
1,7580192E-001	2,096582856158635E-001	4,000000000000000E+000
1,7481074E-001	2,081620993299621E-001	4,000000000000000E+000
1,7381120E-001	2,029098397664106E-001	4,000000000000000E+000
1,7276073E-001	2,036994156013767E-001	4,000000000000000E+000
1,7178738E-001	2,028192702241038E-001	4,000000000000000E+000
1,7075352E-001	2,012289466155284E-001	4,000000000000000E+000
1,6973479E-001	1,987852484453472E-001	4,000000000000000E+000
1,6886142E-001	1,966906345527002E-001	4,000000000000000E+000
1,6779765E-001	1,942255166229903E-001	4,000000000000000E+000
1,6677037E-001	1,913804071567333E-001	4,000000000000000E+000
1,6580045E-001	1,883542923411978E-001	4,000000000000000E+000
1,6471355E-001	1,848692855435532E-001	4,000000000000000E+000
1,6368054E-001	1,812217769006068E-001	4,000000000000000E+000
1,6277908E-001	1,730953339978851E-001	4,000000000000000E+000
1,6169187E-001	1,713363928073606E-001	4,000000000000000E+000
1,6073403E-001	1,676034054900013E-001	4,000000000000000E+000
1,5976980E-001	1,654119826982630E-001	4,000000000000000E+000
1,5872790E-001	1,633173684305000E-001	4,000000000000000E+000
1,5777177E-001	1,625097224281893E-001	4,000000000000000E+000
1,5680903E-001	1,613390265265489E-001	4,000000000000000E+000
1,5587348E-001	1,602595499457995E-001	4,000000000000000E+000
1,5480821E-001	1,595434574669026E-001	4,000000000000000E+000
1,5380643E-001	1,584611558743445E-001	4,000000000000000E+000
1,5278682E-001	1,575192078146052E-001	4,000000000000000E+000
1,5178418E-001	1,569846551865339E-001	4,000000000000000E+000
1,5090404E-001	1,553766630693447E-001	4,000000000000000E+000
1,4977296E-001	1,542661628789374E-001	4,000000000000000E+000
1,4876863E-001	1,529111266136173E-001	4,000000000000000E+000
1,4782225E-001	1,517478687067829E-001	4,000000000000000E+000
1,4684637E-001	1,504042250388822E-001	4,000000000000000E+000
1,4580128E-001	1,488204095383274E-001	4,000000000000000E+000
1,4478348E-001	1,442272800098485E-001	4,000000000000000E+000
1,4359947E-001	1,456705531389968E-001	4,000000000000000E+000
1,4286706E-001	1,441179042449219E-001	4,000000000000000E+000
1,4188205E-001	1,428287762294833E-001	4,000000000000000E+000
1,4084969E-001	1,409888714163879E-001	4,000000000000000E+000
1,3993281E-001	1,390847616001136E-001	4,000000000000000E+000
1,3885802E-001	1,370660249247326E-001	4,000000000000000E+000
1,3777810E-001	1,344488973781053E-001	4,000000000000000E+000
1,3688415E-001	1,319304990271732E-001	4,000000000000000E+000
1,3578048E-001	1,289271232542697E-001	4,000000000000000E+000
1,3484280E-001	1,254654480273736E-001	4,000000000000000E+000
1,3387328E-001	1,218525610877101E-001	4,000000000000000E+000
1,3279307E-001	1,175708276374889E-001	4,000000000000000E+000
1,3184385E-001	1,152643979164878E-001	4,000000000000000E+000
1,3085203E-001	1,144198966083223E-001	4,000000000000000E+000
1,2977277E-001	1,137249603440676E-001	4,000000000000000E+000
1,2883106E-001	1,124339786151221E-001	4,000000000000000E+000
1,2786452E-001	1,110025446072951E-001	4,000000000000000E+000
1,2685105E-001	1,104262115550227E-001	4,000000000000000E+000
1,2578219E-001	1,092504917437007E-001	4,000000000000000E+000
1,2486574E-001	1,083478300069045E-001	4,000000000000000E+000
1,2375017E-001	1,073818572072524E-001	4,000000000000000E+000
1,2279084E-001	1,063026864495545E-001	4,000000000000000E+000
1,2180668E-001	1,050415463525696E-001	4,000000000000000E+000
1,2082762E-001	1,037561293083454E-001	4,000000000000000E+000
1,1978973E-001	1,024551234699579E-001	4,000000000000000E+000
1,1876927E-001	1,013120681616584E-001	4,000000000000000E+000
1,1781164E-001	1,001943471298246E-001	4,000000000000000E+000
1,1676845E-001	9,873253256470593E-002	4,000000000000000E+000
1,1582802E-001	9,723636516395753E-002	4,000000000000000E+000
1,1480587E-001	9,590937749534434E-002	4,000000000000000E+000
1,1388156E-001	9,444681310560532E-002	4,000000000000000E+000
1,1278807E-001	9,299873450719254E-002	4,000000000000000E+000
1,1185655E-001	9,147822230200608E-002	4,000000000000000E+000
1,1083378E-001	8,880564479234970E-002	4,000000000000000E+000
1,0980609E-001	8,517763784362213E-002	4,000000000000000E+000
1,0874891E-001	8,538288308126463E-002	4,000000000000000E+000
1,0770530E-001	8,259779040882775E-002	4,000000000000000E+000
1,0682770E-001	8,024661383953768E-002	4,000000000000000E+000
1,0583058E-001	7,720442900770461E-002	4,000000000000000E+000
1,0479377E-001	7,486470554593128E-002	4,000000000000000E+000
1,0383318E-001	7,292226228552590E-002	4,000000000000000E+000
1,0269552E-001	7,093787936416168E-002	4,000000000000000E+000
1,0181792E-001	6,976417624132936E-002	4,000000000000000E+000
1,0083588E-001	6,862211993171122E-002	4,000000000000000E+000
9,9748112E-002	6,741867405233082E-002	4,000000000000000E+000
9,8814681E-002	6,621628557331882E-002	4,000000000000000E+000
9,7842611E-002	6,510562418649610E-002	4,000000000000000E+000
9,6800290E-002	6,410873565538300E-002	4,000000000000000E+000
9,5840320E-002	6,286913329838906E-002	4,000000000000000E+000
9,4784409E-002	6,169638332600402E-002	4,000000000000000E+000
9,3788132E-002	6,021282905324665E-002	4,000000000000000E+000
9,2827231E-002	5,595643229187575E-002	4,000000000000000E+000
9,1792449E-002	5,755599194930675E-002	4,000000000000000E+000
9,0816140E-002	5,649050395651228E-002	4,000000000000000E+000
8,9824758E-002	5,496485207954205E-002	4,000000000000000E+000
8,8720441E-002	5,390111044592549E-002	4,000000000000000E+000
8,7871715E-002	5,270190154098810E-002	4,000000000000000E+000
8,6814731E-002	5,117259051379142E-002	4,000000000000000E+000
8,5796177E-002	4,992386362411916E-002	4,000000000000000E+000
8,4794186E-002	4,822838734900053E-002	4,000000000000000E+000
8,3876453E-002	4,709333638958130E-002	4,000000000000000E+000
8,2865536E-002	4,524118366276136E-002	4,000000000000000E+000
8,0991477E-002	4,836183530723159E-002	4,000000000000000E+000
7,9478383E-002	4,064706492742232E-002	4,000000000000000E+000
7,8253925E-002	3,383349716508155E-002	4,000000000000000E+000
7,7251270E-002	3,545653417434871E-002	4,000000000000000E+000
7,6330379E-002	3,065930181279952E-002	4,000000000000000E+000
7,5399272E-002	3,080132804946820E-002	4,000000000000000E+000
7,4261561E-002	2,510157624460091E-002	4,000000000000000E+000
7,3224641E-002	2,674746807153694E-002	4,000000000000000E+000
7,2251514E-002	2,625528098400942E-002	4,000000000000000E+000
7,1309805E-002	2,453373615895138E-002	4,000000000000000E+000
7,0392922E-002	2,341868705601274E-002	4,000000000000000E+000
6,9273546E-002	2,199310074178764E-002	4,000000000000000E+000
6,8357088E-002	2,126131929010931E-002	4,000000000000000E+000
6,7247897E-002	1,950887261611770E-002	4,000000000000000E+000
6,6283040E-002	1,877472771674443E-002	4,000000000000000E+000
6,5432824E-002	1,718718583449833E-002	4,000000000000000E+000
6,4341463E-002	1,559214573838599E-002	4,000000000000000E+000
6,3237354E-002	1,489149005161994E-002	4,000000000000000E+000
6,2342126E-002	1,332735019887979E-002	4,000000000000000E+000
6,1399363E-002	1,207264985472049E-002	4,000000000000000E+000
6,0336858E-002	1,061948795298426E-002	4,000000000000000E+000
5,9381146E-002	9,320930891489193E-003	4,000000000000000E+000
5,8332864E-002	7,899243038587467E-003	4,000000000000000E+000
5,7273977E-002	6,387095068122232E-003	4,000000000000000E+000
5,6385547E-002	5,176803040133873E-003	4,000000000000000E+000
5,5314772E-002	3,813745182924329E-003	4,000000000000000E+000
5,4382402E-002	1,919856136434347E-003	4,000000000000000E+000
5,3319696E-002	6,066367981879409E-004	4,000000000000000E+000
5,2279256E-002	-3,609343202469972E-003	4,000000000000000E+000
5,1269028E-002	-4,374745389011683E-003	4,000000000000000E+000
5,0403107E-002	-4,014730867614447E-003	4,000000000000000E+000
4,9496636E-002	-7,319443060421482E-003	4,000000000000000E+000
4,8329905E-002	-8,580034919658724E-003	4,000000000000000E+000
4,7432136E-002	-1,032952220783848E-002	4,000000000000000E+000
4,6302982E-002	-1,159545940350248E-002	4,000000000000000E+000
4,5348752E-002	-1,339458798934681E-002	4,000000000000000E+000
4,4365644E-002	-1,469932244637881E-002	4,000000000000000E+000
4,3457683E-002	-1,582527520238523E-002	4,000000000000000E+000
4,2420659E-002	-1,728659871312420E-002	4,000000000000000E+000
4,1431401E-002	-1,870544511540279E-002	4,000000000000000E+000
4,0349800E-002	-1,977616433739759E-002	4,000000000000000E+000
3,9282631E-002	-2,102939259364373E-002	4,000000000000000E+000
3,8386133E-002	-2,272564656353393E-002	4,000000000000000E+000
3,7340827E-002	-2,374929617670007E-002	4,000000000000000E+000
3,6369190E-002	-2,501311830807623E-002	4,000000000000000E+000
3,5321552E-002	-2,650882729115744E-002	4,000000000000000E+000
3,4378994E-002	-2,775726893257041E-002	4,000000000000000E+000
3,3352368E-002	-2,939337050257673E-002	4,000000000000000E+000
3,2440409E-002	-3,478195600069328E-002	4,000000000000000E+000
3,1377703E-002	-3,155296225385312E-002	4,000000000000000E+000
3,0343013E-002	-3,346284867924007E-002	4,000000000000000E+000
2,9306415E-002	-3,517118071451672E-002	4,000000000000000E+000
2,8369799E-002	-3,635207257401712E-002	4,000000000000000E+000
2,7451865E-002	-3,794299821472814E-002	4,000000000000000E+000
2,6315069E-002	-3,945728722545833E-002	4,000000000000000E+000
2,5359986E-002	-4,093828184866455E-002	4,000000000000000E+000
2,4277957E-002	-4,212075232903256E-002	4,000000000000000E+000
2,3401843E-002	-4,363155380512274E-002	4,000000000000000E+000
2,2358449E-002	-4,559037976367908E-002	4,000000000000000E+000
2,1423958E-002	-4,677006186102506E-002	4,000000000000000E+000
2,0462079E-002	-4,848966078134220E-002	4,000000000000000E+000
1,9331865E-002	-5,032489208840862E-002	4,000000000000000E+000
1,8384000E-002	-5,171064609183090E-002	4,000000000000000E+000
1,7371599E-002	-5,300325180158122E-002	4,000000000000000E+000
1,6446870E-002	-5,474768138568242E-002	4,000000000000000E+000
1,5447208E-002	-5,574360288705438E-002	4,000000000000000E+000
1,4420588E-002	-5,745835038962666E-002	4,000000000000000E+000
1,3381652E-002	-5,880269549217898E-002	4,000000000000000E+000
1,2402629E-002	-6,119715892257060E-002	4,000000000000000E+000
1,1336295E-002	-6,459202885808835E-002	4,000000000000000E+000
1,0366775E-002	-6,223878820633688E-002	4,000000000000000E+000
9,4015030E-003	-6,517488077386391E-002	4,000000000000000E+000
8,2608853E-003	-6,572942948615590E-002	4,000000000000000E+000
7,3514422E-003	-6,740191479265245E-002	4,000000000000000E+000
6,3086869E-003	-6,888910699894457E-002	4,000000000000000E+000
5,3754682E-003	-6,982913718739925E-002	4,000000000000000E+000
4,5263120E-003	-7,187359198643295E-002	4,000000000000000E+000
3,4506533E-003	-7,279946899507217E-002	4,000000000000000E+000
2,4365552E-003	-7,441207820213286E-002	4,000000000000000E+000
1,4704330E-003	-7,593631904132458E-002	4,000000000000000E+000
3,9838231E-004	-7,719033161669747E-002	4,000000000000000E+000
-5,3886982E-004	-7,856714140184029E-002	4,000000000000000E+000
-1,5304663E-003	-8,000184082710726E-002	4,000000000000000E+000
-2,6093104E-003	-8,116865652199379E-002	4,000000000000000E+000
-3,5346746E-003	-8,257343189971955E-002	4,000000000000000E+000
-4,5676664E-003	-8,433351808667344E-002	4,000000000000000E+000
-5,6583975E-003	-8,515457821259648E-002	4,000000000000000E+000
-6,6548767E-003	-8,691217276888574E-002	4,000000000000000E+000
-7,5388467E-003	-8,806026575621206E-002	4,000000000000000E+000
-8,6447410E-003	-9,160280138409349E-002	4,000000000000000E+000
-9,5328316E-003	-9,363234134313309E-002	4,000000000000000E+000
-1,0558181E-002	-9,198703929885421E-002	4,000000000000000E+000
-1,1551901E-002	-9,484097664244495E-002	4,000000000000000E+000
-1,2592958E-002	-9,599736978351614E-002	4,000000000000000E+000
-1,3650361E-002	-9,741417951752518E-002	4,000000000000000E+000
-1,4540700E-002	-9,880059656764661E-002	4,000000000000000E+000
-1,5481560E-002	-1,005733292291144E-001	4,000000000000000E+000
-1,6604559E-002	-1,016233261648770E-001	4,000000000000000E+000
-1,7480887E-002	-1,032600403866830E-001	4,000000000000000E+000
-1,8560581E-002	-1,046503160291141E-001	4,000000000000000E+000
-1,9453254E-002	-1,061549498182204E-001	4,000000000000000E+000
-2,0603849E-002	-1,074283353777394E-001	4,000000000000000E+000
-2,1585256E-002	-1,090337275527418E-001	4,000000000000000E+000
-2,3331905E-002	-1,105605499687943E-001	4,000000000000000E+000
-2,5131201E-002	-1,140681743854656E-001	4,000000000000000E+000
-2,6124710E-002	-1,157288761266200E-001	4,000000000000000E+000
-2,7188269E-002	-1,165180251894826E-001	4,000000000000000E+000
-2,8170310E-002	-1,180595314363017E-001	4,000000000000000E+000
-2,9169280E-002	-1,233410717751315E-001	4,000000000000000E+000
-3,0164521E-002	-1,209344895905811E-001	4,000000000000000E+000
-3,1209387E-002	-1,225427477943920E-001	4,000000000000000E+000
-3,2141760E-002	-1,239916265476497E-001	4,000000000000000E+000
-3,3164565E-002	-1,247356614330782E-001	4,000000000000000E+000
-3,4175899E-002	-1,261252672411506E-001	4,000000000000000E+000
-3,5226937E-002	-1,267791703317523E-001	4,000000000000000E+000
-3,6176082E-002	-1,283747008354923E-001	4,000000000000000E+000
-3,7172344E-002	-1,298430390630123E-001	4,000000000000000E+000
-3,8153112E-002	-1,313080316564690E-001	4,000000000000000E+000
-3,9105013E-002	-1,327274244589112E-001	4,000000000000000E+000
-4,0121868E-002	-1,344514843593867E-001	4,000000000000000E+000
-4,1196682E-002	-1,357432598015290E-001	4,000000000000000E+000
-4,2170871E-002	-1,376330526674989E-001	4,000000000000000E+000
-4,3197915E-002	-1,386902755281565E-001	4,000000000000000E+000
-4,4174440E-002	-1,407233352074393E-001	4,000000000000000E+000
-4,5155428E-002	-1,419702031546164E-001	4,000000000000000E+000
-4,6075057E-002	-1,433663790812711E-001	4,000000000000000E+000
-4,7236905E-002	-1,449904830790012E-001	4,000000000000000E+000
-4,8176065E-002	-1,465384161177390E-001	4,000000000000000E+000
-4,9140725E-002	-1,507074353931881E-001	4,000000000000000E+000
-5,0161794E-002	-1,494959317949698E-001	4,000000000000000E+000
-5,1145088E-002	-1,513346639047892E-001	4,000000000000000E+000
-5,2099533E-002	-1,524905540023207E-001	4,000000000000000E+000
-5,3168617E-002	-1,542198517256311E-001	4,000000000000000E+000
-5,4188229E-002	-1,553414961219661E-001	4,000000000000000E+000
-5,5137374E-002	-1,567968279511353E-001	4,000000000000000E+000
-5,6212604E-002	-1,586627757642414E-001	4,000000000000000E+000
-5,7092123E-002	-1,594215422325451E-001	4,000000000000000E+000
-5,8155045E-002	-1,606852217163475E-001	4,000000000000000E+000
-5,9174877E-002	-1,620047294094951E-001	4,000000000000000E+000
-6,0074765E-002	-1,629858653630234E-001	4,000000000000000E+000
-6,1206471E-002	-1,642200171481807E-001	4,000000000000000E+000
-6,2075790E-002	-1,650272489447762E-001	4,000000000000000E+000
-6,3180953E-002	-1,656380922067913E-001	4,000000000000000E+000
-6,4226262E-002	-1,668203279324283E-001	4,000000000000000E+000
-6,5185167E-002	-1,682177216668292E-001	4,000000000000000E+000
-6,6147894E-002	-1,695895109377386E-001	4,000000000000000E+000
-6,7180239E-002	-1,713901309089524E-001	4,000000000000000E+000
-6,8170346E-002	-1,726664739350472E-001	4,000000000000000E+000
-6,9245167E-002	-1,745314046404221E-001	4,000000000000000E+000
-7,0130192E-002	-1,760607106843963E-001	4,000000000000000E+000
-7,1202673E-002	-1,776956372842609E-001	4,000000000000000E+000
-7,2127834E-002	-1,829345530907933E-001	4,000000000000000E+000
-7,3197290E-002	-1,814509956424850E-001	4,000000000000000E+000
-7,4144952E-002	-1,829883643788186E-001	4,000000000000000E+000
-7,5141430E-002	-1,844047481038915E-001	4,000000000000000E+000
-7,6207958E-002	-1,862939652960951E-001	4,000000000000000E+000
-7,7199556E-002	-1,873793882162611E-001	4,000000000000000E+000
-7,8193061E-002	-1,891364187467841E-001	4,000000000000000E+000
-7,9196125E-002	-1,905847688127924E-001	4,000000000000000E+000
-8,0174550E-002	-1,917948473710562E-001	4,000000000000000E+000
-8,1147052E-002	-1,933048602917955E-001	4,000000000000000E+000
-8,2132481E-002	-1,951802761112851E-001	4,000000000000000E+000
-8,3068669E-002	-1,962151213600809E-001	4,000000000000000E+000
-8,4156007E-002	-1,976881307394552E-001	4,000000000000000E+000
-8,5166708E-002	-1,992032278794791E-001	4,000000000000000E+000
-8,6133473E-002	-2,000957744377143E-001	4,000000000000000E+000
-8,7182812E-002	-2,011959873553777E-001	4,000000000000000E+000
-8,8225357E-002	-2,026353762355733E-001	4,000000000000000E+000
-8,9104861E-002	-2,029241728208335E-001	4,000000000000000E+000
-9,0126172E-002	-2,036943414067425E-001	4,000000000000000E+000
-9,1161087E-002	-2,040670324867171E-001	4,000000000000000E+000
-9,2066064E-002	-2,049151397465421E-001	4,000000000000000E+000
-9,3113706E-002	-2,061903654313126E-001	4,000000000000000E+000
-9,4164111E-002	-2,077229220885783E-001	4,000000000000000E+000
-9,5166266E-002	-2,122093132412479E-001	4,000000000000000E+000
-9,6114993E-002	-2,110829063975765E-001	4,000000000000000E+000
-9,7202964E-002	-2,129196778664153E-001	4,000000000000000E+000
-9,8113686E-002	-2,148491252575893E-001	4,000000000000000E+000
-9,9133737E-002	-2,162867099978025E-001	4,000000000000000E+000
-1,0012893E-001	-2,181813805364068E-001	4,000000000000000E+000
-1,0116447E-001	-2,203414232935756E-001	4,000000000000000E+000
-1,0214842E-001	-2,217461996737669E-001	4,000000000000000E+000
-1,0319415E-001	-2,232335639030981E-001	4,000000000000000E+000
-1,0402252E-001	-2,249731950125557E-001	4,000000000000000E+000
-1,0510857E-001	-2,268654881303915E-001	4,000000000000000E+000
-1,0608551E-001	-2,277973679075429E-001	4,000000000000000E+000
-1,0717880E-001	-2,301010438241065E-001	4,000000000000000E+000
-1,0820075E-001	-2,312369419184197E-001	4,000000000000000E+000
-1,0918110E-001	-2,331685669616688E-001	4,000000000000000E+000
-1,1018649E-001	-2,347242355915817E-001	4,000000000000000E+000
-1,1112204E-001	-2,362788784860943E-001	4,000000000000000E+000
-1,1215797E-001	-2,382823595026924E-001	4,000000000000000E+000
-1,1315572E-001	-2,411665262318103E-001	4,000000000000000E+000
-1,1420230E-001	-2,408706798192322E-001	4,000000000000000E+000
-1,1514232E-001	-2,416195319965482E-001	4,000000000000000E+000
-1,1614134E-001	-2,423625590098606E-001	4,000000000000000E+000
-1,1711489E-001	-2,433748728104135E-001	4,000000000000000E+000
-1,1814703E-001	-2,434576409868887E-001	4,000000000000000E+000
-1,1917048E-001	-2,431155497259967E-001	4,000000000000000E+000
-1,2018669E-001	-2,436894961606919E-001	4,000000000000000E+000
-1,2118720E-001	-2,444353270499660E-001	4,000000000000000E+000
-1,2211682E-001	-2,456262776265961E-001	4,000000000000000E+000
-1,2310885E-001	-2,476409281500507E-001	4,000000000000000E+000
-1,2410425E-001	-2,493358124047510E-001	4,000000000000000E+000
-1,2512451E-001	-2,513502280796978E-001	4,000000000000000E+000
-1,2613799E-001	-2,534688107617618E-001	4,000000000000000E+000
-1,2712832E-001	-2,552851108937617E-001	4,000000000000000E+000
-1,2808149E-001	-2,573575031322726E-001	4,000000000000000E+000
-1,2914228E-001	-2,592765753571356E-001	4,000000000000000E+000
-1,3014938E-001	-2,612534157103961E-001	4,000000000000000E+000
-1,3117664E-001	-2,633747631270023E-001	4,000000000000000E+000
-1,3217756E-001	-2,647912821784182E-001	4,000000000000000E+000
-1,3314560E-001	-2,669588940787219E-001	4,000000000000000E+000
-1,3418791E-001	-2,718443782586180E-001	4,000000000000000E+000
-1,3510455E-001	-2,709526895390191E-001	4,000000000000000E+000
-1,3616748E-001	-2,730050357576039E-001	4,000000000000000E+000
-1,3715419E-001	-2,743516055246182E-001	4,000000000000000E+000
-1,3819504E-001	-2,763728896000721E-001	4,000000000000000E+000
-1,3915035E-001	-2,778488571186442E-001	4,000000000000000E+000
-1,4010033E-001	-2,794870243459524E-001	4,000000000000000E+000
-1,4121421E-001	-2,808519043028348E-001	4,000000000000000E+000
-1,4215316E-001	-2,820793777031616E-001	4,000000000000000E+000
-1,4317764E-001	-2,832295487169167E-001	4,000000000000000E+000
-1,4417286E-001	-2,835832777847016E-001	4,000000000000000E+000
-1,4519650E-001	-2,842336487180228E-001	4,000000000000000E+000
-1,4621612E-001	-2,840590984301841E-001	4,000000000000000E+000
-1,4718524E-001	-2,840503944963615E-001	4,000000000000000E+000
-1,4816429E-001	-2,827565420884630E-001	4,000000000000000E+000
-1,4915802E-001	-2,840089504865706E-001	4,000000000000000E+000
-1,5019822E-001	-2,849412491648544E-001	4,000000000000000E+000
-1,5115732E-001	-2,864796330686650E-001	4,000000000000000E+000
-1,5212305E-001	-2,885003102322419E-001	4,000000000000000E+000
-1,5312290E-001	-2,910918964383500E-001	4,000000000000000E+000
-1,5409772E-001	-2,928341616255531E-001	4,000000000000000E+000
-1,5516256E-001	-2,954468396750989E-001	4,000000000000000E+000
-1,5609707E-001	-3,004854530768677E-001	4,000000000000000E+000
-1,5712045E-001	-3,009809263878392E-001	4,000000000000000E+000
-1,5817532E-001	-3,028486612666796E-001	4,000000000000000E+000
-1,5912785E-001	-3,049969919698490E-001	4,000000000000000E+000
-1,6016997E-001	-3,070879188469711E-001	4,000000000000000E+000
-1,6112378E-001	-3,093601111581337E-001	4,000000000000000E+000
-1,6218011E-001	-3,116638854715132E-001	4,000000000000000E+000
-1,6314434E-001	-3,133677297996149E-001	4,000000000000000E+000
-1,6411321E-001	-3,157422789113786E-001	4,000000000000000E+000
-1,6514155E-001	-3,176421398659128E-001	4,000000000000000E+000
-1,6615267E-001	-3,195296227931975E-001	4,000000000000000E+000
-1,6711690E-001	-3,214953239593232E-001	4,000000000000000E+000
-1,6814968E-001	-3,235540495305838E-001	4,000000000000000E+000
-1,6909945E-001	-3,250683309355127E-001	4,000000000000000E+000
-1,7018014E-001	-3,293973783600239E-001	4,000000000000000E+000
-1,7109728E-001	-3,271073382337579E-001	4,000000000000000E+000
-1,7209183E-001	-3,279317380705233E-001	4,000000000000000E+000
-1,7306709E-001	-3,285471875634460E-001	4,000000000000000E+000
-1,7411175E-001	-3,281226227732570E-001	4,000000000000000E+000
-1,7510675E-001	-3,261077404022193E-001	4,000000000000000E+000
-1,7620093E-001	-3,248478400520973E-001	4,000000000000000E+000
-1,7715767E-001	-3,247524890789961E-001	4,000000000000000E+000
-1,7812614E-001	-3,260174644334857E-001	4,000000000000000E+000
-1,7915869E-001	-3,277654664383989E-001	4,000000000000000E+000
-1,8008684E-001	-3,300971343285499E-001	4,000000000000000E+000
-1,8107523E-001	-3,321362934851386E-001	4,000000000000000E+000
-1,8210398E-001	-3,351987664225597E-001	4,000000000000000E+000
-1,8325691E-001	-3,378824378208565E-001	4,000000000000000E+000
-1,8414576E-001	-3,408370981665523E-001	4,000000000000000E+000
-1,8515454E-001	-3,439527739149811E-001	4,000000000000000E+000
-1,8608585E-001	-3,462818302214135E-001	4,000000000000000E+000
-1,8719763E-001	-3,490987404301348E-001	4,000000000000000E+000
-1,8817931E-001	-3,552249449874374E-001	4,000000000000000E+000
-1,8910901E-001	-3,548391566663556E-001	4,000000000000000E+000
-1,9007133E-001	-3,578113520052275E-001	4,000000000000000E+000
-1,9113019E-001	-3,594878674484776E-001	4,000000000000000E+000
-1,9218209E-001	-3,620117681825317E-001	4,000000000000000E+000
-1,9313630E-001	-3,643252886055646E-001	4,000000000000000E+000
-1,9414468E-001	-3,665966267904466E-001	4,000000000000000E+000
-1,9510317E-001	-3,690308327527924E-001	4,000000000000000E+000
-1,9615570E-001	-3,711893294368758E-001	4,000000000000000E+000
-1,9713581E-001	-3,726840543871117E-001	4,000000000000000E+000
-1,9814928E-001	-3,737983292796550E-001	4,000000000000000E+000
-1,9902967E-001	-3,745772112493526E-001	4,000000000000000E+000
-1,9933522E-001	-3,750743493437767E-001	4,000000000000000E+000
-1,9961551E-001	-3,759746750195818E-001	4,000000000000000E+000
-1,9890586E-001	-3,135699123247617E-001	4,000000000000000E+000
-1,9787571E-001	-3,025265102688639E-001	4,000000000000000E+000
-1,9692704E-001	-2,928848661637558E-001	4,000000000000000E+000
-1,9588386E-001	-2,823337570557154E-001	4,000000000000000E+000
-1,9487612E-001	-2,753899492478613E-001	4,000000000000000E+000
-1,9386308E-001	-2,690048817959090E-001	4,000000000000000E+000
-1,9286086E-001	-2,640872972034334E-001	4,000000000000000E+000
-1,9184400E-001	-2,571018967363570E-001	4,000000000000000E+000
-1,9088344E-001	-2,578758683521274E-001	4,000000000000000E+000
-1,8990268E-001	-2,553769570982292E-001	4,000000000000000E+000
-1,8892550E-001	-2,534032113746632E-001	4,000000000000000E+000
-1,8782374E-001	-2,520830035985756E-001	4,000000000000000E+000
-1,8692683E-001	-2,502477836743404E-001	4,000000000000000E+000
-1,8590423E-001	-2,495319386685474E-001	4,000000000000000E+000
-1,8483219E-001	-2,477242276589919E-001	4,000000000000000E+000
-1,8383209E-001	-2,462975556651750E-001	4,000000000000000E+000
-1,8289103E-001	-2,440247421101145E-001	4,000000000000000E+000
-1,8184552E-001	-2,424901903529342E-001	4,000000000000000E+000
-1,8088681E-001	-2,410496287823958E-001	4,000000000000000E+000
-1,7992708E-001	-2,388384765816030E-001	4,000000000000000E+000
-1,7887285E-001	-2,373257080196498E-001	4,000000000000000E+000
-1,7790799E-001	-2,352365575109907E-001	4,000000000000000E+000
-1,7681815E-001	-2,300844454439359E-001	4,000000000000000E+000
-1,7586836E-001	-2,312348098882162E-001	4,000000000000000E+000
-1,7483389E-001	-2,294012229993112E-001	4,000000000000000E+000
-1,7387797E-001	-2,270866360308395E-001	4,000000000000000E+000
-1,7302625E-001	-2,244693554239339E-001	4,000000000000000E+000
-1,7190284E-001	-2,216981581619226E-001	4,000000000000000E+000
-1,7090678E-001	-2,186475301213147E-001	4,000000000000000E+000
-1,6985467E-001	-2,153150760051270E-001	4,000000000000000E+000
-1,6894569E-001	-2,115459279027868E-001	4,000000000000000E+000
-1,6798827E-001	-2,068495699851249E-001	4,000000000000000E+000
-1,6690677E-001	-1,979786292908501E-001	4,000000000000000E+000
-1,6591530E-001	-1,968207228540753E-001	4,000000000000000E+000
-1,6494323E-001	-1,940156388639777E-001	4,000000000000000E+000
-1,6387564E-001	-1,916196596575892E-001	4,000000000000000E+000
-1,6290739E-001	-1,900754542762617E-001	4,000000000000000E+000
-1,6189562E-001	-1,884883535870663E-001	4,000000000000000E+000
-1,6086113E-001	-1,876201510895035E-001	4,000000000000000E+000
-1,5986489E-001	-1,866977656027292E-001	4,000000000000000E+000
-1,5891553E-001	-1,857182686087775E-001	4,000000000000000E+000
-1,5799823E-001	-1,842249636797023E-001	4,000000000000000E+000
-1,5687290E-001	-1,835545103531331E-001	4,000000000000000E+000
-1,5586793E-001	-1,825822350543200E-001	4,000000000000000E+000
-1,5485236E-001	-1,810215355104043E-001	4,000000000000000E+000
-1,5395586E-001	-1,799764649347497E-001	4,000000000000000E+000
-1,5290865E-001	-1,783854802035622E-001	4,000000000000000E+000
-1,5197733E-001	-1,776552377527367E-001	4,000000000000000E+000
-1,5092905E-001	-1,755388860927061E-001	4,000000000000000E+000
-1,4986455E-001	-1,709231838920253E-001	4,000000000000000E+000
-1,4887412E-001	-1,725626586574231E-001	4,000000000000000E+000
-1,4795028E-001	-1,714057636369632E-001	4,000000000000000E+000
-1,4692089E-001	-1,693045928194699E-001	4,000000000000000E+000
-1,4592694E-001	-1,680887302952918E-001	4,000000000000000E+000
-1,4502706E-001	-1,657168243028626E-001	4,000000000000000E+000
-1,4392571E-001	-1,633477299086121E-001	4,000000000000000E+000
-1,4288402E-001	-1,615661962164771E-001	4,000000000000000E+000
-1,4198563E-001	-1,586346185455720E-001	4,000000000000000E+000
-1,4085308E-001	-1,561069909431452E-001	4,000000000000000E+000
-1,3992070E-001	-1,525377959478649E-001	4,000000000000000E+000
-1,3894269E-001	-1,484215858056104E-001	4,000000000000000E+000
-1,3784315E-001	-1,439120167633515E-001	4,000000000000000E+000
-1,3695422E-001	-1,412192875286558E-001	4,000000000000000E+000
-1,3590848E-001	-1,397645743305065E-001	4,000000000000000E+000
-1,3492815E-001	-1,385706645281355E-001	4,000000000000000E+000
-1,3396797E-001	-1,373073003746356E-001	4,000000000000000E+000
-1,3292776E-001	-1,360720959750721E-001	4,000000000000000E+000
-1,3189200E-001	-1,350466310589886E-001	4,000000000000000E+000
-1,3094011E-001	-1,338391513951738E-001	4,000000000000000E+000
-1,2991752E-001	-1,330303423908636E-001	4,000000000000000E+000
-1,2886903E-001	-1,321075248609601E-001	4,000000000000000E+000
-1,2790397E-001	-1,306963917385366E-001	4,000000000000000E+000
-1,2692639E-001	-1,293222111028927E-001	4,000000000000000E+000
-1,2594414E-001	-1,284494527046463E-001	4,000000000000000E+000
-1,2494637E-001	-1,270757657863824E-001	4,000000000000000E+000
-1,2394246E-001	-1,261494394728082E-001	4,000000000000000E+000
-1,2288400E-001	-1,241787935658876E-001	4,000000000000000E+000
-1,2187755E-001	-1,232810022904432E-001	4,000000000000000E+000
-1,2094602E-001	-1,223416991092059E-001	4,000000000000000E+000
-1,1989477E-001	-1,204328669959476E-001	4,000000000000000E+000
-1,1893162E-001	-1,189432652123892E-001	4,000000000000000E+000
-1,1790925E-001	-1,176837732135831E-001	4,000000000000000E+000
-1,1691939E-001	-1,128031196098569E-001	4,000000000000000E+000
-1,1587726E-001	-1,136021331056121E-001	4,000000000000000E+000
-1,1490308E-001	-1,115394375390475E-001	4,000000000000000E+000
-1,1397834E-001	-1,097772131389421E-001	4,000000000000000E+000
-1,1290885E-001	-1,075395055555011E-001	4,000000000000000E+000
-1,1190642E-001	-1,046185222997638E-001	4,000000000000000E+000
-1,1099040E-001	-1,017519370717408E-001	4,000000000000000E+000
-1,0987610E-001	-9,877273963583200E-002	4,000000000000000E+000
-1,0889512E-001	-9,645057010412605E-002	4,000000000000000E+000
-1,0788590E-001	-9,494119677563306E-002	4,000000000000000E+000
-1,0700044E-001	-9,310611233943056E-002	4,000000000000000E+000
-1,0591608E-001	-9,174795359528298E-002	4,000000000000000E+000
-1,0490070E-001	-9,079237232476250E-002	4,000000000000000E+000
-1,0387705E-001	-8,936549783296244E-002	4,000000000000000E+000
-1,0300010E-001	-8,839225992819078E-002	4,000000000000000E+000
-1,0194098E-001	-8,727703868256254E-002	4,000000000000000E+000
-1,0090642E-001	-8,234416089382834E-002	4,000000000000000E+000
-9,9875465E-002	-8,469899293009409E-002	4,000000000000000E+000
-9,8969422E-002	-8,317620075023169E-002	4,000000000000000E+000
-9,7876146E-002	-8,192424025360712E-002	4,000000000000000E+000
-9,6883692E-002	-8,091028933025268E-002	4,000000000000000E+000
-9,5938586E-002	-7,961691251774822E-002	4,000000000000000E+000
-9,4888188E-002	-7,848297069884011E-002	4,000000000000000E+000
-9,3871757E-002	-7,704570607489147E-002	4,000000000000000E+000
-9,2888869E-002	-7,548819039948262E-002	4,000000000000000E+000
-9,1874987E-002	-7,447094935277043E-002	4,000000000000000E+000
-9,0950251E-002	-7,281004045701889E-002	4,000000000000000E+000
-8,9886278E-002	-7,137383215983073E-002	4,000000000000000E+000
-8,8881090E-002	-7,010739739052929E-002	4,000000000000000E+000
-8,7918788E-002	-6,793336300567376E-002	4,000000000000000E+000
-8,6922519E-002	-6,680604937719170E-002	4,000000000000000E+000
-8,5962549E-002	-6,470576491362101E-002	4,000000000000000E+000
-8,4984966E-002	-6,285101983747959E-002	4,000000000000000E+000
-8,3919920E-002	-6,060153348436037E-002	4,000000000000000E+000
-8,2962498E-002	-5,786341815837666E-002	4,000000000000000E+000
-8,1928372E-002	-5,220956994647452E-002	4,000000000000000E+000
-8,0962576E-002	-5,322188392165095E-002	4,000000000000000E+000
-7,9997085E-002	-5,150313418966490E-002	4,000000000000000E+000
-7,8873031E-002	-5,044564620281243E-002	4,000000000000000E+000
-7,7878676E-002	-4,896628011030946E-002	4,000000000000000E+000
-7,6996401E-002	-4,758362391213367E-002	4,000000000000000E+000
-7,5958952E-002	-4,608182977406408E-002	4,000000000000000E+000
-7,4979231E-002	-4,497413700381797E-002	4,000000000000000E+000
-7,2473027E-002	-5,297798410937038E-002	4,000000000000000E+000
-7,1345605E-002	-3,622118001739076E-002	4,000000000000000E+000
-7,0302218E-002	-3,999232904364661E-002	4,000000000000000E+000
-6,9371752E-002	-3,796969787799742E-002	4,000000000000000E+000
-6,8299279E-002	-3,636484297264059E-002	4,000000000000000E+000
-6,7431219E-002	-3,530115379706122E-002	4,000000000000000E+000
-6,6422850E-002	-3,367884207788530E-002	4,000000000000000E+000
-6,5434448E-002	-3,243767889216539E-002	4,000000000000000E+000
-6,4429693E-002	-3,128194870078005E-002	4,000000000000000E+000
-6,3356370E-002	-3,017635447354716E-002	4,000000000000000E+000
-6,2384751E-002	-2,407403096246222E-002	4,000000000000000E+000
-6,1415449E-002	-2,732016403105153E-002	4,000000000000000E+000
-6,0351457E-002	-2,540306372328702E-002	4,000000000000000E+000
-5,9396375E-002	-2,351078008198065E-002	4,000000000000000E+000
-5,8555286E-002	-2,229080963944508E-002	4,000000000000000E+000
-5,7313841E-002	-2,053982875562110E-002	4,000000000000000E+000
-5,6368515E-002	-1,871593480690430E-002	4,000000000000000E+000
-5,5195425E-002	-1,686657564682209E-002	4,000000000000000E+000
-5,4367706E-002	-1,491235773493015E-002	4,000000000000000E+000
-5,3388204E-002	-1,292814566032674E-002	4,000000000000000E+000
-5,2363705E-002	-1,083641016238183E-002	4,000000000000000E+000
-5,1292721E-002	-9,656005665925047E-003	4,000000000000000E+000
-5,0476044E-002	-8,323520739294404E-003	4,000000000000000E+000
-4,9469374E-002	-6,535702486063291E-003	4,000000000000000E+000
-4,8386704E-002	-5,703879799208750E-003	4,000000000000000E+000
-4,7469411E-002	-3,883023951857457E-003	4,000000000000000E+000
-4,6451915E-002	-2,582006763582785E-003	4,000000000000000E+000
-4,5381561E-002	-1,754654192862082E-003	4,000000000000000E+000
-4,4411883E-002	1,381653237855414E-003	4,000000000000000E+000
-4,3468248E-002	4,062024276410919E-003	4,000000000000000E+000
-4,2437378E-002	1,696506950995377E-003	4,000000000000000E+000
-4,1402053E-002	4,430385577709070E-003	4,000000000000000E+000
-4,0422343E-002	5,506170899429385E-003	4,000000000000000E+000
-3,9444331E-002	6,542830154810671E-003	4,000000000000000E+000
-3,8392447E-002	8,251414551422295E-003	4,000000000000000E+000
-3,7400428E-002	9,129236120821227E-003	4,000000000000000E+000
-3,6412440E-002	1,101492139423503E-002	4,000000000000000E+000
-3,5505336E-002	1,220430911618882E-002	4,000000000000000E+000
-3,4455784E-002	1,375417830260839E-002	4,000000000000000E+000
-3,3366110E-002	1,489648982533254E-002	4,000000000000000E+000
-3,2442018E-002	1,649121597680886E-002	4,000000000000000E+000
-3,1514749E-002	1,737697208267897E-002	4,000000000000000E+000
-3,0379647E-002	1,989408791026417E-002	4,000000000000000E+000
-2,9387627E-002	2,059271989694239E-002	4,000000000000000E+000
-2,8362490E-002	2,243072590337963E-002	4,000000000000000E+000
-2,7421417E-002	2,402885683598788E-002	4,000000000000000E+000
-2,6410289E-002	2,567742177699181E-002	4,000000000000000E+000
-2,5367532E-002	2,771421320115525E-002	4,000000000000000E+000
-2,4423400E-002	3,161948629228095E-002	4,000000000000000E+000
-2,3466954E-002	3,246148939878268E-002	4,000000000000000E+000
-2,2408700E-002	3,206982881238227E-002	4,000000000000000E+000
-2,1456800E-002	3,399044768108672E-002	4,000000000000000E+000
-2,0375835E-002	3,536355988277751E-002	4,000000000000000E+000
-1,9525193E-002	3,647464733997674E-002	4,000000000000000E+000
-1,8447198E-002	3,798619072444553E-002	4,000000000000000E+000
-1,7527988E-002	3,961356586336884E-002	4,000000000000000E+000
-1,6426641E-002	4,075192521365067E-002	4,000000000000000E+000
-1,5436743E-002	4,200317006001988E-002	4,000000000000000E+000
-1,4573578E-002	4,358843124484557E-002	4,000000000000000E+000
-1,3528487E-002	4,483243837603397E-002	4,000000000000000E+000
-1,2558542E-002	4,610727989024288E-002	4,000000000000000E+000
-1,1514087E-002	4,782697603999025E-002	4,000000000000000E+000
-1,0521856E-002	4,889590257921067E-002	4,000000000000000E+000
-9,4487425E-003	5,051833899536506E-002	4,000000000000000E+000
-8,4637273E-003	5,176249252205412E-002	4,000000000000000E+000
-7,4489918E-003	5,322551745080623E-002	4,000000000000000E+000
-6,4900867E-003	5,467061953903696E-002	4,000000000000000E+000
-5,4706815E-003	5,577708427962449E-002	4,000000000000000E+000
-4,4863033E-003	5,762312396998626E-002	4,000000000000000E+000
-3,5361010E-003	5,856645117617327E-002	4,000000000000000E+000
-2,5084021E-003	6,267218150767628E-002	4,000000000000000E+000
-1,4639965E-003	6,325378109209445E-002	4,000000000000000E+000
-5,6219497E-004	6,210769039332992E-002	4,000000000000000E+000
5,9052277E-004	6,574123410973720E-002	4,000000000000000E+000
1,5494275E-003	6,597074050740870E-002	4,000000000000000E+000
2,4907130E-003	6,804651988851340E-002	4,000000000000000E+000
3,4636282E-003	6,912708303166769E-002	4,000000000000000E+000
4,5140265E-003	7,113429299917895E-002	4,000000000000000E+000
5,5334312E-003	7,168818232215338E-002	4,000000000000000E+000
6,2406538E-003	7,281144522130489E-002	4,000000000000000E+000
5,9196665E-003	7,298746146261692E-002	5,000000000000000E+000
6,6674314E-003	7,414502797958822E-002	5,000000000000000E+000
7,6494748E-003	7,540320843691006E-002	5,000000000000000E+000
8,6425561E-003	7,690946635557327E-002	5,000000000000000E+000
9,6740630E-003	7,818921483380503E-002	5,000000000000000E+000
1,0623626E-002	7,955606883883293E-002	5,000000000000000E+000
1,1793750E-002	8,121275438720210E-002	5,000000000000000E+000
1,2712959E-002	8,252419037227043E-002	5,000000000000000E+000
1,3699885E-002	8,417553973979208E-002	5,000000000000000E+000
1,4711435E-002	8,544392902533429E-002	5,000000000000000E+000
1,5614509E-002	8,663042123791675E-002	5,000000000000000E+000
1,6686136E-002	8,810769463889301E-002	5,000000000000000E+000
1,7670879E-002	9,274474316043757E-002	5,000000000000000E+000
1,8763760E-002	9,200797935611468E-002	5,000000000000000E+000
1,9626714E-002	9,206362066712895E-002	5,000000000000000E+000
2,0713197E-002	9,447484691756713E-002	5,000000000000000E+000
2,1567872E-002	9,534353110939275E-002	5,000000000000000E+000
2,2674525E-002	9,714255560862117E-002	5,000000000000000E+000
2,3735750E-002	9,809111380147661E-002	5,000000000000000E+000
2,4656657E-002	9,971486984674538E-002	5,000000000000000E+000
2,5706630E-002	1,012456240714530E-001	5,000000000000000E+000
2,6714785E-002	1,026753307604749E-001	5,000000000000000E+000
2,7680906E-002	1,033860573532168E-001	5,000000000000000E+000
2,8775671E-002	1,050468802827207E-001	5,000000000000000E+000
2,9661553E-002	1,061606425403931E-001	5,000000000000000E+000
3,0671401E-002	1,072005597395924E-001	5,000000000000000E+000
3,1692084E-002	1,086455186919517E-001	5,000000000000000E+000
3,3416998E-002	1,105676907180979E-001	5,000000000000000E+000
3,5253312E-002	1,133885466842915E-001	5,000000000000000E+000
3,6316659E-002	1,149471292220472E-001	5,000000000000000E+000
3,7330121E-002	1,165176912715350E-001	5,000000000000000E+000
3,8261212E-002	1,176875232615406E-001	5,000000000000000E+000
3,9298665E-002	1,234303834434187E-001	5,000000000000000E+000
4,0185574E-002	1,213994516551291E-001	5,000000000000000E+000
4,1306026E-002	1,229641823641328E-001	5,000000000000000E+000
4,2264927E-002	1,244068552558826E-001	5,000000000000000E+000
4,3246124E-002	1,255066425720648E-001	5,000000000000000E+000
4,4307984E-002	1,272129396545809E-001	5,000000000000000E+000
4,5206387E-002	1,287882740661088E-001	5,000000000000000E+000
4,6257000E-002	1,300535954586752E-001	5,000000000000000E+000
4,7224186E-002	1,313402829950474E-001	5,000000000000000E+000
4,8269063E-002	1,327523101095327E-001	5,000000000000000E+000
4,9264692E-002	1,344381415595614E-001	5,000000000000000E+000
5,0263293E-002	1,357189411970067E-001	5,000000000000000E+000
5,1274415E-002	1,368458884923418E-001	5,000000000000000E+000
5,2335218E-002	1,388050367952225E-001	5,000000000000000E+000
5,3273745E-002	1,397913577707695E-001	5,000000000000000E+000
5,4247297E-002	1,412456494290386E-001	5,000000000000000E+000
5,5281561E-002	1,420835719780172E-001	5,000000000000000E+000
5,6282923E-002	1,436655923284382E-001	5,000000000000000E+000
5,7308909E-002	1,444174798024414E-001	5,000000000000000E+000
5,8311116E-002	1,454861933598299E-001	5,000000000000000E+000
5,9317578E-002	1,464381186912456E-001	5,000000000000000E+000
6,0262684E-002	1,478161574341361E-001	5,000000000000000E+000
6,1264552E-002	1,523651823453194E-001	5,000000000000000E+000
6,2253695E-002	1,508292364499839E-001	5,000000000000000E+000
6,3288800E-002	1,523463015004791E-001	5,000000000000000E+000
6,4240493E-002	1,537754098212147E-001	5,000000000000000E+000
6,5296404E-002	1,555819027513889E-001	5,000000000000000E+000
6,6298619E-002	1,572624759153574E-001	5,000000000000000E+000
6,7194469E-002	1,584057449363172E-001	5,000000000000000E+000
6,8219393E-002	1,601973077954937E-001	5,000000000000000E+000
6,9249630E-002	1,617685493418115E-001	5,000000000000000E+000
7,0206836E-002	1,633427652349289E-001	5,000000000000000E+000
7,1301386E-002	1,646988551235871E-001	5,000000000000000E+000
7,2335444E-002	1,663001288478783E-001	5,000000000000000E+000
7,3227055E-002	1,675806141510194E-001	5,000000000000000E+000
7,4238814E-002	1,694990356659725E-001	5,000000000000000E+000
7,5173728E-002	1,703370638165835E-001	5,000000000000000E+000
7,6264039E-002	1,723658752162015E-001	5,000000000000000E+000
7,7329516E-002	1,742949640611189E-001	5,000000000000000E+000
7,8233227E-002	1,750843719993203E-001	5,000000000000000E+000
7,9256661E-002	1,766534547787160E-001	5,000000000000000E+000
8,0290928E-002	1,778719082422970E-001	5,000000000000000E+000
8,1249833E-002	1,826118027480939E-001	5,000000000000000E+000
8,2249671E-002	1,808736428954747E-001	5,000000000000000E+000
8,3178855E-002	1,818576919613411E-001	5,000000000000000E+000
8,4156871E-002	1,826087638295979E-001	5,000000000000000E+000
8,5262455E-002	1,833092137369227E-001	5,000000000000000E+000
8,6276338E-002	1,841659712760401E-001	5,000000000000000E+000
8,7207861E-002	1,847380037005579E-001	5,000000000000000E+000
8,8239364E-002	1,854243015275443E-001	5,000000000000000E+000
8,9223750E-002	1,868452307276633E-001	5,000000000000000E+000
9,0333581E-002	1,884636712105325E-001	5,000000000000000E+000
9,1231562E-002	1,900369941722597E-001	5,000000000000000E+000
9,2294492E-002	1,915163524034957E-001	5,000000000000000E+000
9,3228541E-002	1,934042914977510E-001	5,000000000000000E+000
9,4234370E-002	1,949325991251198E-001	5,000000000000000E+000
9,5241465E-002	1,969821334350854E-001	5,000000000000000E+000
9,6290812E-002	1,984945349783336E-001	5,000000000000000E+000
9,7298749E-002	2,003032617374436E-001	5,000000000000000E+000
9,8305628E-002	2,019154906738552E-001	5,000000000000000E+000
9,9286817E-002	2,034196157086021E-001	5,000000000000000E+000
1,0030962E-001	2,053733574381726E-001	5,000000000000000E+000
1,0124262E-001	2,067726078158660E-001	5,000000000000000E+000
1,0225767E-001	2,096899338195923E-001	5,000000000000000E+000
1,0328566E-001	2,112348781665792E-001	5,000000000000000E+000
1,0422565E-001	2,120840494365743E-001	5,000000000000000E+000
1,0524379E-001	2,133607233926249E-001	5,000000000000000E+000
1,0624260E-001	2,150679101210300E-001	5,000000000000000E+000
1,0725819E-001	2,163654180993859E-001	5,000000000000000E+000
1,0826910E-001	2,176835013217202E-001	5,000000000000000E+000
1,0923076E-001	2,192968472502095E-001	5,000000000000000E+000
1,1021174E-001	2,198285375747639E-001	5,000000000000000E+000
1,1126724E-001	2,212098633818753E-001	5,000000000000000E+000
1,1220895E-001	2,217859307485115E-001	5,000000000000000E+000
1,1322475E-001	2,222857956722792E-001	5,000000000000000E+000
1,1415182E-001	2,224797971236212E-001	5,000000000000000E+000
1,1524849E-001	2,226482398109511E-001	5,000000000000000E+000
1,1628530E-001	2,231482704066570E-001	5,000000000000000E+000
1,1722658E-001	2,242380464966924E-001	5,000000000000000E+000
1,1833429E-001	2,259367590175116E-001	5,000000000000000E+000
1,1924162E-001	2,274088202975699E-001	5,000000000000000E+000
1,2022323E-001	2,294989073028175E-001	5,000000000000000E+000
1,2120209E-001	2,314043496217998E-001	5,000000000000000E+000
1,2229028E-001	2,334394769148080E-001	5,000000000000000E+000
1,2323538E-001	2,351220109008463E-001	5,000000000000000E+000
1,2419875E-001	2,372388332409585E-001	5,000000000000000E+000
1,2530987E-001	2,428232803682082E-001	5,000000000000000E+000
1,2620738E-001	2,414767288913337E-001	5,000000000000000E+000
1,2723124E-001	2,432717811316252E-001	5,000000000000000E+000
1,2822707E-001	2,452534930004431E-001	5,000000000000000E+000
1,2932058E-001	2,467118110766418E-001	5,000000000000000E+000
1,3030177E-001	2,483947693059843E-001	5,000000000000000E+000
1,3133286E-001	2,503719361395482E-001	5,000000000000000E+000
1,3224910E-001	2,514943877597240E-001	5,000000000000000E+000
1,3325639E-001	2,537899821893221E-001	5,000000000000000E+000
1,3424629E-001	2,551915110864988E-001	5,000000000000000E+000
1,3529181E-001	2,568511608470647E-001	5,000000000000000E+000
1,3632247E-001	2,583908044422660E-001	5,000000000000000E+000
1,3726099E-001	2,593684412487276E-001	5,000000000000000E+000
1,3824430E-001	2,605761865723055E-001	5,000000000000000E+000
1,3927265E-001	2,610969599077695E-001	5,000000000000000E+000
1,4025721E-001	2,615560352181401E-001	5,000000000000000E+000
1,4127961E-001	2,622678372750267E-001	5,000000000000000E+000
1,4230601E-001	2,617352491296403E-001	5,000000000000000E+000
1,4322436E-001	2,610089689389703E-001	5,000000000000000E+000
1,4429982E-001	2,613979811366240E-001	5,000000000000000E+000
1,4524174E-001	2,616682936851351E-001	5,000000000000000E+000
1,4626688E-001	2,634777002709185E-001	5,000000000000000E+000
1,4722110E-001	2,658955679895980E-001	5,000000000000000E+000
1,4824718E-001	2,715394528479214E-001	5,000000000000000E+000
1,4932397E-001	2,704076444885390E-001	5,000000000000000E+000
1,5025657E-001	2,729443355670411E-001	5,000000000000000E+000
1,5121016E-001	2,749398383053234E-001	5,000000000000000E+000
1,5221512E-001	2,770535521881863E-001	5,000000000000000E+000
1,5319739E-001	2,795493924058998E-001	5,000000000000000E+000
1,5421213E-001	2,815270982682712E-001	5,000000000000000E+000
1,5528588E-001	2,838169448336405E-001	5,000000000000000E+000
1,5621699E-001	2,855605990367209E-001	5,000000000000000E+000
1,5729031E-001	2,878402994635207E-001	5,000000000000000E+000
1,5827447E-001	2,896179805975403E-001	5,000000000000000E+000
1,5919474E-001	2,914046362145926E-001	5,000000000000000E+000
1,6026594E-001	2,937208719603315E-001	5,000000000000000E+000
1,6118599E-001	2,954346916069177E-001	5,000000000000000E+000
1,6220911E-001	2,987193834657478E-001	5,000000000000000E+000
1,6320758E-001	3,002006086106925E-001	5,000000000000000E+000
1,6417794E-001	3,011663870679018E-001	5,000000000000000E+000
1,6524617E-001	3,022758098991809E-001	5,000000000000000E+000
1,6621229E-001	3,034727524500349E-001	5,000000000000000E+000
1,6718371E-001	3,039733484490885E-001	5,000000000000000E+000
1,6818912E-001	3,045530323353087E-001	5,000000000000000E+000
1,6928154E-001	3,041244177406457E-001	5,000000000000000E+000
1,7025636E-001	3,030897276993425E-001	5,000000000000000E+000
1,7121102E-001	3,018730640566605E-001	5,000000000000000E+000
1,7226356E-001	3,011999484669015E-001	5,000000000000000E+000
1,7321503E-001	3,018501368609987E-001	5,000000000000000E+000
1,7419472E-001	3,029203322043452E-001	5,000000000000000E+000
1,7520905E-001	3,052340202137005E-001	5,000000000000000E+000
1,7624056E-001	3,076661507236882E-001	5,000000000000000E+000
1,7723024E-001	3,101181670143788E-001	5,000000000000000E+000
1,7829230E-001	3,128841276953209E-001	5,000000000000000E+000
1,7919199E-001	3,159273217121776E-001	5,000000000000000E+000
1,8020821E-001	3,183763030554282E-001	5,000000000000000E+000
1,8121381E-001	3,211599773623872E-001	5,000000000000000E+000
1,8231134E-001	3,238264590553532E-001	5,000000000000000E+000
1,8325199E-001	3,257609589232343E-001	5,000000000000000E+000
1,8427028E-001	3,321754842893121E-001	5,000000000000000E+000
1,8516955E-001	3,314215209749019E-001	5,000000000000000E+000
1,8624777E-001	3,332312034132596E-001	5,000000000000000E+000
1,8725252E-001	3,358638697407326E-001	5,000000000000000E+000
1,8823986E-001	3,378273747706171E-001	5,000000000000000E+000
1,8920939E-001	3,401245409364102E-001	5,000000000000000E+000
1,9026659E-001	3,418775199291611E-001	5,000000000000000E+000
1,9125223E-001	3,441166023516833E-001	5,000000000000000E+000
1,9222134E-001	3,462920181401491E-001	5,000000000000000E+000
1,9320697E-001	3,468079390780394E-001	5,000000000000000E+000
1,9423318E-001	3,483660003532565E-001	5,000000000000000E+000
1,9527869E-001	3,487048957031220E-001	5,000000000000000E+000
1,9632316E-001	3,485832177878672E-001	5,000000000000000E+000
1,9724362E-001	3,483235204281909E-001	5,000000000000000E+000
1,9823438E-001	3,464048298127542E-001	5,000000000000000E+000
1,9925314E-001	3,436472173521503E-001	5,000000000000000E+000
2,0004500E-001	3,422032430535182E-001	5,000000000000000E+000
2,0013735E-001	3,410552591085434E-001	5,000000000000000E+000
2,0042144E-001	3,322054743766785E-001	5,000000000000000E+000
1,9971959E-001	2,754960361505968E-001	5,000000000000000E+000
1,9881326E-001	2,688740756776602E-001	5,000000000000000E+000
1,9770066E-001	2,640291762848704E-001	5,000000000000000E+000
1,9671226E-001	2,601379086522191E-001	5,000000000000000E+000
1,9573554E-001	2,542836942658240E-001	5,000000000000000E+000
1,9465882E-001	2,544219268020247E-001	5,000000000000000E+000
1,9368380E-001	2,521707055469360E-001	5,000000000000000E+000
1,9276437E-001	2,505067209713170E-001	5,000000000000000E+000
1,9164795E-001	2,482824272786583E-001	5,000000000000000E+000
1,9072196E-001	2,468244827404198E-001	5,000000000000000E+000
1,8974163E-001	2,444077830296005E-001	5,000000000000000E+000
1,8868549E-001	2,420934058803441E-001	5,000000000000000E+000
1,8767457E-001	2,405126594498554E-001	5,000000000000000E+000
1,8677595E-001	2,382098395092838E-001	5,000000000000000E+000
1,8561155E-001	2,360154492521871E-001	5,000000000000000E+000
1,8470444E-001	2,336766842571611E-001	5,000000000000000E+000
1,8370861E-001	2,317903383841950E-001	5,000000000000000E+000
1,8267930E-001	2,257499790802187E-001	5,000000000000000E+000
1,8173331E-001	2,273146461617821E-001	5,000000000000000E+000
1,8069182E-001	2,246438159555604E-001	5,000000000000000E+000
1,7969555E-001	2,222877635827500E-001	5,000000000000000E+000
1,7869036E-001	2,190398653037846E-001	5,000000000000000E+000
1,7770685E-001	2,158954044700505E-001	5,000000000000000E+000
1,7682712E-001	2,128462632083232E-001	5,000000000000000E+000
1,7564170E-001	2,088501471250017E-001	5,000000000000000E+000
1,7465542E-001	2,039815338147393E-001	5,000000000000000E+000
1,7369765E-001	1,954542097583837E-001	5,000000000000000E+000
1,7272086E-001	1,928844891048760E-001	5,000000000000000E+000
1,7172015E-001	1,893718442232872E-001	5,000000000000000E+000
1,7077357E-001	1,865146045521324E-001	5,000000000000000E+000
1,6975734E-001	1,846304213395344E-001	5,000000000000000E+000
1,6875300E-001	1,838382051274600E-001	5,000000000000000E+000
1,6779093E-001	1,824763834010819E-001	5,000000000000000E+000
1,6672374E-001	1,818229608729278E-001	5,000000000000000E+000
1,6575189E-001	1,807467015201438E-001	5,000000000000000E+000
1,6477560E-001	1,798510883883060E-001	5,000000000000000E+000
1,6373430E-001	1,786847622133796E-001	5,000000000000000E+000
1,6270173E-001	1,778464610817743E-001	5,000000000000000E+000
1,6170548E-001	1,764142825397561E-001	5,000000000000000E+000
1,6077100E-001	1,753891887815888E-001	5,000000000000000E+000
1,5966582E-001	1,739946097885774E-001	5,000000000000000E+000
1,5870288E-001	1,727480463321429E-001	5,000000000000000E+000
1,5767781E-001	1,676922681767294E-001	5,000000000000000E+000
1,5666750E-001	1,690759372819836E-001	5,000000000000000E+000
1,5564342E-001	1,682269836051595E-001	5,000000000000000E+000
1,5473315E-001	1,661734015603245E-001	5,000000000000000E+000
1,5367551E-001	1,646826441994771E-001	5,000000000000000E+000
1,5269072E-001	1,635308806629237E-001	5,000000000000000E+000
1,5169404E-001	1,616086992176464E-001	5,000000000000000E+000
1,5068310E-001	1,590950213786635E-001	5,000000000000000E+000
1,4972527E-001	1,568232678368484E-001	5,000000000000000E+000
1,4875129E-001	1,543942556276713E-001	5,000000000000000E+000
1,4776033E-001	1,513715205041486E-001	5,000000000000000E+000
1,4674474E-001	1,483662453893990E-001	5,000000000000000E+000
1,4569797E-001	1,442522023442319E-001	5,000000000000000E+000
1,4476869E-001	1,368019943151420E-001	5,000000000000000E+000
1,4379843E-001	1,370265839052291E-001	5,000000000000000E+000
1,4271535E-001	1,344297685556947E-001	5,000000000000000E+000
1,4175281E-001	1,331222969650605E-001	5,000000000000000E+000
1,4071687E-001	1,320396763945202E-001	5,000000000000000E+000
1,3970913E-001	1,306511340145440E-001	5,000000000000000E+000
1,3876085E-001	1,296195244649423E-001	5,000000000000000E+000
1,3771725E-001	1,287408178905027E-001	5,000000000000000E+000
1,3676853E-001	1,277012546520897E-001	5,000000000000000E+000
1,3575444E-001	1,269164562302953E-001	5,000000000000000E+000
1,3472441E-001	1,254977371879953E-001	5,000000000000000E+000
1,3378906E-001	1,244992181891577E-001	5,000000000000000E+000
1,3273527E-001	1,234435887826192E-001	5,000000000000000E+000
1,3173497E-001	1,220714265752276E-001	5,000000000000000E+000
1,3080685E-001	1,212400274558204E-001	5,000000000000000E+000
1,2976855E-001	1,196287460560495E-001	5,000000000000000E+000
1,2868525E-001	1,183655384811573E-001	5,000000000000000E+000
1,2770301E-001	1,163392170371176E-001	5,000000000000000E+000
1,2674622E-001	1,156800796549455E-001	5,000000000000000E+000
1,2572871E-001	1,139801994237741E-001	5,000000000000000E+000
1,2466486E-001	1,110632481156952E-001	5,000000000000000E+000
1,2366617E-001	1,100254378074572E-001	5,000000000000000E+000
1,2275673E-001	1,089598918980405E-001	5,000000000000000E+000
1,2166728E-001	1,070540347912663E-001	5,000000000000000E+000
1,2071983E-001	1,052395760780205E-001	5,000000000000000E+000
1,1983461E-001	1,029492171494192E-001	5,000000000000000E+000
1,1866956E-001	1,001853333372209E-001	5,000000000000000E+000
1,1780512E-001	9,740040266964034E-002	5,000000000000000E+000
1,1676004E-001	9,427513821800837E-002	5,000000000000000E+000
1,1574424E-001	9,146014530496271E-002	5,000000000000000E+000
1,1480018E-001	8,973508319791659E-002	5,000000000000000E+000
1,1367442E-001	8,778500868033445E-002	5,000000000000000E+000
1,1269897E-001	8,634174805936534E-002	5,000000000000000E+000
1,1178847E-001	8,514953657544955E-002	5,000000000000000E+000
1,1075079E-001	8,447697796186235E-002	5,000000000000000E+000
1,0972294E-001	8,263108314713452E-002	5,000000000000000E+000
1,0877720E-001	7,984048327327620E-002	5,000000000000000E+000
1,0774165E-001	8,034756649026864E-002	5,000000000000000E+000
1,0674009E-001	7,962389259288721E-002	5,000000000000000E+000
1,0570943E-001	7,808822370781039E-002	5,000000000000000E+000
1,0473801E-001	7,717150377316628E-002	5,000000000000000E+000
1,0377528E-001	7,589907751470393E-002	5,000000000000000E+000
1,0274142E-001	7,419978100935822E-002	5,000000000000000E+000
1,0171609E-001	7,363861525664106E-002	5,000000000000000E+000
1,0071239E-001	7,218867984677968E-002	5,000000000000000E+000
9,9853471E-002	7,082977378094157E-002	5,000000000000000E+000
9,8714553E-002	6,951524940086551E-002	5,000000000000000E+000
9,7760104E-002	6,793461175402638E-002	5,000000000000000E+000
9,6749403E-002	6,669224676443264E-002	5,000000000000000E+000
9,5675863E-002	6,526197783467902E-002	5,000000000000000E+000
9,4716109E-002	6,369624715039746E-002	5,000000000000000E+000
9,3820892E-002	6,199742914112782E-002	5,000000000000000E+000
9,2709146E-002	6,003091673483141E-002	5,000000000000000E+000
9,1803096E-002	5,834021499160591E-002	5,000000000000000E+000
9,0765864E-002	5,630143274902366E-002	5,000000000000000E+000
8,9651354E-002	5,371580639297897E-002	5,000000000000000E+000
8,8805415E-002	4,830728158898034E-002	5,000000000000000E+000
8,7835468E-002	4,893589029153325E-002	5,000000000000000E+000
8,6809918E-002	4,664939637748632E-002	5,000000000000000E+000
8,5744657E-002	4,542595913840675E-002	5,000000000000000E+000
8,4886156E-002	4,397321195574483E-002	5,000000000000000E+000
8,3771653E-002	4,245158702057489E-002	5,000000000000000E+000
8,2640797E-002	4,137167590993651E-002	5,000000000000000E+000
8,1786558E-002	4,040008293749353E-002	5,000000000000000E+000
7,9219677E-002	4,794569655011111E-002	5,000000000000000E+000
7,8226596E-002	3,247373867715314E-002	5,000000000000000E+000
7,7237114E-002	3,496001426052942E-002	5,000000000000000E+000
7,6294549E-002	3,282007100966045E-002	5,000000000000000E+000
7,5215295E-002	3,219629068755449E-002	5,000000000000000E+000
7,4140057E-002	3,093128600610517E-002	5,000000000000000E+000
7,3229551E-002	2,921204761918894E-002	5,000000000000000E+000
7,2144769E-002	2,832479630402929E-002	5,000000000000000E+000
7,1303673E-002	2,656414671218954E-002	5,000000000000000E+000
7,0269205E-002	2,510321066721305E-002	5,000000000000000E+000
6,9219440E-002	2,439209108059814E-002	5,000000000000000E+000
6,8224989E-002	2,095851347257846E-002	5,000000000000000E+000
6,7271091E-002	1,883600412596326E-002	5,000000000000000E+000
6,6219851E-002	2,059844576676073E-002	5,000000000000000E+000
6,5160111E-002	1,724414595810225E-002	5,000000000000000E+000
6,4214572E-002	1,645555268462173E-002	5,000000000000000E+000
6,3311078E-002	1,464961135368659E-002	5,000000000000000E+000
6,2294219E-002	1,266631273675659E-002	5,000000000000000E+000
6,1300073E-002	1,074685175505394E-002	5,000000000000000E+000
6,0278762E-002	8,800127895988746E-003	5,000000000000000E+000
5,9217323E-002	6,758707506782653E-003	5,000000000000000E+000
5,8274340E-002	4,939734561452927E-003	5,000000000000000E+000
5,7213333E-002	3,560174141360534E-003	5,000000000000000E+000
5,6246780E-002	2,306290597213476E-003	5,000000000000000E+000
5,5236503E-002	7,854773681527996E-004	5,000000000000000E+000
5,4261465E-002	-2,322446042105257E-004	5,000000000000000E+000
5,3262655E-002	-1,820979572484144E-003	5,000000000000000E+000
5,2296959E-002	-2,709333363883255E-003	5,000000000000000E+000
5,1242098E-002	-4,391991245130247E-003	5,000000000000000E+000
5,0276406E-002	-5,072464818820469E-003	5,000000000000000E+000
4,9275588E-002	-8,499778447003337E-003	5,000000000000000E+000
4,8187103E-002	-1,068106704123134E-002	5,000000000000000E+000
4,7304194E-002	-8,814552644455201E-003	5,000000000000000E+000
4,6246577E-002	-1,120367359302080E-002	5,000000000000000E+000
4,5151819E-002	-1,239116298933770E-002	5,000000000000000E+000
4,4132836E-002	-1,332401446416040E-002	5,000000000000000E+000
4,3181997E-002	-1,499713216132170E-002	5,000000000000000E+000
4,2193796E-002	-1,649349882791282E-002	5,000000000000000E+000
4,1319165E-002	-1,773516804193298E-002	5,000000000000000E+000
4,0223133E-002	-1,912796051732985E-002	5,000000000000000E+000
3,9278023E-002	-2,054161065219279E-002	5,000000000000000E+000
3,8197696E-002	-2,188860436662148E-002	5,000000000000000E+000
3,7232842E-002	-2,333124530883236E-002	5,000000000000000E+000
3,6341019E-002	-2,471477837793318E-002	5,000000000000000E+000
3,5242859E-002	-2,666505569909020E-002	5,000000000000000E+000
3,4136631E-002	-2,819180369099034E-002	5,000000000000000E+000
3,3219330E-002	-2,953035482561173E-002	5,000000000000000E+000
3,2387372E-002	-3,171001149328523E-002	5,000000000000000E+000
3,1217674E-002	-3,293173760175695E-002	5,000000000000000E+000
3,0354934E-002	-3,497209850077815E-002	5,000000000000000E+000
2,9284403E-002	-4,076261084669053E-002	5,000000000000000E+000
2,8291956E-002	-3,728886010746135E-002	5,000000000000000E+000
2,7236464E-002	-3,932353698635560E-002	5,000000000000000E+000
2,6194984E-002	-4,138084209342990E-002	5,000000000000000E+000
2,5247116E-002	-4,234503582119927E-002	5,000000000000000E+000
2,4395838E-002	-4,326202781521687E-002	5,000000000000000E+000
2,3241634E-002	-4,507020071226475E-002	5,000000000000000E+000
2,2257680E-002	-4,613162850081498E-002	5,000000000000000E+000
2,1271816E-002	-4,752169805902262E-002	5,000000000000000E+000
2,0300385E-002	-4,927278059767537E-002	5,000000000000000E+000
1,9372687E-002	-5,056066025604691E-002	5,000000000000000E+000
1,8269643E-002	-5,129368225526468E-002	5,000000000000000E+000
1,7320927E-002	-5,294945054791006E-002	5,000000000000000E+000
1,6259914E-002	-5,466118892784122E-002	5,000000000000000E+000
1,5247091E-002	-5,575704057506892E-002	5,000000000000000E+000
1,4452068E-002	-5,720441221557027E-002	5,000000000000000E+000
1,3418228E-002	-5,883043835961477E-002	5,000000000000000E+000
1,2286951E-002	-5,988870811415836E-002	5,000000000000000E+000
1,1357129E-002	-6,139158579753723E-002	5,000000000000000E+000
1,0285927E-002	-6,290845801898581E-002	5,000000000000000E+000
9,3977125E-003	-6,414066788662809E-002	5,000000000000000E+000
8,3265100E-003	-6,546434046079702E-002	5,000000000000000E+000
7,2553433E-003	-7,139388322442131E-002	5,000000000000000E+000
6,2809419E-003	-6,821329308311563E-002	5,000000000000000E+000
5,3526056E-003	-7,023503309917722E-002	5,000000000000000E+000
4,3408428E-003	-7,191568052318553E-002	5,000000000000000E+000
3,2397094E-003	-7,306934673235621E-002	5,000000000000000E+000
2,3302659E-003	-7,498908912142066E-002	5,000000000000000E+000
1,2976998E-003	-7,602982735908026E-002	5,000000000000000E+000
3,6724072E-004	-7,827918507003528E-002	5,000000000000000E+000
-7,0120126E-004	-7,899289768991147E-002	5,000000000000000E+000
-1,6511906E-003	-8,056633749381714E-002	5,000000000000000E+000
-2,7431960E-003	-8,232202816806300E-002	5,000000000000000E+000
-3,6624039E-003	-8,342733946240780E-002	5,000000000000000E+000
-4,7573820E-003	-8,511089593715371E-002	5,000000000000000E+000
-5,5812760E-003	-8,654213516274478E-002	5,000000000000000E+000
-6,7649866E-003	-8,749974520954598E-002	5,000000000000000E+000
-7,7338698E-003	-8,933048036932528E-002	5,000000000000000E+000
-8,7437220E-003	-9,069532278226689E-002	5,000000000000000E+000
-9,6100727E-003	-9,194224892416936E-002	5,000000000000000E+000
-1,0672996E-002	-9,361131167841230E-002	5,000000000000000E+000
-1,1819345E-002	-9,493646629723795E-002	5,000000000000000E+000
-1,2708413E-002	-1,004165157404104E-001	5,000000000000000E+000
-1,3636075E-002	-9,750450394090443E-002	5,000000000000000E+000
-1,4638498E-002	-9,902301391250298E-002	5,000000000000000E+000
-1,5593156E-002	-1,013409035254477E-001	5,000000000000000E+000
-1,6669240E-002	-1,019569953722463E-001	5,000000000000000E+000
-1,7608404E-002	-1,036604958094863E-001	5,000000000000000E+000
-1,8651798E-002	-1,050468436506988E-001	5,000000000000000E+000
-1,9725334E-002	-1,059918879893507E-001	5,000000000000000E+000
-2,0599328E-002	-1,074337706538948E-001	5,000000000000000E+000
-2,1644419E-002	-1,091685249508974E-001	5,000000000000000E+000
-2,3332587E-002	-1,107121942817082E-001	5,000000000000000E+000
-2,5274429E-002	-1,133447216189878E-001	5,000000000000000E+000
-2,6301689E-002	-1,146447692105230E-001	5,000000000000000E+000
-2,7234269E-002	-1,163694093573009E-001	5,000000000000000E+000
-2,8249005E-002	-1,178159019457072E-001	5,000000000000000E+000
-2,9271593E-002	-1,191388037534331E-001	5,000000000000000E+000
-3,0323053E-002	-1,206729911565261E-001	5,000000000000000E+000
-3,1245448E-002	-1,224054768681526E-001	5,000000000000000E+000
-3,2204140E-002	-1,238896144916199E-001	5,000000000000000E+000
-3,3338353E-002	-1,256497342708622E-001	5,000000000000000E+000
-3,4285590E-002	-1,289866530957318E-001	5,000000000000000E+000
-3,5219867E-002	-1,286900015289161E-001	5,000000000000000E+000
-3,6241606E-002	-1,299775507197605E-001	5,000000000000000E+000
-3,7239362E-002	-1,316515489145071E-001	5,000000000000000E+000
-3,8206968E-002	-1,328143795383059E-001	5,000000000000000E+000
-3,9190285E-002	-1,342763059332759E-001	5,000000000000000E+000
-4,0228795E-002	-1,359374288133237E-001	5,000000000000000E+000
-4,1207865E-002	-1,372828091649954E-001	5,000000000000000E+000
-4,2263575E-002	-1,387269740613792E-001	5,000000000000000E+000
-4,3387420E-002	-1,402448716625151E-001	5,000000000000000E+000
-4,4310875E-002	-1,418317652747239E-001	5,000000000000000E+000
-4,5295253E-002	-1,428639135426940E-001	5,000000000000000E+000
-4,6258613E-002	-1,440920686582103E-001	5,000000000000000E+000
-4,7286514E-002	-1,455290734302250E-001	5,000000000000000E+000
-4,8229288E-002	-1,469658667920157E-001	5,000000000000000E+000
-4,9223851E-002	-1,477772189537059E-001	5,000000000000000E+000
-5,0257269E-002	-1,492727642568443E-001	5,000000000000000E+000
-5,1239099E-002	-1,498456410158213E-001	5,000000000000000E+000
-5,2202675E-002	-1,508716913069490E-001	5,000000000000000E+000
-5,3107023E-002	-1,520808071751771E-001	5,000000000000000E+000
-5,4296046E-002	-1,532594535448069E-001	5,000000000000000E+000
-5,5260845E-002	-1,579317804943350E-001	5,000000000000000E+000
-5,6147166E-002	-1,568512864307392E-001	5,000000000000000E+000
-5,7289265E-002	-1,588282452301221E-001	5,000000000000000E+000
-5,8259845E-002	-1,598324963253819E-001	5,000000000000000E+000
-5,9240825E-002	-1,616071801658512E-001	5,000000000000000E+000
-6,0295261E-002	-1,631224489537999E-001	5,000000000000000E+000
-6,1159480E-002	-1,647131610273692E-001	5,000000000000000E+000
-6,2252339E-002	-1,662791612583927E-001	5,000000000000000E+000
-6,3281514E-002	-1,679432400010732E-001	5,000000000000000E+000
-6,4211130E-002	-1,693947746858203E-001	5,000000000000000E+000
-6,5225221E-002	-1,709485202251618E-001	5,000000000000000E+000
-6,6184975E-002	-1,721746160700490E-001	5,000000000000000E+000
-6,7200989E-002	-1,737240169249059E-001	5,000000000000000E+000
-6,8240561E-002	-1,752716286314848E-001	5,000000000000000E+000
-6,9279492E-002	-1,766814295616412E-001	5,000000000000000E+000
-7,0232026E-002	-1,784197408317900E-001	5,000000000000000E+000
-7,1304291E-002	-1,796961466962883E-001	5,000000000000000E+000
-7,2235391E-002	-1,812433700930947E-001	5,000000000000000E+000
-7,3225707E-002	-1,822773250880545E-001	5,000000000000000E+000
-7,4223675E-002	-1,838056690887435E-001	5,000000000000000E+000
-7,5273164E-002	-1,888392958660710E-001	5,000000000000000E+000
-7,6190695E-002	-1,867566682760491E-001	5,000000000000000E+000
-7,7208839E-002	-1,877229105318996E-001	5,000000000000000E+000
-7,8145243E-002	-1,885183052961819E-001	5,000000000000000E+000
-7,9299010E-002	-1,890203089375655E-001	5,000000000000000E+000
-8,0139674E-002	-1,900141127407549E-001	5,000000000000000E+000
-8,1320412E-002	-1,905560840774942E-001	5,000000000000000E+000
-8,2424954E-002	-1,919583616028020E-001	5,000000000000000E+000
-8,3258815E-002	-1,931272461596454E-001	5,000000000000000E+000
-8,4259123E-002	-1,948635984574341E-001	5,000000000000000E+000
-8,5224815E-002	-1,967195000939277E-001	5,000000000000000E+000
-8,6271182E-002	-1,983398035970615E-001	5,000000000000000E+000
-8,7226897E-002	-1,998767438474010E-001	5,000000000000000E+000
-8,8272639E-002	-2,014787503414682E-001	5,000000000000000E+000
-8,9235574E-002	-2,033157851676353E-001	5,000000000000000E+000
-9,0184703E-002	-2,051012310613363E-001	5,000000000000000E+000
-9,1175035E-002	-2,067869068511445E-001	5,000000000000000E+000
-9,2261724E-002	-2,083435753851917E-001	5,000000000000000E+000
-9,3313821E-002	-2,100702687684024E-001	5,000000000000000E+000
-9,4208628E-002	-2,113214451819653E-001	5,000000000000000E+000
-9,5213160E-002	-2,129278950419069E-001	5,000000000000000E+000
-9,6251130E-002	-2,184681206191375E-001	5,000000000000000E+000
-9,7139865E-002	-2,163256940612981E-001	5,000000000000000E+000
-9,8318897E-002	-2,181746034313825E-001	5,000000000000000E+000
-9,9221334E-002	-2,199826878624860E-001	5,000000000000000E+000
-1,0024371E-001	-2,212149838839350E-001	5,000000000000000E+000
-1,0126418E-001	-2,225192806993910E-001	5,000000000000000E+000
-1,0217383E-001	-2,240292931027295E-001	5,000000000000000E+000
-1,0321468E-001	-2,251449275192705E-001	5,000000000000000E+000
-1,0428567E-001	-2,261418742903816E-001	5,000000000000000E+000
-1,0524840E-001	-2,271074161269802E-001	5,000000000000000E+000
-1,0628182E-001	-2,277720274998697E-001	5,000000000000000E+000
-1,0712396E-001	-2,285429960530667E-001	5,000000000000000E+000
-1,0820769E-001	-2,282141646784206E-001	5,000000000000000E+000
-1,0925575E-001	-2,288421863276096E-001	5,000000000000000E+000
-1,1019682E-001	-2,297706789880367E-001	5,000000000000000E+000
-1,1115105E-001	-2,312543356739409E-001	5,000000000000000E+000
-1,1222800E-001	-2,328845363032692E-001	5,000000000000000E+000
-1,1324592E-001	-2,349092683030496E-001	5,000000000000000E+000
-1,1417998E-001	-2,365178947673281E-001	5,000000000000000E+000
-1,1534353E-001	-2,384051433117649E-001	5,000000000000000E+000
-1,1620542E-001	-2,403791848595971E-001	5,000000000000000E+000
-1,1727303E-001	-2,421144346137432E-001	5,000000000000000E+000
-1,1823966E-001	-2,457252117003204E-001	5,000000000000000E+000
-1,1917423E-001	-2,469987607457576E-001	5,000000000000000E+000
-1,2023482E-001	-2,482117869011645E-001	5,000000000000000E+000
-1,2120582E-001	-2,498463595337750E-001	5,000000000000000E+000
-1,2215964E-001	-2,514495765790343E-001	5,000000000000000E+000
-1,2323084E-001	-2,537051628654190E-001	5,000000000000000E+000
-1,2421308E-001	-2,547344573669950E-001	5,000000000000000E+000
-1,2517540E-001	-2,566587563811056E-001	5,000000000000000E+000
-1,2615384E-001	-2,584260106086723E-001	5,000000000000000E+000
-1,2731102E-001	-2,605092162783760E-001	5,000000000000000E+000
-1,2821111E-001	-2,617648003053739E-001	5,000000000000000E+000
-1,2928316E-001	-2,637310066105174E-001	5,000000000000000E+000
-1,3030320E-001	-2,643668535424188E-001	5,000000000000000E+000
-1,3115194E-001	-2,661484459984214E-001	5,000000000000000E+000
-1,3216774E-001	-2,666987277722601E-001	5,000000000000000E+000
-1,3319202E-001	-2,679206905886522E-001	5,000000000000000E+000
-1,3415177E-001	-2,680105663991226E-001	5,000000000000000E+000
-1,3515335E-001	-2,687039544754137E-001	5,000000000000000E+000
-1,3623093E-001	-2,678609977010638E-001	5,000000000000000E+000
-1,3720299E-001	-2,677837843592790E-001	5,000000000000000E+000
-1,3823958E-001	-2,684506182041426E-001	5,000000000000000E+000
-1,3918045E-001	-2,696135053152418E-001	5,000000000000000E+000
-1,4019455E-001	-2,713243240852732E-001	5,000000000000000E+000
-1,4123094E-001	-2,735465829674557E-001	5,000000000000000E+000
-1,4220980E-001	-2,789819560065439E-001	5,000000000000000E+000
-1,4318608E-001	-2,783143208103452E-001	5,000000000000000E+000
-1,4424114E-001	-2,802447161844199E-001	5,000000000000000E+000
-1,4519517E-001	-2,826399606290382E-001	5,000000000000000E+000
-1,4620799E-001	-2,843641816483178E-001	5,000000000000000E+000
-1,4724863E-001	-2,866524091869986E-001	5,000000000000000E+000
-1,4817654E-001	-2,887845696726190E-001	5,000000000000000E+000
-1,4919658E-001	-2,909034000606168E-001	5,000000000000000E+000
-1,5016058E-001	-2,928105866691701E-001	5,000000000000000E+000
-1,5123816E-001	-2,947471476315213E-001	5,000000000000000E+000
-1,5219174E-001	-2,966563294176003E-001	5,000000000000000E+000
-1,5323217E-001	-2,988105335841977E-001	5,000000000000000E+000
-1,5420508E-001	-3,007364550398453E-001	5,000000000000000E+000
-1,5521663E-001	-3,025095953554331E-001	5,000000000000000E+000
-1,5616833E-001	-3,080531122007710E-001	5,000000000000000E+000
-1,5722229E-001	-3,066533793074383E-001	5,000000000000000E+000
-1,5815997E-001	-3,081230988674273E-001	5,000000000000000E+000
-1,5926237E-001	-3,093207503358522E-001	5,000000000000000E+000
-1,6026139E-001	-3,098085048453267E-001	5,000000000000000E+000
-1,6127485E-001	-3,109973483822408E-001	5,000000000000000E+000
-1,6225541E-001	-3,115080018889986E-001	5,000000000000000E+000
-1,6319713E-001	-3,106857160520216E-001	5,000000000000000E+000
-1,6426387E-001	-3,097348129376751E-001	5,000000000000000E+000
-1,6522236E-001	-3,086664894233548E-001	5,000000000000000E+000
-1,6623496E-001	-3,088969834821489E-001	5,000000000000000E+000
-1,6712722E-001	-3,101776744652947E-001	5,000000000000000E+000
-1,6819014E-001	-3,115531253473200E-001	5,000000000000000E+000
-1,6914862E-001	-3,140213522646154E-001	5,000000000000000E+000
-1,7017184E-001	-3,161799116318829E-001	5,000000000000000E+000
-1,7121671E-001	-3,187194446670925E-001	5,000000000000000E+000
-1,7227732E-001	-3,214008527445699E-001	5,000000000000000E+000
-1,7316087E-001	-3,240513258561903E-001	5,000000000000000E+000
-1,7419323E-001	-3,268137583250379E-001	5,000000000000000E+000
-1,7513578E-001	-3,292129906411783E-001	5,000000000000000E+000
-1,7625728E-001	-3,319805309228170E-001	5,000000000000000E+000
-1,7727071E-001	-3,375830982242605E-001	5,000000000000000E+000
-1,7818971E-001	-3,373656022983291E-001	5,000000000000000E+000
-1,7916177E-001	-3,395247383094890E-001	5,000000000000000E+000
-1,8025970E-001	-3,418237926283214E-001	5,000000000000000E+000
-1,8128018E-001	-3,440818557412260E-001	5,000000000000000E+000
-1,8222889E-001	-3,459808895260923E-001	5,000000000000000E+000
-1,8323365E-001	-3,484547066036598E-001	5,000000000000000E+000
-1,8415774E-001	-3,504857441617377E-001	5,000000000000000E+000
-1,8513830E-001	-3,526230250071309E-001	5,000000000000000E+000
-1,8619104E-001	-3,538946146662849E-001	5,000000000000000E+000
-1,8721344E-001	-3,553809116128832E-001	5,000000000000000E+000
-1,8824111E-001	-3,561694823826347E-001	5,000000000000000E+000
-1,8915775E-001	-3,563981113386232E-001	5,000000000000000E+000
-1,9003579E-001	-3,572884121547544E-001	5,000000000000000E+000
-1,9115476E-001	-3,559407012330149E-001	5,000000000000000E+000
-1,9217607E-001	-3,540853798234211E-001	5,000000000000000E+000
-1,9320014E-001	-3,517176634890742E-001	5,000000000000000E+000
-1,9422719E-001	-3,515688422549919E-001	5,000000000000000E+000
-1,9515659E-001	-3,519747386583028E-001	5,000000000000000E+000
-1,9619511E-001	-3,537338658287694E-001	5,000000000000000E+000
-1,9730642E-001	-3,561332166039684E-001	5,000000000000000E+000
-1,9816343E-001	-3,592028630276508E-001	5,000000000000000E+000
-1,9910987E-001	-3,613959274121687E-001	5,000000000000000E+000
-1,9917360E-001	-3,625993430614471E-001	5,000000000000000E+000
-1,9939968E-001	-3,673678860068321E-001	5,000000000000000E+000
-1,9891919E-001	-2,988303345110670E-001	5,000000000000000E+000
-1,9790702E-001	-2,947735306694295E-001	5,000000000000000E+000
-1,9686095E-001	-2,902211820085847E-001	5,000000000000000E+000
-1,9583349E-001	-2,865615752784330E-001	5,000000000000000E+000
-1,9485082E-001	-2,830772170693514E-001	5,000000000000000E+000
-1,9390146E-001	-2,800128162683296E-001	5,000000000000000E+000
-1,9290224E-001	-2,773560307040381E-001	5,000000000000000E+000
-1,9192041E-001	-2,747434112760752E-001	5,000000000000000E+000
-1,9095936E-001	-2,720830942918022E-001	5,000000000000000E+000
-1,8983380E-001	-2,689545860048375E-001	5,000000000000000E+000
-1,8891361E-001	-2,634048088350216E-001	5,000000000000000E+000
-1,8784323E-001	-2,642352166068207E-001	5,000000000000000E+000
-1,8687499E-001	-2,612800905222277E-001	5,000000000000000E+000
-1,8579295E-001	-2,590915235276847E-001	5,000000000000000E+000
-1,8481708E-001	-2,565372981286300E-001	5,000000000000000E+000
-1,8390232E-001	-2,535964276175939E-001	5,000000000000000E+000
-1,8280734E-001	-2,496724551957517E-001	5,000000000000000E+000
-1,8190724E-001	-2,459596006665379E-001	5,000000000000000E+000
-1,8088953E-001	-2,422287341647054E-001	5,000000000000000E+000
-1,7987995E-001	-2,343363273992312E-001	5,000000000000000E+000
-1,7883441E-001	-2,314907964836390E-001	5,000000000000000E+000
-1,7787531E-001	-2,256030289637334E-001	5,000000000000000E+000
-1,7684613E-001	-2,212037434154704E-001	5,000000000000000E+000
-1,7585157E-001	-2,175515174037876E-001	5,000000000000000E+000
-1,7484064E-001	-2,152256234678338E-001	5,000000000000000E+000
-1,7374100E-001	-2,136547516953815E-001	5,000000000000000E+000
-1,7291264E-001	-2,118508498210248E-001	5,000000000000000E+000
-1,7175718E-001	-2,109662031547883E-001	5,000000000000000E+000
-1,7089327E-001	-2,083333817103661E-001	5,000000000000000E+000
-1,6982877E-001	-2,075397310028264E-001	5,000000000000000E+000
-1,6885394E-001	-2,073563835324928E-001	5,000000000000000E+000
-1,6781035E-001	-2,064289064534628E-001	5,000000000000000E+000
-1,6692340E-001	-2,053387571488403E-001	5,000000000000000E+000
-1,6584986E-001	-2,040667058641292E-001	5,000000000000000E+000
-1,6482876E-001	-2,028241264245780E-001	5,000000000000000E+000
-1,6383184E-001	-2,012817767422854E-001	5,000000000000000E+000
-1,6292562E-001	-1,999459824550680E-001	5,000000000000000E+000
-1,6186331E-001	-1,983747361486570E-001	5,000000000000000E+000
-1,6098697E-001	-1,968189123112496E-001	5,000000000000000E+000
-1,5985614E-001	-1,955553391275715E-001	5,000000000000000E+000
-1,5889403E-001	-1,937424289709373E-001	5,000000000000000E+000
-1,5787210E-001	-1,921181649280086E-001	5,000000000000000E+000
-1,5692869E-001	-1,902230112140793E-001	5,000000000000000E+000
-1,5588573E-001	-1,880417147832398E-001	5,000000000000000E+000
-1,5485676E-001	-1,856112199085243E-001	5,000000000000000E+000
-1,5392968E-001	-1,830617025908494E-001	5,000000000000000E+000
-1,5295987E-001	-1,767560692711005E-001	5,000000000000000E+000
-1,5186691E-001	-1,770994397552879E-001	5,000000000000000E+000
-1,5092437E-001	-1,723129916548104E-001	5,000000000000000E+000
-1,4992258E-001	-1,684438481590602E-001	5,000000000000000E+000
-1,4899935E-001	-1,644620047752854E-001	5,000000000000000E+000
-1,4780863E-001	-1,619285956904700E-001	5,000000000000000E+000
-1,4687605E-001	-1,598732194138894E-001	5,000000000000000E+000
-1,4587300E-001	-1,581186771315211E-001	5,000000000000000E+000
-1,4489689E-001	-1,572425196128378E-001	5,000000000000000E+000
-1,4382356E-001	-1,558242381757329E-001	5,000000000000000E+000
-1,4288208E-001	-1,547334591030238E-001	5,000000000000000E+000
-1,4188750E-001	-1,538849801290778E-001	5,000000000000000E+000
-1,4086257E-001	-1,526869932293065E-001	5,000000000000000E+000
-1,3991545E-001	-1,503822689668997E-001	5,000000000000000E+000
-1,3885564E-001	-1,493157123008528E-001	5,000000000000000E+000
-1,3795087E-001	-1,489430404811474E-001	5,000000000000000E+000
-1,3688985E-001	-1,479074006201695E-001	5,000000000000000E+000
-1,3593158E-001	-1,466763789455097E-001	5,000000000000000E+000
-1,3487440E-001	-1,456541433904521E-001	5,000000000000000E+000
-1,3386540E-001	-1,440158788916751E-001	5,000000000000000E+000
-1,3290669E-001	-1,429909498353179E-001	5,000000000000000E+000
-1,3194080E-001	-1,412288802675894E-001	5,000000000000000E+000
-1,3087001E-001	-1,399260177794428E-001	5,000000000000000E+000
-1,2991641E-001	-1,384116556081499E-001	5,000000000000000E+000
-1,2887959E-001	-1,369878038272458E-001	5,000000000000000E+000
-1,2788714E-001	-1,351542638019756E-001	5,000000000000000E+000
-1,2695903E-001	-1,327396240602763E-001	5,000000000000000E+000
-1,2602773E-001	-1,307234901469196E-001	5,000000000000000E+000
-1,2488901E-001	-1,286681631010849E-001	5,000000000000000E+000
-1,2390866E-001	-1,264828856930957E-001	5,000000000000000E+000
-1,2287717E-001	-1,230187093929596E-001	5,000000000000000E+000
-1,2188016E-001	-1,166243279068211E-001	5,000000000000000E+000
-1,2088997E-001	-1,165796860716202E-001	5,000000000000000E+000
-1,1982407E-001	-1,141975483688937E-001	5,000000000000000E+000
-1,1890869E-001	-1,125208424701767E-001	5,000000000000000E+000
-1,1787973E-001	-1,105927153387002E-001	5,000000000000000E+000
-1,1691806E-001	-1,093303046719584E-001	5,000000000000000E+000
-1,1581460E-001	-1,083753634658122E-001	5,000000000000000E+000
-1,1487076E-001	-1,070274854686836E-001	5,000000000000000E+000
-1,1389041E-001	-1,059702171995821E-001	5,000000000000000E+000
-1,1287314E-001	-1,050733802452060E-001	5,000000000000000E+000
-1,1190341E-001	-1,039935720683488E-001	5,000000000000000E+000
-1,1089759E-001	-1,029012571800393E-001	5,000000000000000E+000
-1,0988540E-001	-1,014330735585338E-001	5,000000000000000E+000
-1,0880061E-001	-1,004505089367737E-001	5,000000000000000E+000
-1,0787970E-001	-9,915973531961808E-002	5,000000000000000E+000
-1,0693183E-001	-9,751282837371189E-002	5,000000000000000E+000
-1,0593578E-001	-9,672483913729768E-002	5,000000000000000E+000
-1,0482254E-001	-9,514314832631510E-002	5,000000000000000E+000
-1,0401756E-001	-9,359697515739951E-002	5,000000000000000E+000
-1,0291518E-001	-9,206008025082846E-002	5,000000000000000E+000
-1,0193270E-001	-8,903078604230819E-002	5,000000000000000E+000
-1,0094216E-001	-8,884457337100848E-002	5,000000000000000E+000
-9,9925101E-002	-8,774833532515924E-002	5,000000000000000E+000
-9,8933071E-002	-8,584777456578907E-002	5,000000000000000E+000
-9,7914517E-002	-8,383645943184903E-002	5,000000000000000E+000
-9,6894696E-002	-8,222777711408646E-002	5,000000000000000E+000
-9,5867857E-002	-8,030824242935808E-002	5,000000000000000E+000
-9,4932087E-002	-7,751254813693848E-002	5,000000000000000E+000
-9,3852617E-002	-7,523348435319765E-002	5,000000000000000E+000
-9,2939548E-002	-7,289996498729989E-002	5,000000000000000E+000
-9,1901056E-002	-7,030881984650827E-002	5,000000000000000E+000
-9,0870179E-002	-6,885103221025501E-002	5,000000000000000E+000
-8,9880913E-002	-6,742813409073287E-002	5,000000000000000E+000
-8,8883802E-002	-6,598879990633544E-002	5,000000000000000E+000
-8,7962896E-002	-6,461536996195916E-002	5,000000000000000E+000
-8,6952224E-002	-6,294178675549733E-002	5,000000000000000E+000
-8,5984826E-002	-6,022551728205566E-002	5,000000000000000E+000
-8,4913626E-002	-6,069972451465833E-002	5,000000000000000E+000
-8,3905056E-002	-5,943498659891899E-002	5,000000000000000E+000
-8,3012372E-002	-5,853184303204111E-002	5,000000000000000E+000
-8,1892349E-002	-5,715056283386533E-002	5,000000000000000E+000
-8,0925584E-002	-5,580146813170128E-002	5,000000000000000E+000
-7,9894938E-002	-5,463126211543573E-002	5,000000000000000E+000
-7,8920953E-002	-5,311462325496685E-002	5,000000000000000E+000
-7,7964813E-002	-5,205395944196634E-002	5,000000000000000E+000
-7,6896161E-002	-5,075411836797775E-002	5,000000000000000E+000
-7,5897343E-002	-4,881978755131225E-002	5,000000000000000E+000
-7,4879639E-002	-4,787491886721296E-002	5,000000000000000E+000
-7,3891446E-002	-4,674346800958212E-002	5,000000000000000E+000
-7,2905786E-002	-4,501734936558122E-002	5,000000000000000E+000
-7,1930960E-002	-4,368702220704601E-002	5,000000000000000E+000
-7,0847452E-002	-4,220049873886936E-002	5,000000000000000E+000
-6,8924248E-002	-4,300327366096690E-002	5,000000000000000E+000
-6,7414008E-002	-4,364221854484623E-002	5,000000000000000E+000
-6,6386536E-002	-2,612396176037779E-002	5,000000000000000E+000
-6,5345638E-002	-3,264569139119576E-002	5,000000000000000E+000
-6,4445391E-002	-2,959907208019605E-002	5,000000000000000E+000
-6,3445725E-002	-2,665311782523827E-002	5,000000000000000E+000
-6,2287278E-002	-2,587700403334256E-002	5,000000000000000E+000
-6,1459132E-002	-2,453028390462139E-002	5,000000000000000E+000
-6,0400665E-002	-2,278075617181863E-002	5,000000000000000E+000
-5,9362788E-002	-2,167076574470325E-002	5,000000000000000E+000
-5,8359094E-002	-2,065067786477603E-002	5,000000000000000E+000
-5,7313576E-002	-1,892738442175970E-002	5,000000000000000E+000
-5,6283560E-002	-1,792277605272820E-002	5,000000000000000E+000
-5,5453718E-002	-1,656686087598142E-002	5,000000000000000E+000
-5,4427311E-002	-1,524998186990462E-002	5,000000000000000E+000
-5,3456943E-002	-1,408532790810565E-002	5,000000000000000E+000
-5,2402299E-002	-1,272102464524021E-002	5,000000000000000E+000
-5,1406030E-002	-1,107083696600358E-002	5,000000000000000E+000
-5,0368581E-002	-1,018291272824473E-002	5,000000000000000E+000
-4,9414985E-002	-8,742493945141538E-003	5,000000000000000E+000
-4,8414893E-002	-7,543985098487194E-003	5,000000000000000E+000
-4,7488667E-002	-3,277106186513050E-003	5,000000000000000E+000
-4,6429399E-002	-2,916799950980938E-003	5,000000000000000E+000
-4,5375824E-002	-3,904999774628472E-003	5,000000000000000E+000
-4,4500981E-002	-8,667830362456795E-004	5,000000000000000E+000
-4,3409612E-002	-2,312900559976096E-004	5,000000000000000E+000
-4,2406339E-002	1,106143145433534E-003	5,000000000000000E+000
-4,1424930E-002	2,834942593431658E-003	5,000000000000000E+000
-4,0529918E-002	4,871956016965363E-003	5,000000000000000E+000
-3,9371047E-002	5,728555010541141E-003	5,000000000000000E+000
-3,8474344E-002	7,840622458590796E-003	5,000000000000000E+000
-3,7420765E-002	9,915240936809192E-003	5,000000000000000E+000
-3,6407087E-002	1,136063876442180E-002	5,000000000000000E+000
-3,5469197E-002	1,348596458733996E-002	5,000000000000000E+000
-3,4422625E-002	1,457956866053994E-002	5,000000000000000E+000
-3,3349507E-002	1,656654644789847E-002	5,000000000000000E+000
-3,2503113E-002	1,729917135607049E-002	5,000000000000000E+000
-3,1454202E-002	1,915919929160742E-002	5,000000000000000E+000
-3,0415477E-002	2,027564850221907E-002	5,000000000000000E+000
-2,9409021E-002	2,175971786911957E-002	5,000000000000000E+000
-2,8491298E-002	2,305784874867339E-002	5,000000000000000E+000
-2,7423192E-002	2,624556549482004E-002	5,000000000000000E+000
-2,6413251E-002	2,799573627999052E-002	5,000000000000000E+000
-2,5402335E-002	2,611687113110550E-002	5,000000000000000E+000
-2,4480157E-002	2,964460366638383E-002	5,000000000000000E+000
-2,3437187E-002	2,969067625882515E-002	5,000000000000000E+000
-2,2362800E-002	3,176533011072835E-002	5,000000000000000E+000
-2,1486474E-002	3,285782772905410E-002	5,000000000000000E+000
-2,0546464E-002	3,424185498928031E-002	5,000000000000000E+000
-1,9409666E-002	3,549578039868134E-002	5,000000000000000E+000
-1,8397478E-002	3,699974005899598E-002	5,000000000000000E+000
-1,7437300E-002	3,846053556966000E-002	5,000000000000000E+000
-1,6395815E-002	3,949364147330114E-002	5,000000000000000E+000
-1,5426934E-002	4,113752278822680E-002	5,000000000000000E+000
-1,4494350E-002	4,268154073441938E-002	5,000000000000000E+000
-1,3474521E-002	4,396019769289228E-002	5,000000000000000E+000
-1,2391433E-002	4,550796072645541E-002	5,000000000000000E+000
-1,1484959E-002	4,716937212894368E-002	5,000000000000000E+000
-1,0387436E-002	4,843906387880775E-002	5,000000000000000E+000
-9,4308639E-003	4,997769476419012E-002	5,000000000000000E+000
-8,5657891E-003	5,192351597684641E-002	5,000000000000000E+000
-7,5291879E-003	5,315525129359844E-002	5,000000000000000E+000
-6,4434735E-003	5,810419655689580E-002	5,000000000000000E+000
-5,4384032E-003	5,673896973086001E-002	5,000000000000000E+000
-4,4260034E-003	5,701646502065083E-002	5,000000000000000E+000
-3,3813366E-003	5,994082673957291E-002	5,000000000000000E+000
-2,4423858E-003	6,040865737142864E-002	5,000000000000000E+000
-1,4743526E-003	6,218390920225331E-002	5,000000000000000E+000
-5,5599323E-004	6,333599017751923E-002	5,000000000000000E+000
5,1860505E-004	6,514940840942396E-002	5,000000000000000E+000
1,5445907E-003	6,655704340017932E-002	5,000000000000000E+000
2,5032829E-003	6,758651567441953E-002	5,000000000000000E+000
3,4925442E-003	6,913497288607896E-002	5,000000000000000E+000
4,5006974E-003	7,051452033920236E-002	5,000000000000000E+000
5,4145991E-003	7,182509971446294E-002	5,000000000000000E+000
6,2415479E-003	7,272334024310112E-002	5,000000000000000E+000