Ewe/V	<I>/mA	
2,1209261E-004	0,000000000000000E+000
2,7178208E-005	0,000000000000000E+000
6,5388820E-005	0,000000000000000E+000
1,9536094E-005	1,192915917293541E-005
1,9148385E-004	2,316719862521651E-002
1,4563109E-004	2,574195045554117E-002
2,1823125E-004	2,621023182436129E-002
1,9148388E-004	2,632314235234189E-002
1,6473644E-004	2,531650032839744E-002
1,4181006E-004	2,531116749436168E-002
1,6473640E-004	2,487672305105358E-002
1,7237852E-004	2,519670915665174E-002
1,9148388E-004	2,504841984905153E-002
1,6473641E-004	2,453951304446374E-002
1,7619958E-004	2,406106411764060E-002
2,0294702E-004	2,366805653273690E-002
1,6855745E-004	2,268791417573548E-002
1,4945217E-004	2,195077025351547E-002
2,0294702E-004	2,241562590862052E-002
1,1888368E-004	2,287343846190909E-002
1,7619958E-004	2,299187086527655E-002
1,7237852E-004	2,222338891141994E-002
1,8384172E-004	2,271605399304346E-002
1,6855750E-004	2,283999086314324E-002
1,6473640E-004	2,338536107198141E-002
1,6091534E-004	2,416974493936108E-002
1,4945217E-004	2,402443456134087E-002
1,4181003E-004	2,325860184811947E-002
1,8766279E-004	2,418154061578614E-002
1,5327323E-004	2,491119676913713E-002
2,1058918E-004	2,358156168241972E-002
1,5709430E-004	2,366028831394885E-002
1,8384172E-004	2,434260281426190E-002
1,8002064E-004	2,395053059650412E-002
1,9148388E-004	2,435549118988467E-002
1,9530491E-004	2,405342619460931E-002
1,9148384E-004	2,382394936366438E-002
1,3798897E-004	2,382621803757377E-002
1,9530491E-004	2,363188669776072E-002
1,6855745E-004	2,308388088061500E-002
1,8384172E-004	2,217275137774263E-002
2,2205233E-004	2,282906723622088E-002
2,1823129E-004	2,215229302875786E-002
1,5327323E-004	2,165513612199162E-002
1,6091536E-004	2,214014815664992E-002
1,4181003E-004	2,286416404898320E-002
1,9148384E-004	2,258931201392327E-002
1,5327324E-004	2,230429665092756E-002
1,8766279E-004	2,248480294672799E-002
1,4945217E-004	2,288794907223025E-002
1,2270473E-004	2,304119637589199E-002
1,8002067E-004	2,283630982435765E-002
2,0294706E-004	2,283921496077786E-002
1,9148384E-004	2,253490915602018E-002
1,9148384E-004	2,305611105318834E-002
1,4945217E-004	2,304369408549760E-002
1,7237855E-004	2,365202426161725E-002
1,5709428E-004	2,269212391741934E-002
2,0294702E-004	2,307735390958677E-002
2,4115764E-004	2,430383808132411E-002
1,7619961E-004	2,368284471928809E-002
1,9530491E-004	2,265701375135360E-002
2,0294702E-004	2,261511798709172E-002
1,8766279E-004	2,291947176986436E-002
1,9912599E-004	2,306656974934107E-002
1,4945214E-004	2,255349076107465E-002
1,9912599E-004	2,269186253614423E-002
1,9148384E-004	2,209243720328189E-002
1,4563111E-004	2,254365657558356E-002
1,6855750E-004	2,336318906557421E-002
1,7619961E-004	2,296362540618362E-002
1,9148385E-004	2,270244384762253E-002
1,9148388E-004	2,257494854698468E-002
1,8002067E-004	2,244680905795628E-002
2,2587336E-004	2,279340578715422E-002
1,9530491E-004	2,277879524442816E-002
1,9530491E-004	2,249632243124092E-002
2,1441022E-004	2,221145403095120E-002
2,0294702E-004	2,174705964242014E-002
1,8384169E-004	2,124081129893382E-002
1,4181003E-004	2,099395755665479E-002
1,9912595E-004	2,053345749803822E-002
1,5327323E-004	2,062820608237767E-002
1,9530491E-004	2,091252188799173E-002
2,0676809E-004	2,119863044378613E-002
1,8766275E-004	2,094153515215883E-002
1,9912596E-004	2,176256360477725E-002
1,8002067E-004	2,248406343113652E-002
1,8384177E-004	2,188352565839014E-002
1,6855750E-004	2,152762365074529E-002
1,5709430E-004	2,153271384506939E-002
2,3351551E-004	2,139785092996126E-002
1,6855745E-004	2,083712021969900E-002
1,7619961E-004	2,012831037638748E-002
1,8384172E-004	1,932760142261273E-002
1,9530491E-004	1,940041496291408E-002
1,9148388E-004	1,970454360329150E-002
2,1441022E-004	2,093931894151403E-002
2,1823125E-004	2,161865904927824E-002
1,6091534E-004	2,075309553605292E-002
1,7619958E-004	2,130276962950605E-002
2,1441022E-004	2,014601930497286E-002
1,8384169E-004	2,028896131994024E-002
1,8766279E-004	1,965328868766824E-002
1,6855750E-004	1,981033485509021E-002
1,9530491E-004	2,015408610615841E-002
2,2205237E-004	1,980264977472543E-002
1,8384172E-004	1,907867727569222E-002
1,5327324E-004	1,887221075064383E-002
1,6091534E-004	1,955269675512509E-002
2,1058915E-004	2,017439988444615E-002
1,7237852E-004	1,961734330106567E-002
1,6855750E-004	1,982404152762808E-002
1,9912598E-004	1,954356720197877E-002
2,0676811E-004	2,006935234477853E-002
1,3798897E-004	2,081920314125799E-002
1,8766279E-004	2,077192647814612E-002
2,0294703E-004	2,161624110819822E-002
1,6855745E-004	2,126910447936920E-002
1,9148384E-004	2,153789682743647E-002
1,8384169E-004	2,124777750293349E-002
2,0294702E-004	2,139156057298750E-002
2,1823125E-004	2,160596815353435E-002
1,8002064E-004	2,100785254411213E-002
2,0294702E-004	2,007801535894737E-002
1,5709430E-004	2,018998474446436E-002
2,1823129E-004	2,034187120438857E-002
2,0676811E-004	2,135091491559853E-002
1,6855745E-004	2,106212141598579E-002
1,5709428E-004	2,121244395578983E-002
2,2587342E-004	2,115025399895444E-002
1,3416792E-004	2,068051897823725E-002
2,1823125E-004	1,949352196972983E-002
1,9530491E-004	1,952905508179741E-002
2,3733660E-004	1,937940701401459E-002
1,4563111E-004	1,916860751691133E-002
1,4563111E-004	1,937836021188462E-002
2,4115763E-004	1,838991275283171E-002
1,4945219E-004	1,895451279444728E-002
1,6855750E-004	1,904824875954888E-002
1,6855750E-004	2,058021770477146E-002
1,9148388E-004	2,067515271493561E-002
2,1441022E-004	2,015724361461143E-002
1,7619961E-004	1,941408375558166E-002
1,7619958E-004	1,962585096503720E-002
2,0676811E-004	1,915882251642929E-002
1,5709428E-004	1,897205693257697E-002
1,5327323E-004	1,879600691259064E-002
2,0294702E-004	1,945469346689858E-002
1,0359943E-004	1,937949926226299E-002
1,9530491E-004	1,974481104237772E-002
1,8384172E-004	2,019468981305227E-002
1,7619961E-004	1,951502989804855E-002
1,5327323E-004	1,986029151371718E-002
2,0676811E-004	2,092472549936099E-002
2,2205233E-004	2,131966859949381E-002
2,1441022E-004	2,009602544671361E-002
1,8766279E-004	1,968756578455234E-002
2,0676811E-004	1,963102961302891E-002
1,6473644E-004	1,924941681897308E-002
2,1058913E-004	1,905552785329632E-002
2,0294702E-004	1,859636439944281E-002
1,3416792E-004	1,870857434111655E-002
2,1058913E-004	1,933715389195858E-002
1,7619958E-004	1,912775719095060E-002
1,4945219E-004	1,855515516447703E-002
1,7619961E-004	1,899264172648583E-002
1,9912595E-004	1,915069383220987E-002
1,6473641E-004	1,928686458203588E-002
1,3416792E-004	1,974743974287929E-002
1,8002068E-004	1,999428242328103E-002
1,8766278E-004	2,057515026154085E-002
1,6091534E-004	2,065610425946939E-002
1,8766279E-004	2,040190818626597E-002
2,2969444E-004	1,945459760660861E-002
2,1441022E-004	1,915658542627690E-002
1,8384169E-004	1,932890473408302E-002
1,6091534E-004	1,950258284304995E-002
1,7619961E-004	1,870378194129102E-002
1,6473640E-004	1,881650008596253E-002
1,1506262E-004	1,915915545382732E-002
1,9912596E-004	1,916968891842087E-002
1,7237855E-004	1,874942320527332E-002
1,6855750E-004	1,955661959096166E-002
1,5327323E-004	2,009875646492352E-002
1,8384172E-004	2,014641158848201E-002
1,9912595E-004	1,912334762804285E-002
1,5709428E-004	1,881114292615303E-002
1,2270473E-004	1,896765369744749E-002
1,7237855E-004	1,850506172026489E-002
1,4181003E-004	1,853441709573014E-002
1,4563113E-004	1,793593180711581E-002
1,5327323E-004	1,847999442971297E-002
1,6473644E-004	1,796065730376432E-002
2,2205233E-004	1,804825362149522E-002
2,0676811E-004	1,735410073244011E-002
1,3416792E-004	1,652004958456973E-002
1,7237852E-004	1,570835018613282E-002
1,8384172E-004	1,692456429775693E-002
1,3416792E-004	1,674946076546714E-002
1,8766279E-004	1,661451028573196E-002
1,3416792E-004	1,657539272439436E-002
1,6473641E-004	1,672248659506203E-002
1,9912599E-004	1,719280776470426E-002
1,8384169E-004	1,723927918599494E-002
1,9148384E-004	1,681042242402463E-002
1,3416792E-004	1,570436075905411E-002
1,5327323E-004	1,572349373148733E-002
1,5327323E-004	1,590668737000683E-002
1,6855750E-004	1,641452546105162E-002
1,5709428E-004	1,753181462134278E-002
1,9530491E-004	1,756073683196212E-002
1,3416792E-004	1,841461586011243E-002
1,7619958E-004	1,849571458706284E-002
1,8766275E-004	1,845319014987236E-002
1,4181003E-004	1,910194544022928E-002
2,0676811E-004	1,932627498491221E-002
1,9148384E-004	1,925932499916217E-002
2,2969444E-004	1,885221478023224E-002
1,6473641E-004	1,729175556920364E-002
1,8002068E-004	1,781054446726201E-002
1,9530491E-004	1,817427914941434E-002
1,3034686E-004	1,806283613848913E-002
1,6473640E-004	1,840971398294297E-002
1,6473640E-004	1,922012764527086E-002
1,4563109E-004	1,909379354074518E-002
1,8002064E-004	1,952810903685163E-002
1,9530491E-004	1,953404549794363E-002
1,3416792E-004	1,912405643941837E-002
2,1058918E-004	1,821994414349644E-002
2,2587339E-004	1,775668199514039E-002
1,2652579E-004	1,711871102670677E-002
1,9148384E-004	1,775250182816443E-002
1,3798897E-004	1,716109054022895E-002
1,8766279E-004	1,815227849109150E-002
1,9148388E-004	1,921596376340186E-002
1,9912599E-004	1,861646604740214E-002
2,2205233E-004	1,814641075490172E-002
1,5709430E-004	1,765868203546084E-002
1,9148384E-004	1,755046082218760E-002
1,8002064E-004	1,714590917218736E-002
1,5327324E-004	1,621651019851942E-002
1,2270475E-004	1,681559511658086E-002
1,2270475E-004	1,724056436463673E-002
5,5830571E-004	1,094868136288876E-001
5,0205354E-002	9,745725387150795E+000
5,0251205E-002	1,023558128503127E+001
5,0239742E-002	9,910348201291818E+000
5,0186247E-002	9,673437509576969E+000
5,0174788E-002	9,492954814587906E+000
5,0201531E-002	9,350381531986873E+000
5,0255027E-002	9,238756166198534E+000
5,0201531E-002	9,151202524193348E+000
5,0209176E-002	9,082252162153358E+000
5,0190069E-002	9,024362648056668E+000
5,0212994E-002	8,976545828420674E+000
5,0170965E-002	8,937743000940493E+000
5,0209176E-002	8,912971708009724E+000
5,0239742E-002	8,887479180929878E+000
5,0212994E-002	8,864488023580273E+000
5,0232101E-002	8,842734593808629E+000
5,0232101E-002	8,824833769763275E+000
5,0193891E-002	8,810863527291522E+000
5,0228279E-002	8,799594642729502E+000
5,0243564E-002	8,785509745904573E+000
5,0174784E-002	8,776413105850859E+000
5,0209176E-002	8,770944066749381E+000
5,0182428E-002	8,764369400560037E+000
5,0197713E-002	8,757228098270868E+000
5,0174784E-002	8,751494826336481E+000
5,0239742E-002	8,748755067394283E+000
5,0228279E-002	8,745053923082340E+000
5,0144214E-002	8,740183174057927E+000
5,0232101E-002	8,734529108973687E+000
5,0159503E-002	8,732929075363931E+000
5,0235923E-002	8,731723120209566E+000
5,0209176E-002	8,728996737694402E+000
5,0235923E-002	8,723010282388751E+000
5,0197709E-002	8,720576507760621E+000
5,0228279E-002	8,719120304453874E+000
5,0163321E-002	8,718120563637298E+000
5,0228279E-002	8,715694697449001E+000
5,0251205E-002	8,709487448604449E+000
5,0239742E-002	8,707461502126877E+000
5,0190069E-002	8,707047485202052E+000
5,0243564E-002	8,706978832856567E+000
5,0190069E-002	8,702834534770611E+000
5,0224461E-002	8,700362110391746E+000
5,0170962E-002	8,700350157037562E+000
5,0255027E-002	8,700286009086723E+000
5,0235923E-002	8,699450720064156E+000
5,0159503E-002	8,695777663750359E+000
5,0232101E-002	8,694805397910063E+000
5,0212994E-002	8,695628650036571E+000
5,0232101E-002	8,693794722072763E+000
5,0216816E-002	8,691565822823646E+000
5,0235923E-002	8,691937404482815E+000
5,0239742E-002	8,690313607406576E+000
5,0266489E-002	8,690444824031289E+000
5,0228279E-002	8,688758987196710E+000
5,0186250E-002	8,684038705095043E+000
5,0293237E-002	8,685220735611965E+000
5,0235923E-002	8,685222444405648E+000
5,0235923E-002	8,684680124521952E+000
5,0258849E-002	8,682923795704085E+000
5,0239742E-002	8,683037483603686E+000
5,0197713E-002	8,682622882267223E+000
5,0251208E-002	8,682851648523613E+000
5,0224461E-002	8,681133745533742E+000
5,0201531E-002	8,678727410405205E+000
5,0247386E-002	8,679197716050631E+000
5,0224457E-002	8,678675535289454E+000
5,0205354E-002	8,679529884828858E+000
5,0209176E-002	8,676926379247035E+000
5,0209176E-002	8,676684655798852E+000
5,0220639E-002	8,677382065255557E+000
5,0182428E-002	8,678389645275212E+000
5,0186247E-002	8,677890171309347E+000
5,0216816E-002	8,676134236168249E+000
5,0170962E-002	8,677049854515657E+000
5,0209176E-002	8,675582012376527E+000
5,0209176E-002	8,676247496440274E+000
5,0232101E-002	8,673569160992059E+000
5,0205354E-002	8,673858845676502E+000
5,0163321E-002	8,674128967448462E+000
5,0205354E-002	8,674619815239183E+000
5,0205354E-002	8,671692024904905E+000
5,0201531E-002	8,671501230336792E+000
5,0212998E-002	8,672982239476074E+000
5,0266489E-002	8,673469801286487E+000
5,0193891E-002	8,676347982244510E+000
5,0232101E-002	8,675061598583167E+000
5,0205354E-002	8,675753653921390E+000
5,0182428E-002	8,677165098430311E+000
5,0201535E-002	8,676738042679169E+000
5,0209176E-002	8,673834264148171E+000
5,0232101E-002	8,673392319442486E+000
5,0224461E-002	8,673809838259492E+000
5,0235920E-002	8,674958513253415E+000
5,0232101E-002	8,675599279222666E+000
5,0239742E-002	8,674733136546367E+000
5,0239742E-002	8,675087274357436E+000
5,0197709E-002	8,674922109787225E+000
5,0186250E-002	8,673637473829478E+000
5,0216816E-002	8,671792600545263E+000
5,0174784E-002	8,671866122351929E+000
5,0247386E-002	8,673618787343717E+000
5,0243564E-002	8,673794909822835E+000
5,0216816E-002	8,672368646168335E+000
5,0190069E-002	8,669980433331821E+000
5,0197713E-002	8,673331948614241E+000
5,0243564E-002	8,672649238330880E+000
5,0201531E-002	8,672124380605830E+000
5,0190069E-002	8,670613772657513E+000
5,0174784E-002	8,670841084369798E+000
5,0190069E-002	8,673792637026146E+000
5,0274134E-002	8,673620671041274E+000
5,0201531E-002	8,671332413003121E+000
5,0247386E-002	8,670663559989396E+000
5,0228279E-002	8,672070058743190E+000
5,0212998E-002	8,673789497339484E+000
5,0178602E-002	8,674634794983518E+000
5,0205354E-002	8,672703330358004E+000
5,0197713E-002	8,671692661196426E+000
5,0197713E-002	8,674505006962967E+000
5,0197713E-002	8,674594698127342E+000
5,0262667E-002	8,674226005910691E+000
5,0174784E-002	8,673179081102443E+000
5,0197713E-002	8,673449518922082E+000
5,0201531E-002	8,674881015578421E+000
5,0197709E-002	8,675748545850887E+000
5,0232101E-002	8,674620895370740E+000
5,0182428E-002	8,673984139220622E+000
5,0201531E-002	8,676091530822015E+000
5,0159503E-002	8,677099191713253E+000
5,0193891E-002	8,674776122654325E+000
5,0174788E-002	8,673408056213514E+000
5,0190069E-002	8,675349393275802E+000
5,0262671E-002	8,676283979824374E+000
5,0212994E-002	8,674556463606418E+000
5,0197713E-002	8,673024160520528E+000
5,0178606E-002	8,674433710460006E+000
5,0209176E-002	8,676145858215966E+000
5,0216816E-002	8,675960039157621E+000
5,0232101E-002	8,675055331226137E+000
5,0201531E-002	8,675620110140551E+000
5,0178606E-002	8,674443842868403E+000
5,0220639E-002	8,674520030767058E+000
5,0247386E-002	8,675614610109893E+000
5,0212994E-002	8,675031048197875E+000
5,0182428E-002	8,675886356752196E+000
5,0216816E-002	8,679269060618777E+000
5,0270312E-002	8,679364186201015E+000
5,0235923E-002	8,680180635768455E+000
5,0224461E-002	8,680082992485957E+000
5,0235923E-002	8,681815722632271E+000
5,0205354E-002	8,682676438901572E+000
5,0243564E-002	8,680770371768155E+000
5,0274134E-002	8,679730931396131E+000
5,0216816E-002	8,680744111391515E+000
5,0201531E-002	8,679871083377211E+000
5,0235923E-002	8,678463111005827E+000
5,0220639E-002	8,676586384617170E+000
5,0205354E-002	8,676296191815039E+000
5,0220639E-002	8,678013715242523E+000
5,0220639E-002	8,677457183322336E+000
5,0155681E-002	8,674759170902188E+000
5,0205354E-002	8,674088884134461E+000
5,0163325E-002	8,676386916571664E+000
5,0251208E-002	8,676934036298315E+000
5,0224457E-002	8,674132935305924E+000
5,0209176E-002	8,672671099217053E+000
5,0224457E-002	8,672600867205391E+000
5,0209176E-002	8,673882873120041E+000
5,0212998E-002	8,673549361949812E+000
5,0167143E-002	8,669299883502312E+000
5,0190069E-002	8,668823751288134E+000
5,0209176E-002	8,668987951693589E+000
5,0209176E-002	8,670264650792003E+000
5,0190069E-002	8,669166565933025E+000
5,0201531E-002	8,667770709231199E+000
5,0232101E-002	8,667288356390035E+000
5,0182428E-002	8,667963720710683E+000
5,0224461E-002	8,669101128805213E+000
5,0235923E-002	8,668417558116863E+000
5,0235923E-002	8,669956998310781E+000
5,0228279E-002	8,670468987535752E+000
5,0197709E-002	8,670100576843765E+000
5,0163321E-002	8,667246223439141E+000
5,0178606E-002	8,667424211686740E+000
5,0170965E-002	8,667749618150953E+000
5,0201531E-002	8,668659659220085E+000
5,0239742E-002	8,667898211103621E+000
5,0163321E-002	8,665599957223236E+000
5,0144218E-002	8,664922163894040E+000
5,0209176E-002	8,664682082100866E+000
5,0243564E-002	8,667095682320529E+000
5,0205354E-002	8,665998958164101E+000
5,0228279E-002	8,666316575588507E+000
5,0239742E-002	8,666088355406044E+000
5,0251205E-002	8,667210515201543E+000
5,0186250E-002	8,667011287100502E+000
5,0209176E-002	8,659901375383720E+000
5,0247386E-002	8,662508279288687E+000
5,0220639E-002	8,664678036805048E+000
5,0193891E-002	8,667862013631089E+000
5,0186247E-002	8,665107557995098E+000
5,0258849E-002	8,664860182691301E+000
5,0251205E-002	8,664778728221473E+000
5,0201531E-002	8,666318192257249E+000
5,0258849E-002	8,666668399213423E+000
5,0239742E-002	8,664534546200837E+000
5,0262667E-002	8,665933879808575E+000
5,0266489E-002	8,666604280826489E+000
5,0212998E-002	8,667232178486392E+000
5,0232101E-002	8,665559009308078E+000
5,0277952E-002	8,665359886874153E+000
5,0190069E-002	8,664490670314720E+000
5,0209176E-002	8,664929153754752E+000
5,0235923E-002	8,664585403173863E+000
5,0220639E-002	8,663541463557037E+000
5,0216816E-002	8,664718388673744E+000
5,0255027E-002	8,665957969050213E+000
5,0182428E-002	8,666554974527939E+000
5,0251205E-002	8,664031000236273E+000
5,0174784E-002	8,664604934996561E+000
5,0228279E-002	8,665276928459887E+000
5,0212994E-002	8,667126896844634E+000
5,0239742E-002	8,664479108729955E+000
5,0212994E-002	8,662454991209033E+000
5,0266489E-002	8,665736914395273E+000
5,0232101E-002	8,666212672578375E+000
5,0205354E-002	8,666627562115224E+000
5,0212994E-002	8,664512795940890E+000
5,0151858E-002	8,666383203855570E+000
5,0232101E-002	8,665461377469674E+000
5,0201531E-002	8,665447107831252E+000
5,0212998E-002	8,664113866334864E+000
5,0201531E-002	8,662499361670665E+000
5,0182428E-002	8,663376872908042E+000
5,0201531E-002	8,663573553935654E+000
5,0251205E-002	8,663237078936310E+000
5,0289415E-002	8,661919926307515E+000
5,0212998E-002	8,662075536968185E+000
5,0232101E-002	8,663004402858359E+000
9,1125093E-002	1,832814644384288E+001
1,0026508E-001	1,945830198653791E+001
1,0022686E-001	1,889988514084237E+001
1,0020775E-001	1,854628071029397E+001
1,0026126E-001	1,829014495019184E+001
1,0023069E-001	1,809392375153981E+001
1,0023451E-001	1,794299724664371E+001
1,0025361E-001	1,782407478117610E+001
1,0024215E-001	1,773409384971903E+001
1,0021158E-001	1,766514775499025E+001
1,0028418E-001	1,761010305145127E+001
1,0025743E-001	1,756109874418303E+001
1,0028035E-001	1,752153188985097E+001
1,0025743E-001	1,749480352842747E+001
1,0025361E-001	1,747446597946704E+001
1,0026889E-001	1,745051951928264E+001
1,0022686E-001	1,743110439008429E+001
1,0028035E-001	1,741903526097995E+001
1,0024597E-001	1,741015421560484E+001
1,0023451E-001	1,740000024081525E+001
1,0025361E-001	1,738842508526466E+001
1,0025743E-001	1,738180714533917E+001
1,0021540E-001	1,738035896186143E+001
1,0028036E-001	1,737665908803444E+001
1,0021540E-001	1,737156547332752E+001
1,0025743E-001	1,736484427374061E+001
1,0022304E-001	1,736361176714820E+001
1,0024979E-001	1,736288593781467E+001
1,0022686E-001	1,736053116404303E+001
1,0026889E-001	1,735462642298810E+001
1,0026507E-001	1,735441922312325E+001
1,0023832E-001	1,735225145497157E+001
1,0025361E-001	1,734984915045226E+001
1,0023069E-001	1,734904864345877E+001
1,0027654E-001	1,734583177059003E+001
1,0024979E-001	1,734631478680706E+001
1,0028417E-001	1,734591347797430E+001
1,0027654E-001	1,734455283569749E+001
1,0026889E-001	1,734162416855503E+001
1,0024979E-001	1,734271115169100E+001
1,0030710E-001	1,734521329332526E+001
1,0026125E-001	1,734680094366444E+001
1,0023832E-001	1,734378416502377E+001
1,0024979E-001	1,734196701676925E+001
1,0026889E-001	1,734326108876239E+001
1,0025361E-001	1,734130876632538E+001
1,0021922E-001	1,733901755761882E+001
1,0022686E-001	1,733778782354844E+001
1,0026889E-001	1,733679356922035E+001
1,0026507E-001	1,734061673368461E+001
1,0029182E-001	1,733971026546102E+001
1,0022304E-001	1,733489856985912E+001
1,0028036E-001	1,733193051062582E+001
1,0027272E-001	1,733103738163597E+001
1,0021922E-001	1,733398912426425E+001
1,0021540E-001	1,733006854845109E+001
1,0026507E-001	1,732588861174577E+001
1,0024215E-001	1,732632514892720E+001
1,0020394E-001	1,732781389980405E+001
1,0024979E-001	1,732627657180806E+001
1,0020393E-001	1,732438794070261E+001
1,0025743E-001	1,732358753823183E+001
1,0028036E-001	1,732561604437133E+001
1,0021158E-001	1,732523981717371E+001
1,0019247E-001	1,732326046989471E+001
1,0024215E-001	1,732207739529512E+001
1,0021540E-001	1,732394980516298E+001
1,0025743E-001	1,732744392184365E+001
1,0025743E-001	1,731275588016706E+001
1,0022304E-001	1,731555355327240E+001
1,0029182E-001	1,731796258996961E+001
1,0026125E-001	1,732244860654717E+001
1,0023451E-001	1,728709586860880E+001
1,0021540E-001	1,719554278592793E+001
1,0024597E-001	1,720804840452998E+001
1,0022304E-001	1,721901048709756E+001
1,0021922E-001	1,722489716517901E+001
1,0024597E-001	1,722742335886160E+001
1,0023069E-001	1,723022137185648E+001
1,0021923E-001	1,723215393759438E+001
1,0024597E-001	1,723347866106230E+001
1,0025743E-001	1,723371955309719E+001
1,0020776E-001	1,722880239599055E+001
1,0029182E-001	1,723126654857966E+001
1,0024597E-001	1,723353613634451E+001
1,0023069E-001	1,723589293533898E+001
1,0018865E-001	1,723310321587764E+001
1,0021158E-001	1,723142493939176E+001
1,0023832E-001	1,723402697269114E+001
1,0024979E-001	1,723688117388934E+001
1,0025361E-001	1,723798315412653E+001
1,0023832E-001	1,723443947613479E+001
1,0022686E-001	1,723415156909931E+001
1,0023451E-001	1,723681595591589E+001
1,0020393E-001	1,723990336405968E+001
1,0020776E-001	1,723300340126941E+001
1,0020776E-001	1,723028597909688E+001
1,0020012E-001	1,723263825080852E+001
1,0029182E-001	1,723437957775681E+001
1,0024215E-001	1,723366863489827E+001
1,0022304E-001	1,722838726078719E+001
1,0024979E-001	1,723292563637487E+001
1,0024597E-001	1,723278025596958E+001
1,0026126E-001	1,723574869819850E+001
1,0031474E-001	1,723094165919767E+001
1,0021922E-001	1,722912189367928E+001
1,0022686E-001	1,722990413399446E+001
1,0027272E-001	1,723407439891609E+001
1,0023450E-001	1,723467856915840E+001
1,0023068E-001	1,722825283428539E+001
1,0023832E-001	1,723058893282462E+001
1,0020775E-001	1,723280078285609E+001
1,0026508E-001	1,723452983944884E+001
1,0031475E-001	1,723118614963659E+001
1,0026507E-001	1,723387875262514E+001
1,0026126E-001	1,723515073027263E+001
1,0023450E-001	1,723694424762140E+001
1,0026889E-001	1,723437515385228E+001
1,0026125E-001	1,723203480612165E+001
1,0026507E-001	1,723224933478307E+001
1,0023068E-001	1,724386390760150E+001
1,0023451E-001	1,724765795829549E+001
1,0027654E-001	1,724467923507572E+001
1,0028800E-001	1,724682621236384E+001
1,0027654E-001	1,725013711332639E+001
1,0023832E-001	1,725230781574329E+001
1,0022304E-001	1,724945843060050E+001
1,0024215E-001	1,724515725709097E+001
1,0023450E-001	1,724793208054058E+001
1,0028418E-001	1,725097078835050E+001
1,0023832E-001	1,725148081491368E+001
1,0025743E-001	1,724777184112613E+001
1,0021540E-001	1,724970372708497E+001
1,0026507E-001	1,725214959468521E+001
1,0023451E-001	1,725442464013758E+001
1,0028800E-001	1,725130943925322E+001
1,0026507E-001	1,725156809175609E+001
1,0023451E-001	1,725516562984136E+001
1,0027654E-001	1,725727731850860E+001
1,0022304E-001	1,725833629261066E+001
1,0021922E-001	1,725307366773712E+001
1,0023832E-001	1,725584609250503E+001
1,0028800E-001	1,725601135587591E+001
1,0026508E-001	1,725509922549703E+001
1,0028800E-001	1,725277738515212E+001
1,0027272E-001	1,725172560137311E+001
1,0023832E-001	1,725380719017081E+001
1,0024597E-001	1,725400059303825E+001
1,0023832E-001	1,725289346028933E+001
1,0025361E-001	1,724885876818606E+001
1,0023068E-001	1,725035323958307E+001
1,0024979E-001	1,725368979095215E+001
1,0026508E-001	1,725390262626941E+001
1,0024215E-001	1,725083953300661E+001
1,0021540E-001	1,724959696171667E+001
1,0027654E-001	1,725189963244440E+001
1,0025361E-001	1,725146793001040E+001
1,0020394E-001	1,724875657816578E+001
1,0025361E-001	1,724616622546973E+001
1,0027272E-001	1,724956758663964E+001
1,0026125E-001	1,724920679752224E+001
1,0025361E-001	1,724802659729712E+001
1,0025361E-001	1,724364843938012E+001
1,0026126E-001	1,724577442744042E+001
1,0024597E-001	1,724683874173732E+001
1,0025743E-001	1,724589444048972E+001
1,0028035E-001	1,724398526990926E+001
1,0027272E-001	1,724091689023885E+001
1,0023068E-001	1,724355992466841E+001
1,0024215E-001	1,724467083816388E+001
1,0020012E-001	1,724255382036443E+001
1,0022686E-001	1,723736797008999E+001
1,0021540E-001	1,723878527626288E+001
1,0019629E-001	1,724112530279599E+001
1,0024597E-001	1,724253581842611E+001
1,0021923E-001	1,724012622554602E+001
1,0018866E-001	1,723863062156537E+001
1,0023833E-001	1,724120375166578E+001
1,0022304E-001	1,724476586914162E+001
1,0030711E-001	1,724266213297398E+001
1,0020394E-001	1,724104446783301E+001
1,0025361E-001	1,724053975514326E+001
1,0021922E-001	1,724234505647366E+001
1,0027272E-001	1,724107879133547E+001
1,0026125E-001	1,723691835192983E+001
1,0021540E-001	1,723569484420849E+001
1,0023069E-001	1,724009454066974E+001
1,0022304E-001	1,724261539453896E+001
1,0026507E-001	1,723850526908418E+001
1,0021922E-001	1,723473990109965E+001
1,0024979E-001	1,723661239031322E+001
1,0026125E-001	1,723993800875965E+001
1,0023451E-001	1,723786170713250E+001
1,0021540E-001	1,723605844666519E+001
1,0023451E-001	1,723492078527475E+001
1,0023069E-001	1,723799394323508E+001
1,0021540E-001	1,723802112486113E+001
1,0025743E-001	1,723606174103783E+001
1,0025361E-001	1,723541422972997E+001
1,0020012E-001	1,723655959032409E+001
1,0022686E-001	1,723655764101374E+001
1,0023068E-001	1,723618911950479E+001
1,0021158E-001	1,723659931658241E+001
1,0023451E-001	1,723683200396622E+001
1,0018483E-001	1,723955349947260E+001
1,0025743E-001	1,724144218360234E+001
1,0021922E-001	1,723857664436064E+001
1,0023833E-001	1,723726490345226E+001
1,0022304E-001	1,724001208827508E+001
1,0024215E-001	1,724301150775392E+001
1,0018484E-001	1,723466503842686E+001
1,0026126E-001	1,723975447794752E+001
1,0023450E-001	1,724564447786743E+001
1,0021540E-001	1,724705354658284E+001
1,0020012E-001	1,724741953932890E+001
1,0024597E-001	1,724592247393769E+001
1,0024597E-001	1,724719296118292E+001
1,0022686E-001	1,724858609552598E+001
1,0020012E-001	1,724950501568469E+001
1,0027654E-001	1,725028663878182E+001
1,0022686E-001	1,724841839303761E+001
1,0024215E-001	1,724884555598175E+001
1,0021540E-001	1,725175042093855E+001
1,0026889E-001	1,725168579157291E+001
1,0022686E-001	1,724896822787510E+001
1,0023068E-001	1,724834660157766E+001
1,0021540E-001	1,724937957470251E+001
1,0023450E-001	1,725216462230400E+001
1,0023832E-001	1,724935494625340E+001
1,0020393E-001	1,724863161440225E+001
1,0021540E-001	1,725030076613204E+001
1,0017337E-001	1,725381493591381E+001
1,0029182E-001	1,725368509048205E+001
1,0021158E-001	1,725081188408013E+001
1,0023832E-001	1,725240504665700E+001
1,0026889E-001	1,725440368409762E+001
1,0023450E-001	1,725579510678597E+001
1,0024215E-001	1,725177743776968E+001
1,0028036E-001	1,725012324308678E+001
1,0023451E-001	1,725057951636796E+001
1,0023068E-001	1,725257466131411E+001
1,4111985E-001	2,689823027850548E+001
1,5019488E-001	2,797305854891354E+001
1,5024838E-001	2,733716032728299E+001
1,5019488E-001	2,694327724238149E+001
1,5017577E-001	2,666577962909385E+001
1,5019105E-001	2,646273252160849E+001
1,5021780E-001	2,630665674900419E+001
1,5021017E-001	2,620002765962533E+001
1,5021780E-001	2,612164576143552E+001
1,5021780E-001	2,606887022108557E+001
1,5021016E-001	2,602381170973917E+001
1,5019488E-001	2,598570459856227E+001
1,5018342E-001	2,596815137317377E+001
1,5019107E-001	2,595190090698871E+001
1,5019870E-001	2,593759420115244E+001
1,5021017E-001	2,591796441092266E+001
1,5023309E-001	2,591031769480237E+001
1,5020634E-001	2,590466592845475E+001
1,5015666E-001	2,590208279392905E+001
1,5021399E-001	2,589226135050467E+001
1,5019870E-001	2,588423463025490E+001
1,5023309E-001	2,588457895208672E+001
1,5017195E-001	2,588299072954294E+001
1,5018341E-001	2,587942611382178E+001
1,5022545E-001	2,586740968705033E+001
1,5022163E-001	2,586726176453072E+001
1,5020634E-001	2,587020791672002E+001
1,5018341E-001	2,587183656361174E+001
1,5018724E-001	2,586581308094615E+001
1,5024073E-001	2,586007107068452E+001
1,5025602E-001	2,586676742819926E+001
1,5019105E-001	2,586895591816849E+001
1,5016814E-001	2,586599422146892E+001
1,5020634E-001	2,585878338754652E+001
1,5021017E-001	2,586174547105641E+001
1,5019488E-001	2,586328791570597E+001
1,5022163E-001	2,586064406264235E+001
1,5017959E-001	2,585531488579569E+001
1,5024073E-001	2,585118285787453E+001
1,5023309E-001	2,585614855204600E+001
1,5023309E-001	2,585503619316169E+001
1,5020634E-001	2,585115171735556E+001
1,5022928E-001	2,584522372037963E+001
1,5024073E-001	2,584968804582505E+001
1,5025984E-001	2,585414578138078E+001
1,5020634E-001	2,585229361458595E+001
1,5021399E-001	2,584651860261449E+001
1,5023309E-001	2,584548639624381E+001
1,5016431E-001	2,585112349508007E+001
1,5017959E-001	2,585292091677159E+001
1,5022926E-001	2,585048065715794E+001
1,5019107E-001	2,584638705468332E+001
1,5024073E-001	2,584907277443195E+001
1,5022928E-001	2,585260252839685E+001
1,5018342E-001	2,584948176530227E+001
1,5022545E-001	2,584200809224664E+001
1,5022928E-001	2,584240104727366E+001
1,5018724E-001	2,584493074895194E+001
1,5020634E-001	2,584644358163176E+001
1,5021399E-001	2,584479656315754E+001
1,5021782E-001	2,583927065511999E+001
1,5020634E-001	2,584162877705151E+001
1,5023692E-001	2,584690887133163E+001
1,5029040E-001	2,584668085199298E+001
1,5017959E-001	2,584097056780637E+001
1,5020253E-001	2,584133483897951E+001
1,5021017E-001	2,584558413069757E+001
1,5019870E-001	2,584275341544662E+001
1,5019870E-001	2,583767230264736E+001
1,5020253E-001	2,583609771993547E+001
1,5017959E-001	2,584072697496574E+001
1,5022928E-001	2,584438073024603E+001
1,5021399E-001	2,584262767691806E+001
1,5021780E-001	2,583983001563827E+001
1,5019105E-001	2,584426419353044E+001
1,5015668E-001	2,585125977972096E+001
1,5019870E-001	2,585198216476423E+001
1,5020253E-001	2,584721991259925E+001
1,5019870E-001	2,584992469324619E+001
1,5022162E-001	2,584970522989226E+001
1,5026367E-001	2,585152266119733E+001
1,5024073E-001	2,584994800943941E+001
1,5025984E-001	2,584800482015082E+001
1,5020253E-001	2,584944271958594E+001
1,5021780E-001	2,585571724824787E+001
1,5019107E-001	2,585730636991582E+001
1,5022545E-001	2,585220773010807E+001
1,5020634E-001	2,584958838342325E+001
1,5017578E-001	2,585222056046117E+001
1,5019870E-001	2,585412130818986E+001
1,5024073E-001	2,585027679133858E+001
1,5020634E-001	2,584644615006750E+001
1,5021780E-001	2,584923651535710E+001
1,5018724E-001	2,585524026688206E+001
1,5024073E-001	2,585112025144290E+001
1,5022163E-001	2,584777979611254E+001
1,5021780E-001	2,584976726259341E+001
1,5021780E-001	2,585390443501543E+001
1,5017197E-001	2,585580636835205E+001
1,5018342E-001	2,585031962047174E+001
1,5016049E-001	2,585029053187848E+001
1,5016431E-001	2,585224339218783E+001
1,5019870E-001	2,585968741588967E+001
1,5024455E-001	2,585134626272485E+001
1,5019105E-001	2,584315075546826E+001
1,5025984E-001	2,584098778048381E+001
1,5018342E-001	2,584317658974320E+001
1,5022163E-001	2,584422999476859E+001
1,5017195E-001	2,583390246612635E+001
1,5022926E-001	2,583323970098815E+001
1,5022162E-001	2,583107181152909E+001
1,5015285E-001	2,583417437813578E+001
1,5019105E-001	2,582857280977223E+001
1,5018342E-001	2,582314843066791E+001
1,5020251E-001	2,582500939835103E+001
1,5019105E-001	2,583124870171605E+001
1,5016814E-001	2,583158194452232E+001
1,5021399E-001	2,582470905120599E+001
1,5018341E-001	2,582248117753826E+001
1,5017959E-001	2,582454424407292E+001
1,5021017E-001	2,582529586076062E+001
1,5019487E-001	2,582091322019274E+001
1,5022163E-001	2,581798245801849E+001
1,5020634E-001	2,582161706428096E+001
1,5027894E-001	2,582759082732555E+001
1,5020253E-001	2,582580546427385E+001
1,5018724E-001	2,581565390456916E+001
1,5024073E-001	2,581741651638432E+001
1,5013756E-001	2,582261442224683E+001
1,5022928E-001	2,582694671071687E+001
1,5025219E-001	2,582107857740517E+001
1,5017195E-001	2,581836131659434E+001
1,5021780E-001	2,582180442657512E+001
1,5017578E-001	2,582250984575188E+001
1,5021782E-001	2,582326513866342E+001
1,5018341E-001	2,581332899949639E+001
1,5022928E-001	2,581360920732817E+001
1,5023309E-001	2,581349742067374E+001
1,5025984E-001	2,581456694241402E+001
1,5022545E-001	2,580749506837978E+001
1,5023690E-001	2,580788334353607E+001
1,5021399E-001	2,580863172841215E+001
1,5019488E-001	2,581277104164233E+001
1,5019105E-001	2,581026181954830E+001
1,5021780E-001	2,580354976264656E+001
1,5021016E-001	2,580662954711768E+001
1,5019488E-001	2,580988733070827E+001
1,5022928E-001	2,581222391600290E+001
1,5021399E-001	2,580249940556437E+001
1,5017959E-001	2,580320214567916E+001
1,5018341E-001	2,580480151057247E+001
1,5019107E-001	2,580706175843230E+001
1,5019870E-001	2,580341756888712E+001
1,5021780E-001	2,579824451806674E+001
1,5016049E-001	2,580255725735721E+001
1,5019488E-001	2,580542109867711E+001
1,5018342E-001	2,580727719689905E+001
1,5021782E-001	2,579970409070493E+001
1,5017959E-001	2,580186854731783E+001
1,5018724E-001	2,580693039894717E+001
1,5021016E-001	2,580911466757230E+001
1,5020253E-001	2,580522455364346E+001
1,5022545E-001	2,580177022540068E+001
1,5021782E-001	2,580678984527846E+001
1,5020634E-001	2,580899236112695E+001
1,5022162E-001	2,581321094910889E+001
1,5022163E-001	2,580698622399131E+001
1,5022163E-001	2,581122579853078E+001
1,5022928E-001	2,581435608463586E+001
1,5021399E-001	2,581408506526561E+001
1,5020253E-001	2,580645357970601E+001
1,5019488E-001	2,580328594428052E+001
1,5022163E-001	2,580832515568102E+001
1,5018341E-001	2,581111265002939E+001
1,5024838E-001	2,580918264357194E+001
1,5020253E-001	2,580245701702875E+001
1,5021780E-001	2,580272796620857E+001
1,5018724E-001	2,580377271110801E+001
1,5021399E-001	2,580492797732677E+001
1,5021016E-001	2,580194957988214E+001
1,5018724E-001	2,580016972258315E+001
1,5022928E-001	2,580623469809342E+001
1,5019107E-001	2,580856494908307E+001
1,5025984E-001	2,580459711031401E+001
1,5022163E-001	2,579873147829938E+001
1,5024838E-001	2,580227546375573E+001
1,5018724E-001	2,580393894074172E+001
1,5021399E-001	2,580520528980325E+001
1,5018724E-001	2,580045845435619E+001
1,5017577E-001	2,580049307273475E+001
1,5024838E-001	2,580512386432512E+001
1,5022926E-001	2,580634635352227E+001
1,5019870E-001	2,580126386590608E+001
1,5019870E-001	2,579440227096040E+001
1,5020253E-001	2,579974852544421E+001
1,5019870E-001	2,580392998459525E+001
1,5022163E-001	2,580435507654020E+001
1,5019488E-001	2,579821244180250E+001
1,5018724E-001	2,579846107996186E+001
1,5019870E-001	2,580687077026830E+001
1,5025984E-001	2,580708106652300E+001
1,5023309E-001	2,580262718838925E+001
1,5017578E-001	2,580033864653761E+001
1,5021017E-001	2,580920612227126E+001
1,5022545E-001	2,581481364842916E+001
1,5023309E-001	2,581229414152957E+001
1,5017959E-001	2,580581808469483E+001
1,5018342E-001	2,580541039234750E+001
1,5025219E-001	2,581127559940484E+001
1,5018724E-001	2,581444759998852E+001
1,5024073E-001	2,581306417786494E+001
1,5022545E-001	2,581221186232217E+001
1,5022928E-001	2,581881653854493E+001
1,5019870E-001	2,582189912109656E+001
1,5024838E-001	2,582040486599289E+001
1,5021399E-001	2,581493492948386E+001
1,5019870E-001	2,581806263418323E+001
1,5021782E-001	2,582254304430008E+001
1,5023309E-001	2,582295419085587E+001
1,5018342E-001	2,581891641533273E+001
1,5019488E-001	2,581893690521667E+001
1,5018724E-001	2,582293066676165E+001
1,5022928E-001	2,582394721418113E+001
1,5021399E-001	2,582128617590590E+001
1,5022163E-001	2,581694266688504E+001
1,5022928E-001	2,581904315407495E+001
1,5018342E-001	2,582267015840851E+001
1,5020253E-001	2,582397839437296E+001
1,5021780E-001	2,582162008132510E+001
1,5023309E-001	2,581935719483910E+001
1,5019107E-001	2,582243952981688E+001
1,5021399E-001	2,582693791860239E+001
1,5020253E-001	2,582171875686470E+001
1,5022928E-001	2,582001711192426E+001
1,5027894E-001	2,582274165537382E+001
1,5019488E-001	2,582880952433204E+001
1,5021399E-001	2,583004988347898E+001
1,5021780E-001	2,582676988652417E+001
1,5024073E-001	2,582916268634353E+001
1,5025984E-001	2,583564750630105E+001
1,5021017E-001	2,583651390298239E+001
1,9116811E-001	3,552519697288141E+001
2,0028517E-001	3,642401129536155E+001
2,0025843E-001	3,565145053899810E+001
2,0021640E-001	3,520457964224165E+001
2,0023932E-001	3,492393998595166E+001
2,0023932E-001	3,473586096890180E+001
2,0025460E-001	3,461376758889486E+001
2,0022786E-001	3,454257143917759E+001
2,0026606E-001	3,450234615816264E+001
2,0018582E-001	3,447405506781782E+001
2,0021257E-001	3,444789949846200E+001
2,0021638E-001	3,443775563605364E+001
2,0022404E-001	3,442960466157405E+001
2,0024696E-001	3,442852377928357E+001
2,0020492E-001	3,441362653617041E+001
2,0024313E-001	3,440508960510758E+001
2,0020494E-001	3,440747097113454E+001
2,0024313E-001	3,440951553219083E+001
2,0023549E-001	3,440909801356456E+001
2,0019728E-001	3,439716072764898E+001
2,0019729E-001	3,439837952650790E+001
2,0018582E-001	3,439986301195797E+001
2,0023932E-001	3,440473021941735E+001
2,0022786E-001	3,439613691017927E+001
2,0022786E-001	3,439458068302814E+001
2,0020492E-001	3,439981804430547E+001
2,0023167E-001	3,440258147745023E+001
2,0019728E-001	3,440504888702794E+001
2,0024313E-001	3,439232534849851E+001
2,0025842E-001	3,439447768314761E+001
2,0021638E-001	3,440223034676509E+001
2,0024696E-001	3,440520569931827E+001
2,0023169E-001	3,439503643026256E+001
2,0019346E-001	3,439292063659948E+001
2,0024696E-001	3,442725209651218E+001
2,0021638E-001	3,457026167425210E+001
2,0020111E-001	3,457266749172621E+001
2,0017055E-001	3,456444932440434E+001
2,0020111E-001	3,456821521118771E+001
2,0019346E-001	3,456663817562541E+001
2,0019728E-001	3,456812841156393E+001
2,0023550E-001	3,445594198828920E+001
2,0023167E-001	3,452825471518310E+001
2,0023932E-001	3,454273248273024E+001
2,0023549E-001	3,455347516183463E+001
2,0020492E-001	3,455438730861670E+001
2,0017819E-001	3,455198477941173E+001
2,0019728E-001	3,455923391060682E+001
2,0019346E-001	3,456112951917522E+001
2,0020111E-001	3,456808603561682E+001
2,0026988E-001	3,456155357390394E+001
2,0022403E-001	3,456155614195821E+001
2,0025842E-001	3,456666656002554E+001
2,0023932E-001	3,457142294289716E+001
2,0022021E-001	3,456863375444169E+001
2,0023550E-001	3,456823912247371E+001
2,0019728E-001	3,458104489061948E+001
2,0023550E-001	3,458535030454661E+001
2,0024313E-001	3,458353514336794E+001
2,0018201E-001	3,457583140934764E+001
2,0018964E-001	3,458107404024791E+001
2,0021257E-001	3,458630570389325E+001
2,0021640E-001	3,459410083806234E+001
2,0020875E-001	3,459501086387268E+001
2,0021638E-001	3,459290078233744E+001
2,0021638E-001	3,460286677227427E+001
2,0025079E-001	3,460634535665169E+001
2,0019346E-001	3,460578046177048E+001
2,0021640E-001	3,459465908850369E+001
2,0022786E-001	3,460094574027383E+001
2,0021257E-001	3,460629556569585E+001
2,0023550E-001	3,461212222447341E+001
2,0022786E-001	3,461083801194707E+001
2,0021257E-001	3,460599466465675E+001
2,0020111E-001	3,461319583137308E+001
2,0027752E-001	3,461738210238339E+001
2,0026223E-001	3,461586641020642E+001
2,0025842E-001	3,460578362415459E+001
2,0021258E-001	3,461014209747026E+001
2,0025843E-001	3,461530937970529E+001
2,0018201E-001	3,461539917615531E+001
2,0025842E-001	3,460997309340716E+001
2,0019728E-001	3,460800369257004E+001
2,0020492E-001	3,462104788769327E+001
2,0021257E-001	3,462178810911700E+001
2,0023932E-001	3,461558359998810E+001
2,0022021E-001	3,460763821862282E+001
2,0020492E-001	3,461604053893397E+001
2,0025079E-001	3,462097767666245E+001
2,0024313E-001	3,462123324154928E+001
2,0027372E-001	3,460908003003010E+001
2,0025460E-001	3,460263468990146E+001
2,0026606E-001	3,461450560160881E+001
2,0026989E-001	3,461637913910121E+001
2,0021640E-001	3,461566186537093E+001
2,0025460E-001	3,460800267480879E+001
2,0021257E-001	3,461156894916036E+001
2,0022786E-001	3,461471988765549E+001
2,0019346E-001	3,461216510014587E+001
2,0026989E-001	3,460604770726062E+001
2,0025460E-001	3,460465362305793E+001
2,0016672E-001	3,461291082388908E+001
2,0022786E-001	3,461173955081872E+001
2,0023167E-001	3,460475282807753E+001
2,0023167E-001	3,459823938873451E+001
2,0020875E-001	3,460618133229453E+001
2,0022403E-001	3,461099033586449E+001
2,0019728E-001	3,460871591030045E+001
2,0019346E-001	3,460168311669627E+001
2,0024696E-001	3,460244755992237E+001
2,0024315E-001	3,461408413171902E+001
2,0022021E-001	3,461792402592003E+001
2,0022403E-001	3,461351891335146E+001
2,0023932E-001	3,461460550395508E+001
2,0023549E-001	3,461653931595462E+001
2,0021640E-001	3,462439555013135E+001
2,0024313E-001	3,461956712593712E+001
2,0024315E-001	3,461312950217830E+001
2,0022021E-001	3,461548724531037E+001
2,0023932E-001	3,462211541396536E+001
2,0022786E-001	3,462069312541625E+001
2,0025459E-001	3,460983821257489E+001
2,0023550E-001	3,460558389804481E+001
2,0019346E-001	3,460951488035236E+001
2,0023167E-001	3,461184654697621E+001
2,0022404E-001	3,460453293671455E+001
2,0017053E-001	3,460152186257232E+001
2,0020492E-001	3,460286349010865E+001
2,0025460E-001	3,460314972592521E+001
2,0027372E-001	3,459583876153764E+001
2,0019728E-001	3,458481131222342E+001
2,0025842E-001	3,458243790823280E+001
2,0019346E-001	3,458751973438046E+001
2,0022021E-001	3,458805175267393E+001
2,0018965E-001	3,458278219382499E+001
2,0024315E-001	3,462447089574484E+001
2,0018964E-001	3,470893614369770E+001
2,0021257E-001	3,472947706752593E+001
2,0023932E-001	3,472434219495969E+001
2,0023932E-001	3,472327434977890E+001
2,0027754E-001	3,473106474456799E+001
2,0022021E-001	3,474405335344714E+001
2,0025079E-001	3,476390805441868E+001
2,0021638E-001	3,476444090202735E+001
2,0023550E-001	3,477021589835855E+001
2,0021257E-001	3,477413217882247E+001
2,0023932E-001	3,478180360540787E+001
2,0026223E-001	3,477934922759928E+001
2,0025460E-001	3,477339590484758E+001
2,0022403E-001	3,477432876009575E+001
2,0017055E-001	3,478215229468670E+001
2,0021640E-001	3,478789798117218E+001
2,0020492E-001	3,477845429883522E+001
2,0023932E-001	3,478078789722181E+001
2,0022403E-001	3,478992651592191E+001
2,0019346E-001	3,479768495880590E+001
2,0022786E-001	3,479011777798118E+001
2,0023167E-001	3,478972897105608E+001
2,0026606E-001	3,479550338602740E+001
2,0025077E-001	3,480482349887270E+001
2,0023167E-001	3,480675828590888E+001
2,0023550E-001	3,479408186881009E+001
2,0025842E-001	3,479902561206852E+001
2,0026606E-001	3,480868860898621E+001
2,0021257E-001	3,481085235797276E+001
2,0021638E-001	3,480090696282406E+001
2,0021640E-001	3,480139435221015E+001
2,0022403E-001	3,480900735899426E+001
2,0028517E-001	3,481534937041547E+001
2,0031191E-001	3,481349724329348E+001
2,0019346E-001	3,480073988594606E+001
2,0019728E-001	3,480382573120833E+001
2,0025843E-001	3,481099185382589E+001
2,0018964E-001	3,482128304137225E+001
2,0025460E-001	3,481870182945401E+001
2,0018965E-001	3,481901122963883E+001
2,0023932E-001	3,482425558935994E+001
2,0026606E-001	3,483204546458724E+001
2,0024696E-001	3,483190632044921E+001
2,0024696E-001	3,482295105746663E+001
2,0024696E-001	3,483317958479412E+001
2,0025077E-001	3,483662243079784E+001
2,0023167E-001	3,484284271293740E+001
2,0025460E-001	3,483390073196809E+001
2,0025462E-001	3,483500980105739E+001
2,0025077E-001	3,484065856676406E+001
2,0026606E-001	3,484371227091225E+001
2,0026223E-001	3,484199938329573E+001
2,0028135E-001	3,483637401007623E+001
2,0023169E-001	3,484453411236368E+001
2,0024696E-001	3,484721265247040E+001
2,0024696E-001	3,485145280531799E+001
2,0027752E-001	3,484513439619231E+001
2,0025462E-001	3,485230397034804E+001
2,0020875E-001	3,486107249779123E+001
2,0025843E-001	3,486613332097816E+001
2,0022021E-001	3,486127634224828E+001
2,0023550E-001	3,485739117369311E+001
2,0024696E-001	3,472737407446133E+001
2,0028134E-001	3,470503314295823E+001
2,0018582E-001	3,473137810974925E+001
2,0020874E-001	3,473742980515360E+001
2,0025842E-001	3,485876853121081E+001
2,0020875E-001	3,490553813688449E+001
2,0024696E-001	3,492892396434905E+001
2,0021638E-001	3,493333698249643E+001
2,0024696E-001	3,493480009288495E+001
2,0023932E-001	3,496222740070672E+001
2,0023550E-001	3,497872445999189E+001
2,0025079E-001	3,498915233195942E+001
2,0019728E-001	3,498112600042730E+001
2,0023932E-001	3,499496033686688E+001
2,0022786E-001	3,499750535112184E+001
2,0022404E-001	3,503741871882936E+001
2,0022021E-001	3,504011307390842E+001
2,0022404E-001	3,505934353093718E+001
2,0022403E-001	3,490709201113030E+001
2,0022021E-001	3,495318402050391E+001
2,0022403E-001	3,496477195490919E+001
2,0023167E-001	3,497293806000440E+001
2,0027371E-001	3,499101990555396E+001
2,0020111E-001	3,499888543309640E+001
2,0024313E-001	3,500836167540123E+001
2,0023550E-001	3,460574107273140E+001
2,0020492E-001	3,433432625493128E+001
2,0022021E-001	3,443505991989058E+001
2,0023550E-001	3,447349494893770E+001
2,0022403E-001	3,449453374494037E+001
2,0022786E-001	3,449711601200390E+001
2,0023550E-001	3,451196859340328E+001
2,0022786E-001	3,337539370087567E+001
2,0019728E-001	3,304545363554911E+001
2,0022786E-001	3,315148215080085E+001
2,0018582E-001	3,322475482263479E+001
2,0021257E-001	3,328335174260262E+001
2,0023550E-001	3,332063275779613E+001
2,0022021E-001	3,334668330090418E+001
2,0020492E-001	3,336691871630183E+001
2,0026225E-001	3,338751041985547E+001
2,0025459E-001	3,340464202276628E+001
2,4124694E-001	3,341491307233540E+001
2,4828151E-001	4,353313937488609E+001
2,5021115E-001	4,344958463415838E+001
2,5021115E-001	4,262394988506011E+001
2,5021115E-001	4,222870244847010E+001
2,5023025E-001	4,202994217657277E+001
2,5021499E-001	4,192264592523554E+001
2,5023791E-001	4,185781214216459E+001
2,5022262E-001	4,182686401668795E+001
2,5025702E-001	4,181995448816257E+001
2,5021118E-001	4,181625074127336E+001
2,5020733E-001	4,180771719003238E+001
2,5020352E-001	4,181272273520278E+001
2,5022262E-001	4,183189208306863E+001
2,5022644E-001	4,183687115347640E+001
2,5022644E-001	4,183229164591442E+001
2,5020733E-001	4,183418871322309E+001
2,5026083E-001	4,184787755176470E+001
2,5019205E-001	4,185856732788313E+001
2,5022262E-001	4,185733743893605E+001
2,5019589E-001	4,185760645139401E+001
2,5023791E-001	4,187289282797037E+001
2,5023410E-001	4,189253764810775E+001
2,5021115E-001	4,189228377313185E+001
2,5021115E-001	4,188699995112948E+001
2,5021496E-001	4,188890422745322E+001
2,5025702E-001	4,190260990864662E+001
2,5018823E-001	4,191440513370655E+001
2,5022644E-001	4,191350667482156E+001
2,5025702E-001	4,191946426011609E+001
2,5023410E-001	4,192658243351369E+001
2,5026846E-001	4,193995941749420E+001
2,5020733E-001	4,193973959479577E+001
2,5024936E-001	4,193874082768070E+001
2,5024554E-001	4,194273085921461E+001
2,5023791E-001	4,195456195082208E+001
2,5022262E-001	4,196011138104650E+001
2,5024936E-001	4,194845336073245E+001
2,5020352E-001	4,195314691019795E+001
2,5025317E-001	4,196044511060815E+001
2,5027612E-001	4,196453003426480E+001
2,5021496E-001	4,196111254531739E+001
2,5025320E-001	4,195800186408646E+001
2,5024173E-001	4,195720235539928E+001
2,5017676E-001	4,196561480068015E+001
2,5020352E-001	4,197092586343638E+001
2,5018442E-001	4,195895078531405E+001
2,5027993E-001	4,195933026301529E+001
2,5020352E-001	4,196969039663882E+001
2,5026083E-001	4,197767750774147E+001
2,5019586E-001	4,197258191663985E+001
2,5024936E-001	4,197183668957024E+001
2,5023410E-001	4,197882800902176E+001
2,5023025E-001	4,198702029972554E+001
2,5019205E-001	4,199036692685476E+001
2,5027230E-001	4,197503028553715E+001
2,5025702E-001	4,198066533740680E+001
2,5026083E-001	4,198527636505013E+001
2,5026083E-001	4,199364243505518E+001
2,5022644E-001	4,198701491718756E+001
2,5020733E-001	4,198303592157313E+001
2,5022644E-001	4,198910241342560E+001
2,5019586E-001	4,199846108294302E+001
2,5022644E-001	4,200470685260154E+001
2,5021499E-001	4,199633110623516E+001
2,5020352E-001	4,200401452165143E+001
2,5026849E-001	4,201894873070790E+001
2,5017676E-001	4,202716540724603E+001
2,5021115E-001	4,202112768584107E+001
2,5024173E-001	4,201900759835465E+001
2,5021499E-001	4,202532746088003E+001
2,5024554E-001	4,202881408816537E+001
2,5024554E-001	4,203069722343633E+001
2,5020733E-001	4,201889464363988E+001
2,5023025E-001	4,203128083932632E+001
2,5024554E-001	4,203845490109202E+001
2,5016913E-001	4,204681585635085E+001
2,5020352E-001	4,203311606886487E+001
2,5019205E-001	4,203694198982944E+001
2,5018060E-001	4,204294739693305E+001
2,5021499E-001	4,205135484496039E+001
2,5025702E-001	4,204965418878950E+001
2,5020733E-001	4,203958984527353E+001
2,5021496E-001	4,205489837837509E+001
2,5017676E-001	4,208182043182010E+001
2,5021499E-001	4,208298515429215E+001
2,5024939E-001	4,207129494251001E+001
2,5027230E-001	4,207994383036278E+001
2,5022262E-001	4,208745028120548E+001
2,5021499E-001	4,209500345446148E+001
2,5020733E-001	4,209005903676455E+001
2,5023791E-001	4,207671994951352E+001
2,5022262E-001	4,208494071235547E+001
2,5020352E-001	4,208888183336568E+001
2,5022644E-001	4,209379543364849E+001
2,5019205E-001	4,207711804370082E+001
2,5023025E-001	4,208452311362056E+001
2,5020352E-001	4,209215494593614E+001
2,5020733E-001	4,209407093643254E+001
2,5019971E-001	4,209106844917408E+001
2,5023407E-001	4,208187456924212E+001
2,5024936E-001	4,209223775309766E+001
2,5021496E-001	4,209935604856557E+001
2,5023025E-001	4,210091276399797E+001
2,5021499E-001	4,208670549587783E+001
2,5022644E-001	4,209197729090236E+001
2,5020352E-001	4,209670984946308E+001
2,5022644E-001	4,209833881984115E+001
2,5021881E-001	4,209414016937497E+001
2,5024554E-001	4,209166466500946E+001
2,5020352E-001	4,210695824602325E+001
2,5021115E-001	4,211082925899946E+001
2,5021115E-001	4,210959481530372E+001
2,5021115E-001	4,209688838187726E+001
2,5019971E-001	4,210247563330014E+001
2,5018060E-001	4,211026988703708E+001
2,5018823E-001	4,211567012673650E+001
2,5023025E-001	4,210960430627075E+001
2,5022644E-001	4,218156509300074E+001
2,5023025E-001	4,234378284383333E+001
2,5022262E-001	4,235099988197952E+001
2,5019586E-001	4,235257389477562E+001
2,5021878E-001	4,235164274240835E+001
2,5022262E-001	4,236354484231840E+001
2,5021881E-001	4,237696182568957E+001
2,5018823E-001	4,237864483888517E+001
2,5022644E-001	4,237051341549249E+001
2,5023407E-001	4,237224665528237E+001
2,5023025E-001	4,238507937197618E+001
2,5020733E-001	4,238906754575247E+001
2,5023407E-001	4,238711605720830E+001
2,5020733E-001	4,238017088033607E+001
2,5021115E-001	4,238497575182586E+001
2,5022262E-001	4,238980721328214E+001
2,5018823E-001	4,239034435776592E+001
2,5021118E-001	4,238466303209140E+001
2,5019589E-001	4,238556788593505E+001
2,5021881E-001	4,240070673748327E+001
2,5021499E-001	4,240287885133819E+001
2,5021881E-001	4,239896098853779E+001
2,5021115E-001	4,239551937315544E+001
2,5020733E-001	4,240269333039844E+001
2,5021496E-001	4,240788537230817E+001
2,5018442E-001	4,240759226469579E+001
2,5019205E-001	4,240083150936752E+001
2,5019586E-001	4,240208056564298E+001
2,5021499E-001	4,241738208275315E+001
2,5017676E-001	4,241714093894823E+001
2,5018442E-001	4,240943340548936E+001
2,5020352E-001	4,240694051831091E+001
2,5019971E-001	4,241918493542931E+001
2,5027612E-001	4,242530523282514E+001
2,5022644E-001	4,242012888152860E+001
2,5018442E-001	4,241793834878893E+001
2,5021881E-001	4,242351673943278E+001
2,5019586E-001	4,243344678957988E+001
2,5016531E-001	4,243544553612085E+001
2,5022644E-001	4,242321845222433E+001
2,5017294E-001	4,242251719869709E+001
2,5019971E-001	4,243406588215533E+001
2,5019971E-001	4,243832209793058E+001
2,5021881E-001	4,242991246560754E+001
2,5020733E-001	4,242525078870145E+001
2,5017676E-001	4,242936723243947E+001
2,5026846E-001	4,244013395329252E+001
2,5021115E-001	4,243731819928461E+001
2,5024554E-001	4,243141986005480E+001
2,5023025E-001	4,243420370411926E+001
2,5017294E-001	4,244262015483237E+001
2,5019971E-001	4,244719488181562E+001
2,5023028E-001	4,244170486931731E+001
2,5023791E-001	4,244206853357210E+001
2,5023791E-001	4,244657683294135E+001
2,5022644E-001	4,246105227504898E+001
2,5023025E-001	4,245824814518689E+001
2,5023410E-001	4,244862070277448E+001
2,5022262E-001	4,245216153690934E+001
2,5023410E-001	4,246030559686849E+001
2,5023025E-001	4,246460818105312E+001
2,5022644E-001	4,245411937692462E+001
2,5025320E-001	4,245480907115591E+001
2,5019205E-001	4,246431050038154E+001
2,5017294E-001	4,247292964503897E+001
2,5019971E-001	4,246532778022291E+001
2,5023410E-001	4,246284207459371E+001
2,5021496E-001	4,246213123091730E+001
2,5020352E-001	4,246998184451895E+001
2,5019971E-001	4,247623479954141E+001
2,5021499E-001	4,246566987160118E+001
2,5019586E-001	4,246562969673444E+001
2,5021499E-001	4,247322418926638E+001
2,5021881E-001	4,219696404587389E+001
2,5019586E-001	4,224600638033424E+001
2,5024936E-001	4,227173006262470E+001
2,5024554E-001	4,229483299671053E+001
2,5023025E-001	4,231685714048589E+001
2,5020733E-001	4,232200777461870E+001
2,5022644E-001	4,231354000783374E+001
2,5021881E-001	4,232198510844991E+001
2,5022262E-001	4,233139453404161E+001
2,5019971E-001	4,234225505448810E+001
2,5024936E-001	4,233484232007842E+001
2,5026464E-001	4,233285004555299E+001
2,5017679E-001	4,233828947974192E+001
2,5021881E-001	4,234688610090025E+001
2,5024173E-001	4,234589805079595E+001
2,5018823E-001	4,233188001760491E+001
2,5018823E-001	4,234012414546820E+001
2,5017679E-001	4,234314153446044E+001
2,5016531E-001	4,235029702399057E+001
2,5024554E-001	4,234422093512247E+001
2,5021499E-001	4,234157524947825E+001
2,5020733E-001	4,234895811251876E+001
2,5022644E-001	4,235091429771832E+001
2,5023407E-001	4,235661362723852E+001
2,5022644E-001	4,234920897235786E+001
2,5021881E-001	4,236253710837571E+001
2,5020352E-001	4,237080183636770E+001
2,5019205E-001	4,238565137897915E+001
2,5021499E-001	4,238040576498555E+001
2,5023025E-001	4,237937370471779E+001
2,5017294E-001	4,238477093309510E+001
2,5018442E-001	4,238938480421385E+001
2,5023791E-001	4,238719204597975E+001
2,5018823E-001	4,236836039038317E+001
2,5020733E-001	4,238214633586082E+001
2,5017676E-001	4,238875204357775E+001
2,5020733E-001	4,239687850557503E+001
2,5018442E-001	4,232563417699303E+001
2,5022262E-001	4,234266435320449E+001
2,5019586E-001	4,233034467210714E+001
2,5019971E-001	4,237891996630300E+001
2,5024554E-001	4,240913146380083E+001
2,5023025E-001	4,252433592075166E+001
2,5024554E-001	4,268460286892267E+001
2,5023791E-001	4,260453023430098E+001
2,5024554E-001	4,258680426110539E+001
2,5023791E-001	4,256084905338793E+001
2,5025317E-001	4,256249723763367E+001
2,5023407E-001	4,256609967607917E+001
2,5021881E-001	4,256856197167360E+001
2,9107741E-001	4,255949074330996E+001
2,9822278E-001	5,300627270135577E+001
3,0025941E-001	5,241749415712406E+001
3,0024794E-001	5,148657496933094E+001
3,0028233E-001	5,117282841980958E+001
3,0026323E-001	5,104193141714371E+001
3,0021355E-001	5,096297647664206E+001
3,0026704E-001	5,094427226398083E+001
3,0028996E-001	5,094428336780191E+001
3,0026704E-001	5,095067021946473E+001
3,0026323E-001	5,094765905224388E+001
3,0023649E-001	5,093441187554814E+001
3,0025175E-001	5,094436430042114E+001
3,0022883E-001	5,094821482694664E+001
3,0022502E-001	5,095111729818085E+001
3,0025178E-001	5,092259350824519E+001
3,0022502E-001	5,093438838082709E+001
3,0028233E-001	5,093861605274785E+001
3,0024412E-001	5,093640536543615E+001
3,0025941E-001	5,090231231342742E+001
3,0024031E-001	5,083974401961049E+001
3,0028233E-001	5,086664481527297E+001
3,0023268E-001	5,084883393530643E+001
3,0024031E-001	5,084857533620931E+001
3,0025178E-001	5,081767806064851E+001
3,0020592E-001	5,082348534305230E+001
3,0025941E-001	5,089933827236719E+001
3,0028996E-001	5,089530382097132E+001
3,0030146E-001	5,093721627549081E+001
3,0028233E-001	5,095464194197717E+001
3,0021739E-001	5,096750837754389E+001
3,0027851E-001	5,097371015458656E+001
3,0027089E-001	5,095375979473808E+001
3,0025178E-001	5,094612378761769E+001
3,0028236E-001	5,097608078071455E+001
3,0028233E-001	5,097230405332422E+001
3,0025560E-001	5,091799738462444E+001
3,0027089E-001	5,087537633938881E+001
3,0022883E-001	5,090189984317164E+001
3,0027086E-001	5,092314109126684E+001
3,0028233E-001	5,092425992903313E+001
3,0022120E-001	5,063354671291835E+001
3,0024412E-001	5,052981948251477E+001
3,0022120E-001	5,079077527447695E+001
3,0021358E-001	5,078762798588426E+001
3,0026704E-001	5,067904217991849E+001
3,0028233E-001	5,068879818068375E+001
3,0026704E-001	5,068034618156887E+001
3,0020210E-001	5,070297732685493E+001
3,0028999E-001	5,017186325398962E+001
3,0027470E-001	4,866008118836349E+001
3,0025941E-001	5,010793863537035E+001
3,0025560E-001	5,049211310338841E+001
3,0028999E-001	5,037006727968760E+001
3,0026323E-001	5,034563378679130E+001
3,0024031E-001	5,016564357686106E+001
3,0027851E-001	5,021710199643493E+001
3,0028996E-001	5,016671810233986E+001
3,0030146E-001	4,946797934948927E+001
3,0024412E-001	5,126409726595677E+001
3,0026323E-001	5,118572924029539E+001
3,0026704E-001	5,127257469918484E+001
3,0024031E-001	5,131976489736794E+001
3,0030143E-001	5,134602894603557E+001
3,0025941E-001	5,137408182455187E+001
3,0028996E-001	5,137074995648674E+001
3,0027851E-001	5,154035315214701E+001
3,0023649E-001	5,146233519134432E+001
3,0030528E-001	5,184993266436218E+001
3,0024031E-001	5,202073627280301E+001
3,0028614E-001	5,238393523064762E+001
3,0025175E-001	5,288473193137865E+001
3,0029380E-001	5,285450605247177E+001
3,0026704E-001	5,314083346220134E+001
3,0027086E-001	5,319055095689603E+001
3,0024031E-001	5,344831472149485E+001
3,0026323E-001	5,362357117810116E+001
3,0024794E-001	5,378396431951265E+001
3,0028233E-001	5,192103340849842E+001
3,0022120E-001	5,274600076790086E+001
3,0027851E-001	5,398664298674212E+001
3,0028233E-001	5,428284736052736E+001
3,0027470E-001	5,438700450808657E+001
3,0024412E-001	5,474527865654164E+001
3,0033585E-001	5,374606871308658E+001
3,0025178E-001	5,475281928630977E+001
3,0027851E-001	5,484770574271680E+001
3,0025560E-001	5,488169985444593E+001
3,0024794E-001	5,526083854352818E+001
3,0020973E-001	5,554138543629654E+001
3,0020973E-001	5,568243254374152E+001
3,0023268E-001	5,563183132404892E+001
3,0027470E-001	5,552487741585998E+001
3,0021739E-001	5,584123973006534E+001
3,0025941E-001	5,586296495949600E+001
3,0026707E-001	5,587496418312677E+001
3,0024412E-001	5,589071643572197E+001
3,0026323E-001	5,593322193301157E+001
3,0030143E-001	5,610409814506142E+001
3,0026323E-001	5,609975445293508E+001
3,0026323E-001	5,610923175343695E+001
3,0029380E-001	5,618099562625206E+001
3,0024412E-001	5,625710092755207E+001
3,0032438E-001	5,625438323491750E+001
3,0028999E-001	5,628769500486303E+001
3,0024412E-001	5,563916205314646E+001
3,0028614E-001	5,603910094264430E+001
3,0026323E-001	5,620081288139136E+001
3,0025941E-001	5,624924661140518E+001
3,0029762E-001	5,631935246492181E+001
3,0028236E-001	5,638455229414458E+001
3,0035874E-001	5,642905255390522E+001
3,0032057E-001	5,600791858940906E+001
3,0028233E-001	5,598547432996146E+001
3,0029380E-001	5,606644468036509E+001
3,0029380E-001	5,562790772546958E+001
3,0027086E-001	5,037289648355545E+001
3,0027851E-001	5,121138756842770E+001
3,0031291E-001	5,178231723907008E+001
3,0028999E-001	5,187135983165152E+001
3,0032054E-001	5,194017712007212E+001
3,0032438E-001	5,238044970886158E+001
3,0032057E-001	5,315970306106670E+001
3,0028614E-001	5,334605735273119E+001
3,0027089E-001	5,360236727589314E+001
3,0027470E-001	5,362109490927029E+001
3,0031672E-001	5,363406322930005E+001
3,0027089E-001	5,366866534961997E+001
3,0022883E-001	5,369002935543922E+001
3,0022120E-001	5,370664692177698E+001
3,0024794E-001	5,369480907052578E+001
3,0032820E-001	5,086862495219432E+001
3,0023649E-001	5,196771310099235E+001
3,0026323E-001	5,211300892070287E+001
3,0029380E-001	5,219787269314089E+001
3,0029380E-001	5,227228024430648E+001
3,0028999E-001	5,232143185229864E+001
3,0027851E-001	5,251477586734527E+001
3,0024031E-001	5,263465398469249E+001
3,0024412E-001	5,274814280973354E+001
3,0025560E-001	5,281318005960649E+001
3,0027086E-001	5,285244767305576E+001
3,0031294E-001	5,287308149849766E+001
3,0030143E-001	5,287438382168120E+001
3,0020210E-001	5,287395859812919E+001
3,0028233E-001	5,290085235948974E+001
3,0025560E-001	5,292493157915322E+001
3,0033204E-001	5,294826729827909E+001
3,0027089E-001	5,295207097192866E+001
3,0027851E-001	5,297716677334387E+001
3,0029762E-001	5,301112927877948E+001
3,0025941E-001	5,304783586005955E+001
3,0029762E-001	5,304366663159119E+001
3,0026707E-001	5,304529527390527E+001
3,0028617E-001	5,306811220715991E+001
3,0028617E-001	5,307905751612171E+001
3,0027851E-001	5,308272366153903E+001
3,0030146E-001	5,307389597195446E+001
3,0025560E-001	5,309173498455110E+001
3,0028999E-001	5,311466384026339E+001
3,0028233E-001	5,154149109468064E+001
3,0028233E-001	5,244142870973065E+001
3,0028614E-001	5,265731691174817E+001
3,0030146E-001	5,288035555339944E+001
3,0026326E-001	5,289184179712833E+001
3,0025941E-001	5,292288967388922E+001
3,0029380E-001	5,307275631509583E+001
3,0025560E-001	5,412083268892354E+001
3,0028996E-001	5,417278152370145E+001
3,0029762E-001	5,421329176566111E+001
3,0025941E-001	5,424754912660342E+001
3,0024031E-001	5,428972804231129E+001
3,0025560E-001	5,433981558859004E+001
3,0033201E-001	5,442010572657414E+001
3,0029380E-001	5,446212072778813E+001
3,0026323E-001	5,446946330228391E+001
3,0029762E-001	5,452061602269234E+001
3,0026704E-001	5,458235049843402E+001
3,0030146E-001	5,460119986032987E+001
3,0033585E-001	5,480254838683971E+001
3,0022502E-001	5,482322433569576E+001
3,0024412E-001	5,486382701616483E+001
3,0029380E-001	5,487591489946580E+001
3,0020973E-001	5,488292573567197E+001
3,0025560E-001	5,488830591998146E+001
3,0027470E-001	5,490908211603244E+001
3,0028233E-001	5,493588728028382E+001
3,0021355E-001	5,493927916727136E+001
3,0027851E-001	5,493834451301191E+001
3,0030528E-001	5,483380330401111E+001
3,0027851E-001	5,497858226656136E+001
3,0029380E-001	5,499793494649360E+001
3,0027851E-001	5,501170376855774E+001
3,0031672E-001	5,501919120160822E+001
3,0025175E-001	5,471755051558237E+001
3,0027470E-001	5,495297970320096E+001
3,0020210E-001	5,520081918318628E+001
3,0025560E-001	5,523447318717975E+001
3,0027086E-001	5,522392573131638E+001
3,0028614E-001	5,577839634468872E+001
3,0025560E-001	5,606340764110380E+001
3,0025941E-001	5,606693298909325E+001
3,0026323E-001	5,608378036729595E+001
3,0030146E-001	5,610728281692532E+001
3,0025560E-001	5,613121865966255E+001
3,0024412E-001	5,611118247751578E+001
3,0028996E-001	5,611729738321835E+001
3,0027851E-001	5,613529325082994E+001
3,0027851E-001	5,616168333099490E+001
3,0025560E-001	5,617195122828798E+001
3,0030143E-001	5,616776887420894E+001
3,0025941E-001	5,617682122657995E+001
3,0022883E-001	5,619872297426458E+001
3,0028617E-001	5,621578307143628E+001
3,0028999E-001	5,617771512232397E+001
3,0027089E-001	5,619061958660870E+001
3,0027086E-001	5,621250095465415E+001
3,0025560E-001	5,624243978750275E+001
3,0024794E-001	5,625206957671698E+001
3,0022120E-001	5,631567003074675E+001
3,0023268E-001	5,638523278808876E+001
3,0025178E-001	5,644857396019061E+001
3,0026323E-001	5,646627953314766E+001
3,0026704E-001	5,645772571747136E+001
3,0030909E-001	5,647217301016421E+001
3,0027851E-001	5,648705661115666E+001
3,0027851E-001	5,651360315418569E+001
3,0027470E-001	5,650658972017061E+001
3,0026707E-001	5,650600372238360E+001
3,0030909E-001	5,653591295623243E+001
3,0026704E-001	5,656607364730197E+001
3,0027470E-001	5,657458539220693E+001
3,0024031E-001	5,521336616836652E+001
3,0026704E-001	5,590536008004332E+001
3,0028233E-001	5,603518968384799E+001
3,0021736E-001	5,608582783896633E+001
3,0024031E-001	5,609248684487185E+001
3,0025941E-001	5,611168383556067E+001
3,0026323E-001	5,629266767726038E+001
3,0027470E-001	5,635850490655420E+001
3,0031672E-001	5,637840302488523E+001
3,4033090E-001	5,637080365150837E+001
3,4802648E-001	6,829605275069403E+001
3,5023507E-001	6,662268871153410E+001
3,5023507E-001	6,578858455990866E+001
3,5026565E-001	6,567575963487829E+001
3,5024270E-001	6,556624419784656E+001
3,5023126E-001	6,557061478511517E+001
3,5027328E-001	6,565339615012144E+001
3,5028857E-001	6,569047875451281E+001
3,5020834E-001	6,574340632390408E+001
3,5022363E-001	6,576152189137832E+001
3,5022363E-001	6,581271760800365E+001
3,5020831E-001	6,584056222540629E+001
3,5027328E-001	6,588782084781597E+001
3,5021216E-001	6,585984075219946E+001
3,5026565E-001	6,587320235226845E+001
3,5019687E-001	6,591272261846457E+001
3,5028857E-001	6,591284738348236E+001
3,5024270E-001	6,594785983706460E+001
3,5025418E-001	6,592118583736733E+001
3,5026181E-001	6,596313291179126E+001
3,5025036E-001	6,602614503954274E+001
3,5026565E-001	6,598276598571253E+001
3,5022742E-001	6,580817427292794E+001
3,5024273E-001	6,585735404559368E+001
3,5021979E-001	6,592772768781336E+001
3,5023507E-001	6,606047834882072E+001
3,5024273E-001	6,605765724584418E+001
3,5021979E-001	6,605208309104029E+001
3,5015866E-001	6,596243104562363E+001
3,5021216E-001	6,497128206657509E+001
3,5026184E-001	6,522578593881862E+001
3,5026562E-001	6,525295740404358E+001
3,5025418E-001	6,529464973602944E+001
3,5025802E-001	6,533825321918663E+001
3,5020453E-001	6,537884176543902E+001
3,5025033E-001	6,537498761342516E+001
3,5024270E-001	6,536551779507070E+001
3,5026184E-001	6,540897318252102E+001
3,5025036E-001	6,543004504279455E+001
3,5025033E-001	6,544428057019275E+001
3,5025418E-001	6,541228369896207E+001
3,5023889E-001	6,545749916488703E+001
3,5020068E-001	6,550679886553429E+001
3,5023507E-001	6,552132125664824E+001
3,5022363E-001	6,550389639201126E+001
3,5027328E-001	6,549027659338839E+001
3,5021216E-001	6,553708026430951E+001
3,5023889E-001	6,556074588075209E+001
3,5024273E-001	6,558683518042238E+001
3,5028094E-001	6,573139537847126E+001
3,5026947E-001	6,591246265446874E+001
3,5026947E-001	6,593697790167008E+001
3,5026950E-001	6,595950267335726E+001
3,5027710E-001	6,594649025084837E+001
3,5020831E-001	6,600797726106865E+001
3,5023889E-001	6,605162705160006E+001
3,5023126E-001	6,606314049335819E+001
3,5020831E-001	6,607468421923575E+001
3,5019687E-001	6,604884254988175E+001
3,5019687E-001	6,607079857155459E+001
3,5025418E-001	6,609746836287773E+001
3,5026184E-001	6,610563031681927E+001
3,5020831E-001	6,608529691481635E+001
3,5027710E-001	6,608803947164833E+001
3,5024273E-001	6,611392676783451E+001
3,5025802E-001	6,613537019641578E+001
3,5020831E-001	6,612474064597635E+001
3,5025418E-001	6,610765714945103E+001
3,5024273E-001	6,609428963965290E+001
3,5029238E-001	6,613431635727783E+001
3,5026184E-001	6,614967424951151E+001
3,5022745E-001	6,613124421517141E+001
3,5021597E-001	6,613811391596751E+001
3,5024270E-001	6,616654710607789E+001
3,5019305E-001	6,617428405695694E+001
3,5025036E-001	6,616101234946834E+001
3,5025036E-001	6,614873266165813E+001
3,5023507E-001	6,619072155126865E+001
3,5024652E-001	6,620825112324471E+001
3,5023507E-001	6,620451098185383E+001
3,5026562E-001	6,618854329346217E+001
3,5022745E-001	6,619819139551254E+001
3,5025036E-001	6,622997364881788E+001
3,5026565E-001	6,623587900480202E+001
3,5025036E-001	6,622400373442146E+001
3,5028094E-001	6,621739725537272E+001
3,5023126E-001	6,625117296423379E+001
3,5026565E-001	6,626686111618039E+001
3,5021216E-001	6,626144367677351E+001
3,5025033E-001	6,625597879473850E+001
3,5029238E-001	6,627189803799952E+001
3,5024273E-001	6,630286347762456E+001
3,5023507E-001	6,629658677153337E+001
3,5025033E-001	6,627638285104007E+001
3,5026181E-001	6,627556786383686E+001
3,5028094E-001	6,631156974310329E+001
3,5025799E-001	6,632596764080587E+001
3,5026947E-001	6,631806811668052E+001
3,5024273E-001	6,630004979652320E+001
3,5023126E-001	6,633213399685764E+001
3,5024273E-001	6,637635080095316E+001
3,5021216E-001	6,637650762926523E+001
3,5021597E-001	6,635042681653363E+001
3,5023507E-001	6,635738702789109E+001
3,5025036E-001	6,638925124530982E+001
3,5020834E-001	6,640124384967773E+001
3,5022360E-001	6,637613338914348E+001
3,5024273E-001	6,637470958081893E+001
3,5025418E-001	6,641275788958040E+001
3,5026184E-001	6,646511827298322E+001
3,5026565E-001	6,644904842394445E+001
3,5021597E-001	6,643179660618686E+001
3,5025036E-001	6,644777861037477E+001
3,5025418E-001	6,648187804971276E+001
3,5021597E-001	6,649593988173304E+001
3,5021979E-001	6,645592800022908E+001
3,5023889E-001	6,646232705129407E+001
3,5021979E-001	6,648120849860942E+001
3,5021216E-001	6,649506547832959E+001
3,5028094E-001	6,647169535749995E+001
3,5023507E-001	6,647303670122281E+001
3,5022745E-001	6,649134027071595E+001
3,5020831E-001	6,651767221870782E+001
3,5022363E-001	6,651860771677832E+001
3,5025036E-001	6,648357726240218E+001
3,5023126E-001	6,649466734446943E+001
3,5026565E-001	6,651435698882671E+001
3,5028857E-001	6,653510596853788E+001
3,5025799E-001	6,650608658151327E+001
3,5023889E-001	6,649666315903401E+001
3,5023507E-001	6,651804396859514E+001
3,5025036E-001	6,653839582305214E+001
3,5022363E-001	6,651740101966533E+001
3,5018539E-001	6,648359893598671E+001
3,5023126E-001	6,651944848980982E+001
3,5023507E-001	6,653819755797146E+001
3,5023507E-001	6,468870420680595E+001
3,5026184E-001	6,448301128550254E+001
3,5025039E-001	6,466179917225176E+001
3,5025418E-001	6,473394308581744E+001
3,5026947E-001	6,485484011340769E+001
3,5027710E-001	6,491279183758896E+001
3,5026184E-001	6,488697759590900E+001
3,5024655E-001	6,493329819644440E+001
3,5027710E-001	6,499218793334467E+001
3,5025418E-001	6,264672539621856E+001
3,5024270E-001	6,283628561752946E+001
3,5021597E-001	6,316495366858744E+001
3,5021979E-001	6,326510276856004E+001
3,5023126E-001	6,338495073301343E+001
3,5028094E-001	6,368017017635388E+001
3,5022360E-001	6,369605710302474E+001
3,5020834E-001	6,373958338662553E+001
3,5024655E-001	6,377081713527834E+001
3,5023889E-001	6,379481649577841E+001
3,5024652E-001	6,376566878004574E+001
3,5021979E-001	6,378263683009597E+001
3,5023126E-001	6,382168965624732E+001
3,5023507E-001	6,384340459667627E+001
3,5017392E-001	6,383586073357064E+001
3,5022745E-001	6,382045299773830E+001
3,5023507E-001	6,385073124709938E+001
3,5019305E-001	6,387210881187893E+001
3,5025418E-001	6,389722614573488E+001
3,5023889E-001	6,384873745356146E+001
3,5023507E-001	6,401194179652103E+001
3,5023507E-001	6,406359570178709E+001
3,5023507E-001	6,412375692538330E+001
3,5025799E-001	6,413942687893469E+001
3,5021216E-001	6,413844663675295E+001
3,5020834E-001	6,417735047684707E+001
3,5023507E-001	6,422726088155029E+001
3,5021213E-001	6,424772146556325E+001
3,5023892E-001	6,422332336771790E+001
3,5024655E-001	6,425934676721802E+001
3,5022742E-001	6,443472058527747E+001
3,5022742E-001	6,446777130174962E+001
3,5025033E-001	6,446001501188083E+001
3,5020831E-001	6,445575956743740E+001
3,5027328E-001	6,449192704271630E+001
3,5017395E-001	6,450539754018793E+001
3,5020450E-001	6,451633280352571E+001
3,5027710E-001	6,449025270643132E+001
3,5020450E-001	6,450863700102417E+001
3,5027713E-001	6,453239980374849E+001
3,5019302E-001	6,455671796384769E+001
3,5021979E-001	6,455071687879618E+001
3,5024273E-001	6,454473592466559E+001
3,5020450E-001	6,458641836437825E+001
3,5018921E-001	6,461707895017477E+001
3,5021979E-001	6,461973044102544E+001
3,5020450E-001	6,459832203594361E+001
3,5023507E-001	6,462995466155961E+001
3,5024273E-001	6,465234041194202E+001
3,5025036E-001	6,465816680979428E+001
3,5023889E-001	6,464279147066075E+001
3,5023889E-001	6,464820387161535E+001
3,5021213E-001	6,468901085354223E+001
3,5022360E-001	6,469907977622090E+001
3,5023507E-001	6,470164916715494E+001
3,5025418E-001	6,450421518923643E+001
3,5027713E-001	6,427746847254032E+001
3,5025036E-001	6,451561993882264E+001
3,5020450E-001	6,465517140948057E+001
3,5025418E-001	6,479259738417417E+001
3,5024270E-001	6,482265095396414E+001
3,5025036E-001	6,487620613872772E+001
3,5026184E-001	6,486982049708691E+001
3,5022745E-001	6,487149270782251E+001
3,5024655E-001	6,485749634211248E+001
3,5021216E-001	6,489493505002848E+001
3,5021216E-001	6,491515761065898E+001
3,5016248E-001	6,489948596109315E+001
3,5022745E-001	6,488842375530832E+001
3,5019687E-001	6,491041463721153E+001
3,5026565E-001	6,495001881454257E+001
3,5022363E-001	6,497785666619797E+001
3,5023126E-001	6,497192475076491E+001
3,5017014E-001	6,496842529846703E+001
3,5022360E-001	6,508204640424262E+001
3,5023889E-001	6,513598705349347E+001
3,5026184E-001	6,512700601536373E+001
3,5024270E-001	6,513088246657252E+001
3,5023126E-001	6,515043597963971E+001
3,5024273E-001	6,518896042061537E+001
3,5028094E-001	6,519776716064497E+001
3,5023889E-001	6,518698171878316E+001
3,5027328E-001	6,518485176725230E+001
3,5023126E-001	6,520299248884093E+001
3,5020834E-001	6,516183749817726E+001
3,5023507E-001	6,521349338174538E+001
3,5025802E-001	6,524366562677028E+001
3,5023889E-001	6,518915764962425E+001
3,5024652E-001	6,523751167153669E+001
3,5026565E-001	6,526001074437070E+001
3,5020068E-001	6,525311994829818E+001
3,5026947E-001	6,525810181182736E+001
3,5026947E-001	6,526064697180377E+001
3,5018921E-001	6,529345481412426E+001
3,5025418E-001	6,525455829214556E+001
3,5023889E-001	6,527602780150728E+001
3,9032948E-001	7,635229685069626E+001
4,0030244E-001	7,512802788208552E+001
4,0027186E-001	7,453831060339405E+001
4,0021837E-001	7,444887834405473E+001
4,0024894E-001	7,440314634979642E+001
4,0022603E-001	7,437341513108879E+001
4,0025657E-001	7,450868901908862E+001
4,0027186E-001	7,457126586393116E+001
4,0025276E-001	7,457657870433637E+001
4,0025660E-001	7,457021756068202E+001
4,0025276E-001	7,461099426154124E+001
4,0026423E-001	7,465127322068865E+001
4,0029097E-001	7,467151180762571E+001
4,0026042E-001	7,480492782662107E+001
4,0027949E-001	7,484700364250334E+001
4,0029097E-001	7,488768841525963E+001
4,0025660E-001	7,490993201323367E+001
4,0026042E-001	7,487385972380922E+001
4,0025660E-001	7,488179493671720E+001
4,0023747E-001	7,491415769083065E+001
4,0027568E-001	7,495550915519314E+001
4,0027568E-001	7,493532216432673E+001
4,0025276E-001	7,491817834065145E+001
4,0024894E-001	7,493940282849232E+001
4,0027186E-001	7,496744351676172E+001
4,0029481E-001	7,497881390126527E+001
4,0026423E-001	7,492282781281480E+001
4,0029097E-001	7,494336110953714E+001
4,0027568E-001	7,496913784511263E+001
4,0023366E-001	7,499497059723006E+001
4,0023366E-001	7,496990970792510E+001
4,0027568E-001	7,495688477168297E+001
4,0024513E-001	7,497548982281215E+001
4,0026805E-001	7,501114466837841E+001
4,0023366E-001	7,500444805108276E+001
4,0024897E-001	7,495845109710096E+001
4,0027186E-001	7,373624039575412E+001
4,0028715E-001	7,297773174774738E+001
4,0025276E-001	7,334131711765008E+001
4,0025276E-001	7,337128144946173E+001
4,0022984E-001	7,340239722020628E+001
4,0021074E-001	7,345177513893414E+001
4,0021837E-001	7,351246565255228E+001
4,0024132E-001	7,352705373885830E+001
4,0024129E-001	7,342571859225539E+001
4,0021837E-001	7,349294333608010E+001
4,0028331E-001	7,358260083498810E+001
4,0023366E-001	7,367995322239616E+001
4,0027949E-001	7,353959222031519E+001
4,0025660E-001	7,377986464307200E+001
4,0024894E-001	7,389967880778089E+001
4,0029097E-001	7,393189648742778E+001
4,0026420E-001	7,394912898908380E+001
4,0031007E-001	7,391197395427069E+001
4,0026420E-001	7,393399374395048E+001
4,0027952E-001	7,396382772602740E+001
4,0026805E-001	7,398412734659635E+001
4,0030244E-001	7,394236930873727E+001
4,0025276E-001	7,395658084931844E+001
4,0028331E-001	7,398669506821884E+001
4,0027952E-001	7,401102240495401E+001
4,0024513E-001	7,399285071107455E+001
4,0022984E-001	7,396965798282750E+001
4,0025276E-001	7,401724855257224E+001
4,0025657E-001	7,401217253926040E+001
4,0023750E-001	7,405295858917991E+001
4,0027568E-001	7,401134822130744E+001
4,0026039E-001	7,402530943076658E+001
4,0027568E-001	7,406316970699157E+001
4,0026805E-001	7,408176995617973E+001
4,0026423E-001	7,405918290116576E+001
4,0026042E-001	7,405125271297715E+001
4,0028715E-001	7,409139445440869E+001
4,0026423E-001	7,420809852535005E+001
4,0027952E-001	7,428011709253805E+001
4,0026420E-001	7,431484074759004E+001
4,0023747E-001	7,437032183267081E+001
4,0023747E-001	7,441904472361114E+001
4,0022984E-001	7,443897633117031E+001
4,0024513E-001	7,443578830008391E+001
4,0022984E-001	7,444249097359307E+001
4,0019926E-001	7,454725828733591E+001
4,0022603E-001	7,456627256241342E+001
4,0021455E-001	7,456125038516252E+001
4,0025657E-001	7,450842408835683E+001
4,0026420E-001	7,455503840685618E+001
4,0025276E-001	7,466488937246085E+001
4,0024513E-001	7,467112785986210E+001
4,0022600E-001	7,456664265824797E+001
4,0026805E-001	7,460149529584717E+001
4,0029097E-001	7,472122299815153E+001
4,0026423E-001	7,480028862972652E+001
4,0024129E-001	7,481402338959498E+001
4,0024894E-001	7,477539142450773E+001
4,0027186E-001	7,481427537934745E+001
4,0027952E-001	7,411258760527366E+001
4,0022603E-001	7,423795208140207E+001
4,0025276E-001	7,443372950334000E+001
4,0020308E-001	7,458485643739461E+001
4,0026805E-001	7,475390382325691E+001
4,0023750E-001	7,479652146654543E+001
4,0020689E-001	7,481499761752487E+001
4,0024129E-001	7,479137709996040E+001
4,0022600E-001	7,483979232487731E+001
4,0024894E-001	7,489428296803852E+001
4,0020689E-001	7,490728584159699E+001
4,0025657E-001	7,487694514716597E+001
4,0025657E-001	7,488805021794211E+001
4,0027568E-001	7,493308736202418E+001
4,0025657E-001	7,494722042207360E+001
4,0020689E-001	7,484293299573302E+001
4,0024132E-001	7,481996141006971E+001
4,0020311E-001	7,487351177305580E+001
4,0025657E-001	7,489981624454551E+001
4,0024897E-001	7,490232241831487E+001
4,0023366E-001	7,484920854063031E+001
4,0026805E-001	7,498796562116199E+001
4,0024513E-001	7,444905939645798E+001
4,0024513E-001	7,291681447631100E+001
4,0022603E-001	7,318001999290887E+001
4,0025276E-001	7,348010998462065E+001
4,0019545E-001	7,170129752971091E+001
4,0021455E-001	7,190411061924603E+001
4,0024894E-001	7,219293847230659E+001
4,0022218E-001	7,220939448010756E+001
4,0029478E-001	7,227487734003817E+001
4,0027568E-001	7,233654717802186E+001
4,0025657E-001	7,230932833578152E+001
4,0026039E-001	7,234658466149075E+001
4,0022984E-001	7,235522720473887E+001
4,0025657E-001	7,241681576372881E+001
4,0026042E-001	7,240617344931201E+001
4,0026805E-001	7,244092787371294E+001
4,0023750E-001	7,243506453738317E+001
4,0026808E-001	7,241642323594790E+001
4,0026042E-001	7,248461960455302E+001
4,0022984E-001	7,251119738995342E+001
4,0027186E-001	7,255626831394358E+001
4,0024132E-001	7,256755062318855E+001
4,0023366E-001	7,261001508806746E+001
4,0028715E-001	7,264139564153353E+001
4,0028334E-001	7,260490824437154E+001
4,0025660E-001	7,259736966538472E+001
4,0027186E-001	7,250399249017426E+001
4,0027186E-001	7,278984671187307E+001
4,0027952E-001	7,282414458871608E+001
4,0027568E-001	7,283064829829199E+001
4,0028334E-001	7,285783088412272E+001
4,0021837E-001	7,290403712918646E+001
4,0024513E-001	7,293752336813056E+001
4,0021455E-001	7,290396906125262E+001
4,0026039E-001	7,291278489857250E+001
4,0018782E-001	7,294411063788925E+001
4,0026039E-001	7,298002218512214E+001
4,0023747E-001	7,296611161805930E+001
4,0026805E-001	7,294908759113997E+001
4,0022600E-001	7,297197730576850E+001
4,0025276E-001	7,301113027459208E+001
4,0026039E-001	7,302171712788686E+001
4,0024132E-001	7,299186745214500E+001
4,0024510E-001	7,300699682111851E+001
4,0019926E-001	7,306703826398049E+001
4,0024510E-001	7,310556931964138E+001
4,0030241E-001	7,307915332013371E+001
4,0025657E-001	7,306346504306504E+001
4,0024513E-001	7,310728797202854E+001
4,0026042E-001	7,315822822600096E+001
4,0024513E-001	7,315847793761614E+001
4,0024894E-001	7,311811223682835E+001
4,0027186E-001	7,312757397717968E+001
4,0021837E-001	7,314385316460265E+001
4,0029097E-001	7,317190061709341E+001
4,0024897E-001	7,312392215671389E+001
4,0021455E-001	7,310487319535621E+001
4,0022984E-001	7,310288950084808E+001
4,0022218E-001	7,319976502056832E+001
4,0026420E-001	7,319985517407402E+001
4,0022218E-001	7,316106836279144E+001
4,0026042E-001	7,319442237516968E+001
4,0025276E-001	7,321619321922552E+001
4,0022600E-001	7,324514714451750E+001
4,0024513E-001	7,321134620677397E+001
4,0024510E-001	7,320015087262884E+001
4,0024897E-001	7,322470330092243E+001
4,0024513E-001	7,324396015260520E+001
4,0026805E-001	7,323840070117080E+001
4,0025660E-001	7,318715054728823E+001
4,0029863E-001	7,324684812417473E+001
4,0024129E-001	7,325470098081843E+001
4,0022603E-001	7,321854940367226E+001
4,0022984E-001	7,323654017866286E+001
4,0027186E-001	7,323776042863265E+001
4,0027952E-001	7,327586528799371E+001
4,0022603E-001	7,329702356947303E+001
4,0022603E-001	7,327553748952352E+001
4,0024129E-001	7,323926596761112E+001
4,0019545E-001	7,327171316996889E+001
4,0022984E-001	7,329111027586661E+001
4,0028331E-001	7,329705542067013E+001
4,0025276E-001	7,327712272515926E+001
4,0023366E-001	7,336274972927551E+001
4,0023366E-001	7,340852136129116E+001
4,0024132E-001	7,343568895841302E+001
4,0024894E-001	7,336384936766997E+001
4,0022603E-001	7,334838905844154E+001
4,0021837E-001	7,318506622564132E+001
4,0020311E-001	7,343415622216826E+001
4,0027949E-001	7,349043036452004E+001
4,0021455E-001	7,342536827333785E+001
4,0022603E-001	7,345332534038933E+001
4,0024129E-001	7,348098324666663E+001
4,0024510E-001	7,358524059945908E+001
4,0024513E-001	7,358325072819299E+001
4,0022984E-001	7,356605093527801E+001
4,0023747E-001	7,360928795877018E+001
4,0021455E-001	7,359366979583902E+001
4,0021837E-001	7,361412377889968E+001
4,0022221E-001	7,358211164430190E+001
4,0022600E-001	7,362634768515331E+001
4,0021455E-001	7,368015859196923E+001
4,0024129E-001	7,369464543925901E+001
4,0021837E-001	7,366458383419051E+001
4,0025657E-001	7,364868883409414E+001
4,0022984E-001	7,369675432755692E+001
4,0024894E-001	7,370914354295779E+001
4,0023366E-001	7,371742607185354E+001
4,0024129E-001	7,367639057277003E+001
4,0022984E-001	7,370649839213414E+001
4,0021837E-001	7,373737891049237E+001
4,0024513E-001	7,375101276246032E+001
4,0020308E-001	7,373733048977581E+001
4,0022984E-001	7,373696475337741E+001
4,0022600E-001	7,376853581435563E+001
4,0026808E-001	7,374678646840825E+001
4,0022218E-001	7,373647186548654E+001
4,0023747E-001	7,369564569715781E+001
4,0028331E-001	7,388523983189121E+001
4,0022603E-001	7,392353082559535E+001
4,0024894E-001	7,392967958368524E+001
4,0026420E-001	7,392170689061275E+001
4,0019545E-001	7,398425548546987E+001
4,4031274E-001	8,499453187126356E+001
4,5027044E-001	8,360309801805879E+001
4,5029336E-001	8,311871078048034E+001
4,5030099E-001	8,310782120348406E+001
4,5024371E-001	8,305736524822994E+001
4,5025134E-001	8,313371661124273E+001
4,5027044E-001	8,302864965302210E+001
4,5029721E-001	8,309743613394681E+001
4,5031247E-001	8,312175097983693E+001
4,5026663E-001	8,313542322749677E+001
4,5028192E-001	8,318620924715133E+001
4,5030099E-001	8,319028004803540E+001
4,5030484E-001	8,316882591693923E+001
4,5023987E-001	8,315955702327247E+001
4,5030102E-001	8,322190517395640E+001
4,5029721E-001	8,325232184495184E+001
4,5028573E-001	8,323861543744005E+001
4,5028192E-001	8,320151095041874E+001
4,5025519E-001	8,322920866230007E+001
4,5029336E-001	8,328340834628646E+001
4,5029339E-001	8,327484762371913E+001
4,5027429E-001	8,331090768932735E+001
4,5031631E-001	8,332273226085410E+001
4,5026663E-001	8,339967644004395E+001
4,5021695E-001	8,340921719498469E+001
4,5029339E-001	8,338579483568937E+001
4,5027807E-001	8,337317954453816E+001
4,5028955E-001	8,338376946942726E+001
4,5027426E-001	8,343518799184437E+001
4,5030102E-001	8,343676448571965E+001
4,5025516E-001	8,339611586103555E+001
4,5029721E-001	8,339843484455361E+001
4,5033160E-001	8,346556282781678E+001
4,5024368E-001	8,348006710827353E+001
4,5027044E-001	8,345711306564043E+001
4,5023987E-001	8,344229310982172E+001
4,5028955E-001	8,345748431809122E+001
4,5027810E-001	8,351262060488448E+001
4,5031250E-001	8,351010382167880E+001
4,5028576E-001	8,347394006801865E+001
4,5030102E-001	8,350064183718683E+001
4,5029721E-001	8,355227130626454E+001
4,5028189E-001	8,356488878857792E+001
4,5028189E-001	8,358447813538626E+001
4,5029721E-001	8,359572166136610E+001
4,5027044E-001	8,363932358202325E+001
4,5028189E-001	8,365257661122767E+001
4,5033923E-001	8,363707468365101E+001
4,5030865E-001	8,361908215695135E+001
4,5025516E-001	8,363015657739713E+001
4,5029336E-001	8,368474224466965E+001
4,5028192E-001	8,370234323083204E+001
4,5025900E-001	8,366522076590500E+001
4,5027426E-001	8,364733803382482E+001
4,5027810E-001	8,370935982189066E+001
4,5027044E-001	8,375123908015075E+001
4,5025134E-001	8,371899448552516E+001
4,5027810E-001	8,368540403667855E+001
4,5025134E-001	8,369398429049637E+001
4,5027426E-001	8,374387542792617E+001
4,5027044E-001	8,375246723875112E+001
4,5030484E-001	8,370027114520842E+001
4,5029336E-001	8,370068709370526E+001
4,5027810E-001	8,371340044699274E+001
4,5025897E-001	8,375809025525059E+001
4,5025516E-001	8,371558077541695E+001
4,5025516E-001	8,369191744474104E+001
4,5023987E-001	8,371657022093754E+001
4,5030484E-001	8,375162879878853E+001
4,5030865E-001	8,377043690015479E+001
4,5030484E-001	8,371989221809179E+001
4,5027044E-001	8,374386922065062E+001
4,5028955E-001	8,376486714751164E+001
4,5026278E-001	8,380374272222419E+001
4,5030102E-001	8,376748751043185E+001
4,5028192E-001	8,374967156607308E+001
4,5031250E-001	8,377953095708618E+001
4,5030484E-001	8,380683087080072E+001
4,5023990E-001	8,376880739724497E+001
4,5029721E-001	8,373924952906664E+001
4,5028192E-001	8,376557228821549E+001
4,5029718E-001	8,378438978747015E+001
4,5026663E-001	8,381357050414971E+001
4,5031250E-001	8,375314824767945E+001
4,5032397E-001	8,375885391646374E+001
4,5029339E-001	8,378485620441309E+001
4,5028573E-001	8,381513456821510E+001
4,5027426E-001	8,380310596683701E+001
4,5025134E-001	8,373977170925561E+001
4,5028576E-001	8,377577043605612E+001
4,5025900E-001	8,379196591986369E+001
4,5027810E-001	8,381995629074900E+001
4,5023224E-001	8,374772891618269E+001
4,5025134E-001	8,375967397263679E+001
4,5024371E-001	8,379090702243704E+001
4,5028955E-001	8,380983403554944E+001
4,5031631E-001	8,377358614950192E+001
4,5024753E-001	8,369262649016910E+001
4,5027429E-001	8,366668779169891E+001
4,5027807E-001	8,372145925151760E+001
4,5023605E-001	8,378412886674822E+001
4,5026663E-001	8,373638879748800E+001
4,5031250E-001	8,376204548301165E+001
4,5026281E-001	8,379133541752842E+001
4,5027044E-001	8,379626098070217E+001
4,5027426E-001	8,377066174299493E+001
4,5029336E-001	8,373193166236565E+001
4,5026663E-001	8,376369769557780E+001
4,5023224E-001	8,375086051568807E+001
4,5023987E-001	8,377669787290816E+001
4,5028955E-001	8,371242656696325E+001
4,5028573E-001	8,358684253516525E+001
4,5032012E-001	8,359130478503381E+001
4,5027426E-001	8,362929085624489E+001
4,5029721E-001	8,359943189400377E+001
4,5027044E-001	8,365213842304522E+001
4,5026663E-001	8,374462862618738E+001
4,5027810E-001	8,378745796076544E+001
4,5028192E-001	8,381544646550080E+001
4,5027429E-001	8,379035536226685E+001
4,5021695E-001	8,383482322227692E+001
4,5028955E-001	8,387343980955617E+001
4,5025134E-001	8,389319044024309E+001
4,5028955E-001	8,385197988012000E+001
4,5025519E-001	8,383014877757876E+001
4,5025134E-001	8,387717891487523E+001
4,5027044E-001	8,389077969341707E+001
4,5025900E-001	8,364719924445365E+001
4,5025134E-001	8,099725403285709E+001
4,5025134E-001	8,204973310912756E+001
4,5027810E-001	8,220388584587090E+001
4,5023987E-001	8,237450731166798E+001
4,5028573E-001	8,246383497963504E+001
4,5027426E-001	8,253955003892081E+001
4,5026281E-001	8,270643341105657E+001
4,5027044E-001	8,281924530050310E+001
4,5029721E-001	8,284507958460300E+001
4,5027807E-001	8,284740208832378E+001
4,5025900E-001	8,294836456035672E+001
4,5028955E-001	8,300783925515752E+001
4,5030102E-001	8,303575354114102E+001
4,5021695E-001	8,302289135209539E+001
4,5029339E-001	8,304644806808355E+001
4,5029718E-001	8,310442572915511E+001
4,5024368E-001	8,279743641475930E+001
4,5024753E-001	8,307621195280761E+001
4,5024753E-001	8,318158928396088E+001
4,5022458E-001	8,331789568846628E+001
4,5028192E-001	8,363824086257451E+001
4,5019403E-001	8,366994577823139E+001
4,5025516E-001	8,362076597962573E+001
4,5025516E-001	8,367702641958458E+001
4,5025516E-001	8,373480231978681E+001
4,5028955E-001	8,376948060740602E+001
4,5022458E-001	8,378120295725049E+001
4,5022458E-001	8,374384900885812E+001
4,5030484E-001	8,379496050612097E+001
4,5028573E-001	8,383293702838162E+001
4,5030102E-001	8,384227612926452E+001
4,5027429E-001	8,382791962865770E+001
4,5026281E-001	8,385681103563756E+001
4,5027044E-001	8,390727813438561E+001
4,5025900E-001	8,391965807702013E+001
4,5025900E-001	8,391046032745916E+001
4,5025134E-001	8,387571265965020E+001
4,5025134E-001	8,392832263564966E+001
4,5030487E-001	8,396338325970432E+001
4,5032778E-001	8,397312199438637E+001
4,5025519E-001	8,398576027900739E+001
4,5027810E-001	8,398961539079912E+001
4,5029336E-001	8,408987014339280E+001
4,5028955E-001	8,407536039113417E+001
4,5028573E-001	8,437594512467973E+001
4,5025516E-001	8,441906363315424E+001
4,5030484E-001	8,447946519565423E+001
4,5029718E-001	8,454933461422837E+001
4,5026666E-001	8,455121596193214E+001
4,5029339E-001	8,454076546423163E+001
4,5025519E-001	8,457233850274895E+001
4,5023605E-001	8,463155866873471E+001
4,5025134E-001	8,462576601264355E+001
4,5027044E-001	8,460670047566290E+001
4,5029339E-001	8,461756743608147E+001
4,5030865E-001	8,467644995557433E+001
4,5026281E-001	8,469759669225357E+001
4,5031628E-001	8,466728369862891E+001
4,5034304E-001	8,360478752310635E+001
4,5028573E-001	8,339686622421368E+001
4,5025897E-001	8,370026892200279E+001
4,5027807E-001	8,394632091186116E+001
4,5023605E-001	8,389614494318639E+001
4,5033538E-001	8,428017154590530E+001
4,5027810E-001	8,433610124702523E+001
4,5026278E-001	8,440326365716916E+001
4,5029718E-001	8,438684483046043E+001
4,5027429E-001	8,451355584592950E+001
4,5030102E-001	8,459994461916899E+001
4,5027810E-001	8,468658197029562E+001
4,5029336E-001	8,468174295497562E+001
4,5021313E-001	8,468458705905138E+001
4,5027429E-001	8,473256489382054E+001
4,5027044E-001	8,479237355316833E+001
4,5026663E-001	8,481383882470668E+001
4,5032397E-001	8,476897773501139E+001
4,5026281E-001	8,479176666075799E+001
4,5028573E-001	8,483600852436342E+001
4,5029721E-001	8,489861076440924E+001
4,5027426E-001	8,487878163640588E+001
4,5025516E-001	8,487073969131747E+001
4,5029721E-001	8,489824729851871E+001
4,5028955E-001	8,494696923883645E+001
4,5030484E-001	8,496510604044209E+001
4,5026663E-001	8,492709873204787E+001
4,5028573E-001	8,497157987178238E+001
4,5028573E-001	8,501209517584543E+001
4,5027426E-001	8,507376962656119E+001
4,5029339E-001	8,504003216080412E+001
4,5028955E-001	8,503469169588648E+001
4,5030484E-001	8,508592535806943E+001
4,5028955E-001	8,512910683346449E+001
4,5027429E-001	8,512472612351495E+001
4,5024753E-001	8,511626452051799E+001
4,5032394E-001	8,523865114928113E+001
4,5031250E-001	8,528019419690041E+001
4,5029721E-001	8,531322164524452E+001
4,5028955E-001	8,520365278871682E+001
4,5026663E-001	8,521732912878399E+001
4,5033160E-001	8,526574715216289E+001
4,5031250E-001	8,530626133470493E+001
4,5032775E-001	8,529924798766496E+001
4,5030484E-001	8,524205315894959E+001
4,5032012E-001	8,529814858883347E+001
4,5028573E-001	8,537475133124714E+001
4,5032012E-001	8,543351245638880E+001
4,5031247E-001	8,539329346580979E+001
4,5031628E-001	8,543869741898317E+001
4,5024753E-001	8,548918417562965E+001
4,5027426E-001	8,553385357830838E+001
4,5030102E-001	8,551546848415498E+001
4,5030865E-001	8,545836693241951E+001
4,9008971E-001	8,551762250724117E+001
4,9807191E-001	9,757249697172453E+001
5,0030345E-001	9,519983705918601E+001
5,0031108E-001	9,483260323032883E+001
5,0026518E-001	9,472611584055376E+001
5,0023848E-001	9,476874150691378E+001
5,0025761E-001	9,481683778498427E+001
5,0024992E-001	9,487403424486423E+001
5,0026906E-001	9,441717010215832E+001
5,0029194E-001	9,464626126395150E+001
5,0031489E-001	9,487206338757566E+001
5,0032634E-001	9,496908249250460E+001
5,0031102E-001	9,503524134122182E+001
5,0031108E-001	9,497887590248102E+001
5,0027281E-001	9,501444215093808E+001
5,0026143E-001	9,508540091127557E+001
5,0027287E-001	9,509633143523334E+001
5,0030339E-001	9,516165319591671E+001
5,0028431E-001	9,516878409819645E+001
5,0037217E-001	9,524165735290606E+001
5,0026906E-001	9,539034486429161E+001
5,0028813E-001	9,560306946988521E+001
5,0029957E-001	9,554941639846146E+001
5,0032634E-001	9,565071123592028E+001
5,0024611E-001	9,575172446173869E+001
5,0031108E-001	9,580617128623425E+001
5,0031489E-001	9,577618079627986E+001
5,0024617E-001	9,577193285305731E+001
5,0030345E-001	9,584731979343832E+001
5,0028437E-001	9,601017146533793E+001
5,0026524E-001	9,621048063330100E+001
5,0022697E-001	9,620685468106096E+001
5,0030726E-001	9,627183030373509E+001
5,0028437E-001	9,631899378759258E+001
5,0030345E-001	9,634805870379311E+001
5,0027287E-001	9,629807389418077E+001
5,0028813E-001	9,629398477511997E+001
5,0032252E-001	9,635697539408184E+001
5,0032634E-001	9,638204036358711E+001
5,0026143E-001	9,638167111614125E+001
5,0029957E-001	9,629296466858784E+001
5,0026906E-001	9,635905127609229E+001
5,0027668E-001	9,639193977942557E+001
5,0027668E-001	9,640567977458468E+001
5,0026906E-001	9,635431552768165E+001
5,0025761E-001	9,636176646323365E+001
5,0027287E-001	9,642871674110903E+001
5,0025374E-001	9,643866470431199E+001
5,0026906E-001	9,641886607710286E+001
5,0026524E-001	9,636613037478187E+001
5,0030345E-001	9,643031281964056E+001
5,0024611E-001	9,646339290317887E+001
5,0026137E-001	9,646702421888340E+001
5,0031871E-001	9,641286816282779E+001
5,0026906E-001	9,642463268033691E+001
5,0024611E-001	9,649290448839704E+001
5,0030339E-001	9,649692550900645E+001
5,0025755E-001	9,646649218761996E+001
5,0026137E-001	9,643427511374701E+001
5,0027668E-001	9,650699330100882E+001
5,0026524E-001	9,654383286340186E+001
5,0026143E-001	9,652727270520765E+001
5,0025755E-001	9,647921681562696E+001
5,0031489E-001	9,649416659322630E+001
5,0027281E-001	9,656219842477891E+001
5,0027668E-001	9,656554944262480E+001
5,0028437E-001	9,651770932148217E+001
5,0031871E-001	9,650663137778190E+001
5,0026137E-001	9,658293941956556E+001
5,0030345E-001	9,662047313328230E+001
5,0029957E-001	9,659251398493196E+001
5,0025374E-001	9,655337436754917E+001
5,0024992E-001	9,658235866851329E+001
5,0026137E-001	9,664983442552794E+001
5,0028437E-001	9,664868929000096E+001
5,0027287E-001	9,658261689453300E+001
5,0027287E-001	9,658365764315549E+001
5,0024992E-001	9,666384417929983E+001
5,0029582E-001	9,634886198445305E+001
5,0032634E-001	9,531939336713789E+001
5,0031489E-001	9,210141950959992E+001
5,0029582E-001	9,290944658079366E+001
5,0026906E-001	9,362641445016310E+001
5,0029194E-001	9,385442449315457E+001
5,0023085E-001	9,402508283029047E+001
5,0029200E-001	9,429054761208212E+001
5,0026906E-001	9,444904426678188E+001
5,0030339E-001	9,445572485319333E+001
5,0021553E-001	9,440081915417446E+001
5,0026143E-001	9,443357677676713E+001
5,0028813E-001	9,446764018399971E+001
5,0026906E-001	9,451328536947896E+001
5,0028431E-001	9,453060532993848E+001
5,0028050E-001	9,440420586995825E+001
5,0027287E-001	9,443500144416151E+001
5,0024229E-001	9,454425687447279E+001
5,0026518E-001	9,457285997120368E+001
5,0033015E-001	9,450232383508342E+001
5,0030345E-001	9,450505762268909E+001
5,0027287E-001	9,455385943819195E+001
5,0025755E-001	9,462810646307784E+001
5,0026143E-001	9,458750285029673E+001
5,0030345E-001	9,454746446580140E+001
5,0023848E-001	9,457886405765906E+001
5,0028813E-001	9,463836508760457E+001
5,0029194E-001	9,465649549882919E+001
5,0025755E-001	9,458311449416780E+001
5,0025761E-001	9,463299872089186E+001
5,0028813E-001	9,469473290061300E+001
5,0028813E-001	9,475709097866536E+001
5,0028050E-001	9,469733548094000E+001
5,0026137E-001	9,467255206966938E+001
5,0029576E-001	9,469585648309989E+001
5,0023466E-001	9,466970845082312E+001
5,0031489E-001	9,469971941044356E+001
5,0025374E-001	9,462358030329554E+001
5,0026906E-001	9,465497269605635E+001
5,0026137E-001	9,468926553139531E+001
5,0024992E-001	9,474289116751564E+001
5,0027281E-001	9,467614811468209E+001
5,0028431E-001	9,466421057623356E+001
5,0026518E-001	9,470192948130020E+001
5,0031489E-001	9,474813447972085E+001
5,0029576E-001	9,474192053150477E+001
5,0021553E-001	9,467004238790432E+001
5,0032252E-001	9,471763633594503E+001
5,0030339E-001	9,475099915417064E+001
5,0028437E-001	9,480594967893529E+001
5,0028050E-001	9,472867395371652E+001
5,0028437E-001	9,472473456763069E+001
5,0032634E-001	9,475519721488462E+001
5,0027668E-001	9,480335185477297E+001
5,0029200E-001	9,478727652172529E+001
5,0026137E-001	9,471723336352274E+001
5,0026137E-001	9,475405702473130E+001
5,0025374E-001	9,477868266164489E+001
5,0027287E-001	9,482097244390219E+001
5,0028050E-001	9,473534792849451E+001
5,0026906E-001	9,475566085472786E+001
5,0027668E-001	9,479308227138367E+001
5,0026906E-001	9,482861027521086E+001
5,0026906E-001	9,480372403038052E+001
5,0027668E-001	9,474840516454213E+001
5,0027287E-001	9,476866397700459E+001
5,0030339E-001	9,477919967978541E+001
5,0028050E-001	9,481807470212978E+001
5,0027281E-001	9,473018574879868E+001
5,0020790E-001	9,476180915352822E+001
5,0029576E-001	9,479257000788195E+001
5,0023079E-001	9,482397983686147E+001
5,0023079E-001	9,480284822774610E+001
5,0026518E-001	9,478233688537003E+001
5,0029200E-001	9,484435056186338E+001
5,0025755E-001	9,483833259906487E+001
5,0023848E-001	9,484394252352300E+001
5,0022697E-001	9,477769246996949E+001
5,0026906E-001	9,483960489218782E+001
5,0025755E-001	9,486812600191712E+001
5,0025761E-001	9,489085920866816E+001
5,0024992E-001	9,485464121153741E+001
5,0021935E-001	9,479610087192378E+001
5,0021935E-001	9,484534609106333E+001
5,0025380E-001	9,487761833766717E+001
5,0023848E-001	9,475551821556411E+001
5,0024229E-001	9,419765039599022E+001
5,0029582E-001	9,418466946457099E+001
5,0024992E-001	9,432506055698475E+001
5,0025374E-001	9,437839684525842E+001
5,0026518E-001	9,438427239777501E+001
5,0024992E-001	9,436666142931253E+001
5,0024992E-001	9,442753226977848E+001
5,0024992E-001	9,445124270128566E+001
5,0026137E-001	9,443626742014564E+001
5,0025374E-001	9,438450876405295E+001
5,0021553E-001	9,445764242831501E+001
5,0026143E-001	9,426659962563730E+001
5,0024611E-001	9,411279243638805E+001
5,0023848E-001	9,406606364492436E+001
5,0021553E-001	9,406654864249522E+001
5,0022316E-001	9,414963784900095E+001
5,0027668E-001	9,415881996288037E+001
5,0025755E-001	9,414807217360740E+001
5,0026906E-001	9,410145695483946E+001
5,0023466E-001	9,419524736858577E+001
5,0029963E-001	9,426217961057202E+001
5,0024229E-001	9,426756047008297E+001
5,0026143E-001	9,407344337686128E+001
5,0026518E-001	9,409109591789560E+001
5,0027287E-001	9,418799071251865E+001
5,0028437E-001	9,423964864839395E+001
5,0028431E-001	9,423086447916570E+001
5,0020790E-001	9,411696033047527E+001
5,0024229E-001	9,420907913620813E+001
5,0029194E-001	9,430450691114082E+001
5,0023466E-001	9,431034241696450E+001
5,0023842E-001	9,427745122198078E+001
5,0021553E-001	9,430284488564716E+001
5,0028050E-001	9,437630581432180E+001
5,0026906E-001	9,438655707190499E+001
5,0021553E-001	9,434203974442539E+001
5,0028813E-001	9,431305549534115E+001
5,0021935E-001	9,438721059365001E+001
5,0026137E-001	9,442538685956805E+001
5,0023466E-001	9,442167554355632E+001
5,0026906E-001	9,437304851596072E+001
5,0028813E-001	9,245221449832015E+001
5,0027287E-001	9,249651929832854E+001
5,0024992E-001	8,979831812695579E+001
5,0024229E-001	9,033158245317134E+001
5,0029200E-001	9,041935731653372E+001
5,0023842E-001	9,066849137128929E+001
5,0025380E-001	9,080862973847695E+001
5,0025761E-001	9,122453237349525E+001
5,0024992E-001	9,125856457039990E+001
5,0023848E-001	9,137298019218677E+001
5,0024611E-001	9,147384370639250E+001
5,0022703E-001	9,148599821414584E+001
5,0027668E-001	9,146269896123792E+001
5,0022316E-001	9,147179962369927E+001
5,0024229E-001	9,153673395456327E+001
5,0020409E-001	9,157104225773710E+001
5,0024617E-001	9,149773127566051E+001
5,0021935E-001	9,147889590683752E+001
5,0022697E-001	9,153241509001326E+001
5,0022703E-001	9,161146740676858E+001
5,0023085E-001	9,159436340700789E+001
5,0023848E-001	9,155217193865688E+001
5,0029200E-001	9,157964420955354E+001
5,0024229E-001	9,155417582817283E+001
5,0025761E-001	9,158593634685849E+001
5,0028431E-001	9,153819653242006E+001
5,0025374E-001	9,155514099390767E+001
5,0026137E-001	9,162290498792910E+001
5,0025761E-001	9,169358681497103E+001
5,0027668E-001	9,167316617846883E+001
5,0023085E-001	9,164537626077461E+001
5,0023079E-001	9,166113513263267E+001
5,0022316E-001	9,168191022165848E+001
5,0018495E-001	9,170282265047045E+001
5,0024617E-001	9,164257787813555E+001
5,0028050E-001	9,165811192241226E+001
5,4024881E-001	9,169488709719685E+001
5,4810870E-001	1,031627833678299E+002
5,5021030E-001	1,010441461240620E+002
5,5021411E-001	1,006299630264406E+002
5,5024850E-001	1,005642357649536E+002
5,5022943E-001	1,006235257765222E+002
5,5023706E-001	1,007241890511599E+002
5,5025613E-001	1,007413158750178E+002
5,5026001E-001	1,006747633815763E+002
5,5024469E-001	1,007224289284347E+002
5,5026376E-001	1,007755126486478E+002
5,5027527E-001	1,008507242548569E+002
5,5024087E-001	1,007910543268969E+002
5,5024469E-001	1,007570055665763E+002
5,5022180E-001	1,008250640689670E+002
5,5026764E-001	1,008875713825578E+002
5,5025995E-001	1,008916852055987E+002
5,5025613E-001	1,008265236362646E+002
5,5023706E-001	1,008685608931859E+002
5,5024469E-001	1,008966645010736E+002
5,5025995E-001	1,009445430407963E+002
5,5021793E-001	1,008596263241736E+002
5,5026764E-001	1,008547629481962E+002
5,5027527E-001	1,009164960094481E+002
5,5021411E-001	1,009660877053420E+002
5,5023706E-001	1,009523491796043E+002
5,5026376E-001	1,008632181302946E+002
5,5022943E-001	1,008965446219202E+002
5,5029815E-001	1,009061516686717E+002
5,5024850E-001	1,009447802371524E+002
5,5028671E-001	1,008288968190028E+002
5,5019504E-001	1,008074251631869E+002
5,5023706E-001	1,008269289585404E+002
5,5024850E-001	1,008568075039120E+002
5,5022180E-001	1,008413192070119E+002
5,5030966E-001	1,007798245826557E+002
5,5032873E-001	1,008285960392710E+002
5,5026376E-001	1,008648844801292E+002
5,5025232E-001	1,009392731020035E+002
5,5026376E-001	1,008333368398669E+002
5,5022562E-001	1,009330699234410E+002
5,5021030E-001	1,009215030011518E+002
5,5023324E-001	1,010449399610572E+002
5,5024469E-001	1,009839861127766E+002
5,5030584E-001	1,009435039462266E+002
5,5023324E-001	1,010262968987576E+002
5,5024469E-001	1,010338518931501E+002
5,5023324E-001	1,010774239355716E+002
5,5023706E-001	1,009272484770659E+002
5,5027527E-001	1,009359899766154E+002
5,5025232E-001	1,009353430695556E+002
5,5022562E-001	1,009578163886048E+002
5,5028290E-001	1,009169724666745E+002
5,5023324E-001	1,008690926848864E+002
5,5021799E-001	1,009360534592830E+002
5,5022562E-001	1,009477677326502E+002
5,5019885E-001	1,010709957127530E+002
5,5026764E-001	1,008858055072690E+002
5,5022937E-001	1,009137490687660E+002
5,5024850E-001	1,009766551509825E+002
5,5022556E-001	1,009549664556714E+002
5,5021411E-001	1,009020567024427E+002
5,5026376E-001	1,008571331020647E+002
5,5024469E-001	1,009182627804278E+002
5,5021411E-001	1,009475414127593E+002
5,5028290E-001	1,010760104574475E+002
5,5023706E-001	1,009648104897336E+002
5,5024469E-001	1,010258555520057E+002
5,5028290E-001	1,010845487999484E+002
5,5024850E-001	1,010952602778801E+002
5,5024087E-001	1,010072043262538E+002
5,5027527E-001	1,009557544027739E+002
5,5023324E-001	1,010474359205929E+002
5,5024087E-001	1,010893862726048E+002
5,5029052E-001	1,010493228408065E+002
5,5027908E-001	1,009799432522619E+002
5,5027145E-001	1,010162633444270E+002
5,5024850E-001	1,010155447271603E+002
5,5028290E-001	1,010173011206373E+002
5,5027145E-001	1,009021360893466E+002
5,5024850E-001	1,008423600593942E+002
5,5025613E-001	1,009229709668871E+002
5,5024469E-001	1,010753790914648E+002
5,5022180E-001	1,011004969555637E+002
5,5028290E-001	1,010333733805648E+002
5,5030966E-001	1,010864121392289E+002
5,5024469E-001	1,011127555923480E+002
5,5025232E-001	1,011024120251921E+002
5,5024469E-001	1,009743383937219E+002
5,5024087E-001	1,009313989608744E+002
5,5027145E-001	1,010113711674845E+002
5,5026382E-001	1,010231328666952E+002
5,5022556E-001	1,009762407695634E+002
5,5025995E-001	1,009607150199646E+002
5,5026376E-001	1,010755882391141E+002
5,5029434E-001	1,011190715730373E+002
5,5026764E-001	1,011007954266405E+002
5,5026001E-001	1,010404125851493E+002
5,5024469E-001	1,010636871066113E+002
5,5022556E-001	1,011183556916716E+002
5,5027145E-001	1,011226442644728E+002
5,5027145E-001	1,011276843967412E+002
5,5028671E-001	1,011094146544584E+002
5,5026764E-001	1,011925656987343E+002
5,5021799E-001	1,012181756435340E+002
5,5027527E-001	1,011971311010713E+002
5,5023706E-001	1,011487310586498E+002
5,5026382E-001	1,011829809969540E+002
5,5023324E-001	1,012528157689208E+002
5,5029052E-001	1,012296990904804E+002
5,5026764E-001	1,011876378787855E+002
5,5022556E-001	1,012010687400257E+002
5,5030578E-001	1,012593865866528E+002
5,5029821E-001	1,012791570125672E+002
5,5027145E-001	1,012287729399443E+002
5,5028290E-001	1,011778795579213E+002
5,5021030E-001	1,011963851797267E+002
5,5029815E-001	1,012604241141448E+002
5,5025232E-001	1,012316707198637E+002
5,5025613E-001	1,011515979242618E+002
5,5024087E-001	1,011522964701169E+002
5,5026764E-001	1,012386485291831E+002
5,5024469E-001	1,012695766976890E+002
5,5023706E-001	1,011977040106316E+002
5,5024850E-001	1,011743707489338E+002
5,5025619E-001	1,012179406047708E+002
5,5026382E-001	1,012540706639721E+002
5,5026001E-001	1,012124344980643E+002
5,5029815E-001	1,011606351696683E+002
5,5024469E-001	1,011790146134920E+002
5,5024850E-001	1,012426415483879E+002
5,5029815E-001	1,012547142247793E+002
5,5024850E-001	1,011851205645740E+002
5,5026764E-001	1,011659517225370E+002
5,5026001E-001	1,012051381462564E+002
5,5029821E-001	1,012626811744435E+002
5,5024087E-001	1,012111156076501E+002
5,5023324E-001	1,011726055053589E+002
5,5028290E-001	1,012268441602936E+002
5,5022943E-001	1,012786254802662E+002
5,5024850E-001	1,012905896773458E+002
5,5025232E-001	1,012095994500801E+002
5,5026758E-001	1,012252912061528E+002
5,5029821E-001	1,012851249112776E+002
5,5026376E-001	1,013591026353144E+002
5,5032492E-001	1,012735871393797E+002
5,5027527E-001	1,012288571486257E+002
5,5027908E-001	1,012486345249187E+002
5,5030203E-001	1,013345724421288E+002
5,5022556E-001	1,013383343196652E+002
5,5029440E-001	1,012234178387959E+002
5,5024469E-001	1,012557758443740E+002
5,5024469E-001	1,012781692622982E+002
5,5024850E-001	1,013195202215947E+002
5,5024469E-001	1,012512351216031E+002
5,5021030E-001	1,012665835564391E+002
5,5028290E-001	1,013113505665421E+002
5,5025995E-001	1,013553663406643E+002
5,5023324E-001	1,013415639782551E+002
5,5024087E-001	1,012040983116354E+002
5,5025232E-001	1,013079910709128E+002
5,5026758E-001	1,013623041780588E+002
5,5023324E-001	1,014219294847409E+002
5,5023706E-001	1,013263706947902E+002
5,5023706E-001	1,013437655469142E+002
5,5024850E-001	1,013924064203354E+002
5,5027145E-001	1,014444592475781E+002
5,5025619E-001	1,014223044847503E+002
5,5019504E-001	1,013304760781947E+002
5,5025232E-001	1,013771934515062E+002
5,5027527E-001	1,014031100308353E+002
5,5027527E-001	1,014490151269046E+002
5,5021793E-001	1,013512813445284E+002
5,5029821E-001	1,013553314514422E+002
5,5026382E-001	1,013953921259772E+002
5,5024087E-001	1,014444953147787E+002
5,5025995E-001	1,014226693803894E+002
5,5025232E-001	1,013539479766759E+002
5,5026382E-001	1,014126853423565E+002
5,5026382E-001	1,014679073698135E+002
5,5025232E-001	1,015724450311457E+002
5,5022562E-001	1,014669418134537E+002
5,5026758E-001	1,014982502645620E+002
5,5022556E-001	1,015357235183773E+002
5,5019885E-001	1,015726810739373E+002
5,5023706E-001	1,015283015226453E+002
5,5025613E-001	1,014686740919398E+002
5,5024469E-001	1,015383099518533E+002
5,5025232E-001	1,015498736209686E+002
5,5023706E-001	1,015678676781248E+002
5,5027527E-001	1,014610102855939E+002
5,5019885E-001	1,015153647135417E+002
5,5021793E-001	1,015456831133554E+002
5,5026376E-001	1,014047950101259E+002
5,5019885E-001	1,013712130329592E+002
5,5025619E-001	1,013656080752370E+002
5,5022562E-001	1,014540618692806E+002
5,5029440E-001	1,014857480715581E+002
5,5022556E-001	1,015056620521637E+002
5,5029821E-001	1,014073260480927E+002
5,5026382E-001	1,014683321104248E+002
5,5022174E-001	1,014404852499801E+002
5,5027908E-001	1,015456191164666E+002
5,5025232E-001	1,014978765020403E+002
5,5024850E-001	1,014685340620290E+002
5,5022562E-001	1,015894265623365E+002
5,5023324E-001	1,016357931101386E+002
5,5025613E-001	1,016554471923612E+002
5,5020648E-001	1,015732077585210E+002
5,5025619E-001	1,016643995897431E+002
5,5027527E-001	1,017199367569786E+002
5,5021030E-001	1,017470993721057E+002
5,5021411E-001	1,016752308491720E+002
5,5022180E-001	1,016648545900598E+002
5,5020648E-001	1,017217407655081E+002
5,5023706E-001	1,017376641591599E+002
5,5027908E-001	1,015802237499092E+002
5,5025995E-001	1,014314835041473E+002
5,5021411E-001	1,016691348788642E+002
5,5025995E-001	1,018493896777294E+002
5,5022943E-001	1,019793266027037E+002
5,5023706E-001	1,019489304593577E+002
5,5025995E-001	1,019957429483333E+002
5,5018353E-001	1,021490477953458E+002
5,5025232E-001	1,021997875198331E+002
5,5021411E-001	1,021617478246583E+002
5,5024469E-001	1,021251366909209E+002
5,5021411E-001	1,022229101080027E+002
5,5024469E-001	1,022561344878093E+002
5,5024850E-001	1,022723801440424E+002
5,5021793E-001	1,022139047000603E+002
5,5026001E-001	1,022138895923329E+002
5,5022943E-001	1,023050375697942E+002
5,5020267E-001	1,023133395200772E+002
5,5025232E-001	1,022700588991718E+002
5,5029052E-001	1,022342321938600E+002
5,5025613E-001	1,023006528757747E+002
5,5024850E-001	1,022985862222802E+002
5,5023706E-001	1,022833762655360E+002
5,5024469E-001	1,022515766065296E+002
5,5028290E-001	1,022954444573692E+002
5,5030203E-001	1,023728092077207E+002
5,9012508E-001	1,131568098043822E+002
6,0044199E-001	1,082920344541317E+002
6,0032350E-001	1,112596260528421E+002
6,0038847E-001	1,112306823555166E+002
6,0038465E-001	1,113077392819017E+002
6,0031587E-001	1,113213695190625E+002
6,0040754E-001	1,113186868468756E+002
6,0037321E-001	1,113242299408877E+002
6,0037321E-001	1,113873057069464E+002
6,0039228E-001	1,114949763914291E+002
6,0037321E-001	1,114952518629327E+002
6,0036170E-001	1,114375515273075E+002
6,0038084E-001	1,114403723235824E+002
6,0038847E-001	1,115499260952709E+002
6,0033882E-001	1,115801607762104E+002
6,0031587E-001	1,115339877724195E+002
6,0037321E-001	1,114957332670586E+002
6,0034645E-001	1,115588813460464E+002
6,0036170E-001	1,116479480444634E+002
6,0035789E-001	1,116098849392538E+002
6,0035789E-001	1,115333429756503E+002
6,0033882E-001	1,115512895596608E+002
6,0036552E-001	1,116435172490634E+002
6,0033500E-001	1,116989149540151E+002
6,0031968E-001	1,116187883727063E+002
6,0037321E-001	1,115912175086675E+002
6,0032350E-001	1,116298487886351E+002
6,0034645E-001	1,117054882406192E+002
6,0035408E-001	1,116571085137500E+002
6,0035026E-001	1,115793589405579E+002
6,0038847E-001	1,115982530786084E+002
6,0034645E-001	1,117181745919528E+002
6,0038847E-001	1,117666891088645E+002
6,0036170E-001	1,117041359960171E+002
6,0032731E-001	1,116910926576749E+002
6,0034645E-001	1,117463857285298E+002
6,0035026E-001	1,118070342606405E+002
6,0035026E-001	1,117499856401197E+002
6,0034645E-001	1,116786022505601E+002
6,0041142E-001	1,117065243047933E+002
6,0033882E-001	1,117853246409514E+002
6,0038465E-001	1,118033605514412E+002
6,0035408E-001	1,116922798342186E+002
6,0035026E-001	1,116989453342649E+002
6,0035408E-001	1,117430810394204E+002
6,0038084E-001	1,118162627978609E+002
6,0034645E-001	1,117438723892329E+002
6,0033119E-001	1,117012931691020E+002
6,0035026E-001	1,117389875731305E+002
6,0036170E-001	1,118052688202272E+002
6,0035408E-001	1,118172600436747E+002
6,0031968E-001	1,117132806434649E+002
6,0038847E-001	1,117365658323466E+002
6,0034263E-001	1,117873504710807E+002
6,0038465E-001	1,118646553939931E+002
6,0034645E-001	1,117602555622542E+002
6,0036170E-001	1,117250545481813E+002
6,0036939E-001	1,117599777805699E+002
6,0029680E-001	1,118268486044028E+002
6,0036939E-001	1,118232244145529E+002
6,0035789E-001	1,117090660117056E+002
6,0037702E-001	1,117382200865388E+002
6,0037321E-001	1,117530084948103E+002
6,0040760E-001	1,118006129439499E+002
6,0036939E-001	1,116941368899296E+002
6,0038084E-001	1,116878933823866E+002
6,0039228E-001	1,117303305767570E+002
6,0039228E-001	1,117553120165970E+002
6,0040760E-001	1,117226046274651E+002
6,0031968E-001	1,116170182051201E+002
6,0033119E-001	1,116825341018557E+002
6,0036170E-001	1,117247249613810E+002
6,0036176E-001	1,118015742888839E+002
6,0037702E-001	1,116813529372751E+002
6,0031968E-001	1,116835190567146E+002
6,0037321E-001	1,117419275649650E+002
6,0033119E-001	1,117991403136027E+002
6,0034263E-001	1,117822559274950E+002
6,0034263E-001	1,116953371096865E+002
6,0037702E-001	1,117726817603830E+002
6,0035789E-001	1,118140454455100E+002
6,0033500E-001	1,118819135319413E+002
6,0032737E-001	1,117655034124234E+002
6,0031587E-001	1,117507828538850E+002
6,0037702E-001	1,118280451010150E+002
6,0034645E-001	1,118806784473764E+002
6,0033500E-001	1,118407536157404E+002
6,0033119E-001	1,117727160835040E+002
6,0033500E-001	1,118478410442031E+002
6,0034263E-001	1,118720892259680E+002
6,0031968E-001	1,118290597723663E+002
6,0038084E-001	1,116285671250895E+002
6,0034263E-001	1,117141519554376E+002
6,0031587E-001	1,117641200734602E+002
6,0034645E-001	1,118082000519907E+002
6,0035789E-001	1,117276525752855E+002
6,0030824E-001	1,116646539515627E+002
6,0035408E-001	1,117246767878568E+002
6,0034645E-001	1,117518297426443E+002
6,0034645E-001	1,117688926047087E+002
6,0036176E-001	1,116367349826567E+002
6,0037321E-001	1,117224397287793E+002
6,0038847E-001	1,117809381586018E+002
6,0034263E-001	1,118292879477261E+002
6,0033882E-001	1,117510859025987E+002
6,0032350E-001	1,117385458967887E+002
6,0037321E-001	1,118172310901217E+002
6,0035408E-001	1,118438306513406E+002
6,0036939E-001	1,118516981640515E+002
6,0036558E-001	1,117589980457429E+002
6,0035408E-001	1,118340674736037E+002
6,0038084E-001	1,118824210362266E+002
6,0038084E-001	1,119037789103013E+002
6,0042286E-001	1,118061423752420E+002
6,0036552E-001	1,118042257461652E+002
6,0037321E-001	1,118881724111887E+002
6,0033119E-001	1,119114829784890E+002
6,0037321E-001	1,118899196768579E+002
6,0037321E-001	1,117892258327614E+002
6,0037702E-001	1,118748276202022E+002
6,0036558E-001	1,119208959746375E+002
6,0037702E-001	1,119407309711713E+002
6,0038465E-001	1,119073215983790E+002
6,0033113E-001	1,119175503782395E+002
6,0037321E-001	1,120149449623039E+002
6,0034263E-001	1,120358419766868E+002
6,0031968E-001	1,120000969989771E+002
6,0039991E-001	1,119316558412423E+002
6,0037702E-001	1,120248540278008E+002
6,0036176E-001	1,120741895881291E+002
6,0040379E-001	1,120630185154592E+002
6,0035026E-001	1,119677625194005E+002
6,0033882E-001	1,119868276840667E+002
6,0035026E-001	1,120788217461441E+002
6,0038465E-001	1,120872484553414E+002
6,0042286E-001	1,120209413033977E+002
6,0042667E-001	1,119725839184481E+002
6,0036558E-001	1,120648932545813E+002
6,0040760E-001	1,121178721453850E+002
6,0035408E-001	1,120992739820734E+002
6,0032731E-001	1,120225208291945E+002
6,0032731E-001	1,120761893943930E+002
6,0039610E-001	1,121996162789198E+002
6,0037321E-001	1,122023569146701E+002
6,0040760E-001	1,121451425226608E+002
6,0035795E-001	1,121232672367689E+002
6,0037321E-001	1,121822097019419E+002
6,0041142E-001	1,122908487992299E+002
6,0036170E-001	1,122555279807717E+002
6,0042286E-001	1,122015510781630E+002
6,0036176E-001	1,122285154724599E+002
6,0038084E-001	1,123245864114713E+002
6,0031968E-001	1,123179329979121E+002
6,0039228E-001	1,122395394458218E+002
6,0038084E-001	1,122019135278181E+002
6,0036552E-001	1,122783661878305E+002
6,0037321E-001	1,123198832512573E+002
6,0040760E-001	1,122481467977239E+002
6,0036939E-001	1,121975071831023E+002
6,0038847E-001	1,122565474479605E+002
6,0035789E-001	1,123558947176211E+002
6,0033882E-001	1,123381350446261E+002
6,0035408E-001	1,122478309362047E+002
6,0035026E-001	1,122638234323362E+002
6,0034645E-001	1,123686733144405E+002
6,0037702E-001	1,124128030625646E+002
6,0032731E-001	1,123427946577809E+002
6,0033882E-001	1,123158928290984E+002
6,0037702E-001	1,123444482222758E+002
6,0037321E-001	1,124111846329583E+002
6,0036170E-001	1,123955867092854E+002
6,0036939E-001	1,123297878703429E+002
6,0035026E-001	1,122635639657769E+002
6,0039610E-001	1,123091555105078E+002
6,0035789E-001	1,123496929413414E+002
6,0037702E-001	1,122625415780558E+002
6,0033500E-001	1,122698115703049E+002
6,0036176E-001	1,123264809610797E+002
6,0033500E-001	1,124405899696996E+002
6,0035026E-001	1,123594800753777E+002
6,0036552E-001	1,123140767951169E+002
6,0032731E-001	1,123360978863715E+002
6,0036176E-001	1,123985036542444E+002
6,0038084E-001	1,124165180177976E+002
6,0033119E-001	1,122947799318365E+002
6,0037321E-001	1,123056252003600E+002
6,0036558E-001	1,123415411055031E+002
6,0034645E-001	1,124182546877633E+002
6,0038465E-001	1,123350991467222E+002
6,0036558E-001	1,122891215317302E+002
6,0033882E-001	1,123284403590174E+002
6,0038084E-001	1,124114639893496E+002
6,0034645E-001	1,124112045197386E+002
6,0039228E-001	1,122839797240441E+002
6,0038465E-001	1,123200253502599E+002
6,0038847E-001	1,123563806215640E+002
6,0038084E-001	1,124380085990900E+002
6,0035026E-001	1,123361046689034E+002
6,0040379E-001	1,123133123434985E+002
6,0039610E-001	1,123620101779807E+002
6,0038847E-001	1,124305557058353E+002
6,0034263E-001	1,124051997374824E+002
6,0039228E-001	1,122654501383099E+002
6,0036176E-001	1,123175402580340E+002
6,0036558E-001	1,123734794440175E+002
6,0037702E-001	1,124392135658563E+002
6,0034645E-001	1,123107312765388E+002
6,0039610E-001	1,122845175780616E+002
6,0036170E-001	1,123425787291255E+002
6,0037702E-001	1,124364972709268E+002
6,0033882E-001	1,123975445111537E+002
6,0036176E-001	1,122700998729244E+002
6,0035408E-001	1,123553110170448E+002
6,0037702E-001	1,123958346554587E+002
6,0032737E-001	1,124552692776266E+002
6,0037702E-001	1,123334602123547E+002
6,0035795E-001	1,123634017658454E+002
6,0036558E-001	1,124116960480713E+002
6,0037702E-001	1,124512117473117E+002
6,0039610E-001	1,124161785585605E+002
6,0031968E-001	1,123151869468173E+002
6,0032350E-001	1,123874576410869E+002
6,0027766E-001	1,124326395330974E+002
6,0036558E-001	1,124480337015771E+002
6,0034645E-001	1,123193271812969E+002
6,0033882E-001	1,123505062592330E+002
6,0034263E-001	1,124303772283528E+002
6,0032350E-001	1,124797859683095E+002
6,0036558E-001	1,124482971064300E+002
6,0031968E-001	1,123815894433068E+002
6,0035795E-001	1,125022449212084E+002
6,0033882E-001	1,125673311273814E+002
6,0037321E-001	1,125615284844125E+002
6,0029680E-001	1,124151965379668E+002
6,0036939E-001	1,124543498836825E+002
6,0035408E-001	1,125276184753161E+002
6,0033119E-001	1,125723813930119E+002
6,0037321E-001	1,124748065934888E+002
6,0038847E-001	1,124283422551568E+002
6,0033119E-001	1,125035740792620E+002
6,0033113E-001	1,125389316202441E+002